ISO-10303-21;
HEADER;
/* Generated by software containing ST-Developer
 * from STEP Tools, Inc. (www.steptools.com) 
 */

FILE_DESCRIPTION(
/* description */ (''),
/* implementation_level */ '2;1');

FILE_NAME(
/* name */ 'Boom.step',
/* time_stamp */ '2026-03-29T20:35:08-04:00',
/* author */ (''),
/* organization */ (''),
/* preprocessor_version */ 'ST-DEVELOPER v20.1',
/* originating_system */ 'Autodesk Translation Framework v14.24.0.0',
/* authorisation */ '');

FILE_SCHEMA (('AUTOMOTIVE_DESIGN { 1 0 10303 214 3 1 1 }'));
ENDSEC;

DATA;
#10=MECHANICAL_DESIGN_GEOMETRIC_PRESENTATION_REPRESENTATION('',(#13),#2583);
#11=SHAPE_REPRESENTATION_RELATIONSHIP('SRR','None',#2590,#12);
#12=ADVANCED_BREP_SHAPE_REPRESENTATION('',(#14),#2582);
#13=STYLED_ITEM('',(#2599),#14);
#14=MANIFOLD_SOLID_BREP('Body1',#1507);
#15=FACE_BOUND('',#163,.T.);
#16=FACE_BOUND('',#171,.T.);
#17=FACE_BOUND('',#175,.T.);
#18=FACE_BOUND('',#177,.T.);
#19=FACE_BOUND('',#182,.T.);
#20=FACE_BOUND('',#183,.T.);
#21=FACE_BOUND('',#184,.T.);
#22=FACE_BOUND('',#185,.T.);
#23=FACE_BOUND('',#187,.T.);
#24=FACE_BOUND('',#188,.T.);
#25=FACE_BOUND('',#189,.T.);
#26=FACE_BOUND('',#190,.T.);
#27=FACE_BOUND('',#194,.T.);
#28=FACE_BOUND('',#195,.T.);
#29=FACE_BOUND('',#196,.T.);
#30=FACE_BOUND('',#197,.T.);
#31=FACE_BOUND('',#210,.T.);
#32=FACE_BOUND('',#211,.T.);
#33=FACE_BOUND('',#212,.T.);
#34=FACE_BOUND('',#213,.T.);
#35=PLANE('',#1530);
#36=PLANE('',#1534);
#37=PLANE('',#1538);
#38=PLANE('',#1548);
#39=PLANE('',#1550);
#40=PLANE('',#1552);
#41=PLANE('',#1555);
#42=PLANE('',#1556);
#43=PLANE('',#1557);
#44=PLANE('',#1562);
#45=PLANE('',#1563);
#46=PLANE('',#1567);
#47=PLANE('',#1568);
#48=PLANE('',#1570);
#49=PLANE('',#1573);
#50=PLANE('',#1574);
#51=PLANE('',#1575);
#52=PLANE('',#1588);
#53=PLANE('',#1605);
#54=PLANE('',#1624);
#55=PLANE('',#1629);
#56=PLANE('',#1632);
#57=PLANE('',#1634);
#58=PLANE('',#1635);
#59=PLANE('',#1650);
#60=PLANE('',#1655);
#61=PLANE('',#1656);
#62=PLANE('',#1657);
#63=PLANE('',#1659);
#64=PLANE('',#1661);
#65=PLANE('',#1663);
#66=PLANE('',#1666);
#67=PLANE('',#1669);
#68=PLANE('',#1672);
#69=PLANE('',#1680);
#70=PLANE('',#1681);
#71=FACE_OUTER_BOUND('',#149,.T.);
#72=FACE_OUTER_BOUND('',#150,.T.);
#73=FACE_OUTER_BOUND('',#151,.T.);
#74=FACE_OUTER_BOUND('',#152,.T.);
#75=FACE_OUTER_BOUND('',#153,.T.);
#76=FACE_OUTER_BOUND('',#154,.T.);
#77=FACE_OUTER_BOUND('',#155,.T.);
#78=FACE_OUTER_BOUND('',#156,.T.);
#79=FACE_OUTER_BOUND('',#157,.T.);
#80=FACE_OUTER_BOUND('',#158,.T.);
#81=FACE_OUTER_BOUND('',#159,.T.);
#82=FACE_OUTER_BOUND('',#160,.T.);
#83=FACE_OUTER_BOUND('',#161,.T.);
#84=FACE_OUTER_BOUND('',#162,.T.);
#85=FACE_OUTER_BOUND('',#164,.T.);
#86=FACE_OUTER_BOUND('',#165,.T.);
#87=FACE_OUTER_BOUND('',#166,.T.);
#88=FACE_OUTER_BOUND('',#167,.T.);
#89=FACE_OUTER_BOUND('',#168,.T.);
#90=FACE_OUTER_BOUND('',#169,.T.);
#91=FACE_OUTER_BOUND('',#170,.T.);
#92=FACE_OUTER_BOUND('',#172,.T.);
#93=FACE_OUTER_BOUND('',#173,.T.);
#94=FACE_OUTER_BOUND('',#174,.T.);
#95=FACE_OUTER_BOUND('',#176,.T.);
#96=FACE_OUTER_BOUND('',#178,.T.);
#97=FACE_OUTER_BOUND('',#179,.T.);
#98=FACE_OUTER_BOUND('',#180,.T.);
#99=FACE_OUTER_BOUND('',#181,.T.);
#100=FACE_OUTER_BOUND('',#186,.T.);
#101=FACE_OUTER_BOUND('',#191,.T.);
#102=FACE_OUTER_BOUND('',#192,.T.);
#103=FACE_OUTER_BOUND('',#193,.T.);
#104=FACE_OUTER_BOUND('',#198,.T.);
#105=FACE_OUTER_BOUND('',#199,.T.);
#106=FACE_OUTER_BOUND('',#200,.T.);
#107=FACE_OUTER_BOUND('',#201,.T.);
#108=FACE_OUTER_BOUND('',#202,.T.);
#109=FACE_OUTER_BOUND('',#203,.T.);
#110=FACE_OUTER_BOUND('',#204,.T.);
#111=FACE_OUTER_BOUND('',#205,.T.);
#112=FACE_OUTER_BOUND('',#206,.T.);
#113=FACE_OUTER_BOUND('',#207,.T.);
#114=FACE_OUTER_BOUND('',#208,.T.);
#115=FACE_OUTER_BOUND('',#209,.T.);
#116=FACE_OUTER_BOUND('',#214,.T.);
#117=FACE_OUTER_BOUND('',#215,.T.);
#118=FACE_OUTER_BOUND('',#216,.T.);
#119=FACE_OUTER_BOUND('',#217,.T.);
#120=FACE_OUTER_BOUND('',#218,.T.);
#121=FACE_OUTER_BOUND('',#219,.T.);
#122=FACE_OUTER_BOUND('',#220,.T.);
#123=FACE_OUTER_BOUND('',#221,.T.);
#124=FACE_OUTER_BOUND('',#222,.T.);
#125=FACE_OUTER_BOUND('',#223,.T.);
#126=FACE_OUTER_BOUND('',#224,.T.);
#127=FACE_OUTER_BOUND('',#225,.T.);
#128=FACE_OUTER_BOUND('',#226,.T.);
#129=FACE_OUTER_BOUND('',#227,.T.);
#130=FACE_OUTER_BOUND('',#228,.T.);
#131=FACE_OUTER_BOUND('',#229,.T.);
#132=FACE_OUTER_BOUND('',#230,.T.);
#133=FACE_OUTER_BOUND('',#231,.T.);
#134=FACE_OUTER_BOUND('',#232,.T.);
#135=FACE_OUTER_BOUND('',#233,.T.);
#136=FACE_OUTER_BOUND('',#234,.T.);
#137=FACE_OUTER_BOUND('',#235,.T.);
#138=FACE_OUTER_BOUND('',#236,.T.);
#139=FACE_OUTER_BOUND('',#237,.T.);
#140=FACE_OUTER_BOUND('',#238,.T.);
#141=FACE_OUTER_BOUND('',#239,.T.);
#142=FACE_OUTER_BOUND('',#240,.T.);
#143=FACE_OUTER_BOUND('',#241,.T.);
#144=FACE_OUTER_BOUND('',#242,.T.);
#145=FACE_OUTER_BOUND('',#243,.T.);
#146=FACE_OUTER_BOUND('',#244,.T.);
#147=FACE_OUTER_BOUND('',#245,.T.);
#148=FACE_OUTER_BOUND('',#246,.T.);
#149=EDGE_LOOP('',(#955,#956,#957,#958));
#150=EDGE_LOOP('',(#959,#960,#961,#962));
#151=EDGE_LOOP('',(#963,#964,#965,#966));
#152=EDGE_LOOP('',(#967,#968,#969,#970));
#153=EDGE_LOOP('',(#971,#972,#973,#974));
#154=EDGE_LOOP('',(#975,#976,#977,#978,#979,#980,#981,#982,#983,#984,#985,
#986));
#155=EDGE_LOOP('',(#987,#988,#989,#990));
#156=EDGE_LOOP('',(#991,#992,#993,#994,#995,#996,#997,#998,#999,#1000,#1001,
#1002));
#157=EDGE_LOOP('',(#1003,#1004,#1005,#1006));
#158=EDGE_LOOP('',(#1007,#1008,#1009,#1010));
#159=EDGE_LOOP('',(#1011,#1012,#1013,#1014));
#160=EDGE_LOOP('',(#1015));
#161=EDGE_LOOP('',(#1016));
#162=EDGE_LOOP('',(#1017,#1018,#1019,#1020,#1021,#1022,#1023,#1024));
#163=EDGE_LOOP('',(#1025));
#164=EDGE_LOOP('',(#1026,#1027,#1028,#1029));
#165=EDGE_LOOP('',(#1030,#1031,#1032,#1033));
#166=EDGE_LOOP('',(#1034,#1035,#1036,#1037));
#167=EDGE_LOOP('',(#1038,#1039,#1040,#1041));
#168=EDGE_LOOP('',(#1042,#1043,#1044,#1045));
#169=EDGE_LOOP('',(#1046,#1047,#1048,#1049));
#170=EDGE_LOOP('',(#1050,#1051,#1052,#1053,#1054,#1055,#1056));
#171=EDGE_LOOP('',(#1057));
#172=EDGE_LOOP('',(#1058,#1059,#1060,#1061));
#173=EDGE_LOOP('',(#1062,#1063,#1064,#1065));
#174=EDGE_LOOP('',(#1066,#1067,#1068,#1069,#1070,#1071,#1072));
#175=EDGE_LOOP('',(#1073));
#176=EDGE_LOOP('',(#1074,#1075,#1076,#1077,#1078,#1079,#1080,#1081));
#177=EDGE_LOOP('',(#1082));
#178=EDGE_LOOP('',(#1083,#1084,#1085,#1086));
#179=EDGE_LOOP('',(#1087,#1088,#1089,#1090));
#180=EDGE_LOOP('',(#1091,#1092,#1093,#1094));
#181=EDGE_LOOP('',(#1095,#1096,#1097,#1098,#1099,#1100,#1101,#1102,#1103,
#1104,#1105,#1106,#1107,#1108,#1109,#1110,#1111));
#182=EDGE_LOOP('',(#1112));
#183=EDGE_LOOP('',(#1113));
#184=EDGE_LOOP('',(#1114));
#185=EDGE_LOOP('',(#1115,#1116,#1117,#1118,#1119,#1120,#1121,#1122));
#186=EDGE_LOOP('',(#1123,#1124,#1125,#1126,#1127,#1128,#1129,#1130,#1131,
#1132,#1133,#1134,#1135,#1136,#1137,#1138,#1139));
#187=EDGE_LOOP('',(#1140,#1141,#1142,#1143,#1144,#1145,#1146,#1147));
#188=EDGE_LOOP('',(#1148));
#189=EDGE_LOOP('',(#1149));
#190=EDGE_LOOP('',(#1150));
#191=EDGE_LOOP('',(#1151,#1152,#1153,#1154));
#192=EDGE_LOOP('',(#1155,#1156,#1157,#1158));
#193=EDGE_LOOP('',(#1159,#1160,#1161,#1162,#1163,#1164,#1165,#1166,#1167,
#1168,#1169,#1170,#1171,#1172,#1173,#1174,#1175));
#194=EDGE_LOOP('',(#1176));
#195=EDGE_LOOP('',(#1177,#1178,#1179,#1180,#1181,#1182));
#196=EDGE_LOOP('',(#1183));
#197=EDGE_LOOP('',(#1184));
#198=EDGE_LOOP('',(#1185,#1186,#1187,#1188));
#199=EDGE_LOOP('',(#1189,#1190,#1191,#1192));
#200=EDGE_LOOP('',(#1193,#1194,#1195,#1196));
#201=EDGE_LOOP('',(#1197,#1198,#1199,#1200));
#202=EDGE_LOOP('',(#1201,#1202,#1203,#1204));
#203=EDGE_LOOP('',(#1205,#1206,#1207,#1208));
#204=EDGE_LOOP('',(#1209,#1210,#1211,#1212));
#205=EDGE_LOOP('',(#1213,#1214,#1215,#1216));
#206=EDGE_LOOP('',(#1217,#1218,#1219,#1220));
#207=EDGE_LOOP('',(#1221,#1222,#1223,#1224));
#208=EDGE_LOOP('',(#1225,#1226,#1227,#1228));
#209=EDGE_LOOP('',(#1229,#1230,#1231,#1232,#1233,#1234,#1235,#1236,#1237,
#1238,#1239,#1240,#1241,#1242,#1243,#1244,#1245));
#210=EDGE_LOOP('',(#1246));
#211=EDGE_LOOP('',(#1247,#1248,#1249,#1250,#1251,#1252));
#212=EDGE_LOOP('',(#1253));
#213=EDGE_LOOP('',(#1254));
#214=EDGE_LOOP('',(#1255,#1256,#1257,#1258));
#215=EDGE_LOOP('',(#1259,#1260,#1261,#1262));
#216=EDGE_LOOP('',(#1263,#1264,#1265,#1266));
#217=EDGE_LOOP('',(#1267,#1268,#1269,#1270));
#218=EDGE_LOOP('',(#1271,#1272,#1273,#1274));
#219=EDGE_LOOP('',(#1275,#1276,#1277,#1278));
#220=EDGE_LOOP('',(#1279,#1280,#1281,#1282));
#221=EDGE_LOOP('',(#1283,#1284,#1285,#1286));
#222=EDGE_LOOP('',(#1287,#1288,#1289,#1290));
#223=EDGE_LOOP('',(#1291,#1292,#1293,#1294));
#224=EDGE_LOOP('',(#1295,#1296,#1297,#1298));
#225=EDGE_LOOP('',(#1299,#1300,#1301,#1302));
#226=EDGE_LOOP('',(#1303,#1304,#1305,#1306));
#227=EDGE_LOOP('',(#1307,#1308,#1309,#1310));
#228=EDGE_LOOP('',(#1311,#1312,#1313,#1314));
#229=EDGE_LOOP('',(#1315,#1316,#1317,#1318));
#230=EDGE_LOOP('',(#1319,#1320,#1321,#1322));
#231=EDGE_LOOP('',(#1323,#1324,#1325,#1326));
#232=EDGE_LOOP('',(#1327,#1328,#1329,#1330));
#233=EDGE_LOOP('',(#1331,#1332,#1333,#1334));
#234=EDGE_LOOP('',(#1335,#1336,#1337,#1338));
#235=EDGE_LOOP('',(#1339,#1340,#1341,#1342));
#236=EDGE_LOOP('',(#1343,#1344,#1345,#1346));
#237=EDGE_LOOP('',(#1347,#1348,#1349,#1350));
#238=EDGE_LOOP('',(#1351,#1352,#1353,#1354));
#239=EDGE_LOOP('',(#1355,#1356,#1357,#1358));
#240=EDGE_LOOP('',(#1359,#1360,#1361,#1362));
#241=EDGE_LOOP('',(#1363,#1364,#1365,#1366));
#242=EDGE_LOOP('',(#1367,#1368,#1369,#1370));
#243=EDGE_LOOP('',(#1371,#1372,#1373,#1374));
#244=EDGE_LOOP('',(#1375,#1376,#1377,#1378));
#245=EDGE_LOOP('',(#1379,#1380,#1381,#1382));
#246=EDGE_LOOP('',(#1383,#1384,#1385,#1386));
#247=LINE('',#2147,#379);
#248=LINE('',#2150,#380);
#249=LINE('',#2155,#381);
#250=LINE('',#2162,#382);
#251=LINE('',#2165,#383);
#252=LINE('',#2168,#384);
#253=LINE('',#2170,#385);
#254=LINE('',#2171,#386);
#255=LINE('',#2176,#387);
#256=LINE('',#2180,#388);
#257=LINE('',#2182,#389);
#258=LINE('',#2184,#390);
#259=LINE('',#2186,#391);
#260=LINE('',#2187,#392);
#261=LINE('',#2189,#393);
#262=LINE('',#2191,#394);
#263=LINE('',#2193,#395);
#264=LINE('',#2195,#396);
#265=LINE('',#2196,#397);
#266=LINE('',#2201,#398);
#267=LINE('',#2205,#399);
#268=LINE('',#2207,#400);
#269=LINE('',#2209,#401);
#270=LINE('',#2211,#402);
#271=LINE('',#2213,#403);
#272=LINE('',#2215,#404);
#273=LINE('',#2216,#405);
#274=LINE('',#2218,#406);
#275=LINE('',#2220,#407);
#276=LINE('',#2221,#408);
#277=LINE('',#2230,#409);
#278=LINE('',#2235,#410);
#279=LINE('',#2248,#411);
#280=LINE('',#2249,#412);
#281=LINE('',#2250,#413);
#282=LINE('',#2255,#414);
#283=LINE('',#2257,#415);
#284=LINE('',#2258,#416);
#285=LINE('',#2261,#417);
#286=LINE('',#2262,#418);
#287=LINE('',#2265,#419);
#288=LINE('',#2266,#420);
#289=LINE('',#2270,#421);
#290=LINE('',#2274,#422);
#291=LINE('',#2276,#423);
#292=LINE('',#2281,#424);
#293=LINE('',#2285,#425);
#294=LINE('',#2288,#426);
#295=LINE('',#2289,#427);
#296=LINE('',#2291,#428);
#297=LINE('',#2295,#429);
#298=LINE('',#2299,#430);
#299=LINE('',#2302,#431);
#300=LINE('',#2303,#432);
#301=LINE('',#2309,#433);
#302=LINE('',#2311,#434);
#303=LINE('',#2319,#435);
#304=LINE('',#2323,#436);
#305=LINE('',#2329,#437);
#306=LINE('',#2335,#438);
#307=LINE('',#2338,#439);
#308=LINE('',#2348,#440);
#309=LINE('',#2352,#441);
#310=LINE('',#2358,#442);
#311=LINE('',#2364,#443);
#312=LINE('',#2368,#444);
#313=LINE('',#2376,#445);
#314=LINE('',#2377,#446);
#315=LINE('',#2386,#447);
#316=LINE('',#2387,#448);
#317=LINE('',#2392,#449);
#318=LINE('',#2393,#450);
#319=LINE('',#2401,#451);
#320=LINE('',#2407,#452);
#321=LINE('',#2411,#453);
#322=LINE('',#2419,#454);
#323=LINE('',#2420,#455);
#324=LINE('',#2422,#456);
#325=LINE('',#2425,#457);
#326=LINE('',#2432,#458);
#327=LINE('',#2438,#459);
#328=LINE('',#2446,#460);
#329=LINE('',#2449,#461);
#330=LINE('',#2452,#462);
#331=LINE('',#2453,#463);
#332=LINE('',#2456,#464);
#333=LINE('',#2459,#465);
#334=LINE('',#2460,#466);
#335=LINE('',#2462,#467);
#336=LINE('',#2464,#468);
#337=LINE('',#2466,#469);
#338=LINE('',#2468,#470);
#339=LINE('',#2470,#471);
#340=LINE('',#2472,#472);
#341=LINE('',#2479,#473);
#342=LINE('',#2482,#474);
#343=LINE('',#2484,#475);
#344=LINE('',#2486,#476);
#345=LINE('',#2494,#477);
#346=LINE('',#2498,#478);
#347=LINE('',#2504,#479);
#348=LINE('',#2511,#480);
#349=LINE('',#2518,#481);
#350=LINE('',#2519,#482);
#351=LINE('',#2522,#483);
#352=LINE('',#2523,#484);
#353=LINE('',#2525,#485);
#354=LINE('',#2527,#486);
#355=LINE('',#2529,#487);
#356=LINE('',#2532,#488);
#357=LINE('',#2534,#489);
#358=LINE('',#2536,#490);
#359=LINE('',#2537,#491);
#360=LINE('',#2539,#492);
#361=LINE('',#2543,#493);
#362=LINE('',#2545,#494);
#363=LINE('',#2547,#495);
#364=LINE('',#2549,#496);
#365=LINE('',#2551,#497);
#366=LINE('',#2553,#498);
#367=LINE('',#2555,#499);
#368=LINE('',#2557,#500);
#369=LINE('',#2559,#501);
#370=LINE('',#2561,#502);
#371=LINE('',#2564,#503);
#372=LINE('',#2566,#504);
#373=LINE('',#2568,#505);
#374=LINE('',#2569,#506);
#375=LINE('',#2571,#507);
#376=LINE('',#2573,#508);
#377=LINE('',#2576,#509);
#378=LINE('',#2579,#510);
#379=VECTOR('',#1689,10.);
#380=VECTOR('',#1692,10.);
#381=VECTOR('',#1697,10.);
#382=VECTOR('',#1704,10.);
#383=VECTOR('',#1707,10.);
#384=VECTOR('',#1710,10.);
#385=VECTOR('',#1711,10.);
#386=VECTOR('',#1712,10.);
#387=VECTOR('',#1717,10.);
#388=VECTOR('',#1722,10.);
#389=VECTOR('',#1723,10.);
#390=VECTOR('',#1724,10.);
#391=VECTOR('',#1725,10.);
#392=VECTOR('',#1726,10.);
#393=VECTOR('',#1727,10.);
#394=VECTOR('',#1728,10.);
#395=VECTOR('',#1729,10.);
#396=VECTOR('',#1730,10.);
#397=VECTOR('',#1731,10.);
#398=VECTOR('',#1736,10.);
#399=VECTOR('',#1741,10.);
#400=VECTOR('',#1742,10.);
#401=VECTOR('',#1743,10.);
#402=VECTOR('',#1744,10.);
#403=VECTOR('',#1745,10.);
#404=VECTOR('',#1746,10.);
#405=VECTOR('',#1747,10.);
#406=VECTOR('',#1748,10.);
#407=VECTOR('',#1749,10.);
#408=VECTOR('',#1750,10.);
#409=VECTOR('',#1763,10.);
#410=VECTOR('',#1768,90.);
#411=VECTOR('',#1783,10.);
#412=VECTOR('',#1784,10.);
#413=VECTOR('',#1785,10.);
#414=VECTOR('',#1790,10.);
#415=VECTOR('',#1791,10.);
#416=VECTOR('',#1792,10.);
#417=VECTOR('',#1795,10.);
#418=VECTOR('',#1796,10.);
#419=VECTOR('',#1799,10.);
#420=VECTOR('',#1800,10.);
#421=VECTOR('',#1805,50.);
#422=VECTOR('',#1810,10.);
#423=VECTOR('',#1813,10.);
#424=VECTOR('',#1818,10.);
#425=VECTOR('',#1821,10.);
#426=VECTOR('',#1826,10.);
#427=VECTOR('',#1827,10.);
#428=VECTOR('',#1830,10.);
#429=VECTOR('',#1835,10.);
#430=VECTOR('',#1840,50.);
#431=VECTOR('',#1845,10.);
#432=VECTOR('',#1846,10.);
#433=VECTOR('',#1851,10.);
#434=VECTOR('',#1852,10.);
#435=VECTOR('',#1859,10.);
#436=VECTOR('',#1862,10.);
#437=VECTOR('',#1867,10.);
#438=VECTOR('',#1872,10.);
#439=VECTOR('',#1875,10.);
#440=VECTOR('',#1884,10.);
#441=VECTOR('',#1887,10.);
#442=VECTOR('',#1892,10.);
#443=VECTOR('',#1897,10.);
#444=VECTOR('',#1900,10.);
#445=VECTOR('',#1907,10.);
#446=VECTOR('',#1908,10.);
#447=VECTOR('',#1917,10.);
#448=VECTOR('',#1918,10.);
#449=VECTOR('',#1923,10.);
#450=VECTOR('',#1924,10.);
#451=VECTOR('',#1931,10.);
#452=VECTOR('',#1936,10.);
#453=VECTOR('',#1939,10.);
#454=VECTOR('',#1946,10.);
#455=VECTOR('',#1947,10.);
#456=VECTOR('',#1948,10.);
#457=VECTOR('',#1951,10.);
#458=VECTOR('',#1956,10.);
#459=VECTOR('',#1961,10.);
#460=VECTOR('',#1970,10.);
#461=VECTOR('',#1973,10.);
#462=VECTOR('',#1976,10.);
#463=VECTOR('',#1977,10.);
#464=VECTOR('',#1980,10.);
#465=VECTOR('',#1985,800.);
#466=VECTOR('',#1986,800.);
#467=VECTOR('',#1989,10.);
#468=VECTOR('',#1992,10.);
#469=VECTOR('',#1995,10.);
#470=VECTOR('',#1998,10.);
#471=VECTOR('',#2001,10.);
#472=VECTOR('',#2004,10.);
#473=VECTOR('',#2011,10.);
#474=VECTOR('',#2014,10.);
#475=VECTOR('',#2015,10.);
#476=VECTOR('',#2016,10.);
#477=VECTOR('',#2023,10.);
#478=VECTOR('',#2026,10.);
#479=VECTOR('',#2031,10.);
#480=VECTOR('',#2038,10.);
#481=VECTOR('',#2047,40.);
#482=VECTOR('',#2048,40.);
#483=VECTOR('',#2053,10.);
#484=VECTOR('',#2054,500.);
#485=VECTOR('',#2057,10.);
#486=VECTOR('',#2060,10.);
#487=VECTOR('',#2063,10.);
#488=VECTOR('',#2068,10.);
#489=VECTOR('',#2071,10.);
#490=VECTOR('',#2074,10.);
#491=VECTOR('',#2075,500.);
#492=VECTOR('',#2078,10.);
#493=VECTOR('',#2085,10.);
#494=VECTOR('',#2088,10.);
#495=VECTOR('',#2091,75.);
#496=VECTOR('',#2094,10.);
#497=VECTOR('',#2097,10.);
#498=VECTOR('',#2100,90.);
#499=VECTOR('',#2103,800.);
#500=VECTOR('',#2106,800.);
#501=VECTOR('',#2109,10.);
#502=VECTOR('',#2112,10.);
#503=VECTOR('',#2117,100.);
#504=VECTOR('',#2120,75.);
#505=VECTOR('',#2123,10.);
#506=VECTOR('',#2124,10.);
#507=VECTOR('',#2127,10.);
#508=VECTOR('',#2130,90.);
#509=VECTOR('',#2135,10.);
#510=VECTOR('',#2140,100.);
#511=CIRCLE('',#1522,80.);
#512=CIRCLE('',#1523,80.);
#513=CIRCLE('',#1525,555.917829051663);
#514=CIRCLE('',#1526,555.917829051663);
#515=CIRCLE('',#1528,20.);
#516=CIRCLE('',#1529,20.);
#517=CIRCLE('',#1532,20.);
#518=CIRCLE('',#1533,20.);
#519=CIRCLE('',#1536,20.);
#520=CIRCLE('',#1537,20.);
#521=CIRCLE('',#1540,20.);
#522=CIRCLE('',#1541,20.);
#523=CIRCLE('',#1543,20.);
#524=CIRCLE('',#1544,20.);
#525=CIRCLE('',#1546,90.);
#526=CIRCLE('',#1547,90.);
#527=CIRCLE('',#1549,90.);
#528=CIRCLE('',#1551,90.);
#529=CIRCLE('',#1553,102.072249809792);
#530=CIRCLE('',#1554,50.);
#531=CIRCLE('',#1559,50.);
#532=CIRCLE('',#1561,102.072249809792);
#533=CIRCLE('',#1565,102.072249809792);
#534=CIRCLE('',#1566,102.072249809792);
#535=CIRCLE('',#1569,50.);
#536=CIRCLE('',#1571,50.);
#537=CIRCLE('',#1576,599.999999999974);
#538=CIRCLE('',#1577,3570.78207279935);
#539=CIRCLE('',#1578,150.);
#540=CIRCLE('',#1579,500.);
#541=CIRCLE('',#1580,225.);
#542=CIRCLE('',#1581,800.);
#543=CIRCLE('',#1582,2970.78207279935);
#544=CIRCLE('',#1583,350.000000000033);
#545=CIRCLE('',#1584,600.);
#546=CIRCLE('',#1585,175.);
#547=CIRCLE('',#1586,75.);
#548=CIRCLE('',#1587,100.);
#549=CIRCLE('',#1589,599.999999999974);
#550=CIRCLE('',#1590,175.);
#551=CIRCLE('',#1591,600.);
#552=CIRCLE('',#1592,350.000000000033);
#553=CIRCLE('',#1593,2970.78207279935);
#554=CIRCLE('',#1594,800.);
#555=CIRCLE('',#1595,225.);
#556=CIRCLE('',#1596,500.);
#557=CIRCLE('',#1597,150.);
#558=CIRCLE('',#1598,3570.78207279935);
#559=CIRCLE('',#1599,75.);
#560=CIRCLE('',#1600,100.);
#561=CIRCLE('',#1602,599.999999999974);
#562=CIRCLE('',#1604,599.999999999974);
#563=CIRCLE('',#1606,600.);
#564=CIRCLE('',#1607,350.000000000033);
#565=CIRCLE('',#1608,2970.78207279935);
#566=CIRCLE('',#1609,800.);
#567=CIRCLE('',#1610,225.);
#568=CIRCLE('',#1611,500.);
#569=CIRCLE('',#1612,150.);
#570=CIRCLE('',#1613,3570.78207279935);
#571=CIRCLE('',#1614,175.);
#572=CIRCLE('',#1615,90.);
#573=CIRCLE('',#1616,40.);
#574=CIRCLE('',#1617,40.);
#575=CIRCLE('',#1618,40.);
#576=CIRCLE('',#1619,40.);
#577=CIRCLE('',#1620,75.);
#578=CIRCLE('',#1621,100.);
#579=CIRCLE('',#1623,40.);
#580=CIRCLE('',#1626,40.);
#581=CIRCLE('',#1636,600.);
#582=CIRCLE('',#1637,175.);
#583=CIRCLE('',#1638,3570.78207279935);
#584=CIRCLE('',#1639,150.);
#585=CIRCLE('',#1640,500.);
#586=CIRCLE('',#1641,225.);
#587=CIRCLE('',#1642,800.);
#588=CIRCLE('',#1643,2970.78207279935);
#589=CIRCLE('',#1644,350.000000000033);
#590=CIRCLE('',#1645,90.);
#591=CIRCLE('',#1646,40.);
#592=CIRCLE('',#1647,40.);
#593=CIRCLE('',#1648,75.);
#594=CIRCLE('',#1649,100.);
#595=VERTEX_POINT('',#2143);
#596=VERTEX_POINT('',#2144);
#597=VERTEX_POINT('',#2146);
#598=VERTEX_POINT('',#2148);
#599=VERTEX_POINT('',#2152);
#600=VERTEX_POINT('',#2154);
#601=VERTEX_POINT('',#2158);
#602=VERTEX_POINT('',#2159);
#603=VERTEX_POINT('',#2161);
#604=VERTEX_POINT('',#2163);
#605=VERTEX_POINT('',#2167);
#606=VERTEX_POINT('',#2169);
#607=VERTEX_POINT('',#2173);
#608=VERTEX_POINT('',#2175);
#609=VERTEX_POINT('',#2179);
#610=VERTEX_POINT('',#2181);
#611=VERTEX_POINT('',#2183);
#612=VERTEX_POINT('',#2185);
#613=VERTEX_POINT('',#2188);
#614=VERTEX_POINT('',#2190);
#615=VERTEX_POINT('',#2192);
#616=VERTEX_POINT('',#2194);
#617=VERTEX_POINT('',#2198);
#618=VERTEX_POINT('',#2200);
#619=VERTEX_POINT('',#2204);
#620=VERTEX_POINT('',#2206);
#621=VERTEX_POINT('',#2208);
#622=VERTEX_POINT('',#2210);
#623=VERTEX_POINT('',#2212);
#624=VERTEX_POINT('',#2214);
#625=VERTEX_POINT('',#2217);
#626=VERTEX_POINT('',#2219);
#627=VERTEX_POINT('',#2226);
#628=VERTEX_POINT('',#2228);
#629=VERTEX_POINT('',#2232);
#630=VERTEX_POINT('',#2234);
#631=VERTEX_POINT('',#2238);
#632=VERTEX_POINT('',#2241);
#633=VERTEX_POINT('',#2244);
#634=VERTEX_POINT('',#2245);
#635=VERTEX_POINT('',#2247);
#636=VERTEX_POINT('',#2251);
#637=VERTEX_POINT('',#2254);
#638=VERTEX_POINT('',#2256);
#639=VERTEX_POINT('',#2260);
#640=VERTEX_POINT('',#2264);
#641=VERTEX_POINT('',#2268);
#642=VERTEX_POINT('',#2272);
#643=VERTEX_POINT('',#2279);
#644=VERTEX_POINT('',#2280);
#645=VERTEX_POINT('',#2282);
#646=VERTEX_POINT('',#2284);
#647=VERTEX_POINT('',#2292);
#648=VERTEX_POINT('',#2296);
#649=VERTEX_POINT('',#2305);
#650=VERTEX_POINT('',#2306);
#651=VERTEX_POINT('',#2308);
#652=VERTEX_POINT('',#2310);
#653=VERTEX_POINT('',#2312);
#654=VERTEX_POINT('',#2314);
#655=VERTEX_POINT('',#2316);
#656=VERTEX_POINT('',#2318);
#657=VERTEX_POINT('',#2320);
#658=VERTEX_POINT('',#2322);
#659=VERTEX_POINT('',#2324);
#660=VERTEX_POINT('',#2326);
#661=VERTEX_POINT('',#2328);
#662=VERTEX_POINT('',#2330);
#663=VERTEX_POINT('',#2332);
#664=VERTEX_POINT('',#2334);
#665=VERTEX_POINT('',#2336);
#666=VERTEX_POINT('',#2339);
#667=VERTEX_POINT('',#2341);
#668=VERTEX_POINT('',#2344);
#669=VERTEX_POINT('',#2345);
#670=VERTEX_POINT('',#2347);
#671=VERTEX_POINT('',#2349);
#672=VERTEX_POINT('',#2351);
#673=VERTEX_POINT('',#2353);
#674=VERTEX_POINT('',#2355);
#675=VERTEX_POINT('',#2357);
#676=VERTEX_POINT('',#2359);
#677=VERTEX_POINT('',#2361);
#678=VERTEX_POINT('',#2363);
#679=VERTEX_POINT('',#2365);
#680=VERTEX_POINT('',#2367);
#681=VERTEX_POINT('',#2369);
#682=VERTEX_POINT('',#2371);
#683=VERTEX_POINT('',#2373);
#684=VERTEX_POINT('',#2375);
#685=VERTEX_POINT('',#2378);
#686=VERTEX_POINT('',#2380);
#687=VERTEX_POINT('',#2383);
#688=VERTEX_POINT('',#2384);
#689=VERTEX_POINT('',#2389);
#690=VERTEX_POINT('',#2390);
#691=VERTEX_POINT('',#2395);
#692=VERTEX_POINT('',#2396);
#693=VERTEX_POINT('',#2398);
#694=VERTEX_POINT('',#2400);
#695=VERTEX_POINT('',#2402);
#696=VERTEX_POINT('',#2404);
#697=VERTEX_POINT('',#2406);
#698=VERTEX_POINT('',#2408);
#699=VERTEX_POINT('',#2410);
#700=VERTEX_POINT('',#2412);
#701=VERTEX_POINT('',#2414);
#702=VERTEX_POINT('',#2416);
#703=VERTEX_POINT('',#2418);
#704=VERTEX_POINT('',#2421);
#705=VERTEX_POINT('',#2423);
#706=VERTEX_POINT('',#2426);
#707=VERTEX_POINT('',#2428);
#708=VERTEX_POINT('',#2429);
#709=VERTEX_POINT('',#2431);
#710=VERTEX_POINT('',#2433);
#711=VERTEX_POINT('',#2435);
#712=VERTEX_POINT('',#2437);
#713=VERTEX_POINT('',#2440);
#714=VERTEX_POINT('',#2442);
#715=VERTEX_POINT('',#2445);
#716=VERTEX_POINT('',#2447);
#717=VERTEX_POINT('',#2451);
#718=VERTEX_POINT('',#2455);
#719=VERTEX_POINT('',#2475);
#720=VERTEX_POINT('',#2476);
#721=VERTEX_POINT('',#2478);
#722=VERTEX_POINT('',#2480);
#723=VERTEX_POINT('',#2483);
#724=VERTEX_POINT('',#2485);
#725=VERTEX_POINT('',#2487);
#726=VERTEX_POINT('',#2489);
#727=VERTEX_POINT('',#2491);
#728=VERTEX_POINT('',#2493);
#729=VERTEX_POINT('',#2495);
#730=VERTEX_POINT('',#2497);
#731=VERTEX_POINT('',#2499);
#732=VERTEX_POINT('',#2501);
#733=VERTEX_POINT('',#2503);
#734=VERTEX_POINT('',#2506);
#735=VERTEX_POINT('',#2508);
#736=VERTEX_POINT('',#2510);
#737=VERTEX_POINT('',#2513);
#738=VERTEX_POINT('',#2515);
#739=EDGE_CURVE('',#595,#596,#511,.F.);
#740=EDGE_CURVE('',#596,#597,#247,.T.);
#741=EDGE_CURVE('',#597,#598,#512,.F.);
#742=EDGE_CURVE('',#598,#595,#248,.T.);
#743=EDGE_CURVE('',#596,#599,#513,.T.);
#744=EDGE_CURVE('',#600,#599,#249,.T.);
#745=EDGE_CURVE('',#600,#597,#514,.T.);
#746=EDGE_CURVE('',#601,#602,#515,.F.);
#747=EDGE_CURVE('',#602,#603,#250,.T.);
#748=EDGE_CURVE('',#603,#604,#516,.F.);
#749=EDGE_CURVE('',#604,#601,#251,.T.);
#750=EDGE_CURVE('',#602,#605,#252,.T.);
#751=EDGE_CURVE('',#606,#605,#253,.T.);
#752=EDGE_CURVE('',#603,#606,#254,.T.);
#753=EDGE_CURVE('',#605,#607,#517,.F.);
#754=EDGE_CURVE('',#607,#608,#255,.T.);
#755=EDGE_CURVE('',#608,#606,#518,.F.);
#756=EDGE_CURVE('',#609,#607,#256,.T.);
#757=EDGE_CURVE('',#610,#609,#257,.T.);
#758=EDGE_CURVE('',#611,#610,#258,.T.);
#759=EDGE_CURVE('',#612,#611,#259,.T.);
#760=EDGE_CURVE('',#600,#612,#260,.T.);
#761=EDGE_CURVE('',#613,#599,#261,.T.);
#762=EDGE_CURVE('',#614,#613,#262,.T.);
#763=EDGE_CURVE('',#615,#614,#263,.T.);
#764=EDGE_CURVE('',#616,#615,#264,.T.);
#765=EDGE_CURVE('',#608,#616,#265,.T.);
#766=EDGE_CURVE('',#615,#617,#519,.F.);
#767=EDGE_CURVE('',#617,#618,#266,.T.);
#768=EDGE_CURVE('',#618,#616,#520,.F.);
#769=EDGE_CURVE('',#598,#619,#267,.T.);
#770=EDGE_CURVE('',#619,#620,#268,.T.);
#771=EDGE_CURVE('',#620,#621,#269,.T.);
#772=EDGE_CURVE('',#622,#621,#270,.T.);
#773=EDGE_CURVE('',#623,#622,#271,.T.);
#774=EDGE_CURVE('',#624,#623,#272,.T.);
#775=EDGE_CURVE('',#618,#624,#273,.T.);
#776=EDGE_CURVE('',#617,#625,#274,.T.);
#777=EDGE_CURVE('',#625,#626,#275,.T.);
#778=EDGE_CURVE('',#626,#595,#276,.T.);
#779=EDGE_CURVE('',#610,#621,#521,.T.);
#780=EDGE_CURVE('',#609,#622,#522,.F.);
#781=EDGE_CURVE('',#627,#624,#523,.F.);
#782=EDGE_CURVE('',#623,#628,#524,.F.);
#783=EDGE_CURVE('',#628,#627,#277,.T.);
#784=EDGE_CURVE('',#629,#629,#525,.T.);
#785=EDGE_CURVE('',#629,#630,#278,.T.);
#786=EDGE_CURVE('',#630,#630,#526,.T.);
#787=EDGE_CURVE('',#631,#631,#527,.T.);
#788=EDGE_CURVE('',#632,#632,#528,.T.);
#789=EDGE_CURVE('',#633,#634,#529,.T.);
#790=EDGE_CURVE('',#635,#633,#279,.T.);
#791=EDGE_CURVE('',#613,#635,#280,.T.);
#792=EDGE_CURVE('',#634,#626,#281,.T.);
#793=EDGE_CURVE('',#636,#636,#530,.T.);
#794=EDGE_CURVE('',#611,#637,#282,.T.);
#795=EDGE_CURVE('',#637,#638,#283,.T.);
#796=EDGE_CURVE('',#638,#612,#284,.T.);
#797=EDGE_CURVE('',#639,#614,#285,.T.);
#798=EDGE_CURVE('',#635,#639,#286,.T.);
#799=EDGE_CURVE('',#640,#625,#287,.T.);
#800=EDGE_CURVE('',#634,#640,#288,.T.);
#801=EDGE_CURVE('',#641,#641,#531,.T.);
#802=EDGE_CURVE('',#641,#636,#289,.T.);
#803=EDGE_CURVE('',#642,#640,#532,.T.);
#804=EDGE_CURVE('',#633,#642,#290,.T.);
#805=EDGE_CURVE('',#639,#642,#291,.T.);
#806=EDGE_CURVE('',#643,#644,#292,.T.);
#807=EDGE_CURVE('',#643,#645,#533,.T.);
#808=EDGE_CURVE('',#645,#646,#293,.T.);
#809=EDGE_CURVE('',#644,#646,#534,.T.);
#810=EDGE_CURVE('',#643,#619,#294,.T.);
#811=EDGE_CURVE('',#620,#644,#295,.T.);
#812=EDGE_CURVE('',#646,#637,#296,.T.);
#813=EDGE_CURVE('',#647,#647,#535,.T.);
#814=EDGE_CURVE('',#645,#638,#297,.T.);
#815=EDGE_CURVE('',#648,#648,#536,.T.);
#816=EDGE_CURVE('',#647,#648,#298,.T.);
#817=EDGE_CURVE('',#627,#604,#299,.T.);
#818=EDGE_CURVE('',#601,#628,#300,.T.);
#819=EDGE_CURVE('',#649,#650,#537,.T.);
#820=EDGE_CURVE('',#650,#651,#301,.T.);
#821=EDGE_CURVE('',#652,#651,#302,.T.);
#822=EDGE_CURVE('',#652,#653,#538,.T.);
#823=EDGE_CURVE('',#653,#654,#539,.T.);
#824=EDGE_CURVE('',#655,#654,#540,.T.);
#825=EDGE_CURVE('',#656,#655,#303,.T.);
#826=EDGE_CURVE('',#656,#657,#541,.T.);
#827=EDGE_CURVE('',#657,#658,#304,.T.);
#828=EDGE_CURVE('',#659,#658,#542,.T.);
#829=EDGE_CURVE('',#659,#660,#543,.T.);
#830=EDGE_CURVE('',#660,#661,#305,.T.);
#831=EDGE_CURVE('',#661,#662,#544,.T.);
#832=EDGE_CURVE('',#662,#663,#545,.T.);
#833=EDGE_CURVE('',#663,#664,#306,.T.);
#834=EDGE_CURVE('',#664,#665,#546,.T.);
#835=EDGE_CURVE('',#665,#649,#307,.T.);
#836=EDGE_CURVE('',#666,#666,#547,.T.);
#837=EDGE_CURVE('',#667,#667,#548,.T.);
#838=EDGE_CURVE('',#668,#669,#549,.T.);
#839=EDGE_CURVE('',#670,#668,#308,.T.);
#840=EDGE_CURVE('',#671,#670,#550,.T.);
#841=EDGE_CURVE('',#672,#671,#309,.T.);
#842=EDGE_CURVE('',#673,#672,#551,.T.);
#843=EDGE_CURVE('',#674,#673,#552,.T.);
#844=EDGE_CURVE('',#675,#674,#310,.T.);
#845=EDGE_CURVE('',#676,#675,#553,.T.);
#846=EDGE_CURVE('',#676,#677,#554,.T.);
#847=EDGE_CURVE('',#678,#677,#311,.T.);
#848=EDGE_CURVE('',#679,#678,#555,.T.);
#849=EDGE_CURVE('',#679,#680,#312,.T.);
#850=EDGE_CURVE('',#680,#681,#556,.T.);
#851=EDGE_CURVE('',#682,#681,#557,.T.);
#852=EDGE_CURVE('',#683,#682,#558,.T.);
#853=EDGE_CURVE('',#683,#684,#313,.T.);
#854=EDGE_CURVE('',#669,#684,#314,.T.);
#855=EDGE_CURVE('',#685,#685,#559,.T.);
#856=EDGE_CURVE('',#686,#686,#560,.T.);
#857=EDGE_CURVE('',#687,#688,#561,.T.);
#858=EDGE_CURVE('',#688,#668,#315,.T.);
#859=EDGE_CURVE('',#687,#669,#316,.T.);
#860=EDGE_CURVE('',#689,#690,#562,.T.);
#861=EDGE_CURVE('',#690,#650,#317,.T.);
#862=EDGE_CURVE('',#689,#649,#318,.T.);
#863=EDGE_CURVE('',#691,#692,#563,.T.);
#864=EDGE_CURVE('',#693,#691,#564,.T.);
#865=EDGE_CURVE('',#694,#693,#319,.T.);
#866=EDGE_CURVE('',#695,#694,#565,.T.);
#867=EDGE_CURVE('',#696,#695,#566,.T.);
#868=EDGE_CURVE('',#697,#696,#320,.T.);
#869=EDGE_CURVE('',#698,#697,#567,.T.);
#870=EDGE_CURVE('',#699,#698,#321,.T.);
#871=EDGE_CURVE('',#700,#699,#568,.T.);
#872=EDGE_CURVE('',#701,#700,#569,.T.);
#873=EDGE_CURVE('',#702,#701,#570,.T.);
#874=EDGE_CURVE('',#703,#702,#322,.T.);
#875=EDGE_CURVE('',#690,#703,#323,.T.);
#876=EDGE_CURVE('',#704,#689,#324,.T.);
#877=EDGE_CURVE('',#705,#704,#571,.T.);
#878=EDGE_CURVE('',#692,#705,#325,.T.);
#879=EDGE_CURVE('',#706,#706,#572,.T.);
#880=EDGE_CURVE('',#707,#708,#573,.T.);
#881=EDGE_CURVE('',#709,#707,#326,.T.);
#882=EDGE_CURVE('',#710,#709,#574,.T.);
#883=EDGE_CURVE('',#711,#710,#575,.T.);
#884=EDGE_CURVE('',#712,#711,#327,.T.);
#885=EDGE_CURVE('',#708,#712,#576,.T.);
#886=EDGE_CURVE('',#713,#713,#577,.T.);
#887=EDGE_CURVE('',#714,#714,#578,.T.);
#888=EDGE_CURVE('',#715,#709,#328,.T.);
#889=EDGE_CURVE('',#715,#716,#579,.T.);
#890=EDGE_CURVE('',#710,#716,#329,.T.);
#891=EDGE_CURVE('',#717,#707,#330,.T.);
#892=EDGE_CURVE('',#717,#715,#331,.T.);
#893=EDGE_CURVE('',#718,#708,#332,.T.);
#894=EDGE_CURVE('',#718,#717,#580,.T.);
#895=EDGE_CURVE('',#695,#659,#333,.T.);
#896=EDGE_CURVE('',#658,#696,#334,.T.);
#897=EDGE_CURVE('',#694,#660,#335,.T.);
#898=EDGE_CURVE('',#693,#661,#336,.T.);
#899=EDGE_CURVE('',#691,#662,#337,.T.);
#900=EDGE_CURVE('',#692,#663,#338,.T.);
#901=EDGE_CURVE('',#705,#664,#339,.T.);
#902=EDGE_CURVE('',#704,#665,#340,.T.);
#903=EDGE_CURVE('',#719,#720,#581,.T.);
#904=EDGE_CURVE('',#721,#719,#341,.T.);
#905=EDGE_CURVE('',#722,#721,#582,.T.);
#906=EDGE_CURVE('',#688,#722,#342,.T.);
#907=EDGE_CURVE('',#723,#687,#343,.T.);
#908=EDGE_CURVE('',#724,#723,#344,.T.);
#909=EDGE_CURVE('',#725,#724,#583,.T.);
#910=EDGE_CURVE('',#726,#725,#584,.T.);
#911=EDGE_CURVE('',#727,#726,#585,.T.);
#912=EDGE_CURVE('',#728,#727,#345,.T.);
#913=EDGE_CURVE('',#729,#728,#586,.T.);
#914=EDGE_CURVE('',#730,#729,#346,.T.);
#915=EDGE_CURVE('',#731,#730,#587,.T.);
#916=EDGE_CURVE('',#732,#731,#588,.T.);
#917=EDGE_CURVE('',#733,#732,#347,.T.);
#918=EDGE_CURVE('',#720,#733,#589,.T.);
#919=EDGE_CURVE('',#734,#734,#590,.T.);
#920=EDGE_CURVE('',#735,#718,#591,.T.);
#921=EDGE_CURVE('',#736,#735,#348,.T.);
#922=EDGE_CURVE('',#716,#736,#592,.T.);
#923=EDGE_CURVE('',#737,#737,#593,.T.);
#924=EDGE_CURVE('',#738,#738,#594,.T.);
#925=EDGE_CURVE('',#711,#736,#349,.T.);
#926=EDGE_CURVE('',#735,#712,#350,.T.);
#927=EDGE_CURVE('',#681,#726,#351,.T.);
#928=EDGE_CURVE('',#727,#680,#352,.T.);
#929=EDGE_CURVE('',#725,#682,#353,.T.);
#930=EDGE_CURVE('',#683,#724,#354,.T.);
#931=EDGE_CURVE('',#723,#684,#355,.T.);
#932=EDGE_CURVE('',#722,#670,#356,.T.);
#933=EDGE_CURVE('',#721,#671,#357,.T.);
#934=EDGE_CURVE('',#698,#656,#358,.T.);
#935=EDGE_CURVE('',#699,#655,#359,.T.);
#936=EDGE_CURVE('',#697,#657,#360,.T.);
#937=EDGE_CURVE('',#719,#672,#361,.T.);
#938=EDGE_CURVE('',#720,#673,#362,.T.);
#939=EDGE_CURVE('',#685,#737,#363,.T.);
#940=EDGE_CURVE('',#728,#679,#364,.T.);
#941=EDGE_CURVE('',#729,#678,#365,.T.);
#942=EDGE_CURVE('',#632,#734,#366,.T.);
#943=EDGE_CURVE('',#677,#730,#367,.T.);
#944=EDGE_CURVE('',#731,#676,#368,.T.);
#945=EDGE_CURVE('',#732,#675,#369,.T.);
#946=EDGE_CURVE('',#733,#674,#370,.T.);
#947=EDGE_CURVE('',#686,#738,#371,.T.);
#948=EDGE_CURVE('',#666,#713,#372,.T.);
#949=EDGE_CURVE('',#654,#700,#373,.T.);
#950=EDGE_CURVE('',#701,#653,#374,.T.);
#951=EDGE_CURVE('',#652,#702,#375,.T.);
#952=EDGE_CURVE('',#631,#706,#376,.T.);
#953=EDGE_CURVE('',#703,#651,#377,.T.);
#954=EDGE_CURVE('',#667,#714,#378,.T.);
#955=ORIENTED_EDGE('',*,*,#739,.T.);
#956=ORIENTED_EDGE('',*,*,#740,.T.);
#957=ORIENTED_EDGE('',*,*,#741,.T.);
#958=ORIENTED_EDGE('',*,*,#742,.T.);
#959=ORIENTED_EDGE('',*,*,#740,.F.);
#960=ORIENTED_EDGE('',*,*,#743,.T.);
#961=ORIENTED_EDGE('',*,*,#744,.F.);
#962=ORIENTED_EDGE('',*,*,#745,.T.);
#963=ORIENTED_EDGE('',*,*,#746,.T.);
#964=ORIENTED_EDGE('',*,*,#747,.T.);
#965=ORIENTED_EDGE('',*,*,#748,.T.);
#966=ORIENTED_EDGE('',*,*,#749,.T.);
#967=ORIENTED_EDGE('',*,*,#747,.F.);
#968=ORIENTED_EDGE('',*,*,#750,.T.);
#969=ORIENTED_EDGE('',*,*,#751,.F.);
#970=ORIENTED_EDGE('',*,*,#752,.F.);
#971=ORIENTED_EDGE('',*,*,#753,.T.);
#972=ORIENTED_EDGE('',*,*,#754,.T.);
#973=ORIENTED_EDGE('',*,*,#755,.T.);
#974=ORIENTED_EDGE('',*,*,#751,.T.);
#975=ORIENTED_EDGE('',*,*,#754,.F.);
#976=ORIENTED_EDGE('',*,*,#756,.F.);
#977=ORIENTED_EDGE('',*,*,#757,.F.);
#978=ORIENTED_EDGE('',*,*,#758,.F.);
#979=ORIENTED_EDGE('',*,*,#759,.F.);
#980=ORIENTED_EDGE('',*,*,#760,.F.);
#981=ORIENTED_EDGE('',*,*,#744,.T.);
#982=ORIENTED_EDGE('',*,*,#761,.F.);
#983=ORIENTED_EDGE('',*,*,#762,.F.);
#984=ORIENTED_EDGE('',*,*,#763,.F.);
#985=ORIENTED_EDGE('',*,*,#764,.F.);
#986=ORIENTED_EDGE('',*,*,#765,.F.);
#987=ORIENTED_EDGE('',*,*,#766,.T.);
#988=ORIENTED_EDGE('',*,*,#767,.T.);
#989=ORIENTED_EDGE('',*,*,#768,.T.);
#990=ORIENTED_EDGE('',*,*,#764,.T.);
#991=ORIENTED_EDGE('',*,*,#742,.F.);
#992=ORIENTED_EDGE('',*,*,#769,.T.);
#993=ORIENTED_EDGE('',*,*,#770,.T.);
#994=ORIENTED_EDGE('',*,*,#771,.T.);
#995=ORIENTED_EDGE('',*,*,#772,.F.);
#996=ORIENTED_EDGE('',*,*,#773,.F.);
#997=ORIENTED_EDGE('',*,*,#774,.F.);
#998=ORIENTED_EDGE('',*,*,#775,.F.);
#999=ORIENTED_EDGE('',*,*,#767,.F.);
#1000=ORIENTED_EDGE('',*,*,#776,.T.);
#1001=ORIENTED_EDGE('',*,*,#777,.T.);
#1002=ORIENTED_EDGE('',*,*,#778,.T.);
#1003=ORIENTED_EDGE('',*,*,#779,.F.);
#1004=ORIENTED_EDGE('',*,*,#757,.T.);
#1005=ORIENTED_EDGE('',*,*,#780,.T.);
#1006=ORIENTED_EDGE('',*,*,#772,.T.);
#1007=ORIENTED_EDGE('',*,*,#781,.T.);
#1008=ORIENTED_EDGE('',*,*,#774,.T.);
#1009=ORIENTED_EDGE('',*,*,#782,.T.);
#1010=ORIENTED_EDGE('',*,*,#783,.T.);
#1011=ORIENTED_EDGE('',*,*,#784,.T.);
#1012=ORIENTED_EDGE('',*,*,#785,.T.);
#1013=ORIENTED_EDGE('',*,*,#786,.F.);
#1014=ORIENTED_EDGE('',*,*,#785,.F.);
#1015=ORIENTED_EDGE('',*,*,#787,.F.);
#1016=ORIENTED_EDGE('',*,*,#788,.F.);
#1017=ORIENTED_EDGE('',*,*,#789,.F.);
#1018=ORIENTED_EDGE('',*,*,#790,.F.);
#1019=ORIENTED_EDGE('',*,*,#791,.F.);
#1020=ORIENTED_EDGE('',*,*,#761,.T.);
#1021=ORIENTED_EDGE('',*,*,#743,.F.);
#1022=ORIENTED_EDGE('',*,*,#739,.F.);
#1023=ORIENTED_EDGE('',*,*,#778,.F.);
#1024=ORIENTED_EDGE('',*,*,#792,.F.);
#1025=ORIENTED_EDGE('',*,*,#793,.F.);
#1026=ORIENTED_EDGE('',*,*,#794,.T.);
#1027=ORIENTED_EDGE('',*,*,#795,.T.);
#1028=ORIENTED_EDGE('',*,*,#796,.T.);
#1029=ORIENTED_EDGE('',*,*,#759,.T.);
#1030=ORIENTED_EDGE('',*,*,#797,.T.);
#1031=ORIENTED_EDGE('',*,*,#762,.T.);
#1032=ORIENTED_EDGE('',*,*,#791,.T.);
#1033=ORIENTED_EDGE('',*,*,#798,.T.);
#1034=ORIENTED_EDGE('',*,*,#792,.T.);
#1035=ORIENTED_EDGE('',*,*,#777,.F.);
#1036=ORIENTED_EDGE('',*,*,#799,.F.);
#1037=ORIENTED_EDGE('',*,*,#800,.F.);
#1038=ORIENTED_EDGE('',*,*,#801,.F.);
#1039=ORIENTED_EDGE('',*,*,#802,.T.);
#1040=ORIENTED_EDGE('',*,*,#793,.T.);
#1041=ORIENTED_EDGE('',*,*,#802,.F.);
#1042=ORIENTED_EDGE('',*,*,#789,.T.);
#1043=ORIENTED_EDGE('',*,*,#800,.T.);
#1044=ORIENTED_EDGE('',*,*,#803,.F.);
#1045=ORIENTED_EDGE('',*,*,#804,.F.);
#1046=ORIENTED_EDGE('',*,*,#790,.T.);
#1047=ORIENTED_EDGE('',*,*,#804,.T.);
#1048=ORIENTED_EDGE('',*,*,#805,.F.);
#1049=ORIENTED_EDGE('',*,*,#798,.F.);
#1050=ORIENTED_EDGE('',*,*,#797,.F.);
#1051=ORIENTED_EDGE('',*,*,#805,.T.);
#1052=ORIENTED_EDGE('',*,*,#803,.T.);
#1053=ORIENTED_EDGE('',*,*,#799,.T.);
#1054=ORIENTED_EDGE('',*,*,#776,.F.);
#1055=ORIENTED_EDGE('',*,*,#766,.F.);
#1056=ORIENTED_EDGE('',*,*,#763,.T.);
#1057=ORIENTED_EDGE('',*,*,#801,.T.);
#1058=ORIENTED_EDGE('',*,*,#806,.F.);
#1059=ORIENTED_EDGE('',*,*,#807,.T.);
#1060=ORIENTED_EDGE('',*,*,#808,.T.);
#1061=ORIENTED_EDGE('',*,*,#809,.F.);
#1062=ORIENTED_EDGE('',*,*,#810,.F.);
#1063=ORIENTED_EDGE('',*,*,#806,.T.);
#1064=ORIENTED_EDGE('',*,*,#811,.F.);
#1065=ORIENTED_EDGE('',*,*,#770,.F.);
#1066=ORIENTED_EDGE('',*,*,#771,.F.);
#1067=ORIENTED_EDGE('',*,*,#811,.T.);
#1068=ORIENTED_EDGE('',*,*,#809,.T.);
#1069=ORIENTED_EDGE('',*,*,#812,.T.);
#1070=ORIENTED_EDGE('',*,*,#794,.F.);
#1071=ORIENTED_EDGE('',*,*,#758,.T.);
#1072=ORIENTED_EDGE('',*,*,#779,.T.);
#1073=ORIENTED_EDGE('',*,*,#813,.T.);
#1074=ORIENTED_EDGE('',*,*,#807,.F.);
#1075=ORIENTED_EDGE('',*,*,#810,.T.);
#1076=ORIENTED_EDGE('',*,*,#769,.F.);
#1077=ORIENTED_EDGE('',*,*,#741,.F.);
#1078=ORIENTED_EDGE('',*,*,#745,.F.);
#1079=ORIENTED_EDGE('',*,*,#760,.T.);
#1080=ORIENTED_EDGE('',*,*,#796,.F.);
#1081=ORIENTED_EDGE('',*,*,#814,.F.);
#1082=ORIENTED_EDGE('',*,*,#815,.F.);
#1083=ORIENTED_EDGE('',*,*,#813,.F.);
#1084=ORIENTED_EDGE('',*,*,#816,.T.);
#1085=ORIENTED_EDGE('',*,*,#815,.T.);
#1086=ORIENTED_EDGE('',*,*,#816,.F.);
#1087=ORIENTED_EDGE('',*,*,#814,.T.);
#1088=ORIENTED_EDGE('',*,*,#795,.F.);
#1089=ORIENTED_EDGE('',*,*,#812,.F.);
#1090=ORIENTED_EDGE('',*,*,#808,.F.);
#1091=ORIENTED_EDGE('',*,*,#749,.F.);
#1092=ORIENTED_EDGE('',*,*,#817,.F.);
#1093=ORIENTED_EDGE('',*,*,#783,.F.);
#1094=ORIENTED_EDGE('',*,*,#818,.F.);
#1095=ORIENTED_EDGE('',*,*,#819,.T.);
#1096=ORIENTED_EDGE('',*,*,#820,.T.);
#1097=ORIENTED_EDGE('',*,*,#821,.F.);
#1098=ORIENTED_EDGE('',*,*,#822,.T.);
#1099=ORIENTED_EDGE('',*,*,#823,.T.);
#1100=ORIENTED_EDGE('',*,*,#824,.F.);
#1101=ORIENTED_EDGE('',*,*,#825,.F.);
#1102=ORIENTED_EDGE('',*,*,#826,.T.);
#1103=ORIENTED_EDGE('',*,*,#827,.T.);
#1104=ORIENTED_EDGE('',*,*,#828,.F.);
#1105=ORIENTED_EDGE('',*,*,#829,.T.);
#1106=ORIENTED_EDGE('',*,*,#830,.T.);
#1107=ORIENTED_EDGE('',*,*,#831,.T.);
#1108=ORIENTED_EDGE('',*,*,#832,.T.);
#1109=ORIENTED_EDGE('',*,*,#833,.T.);
#1110=ORIENTED_EDGE('',*,*,#834,.T.);
#1111=ORIENTED_EDGE('',*,*,#835,.T.);
#1112=ORIENTED_EDGE('',*,*,#836,.T.);
#1113=ORIENTED_EDGE('',*,*,#786,.T.);
#1114=ORIENTED_EDGE('',*,*,#837,.T.);
#1115=ORIENTED_EDGE('',*,*,#773,.T.);
#1116=ORIENTED_EDGE('',*,*,#780,.F.);
#1117=ORIENTED_EDGE('',*,*,#756,.T.);
#1118=ORIENTED_EDGE('',*,*,#753,.F.);
#1119=ORIENTED_EDGE('',*,*,#750,.F.);
#1120=ORIENTED_EDGE('',*,*,#746,.F.);
#1121=ORIENTED_EDGE('',*,*,#818,.T.);
#1122=ORIENTED_EDGE('',*,*,#782,.F.);
#1123=ORIENTED_EDGE('',*,*,#838,.F.);
#1124=ORIENTED_EDGE('',*,*,#839,.F.);
#1125=ORIENTED_EDGE('',*,*,#840,.F.);
#1126=ORIENTED_EDGE('',*,*,#841,.F.);
#1127=ORIENTED_EDGE('',*,*,#842,.F.);
#1128=ORIENTED_EDGE('',*,*,#843,.F.);
#1129=ORIENTED_EDGE('',*,*,#844,.F.);
#1130=ORIENTED_EDGE('',*,*,#845,.F.);
#1131=ORIENTED_EDGE('',*,*,#846,.T.);
#1132=ORIENTED_EDGE('',*,*,#847,.F.);
#1133=ORIENTED_EDGE('',*,*,#848,.F.);
#1134=ORIENTED_EDGE('',*,*,#849,.T.);
#1135=ORIENTED_EDGE('',*,*,#850,.T.);
#1136=ORIENTED_EDGE('',*,*,#851,.F.);
#1137=ORIENTED_EDGE('',*,*,#852,.F.);
#1138=ORIENTED_EDGE('',*,*,#853,.T.);
#1139=ORIENTED_EDGE('',*,*,#854,.F.);
#1140=ORIENTED_EDGE('',*,*,#817,.T.);
#1141=ORIENTED_EDGE('',*,*,#748,.F.);
#1142=ORIENTED_EDGE('',*,*,#752,.T.);
#1143=ORIENTED_EDGE('',*,*,#755,.F.);
#1144=ORIENTED_EDGE('',*,*,#765,.T.);
#1145=ORIENTED_EDGE('',*,*,#768,.F.);
#1146=ORIENTED_EDGE('',*,*,#775,.T.);
#1147=ORIENTED_EDGE('',*,*,#781,.F.);
#1148=ORIENTED_EDGE('',*,*,#855,.F.);
#1149=ORIENTED_EDGE('',*,*,#784,.F.);
#1150=ORIENTED_EDGE('',*,*,#856,.F.);
#1151=ORIENTED_EDGE('',*,*,#857,.T.);
#1152=ORIENTED_EDGE('',*,*,#858,.T.);
#1153=ORIENTED_EDGE('',*,*,#838,.T.);
#1154=ORIENTED_EDGE('',*,*,#859,.F.);
#1155=ORIENTED_EDGE('',*,*,#860,.T.);
#1156=ORIENTED_EDGE('',*,*,#861,.T.);
#1157=ORIENTED_EDGE('',*,*,#819,.F.);
#1158=ORIENTED_EDGE('',*,*,#862,.F.);
#1159=ORIENTED_EDGE('',*,*,#863,.F.);
#1160=ORIENTED_EDGE('',*,*,#864,.F.);
#1161=ORIENTED_EDGE('',*,*,#865,.F.);
#1162=ORIENTED_EDGE('',*,*,#866,.F.);
#1163=ORIENTED_EDGE('',*,*,#867,.F.);
#1164=ORIENTED_EDGE('',*,*,#868,.F.);
#1165=ORIENTED_EDGE('',*,*,#869,.F.);
#1166=ORIENTED_EDGE('',*,*,#870,.F.);
#1167=ORIENTED_EDGE('',*,*,#871,.F.);
#1168=ORIENTED_EDGE('',*,*,#872,.F.);
#1169=ORIENTED_EDGE('',*,*,#873,.F.);
#1170=ORIENTED_EDGE('',*,*,#874,.F.);
#1171=ORIENTED_EDGE('',*,*,#875,.F.);
#1172=ORIENTED_EDGE('',*,*,#860,.F.);
#1173=ORIENTED_EDGE('',*,*,#876,.F.);
#1174=ORIENTED_EDGE('',*,*,#877,.F.);
#1175=ORIENTED_EDGE('',*,*,#878,.F.);
#1176=ORIENTED_EDGE('',*,*,#879,.F.);
#1177=ORIENTED_EDGE('',*,*,#880,.F.);
#1178=ORIENTED_EDGE('',*,*,#881,.F.);
#1179=ORIENTED_EDGE('',*,*,#882,.F.);
#1180=ORIENTED_EDGE('',*,*,#883,.F.);
#1181=ORIENTED_EDGE('',*,*,#884,.F.);
#1182=ORIENTED_EDGE('',*,*,#885,.F.);
#1183=ORIENTED_EDGE('',*,*,#886,.F.);
#1184=ORIENTED_EDGE('',*,*,#887,.F.);
#1185=ORIENTED_EDGE('',*,*,#882,.T.);
#1186=ORIENTED_EDGE('',*,*,#888,.F.);
#1187=ORIENTED_EDGE('',*,*,#889,.T.);
#1188=ORIENTED_EDGE('',*,*,#890,.F.);
#1189=ORIENTED_EDGE('',*,*,#881,.T.);
#1190=ORIENTED_EDGE('',*,*,#891,.F.);
#1191=ORIENTED_EDGE('',*,*,#892,.T.);
#1192=ORIENTED_EDGE('',*,*,#888,.T.);
#1193=ORIENTED_EDGE('',*,*,#880,.T.);
#1194=ORIENTED_EDGE('',*,*,#893,.F.);
#1195=ORIENTED_EDGE('',*,*,#894,.T.);
#1196=ORIENTED_EDGE('',*,*,#891,.T.);
#1197=ORIENTED_EDGE('',*,*,#867,.T.);
#1198=ORIENTED_EDGE('',*,*,#895,.T.);
#1199=ORIENTED_EDGE('',*,*,#828,.T.);
#1200=ORIENTED_EDGE('',*,*,#896,.T.);
#1201=ORIENTED_EDGE('',*,*,#866,.T.);
#1202=ORIENTED_EDGE('',*,*,#897,.T.);
#1203=ORIENTED_EDGE('',*,*,#829,.F.);
#1204=ORIENTED_EDGE('',*,*,#895,.F.);
#1205=ORIENTED_EDGE('',*,*,#865,.T.);
#1206=ORIENTED_EDGE('',*,*,#898,.T.);
#1207=ORIENTED_EDGE('',*,*,#830,.F.);
#1208=ORIENTED_EDGE('',*,*,#897,.F.);
#1209=ORIENTED_EDGE('',*,*,#864,.T.);
#1210=ORIENTED_EDGE('',*,*,#899,.T.);
#1211=ORIENTED_EDGE('',*,*,#831,.F.);
#1212=ORIENTED_EDGE('',*,*,#898,.F.);
#1213=ORIENTED_EDGE('',*,*,#863,.T.);
#1214=ORIENTED_EDGE('',*,*,#900,.T.);
#1215=ORIENTED_EDGE('',*,*,#832,.F.);
#1216=ORIENTED_EDGE('',*,*,#899,.F.);
#1217=ORIENTED_EDGE('',*,*,#878,.T.);
#1218=ORIENTED_EDGE('',*,*,#901,.T.);
#1219=ORIENTED_EDGE('',*,*,#833,.F.);
#1220=ORIENTED_EDGE('',*,*,#900,.F.);
#1221=ORIENTED_EDGE('',*,*,#877,.T.);
#1222=ORIENTED_EDGE('',*,*,#902,.T.);
#1223=ORIENTED_EDGE('',*,*,#834,.F.);
#1224=ORIENTED_EDGE('',*,*,#901,.F.);
#1225=ORIENTED_EDGE('',*,*,#876,.T.);
#1226=ORIENTED_EDGE('',*,*,#862,.T.);
#1227=ORIENTED_EDGE('',*,*,#835,.F.);
#1228=ORIENTED_EDGE('',*,*,#902,.F.);
#1229=ORIENTED_EDGE('',*,*,#903,.F.);
#1230=ORIENTED_EDGE('',*,*,#904,.F.);
#1231=ORIENTED_EDGE('',*,*,#905,.F.);
#1232=ORIENTED_EDGE('',*,*,#906,.F.);
#1233=ORIENTED_EDGE('',*,*,#857,.F.);
#1234=ORIENTED_EDGE('',*,*,#907,.F.);
#1235=ORIENTED_EDGE('',*,*,#908,.F.);
#1236=ORIENTED_EDGE('',*,*,#909,.F.);
#1237=ORIENTED_EDGE('',*,*,#910,.F.);
#1238=ORIENTED_EDGE('',*,*,#911,.F.);
#1239=ORIENTED_EDGE('',*,*,#912,.F.);
#1240=ORIENTED_EDGE('',*,*,#913,.F.);
#1241=ORIENTED_EDGE('',*,*,#914,.F.);
#1242=ORIENTED_EDGE('',*,*,#915,.F.);
#1243=ORIENTED_EDGE('',*,*,#916,.F.);
#1244=ORIENTED_EDGE('',*,*,#917,.F.);
#1245=ORIENTED_EDGE('',*,*,#918,.F.);
#1246=ORIENTED_EDGE('',*,*,#919,.F.);
#1247=ORIENTED_EDGE('',*,*,#894,.F.);
#1248=ORIENTED_EDGE('',*,*,#920,.F.);
#1249=ORIENTED_EDGE('',*,*,#921,.F.);
#1250=ORIENTED_EDGE('',*,*,#922,.F.);
#1251=ORIENTED_EDGE('',*,*,#889,.F.);
#1252=ORIENTED_EDGE('',*,*,#892,.F.);
#1253=ORIENTED_EDGE('',*,*,#923,.F.);
#1254=ORIENTED_EDGE('',*,*,#924,.F.);
#1255=ORIENTED_EDGE('',*,*,#884,.T.);
#1256=ORIENTED_EDGE('',*,*,#925,.T.);
#1257=ORIENTED_EDGE('',*,*,#921,.T.);
#1258=ORIENTED_EDGE('',*,*,#926,.T.);
#1259=ORIENTED_EDGE('',*,*,#885,.T.);
#1260=ORIENTED_EDGE('',*,*,#926,.F.);
#1261=ORIENTED_EDGE('',*,*,#920,.T.);
#1262=ORIENTED_EDGE('',*,*,#893,.T.);
#1263=ORIENTED_EDGE('',*,*,#911,.T.);
#1264=ORIENTED_EDGE('',*,*,#927,.F.);
#1265=ORIENTED_EDGE('',*,*,#850,.F.);
#1266=ORIENTED_EDGE('',*,*,#928,.F.);
#1267=ORIENTED_EDGE('',*,*,#910,.T.);
#1268=ORIENTED_EDGE('',*,*,#929,.T.);
#1269=ORIENTED_EDGE('',*,*,#851,.T.);
#1270=ORIENTED_EDGE('',*,*,#927,.T.);
#1271=ORIENTED_EDGE('',*,*,#909,.T.);
#1272=ORIENTED_EDGE('',*,*,#930,.F.);
#1273=ORIENTED_EDGE('',*,*,#852,.T.);
#1274=ORIENTED_EDGE('',*,*,#929,.F.);
#1275=ORIENTED_EDGE('',*,*,#908,.T.);
#1276=ORIENTED_EDGE('',*,*,#931,.T.);
#1277=ORIENTED_EDGE('',*,*,#853,.F.);
#1278=ORIENTED_EDGE('',*,*,#930,.T.);
#1279=ORIENTED_EDGE('',*,*,#907,.T.);
#1280=ORIENTED_EDGE('',*,*,#859,.T.);
#1281=ORIENTED_EDGE('',*,*,#854,.T.);
#1282=ORIENTED_EDGE('',*,*,#931,.F.);
#1283=ORIENTED_EDGE('',*,*,#906,.T.);
#1284=ORIENTED_EDGE('',*,*,#932,.T.);
#1285=ORIENTED_EDGE('',*,*,#839,.T.);
#1286=ORIENTED_EDGE('',*,*,#858,.F.);
#1287=ORIENTED_EDGE('',*,*,#905,.T.);
#1288=ORIENTED_EDGE('',*,*,#933,.T.);
#1289=ORIENTED_EDGE('',*,*,#840,.T.);
#1290=ORIENTED_EDGE('',*,*,#932,.F.);
#1291=ORIENTED_EDGE('',*,*,#870,.T.);
#1292=ORIENTED_EDGE('',*,*,#934,.T.);
#1293=ORIENTED_EDGE('',*,*,#825,.T.);
#1294=ORIENTED_EDGE('',*,*,#935,.F.);
#1295=ORIENTED_EDGE('',*,*,#869,.T.);
#1296=ORIENTED_EDGE('',*,*,#936,.T.);
#1297=ORIENTED_EDGE('',*,*,#826,.F.);
#1298=ORIENTED_EDGE('',*,*,#934,.F.);
#1299=ORIENTED_EDGE('',*,*,#868,.T.);
#1300=ORIENTED_EDGE('',*,*,#896,.F.);
#1301=ORIENTED_EDGE('',*,*,#827,.F.);
#1302=ORIENTED_EDGE('',*,*,#936,.F.);
#1303=ORIENTED_EDGE('',*,*,#883,.T.);
#1304=ORIENTED_EDGE('',*,*,#890,.T.);
#1305=ORIENTED_EDGE('',*,*,#922,.T.);
#1306=ORIENTED_EDGE('',*,*,#925,.F.);
#1307=ORIENTED_EDGE('',*,*,#904,.T.);
#1308=ORIENTED_EDGE('',*,*,#937,.T.);
#1309=ORIENTED_EDGE('',*,*,#841,.T.);
#1310=ORIENTED_EDGE('',*,*,#933,.F.);
#1311=ORIENTED_EDGE('',*,*,#903,.T.);
#1312=ORIENTED_EDGE('',*,*,#938,.T.);
#1313=ORIENTED_EDGE('',*,*,#842,.T.);
#1314=ORIENTED_EDGE('',*,*,#937,.F.);
#1315=ORIENTED_EDGE('',*,*,#855,.T.);
#1316=ORIENTED_EDGE('',*,*,#939,.T.);
#1317=ORIENTED_EDGE('',*,*,#923,.T.);
#1318=ORIENTED_EDGE('',*,*,#939,.F.);
#1319=ORIENTED_EDGE('',*,*,#912,.T.);
#1320=ORIENTED_EDGE('',*,*,#928,.T.);
#1321=ORIENTED_EDGE('',*,*,#849,.F.);
#1322=ORIENTED_EDGE('',*,*,#940,.F.);
#1323=ORIENTED_EDGE('',*,*,#913,.T.);
#1324=ORIENTED_EDGE('',*,*,#940,.T.);
#1325=ORIENTED_EDGE('',*,*,#848,.T.);
#1326=ORIENTED_EDGE('',*,*,#941,.F.);
#1327=ORIENTED_EDGE('',*,*,#788,.T.);
#1328=ORIENTED_EDGE('',*,*,#942,.T.);
#1329=ORIENTED_EDGE('',*,*,#919,.T.);
#1330=ORIENTED_EDGE('',*,*,#942,.F.);
#1331=ORIENTED_EDGE('',*,*,#914,.T.);
#1332=ORIENTED_EDGE('',*,*,#941,.T.);
#1333=ORIENTED_EDGE('',*,*,#847,.T.);
#1334=ORIENTED_EDGE('',*,*,#943,.T.);
#1335=ORIENTED_EDGE('',*,*,#915,.T.);
#1336=ORIENTED_EDGE('',*,*,#943,.F.);
#1337=ORIENTED_EDGE('',*,*,#846,.F.);
#1338=ORIENTED_EDGE('',*,*,#944,.F.);
#1339=ORIENTED_EDGE('',*,*,#916,.T.);
#1340=ORIENTED_EDGE('',*,*,#944,.T.);
#1341=ORIENTED_EDGE('',*,*,#845,.T.);
#1342=ORIENTED_EDGE('',*,*,#945,.F.);
#1343=ORIENTED_EDGE('',*,*,#917,.T.);
#1344=ORIENTED_EDGE('',*,*,#945,.T.);
#1345=ORIENTED_EDGE('',*,*,#844,.T.);
#1346=ORIENTED_EDGE('',*,*,#946,.F.);
#1347=ORIENTED_EDGE('',*,*,#918,.T.);
#1348=ORIENTED_EDGE('',*,*,#946,.T.);
#1349=ORIENTED_EDGE('',*,*,#843,.T.);
#1350=ORIENTED_EDGE('',*,*,#938,.F.);
#1351=ORIENTED_EDGE('',*,*,#856,.T.);
#1352=ORIENTED_EDGE('',*,*,#947,.T.);
#1353=ORIENTED_EDGE('',*,*,#924,.T.);
#1354=ORIENTED_EDGE('',*,*,#947,.F.);
#1355=ORIENTED_EDGE('',*,*,#836,.F.);
#1356=ORIENTED_EDGE('',*,*,#948,.T.);
#1357=ORIENTED_EDGE('',*,*,#886,.T.);
#1358=ORIENTED_EDGE('',*,*,#948,.F.);
#1359=ORIENTED_EDGE('',*,*,#872,.T.);
#1360=ORIENTED_EDGE('',*,*,#949,.F.);
#1361=ORIENTED_EDGE('',*,*,#823,.F.);
#1362=ORIENTED_EDGE('',*,*,#950,.F.);
#1363=ORIENTED_EDGE('',*,*,#873,.T.);
#1364=ORIENTED_EDGE('',*,*,#950,.T.);
#1365=ORIENTED_EDGE('',*,*,#822,.F.);
#1366=ORIENTED_EDGE('',*,*,#951,.T.);
#1367=ORIENTED_EDGE('',*,*,#787,.T.);
#1368=ORIENTED_EDGE('',*,*,#952,.T.);
#1369=ORIENTED_EDGE('',*,*,#879,.T.);
#1370=ORIENTED_EDGE('',*,*,#952,.F.);
#1371=ORIENTED_EDGE('',*,*,#871,.T.);
#1372=ORIENTED_EDGE('',*,*,#935,.T.);
#1373=ORIENTED_EDGE('',*,*,#824,.T.);
#1374=ORIENTED_EDGE('',*,*,#949,.T.);
#1375=ORIENTED_EDGE('',*,*,#874,.T.);
#1376=ORIENTED_EDGE('',*,*,#951,.F.);
#1377=ORIENTED_EDGE('',*,*,#821,.T.);
#1378=ORIENTED_EDGE('',*,*,#953,.F.);
#1379=ORIENTED_EDGE('',*,*,#875,.T.);
#1380=ORIENTED_EDGE('',*,*,#953,.T.);
#1381=ORIENTED_EDGE('',*,*,#820,.F.);
#1382=ORIENTED_EDGE('',*,*,#861,.F.);
#1383=ORIENTED_EDGE('',*,*,#837,.F.);
#1384=ORIENTED_EDGE('',*,*,#954,.T.);
#1385=ORIENTED_EDGE('',*,*,#887,.T.);
#1386=ORIENTED_EDGE('',*,*,#954,.F.);
#1387=CYLINDRICAL_SURFACE('',#1521,80.);
#1388=CYLINDRICAL_SURFACE('',#1524,555.917829051663);
#1389=CYLINDRICAL_SURFACE('',#1527,20.);
#1390=CYLINDRICAL_SURFACE('',#1531,20.);
#1391=CYLINDRICAL_SURFACE('',#1535,20.);
#1392=CYLINDRICAL_SURFACE('',#1539,20.);
#1393=CYLINDRICAL_SURFACE('',#1542,20.);
#1394=CYLINDRICAL_SURFACE('',#1545,90.);
#1395=CYLINDRICAL_SURFACE('',#1558,50.);
#1396=CYLINDRICAL_SURFACE('',#1560,102.072249809792);
#1397=CYLINDRICAL_SURFACE('',#1564,102.072249809792);
#1398=CYLINDRICAL_SURFACE('',#1572,50.);
#1399=CYLINDRICAL_SURFACE('',#1601,599.999999999974);
#1400=CYLINDRICAL_SURFACE('',#1603,599.999999999974);
#1401=CYLINDRICAL_SURFACE('',#1622,40.);
#1402=CYLINDRICAL_SURFACE('',#1625,40.);
#1403=CYLINDRICAL_SURFACE('',#1627,800.);
#1404=CYLINDRICAL_SURFACE('',#1628,2970.78207279935);
#1405=CYLINDRICAL_SURFACE('',#1630,350.000000000033);
#1406=CYLINDRICAL_SURFACE('',#1631,600.);
#1407=CYLINDRICAL_SURFACE('',#1633,175.);
#1408=CYLINDRICAL_SURFACE('',#1651,40.);
#1409=CYLINDRICAL_SURFACE('',#1652,500.);
#1410=CYLINDRICAL_SURFACE('',#1653,150.);
#1411=CYLINDRICAL_SURFACE('',#1654,3570.78207279935);
#1412=CYLINDRICAL_SURFACE('',#1658,175.);
#1413=CYLINDRICAL_SURFACE('',#1660,225.);
#1414=CYLINDRICAL_SURFACE('',#1662,40.);
#1415=CYLINDRICAL_SURFACE('',#1664,600.);
#1416=CYLINDRICAL_SURFACE('',#1665,75.);
#1417=CYLINDRICAL_SURFACE('',#1667,225.);
#1418=CYLINDRICAL_SURFACE('',#1668,90.);
#1419=CYLINDRICAL_SURFACE('',#1670,800.);
#1420=CYLINDRICAL_SURFACE('',#1671,2970.78207279935);
#1421=CYLINDRICAL_SURFACE('',#1673,350.000000000033);
#1422=CYLINDRICAL_SURFACE('',#1674,100.);
#1423=CYLINDRICAL_SURFACE('',#1675,75.);
#1424=CYLINDRICAL_SURFACE('',#1676,150.);
#1425=CYLINDRICAL_SURFACE('',#1677,3570.78207279935);
#1426=CYLINDRICAL_SURFACE('',#1678,90.);
#1427=CYLINDRICAL_SURFACE('',#1679,500.);
#1428=CYLINDRICAL_SURFACE('',#1682,100.);
#1429=ADVANCED_FACE('',(#71),#1387,.T.);
#1430=ADVANCED_FACE('',(#72),#1388,.T.);
#1431=ADVANCED_FACE('',(#73),#1389,.T.);
#1432=ADVANCED_FACE('',(#74),#35,.T.);
#1433=ADVANCED_FACE('',(#75),#1390,.T.);
#1434=ADVANCED_FACE('',(#76),#36,.F.);
#1435=ADVANCED_FACE('',(#77),#1391,.T.);
#1436=ADVANCED_FACE('',(#78),#37,.F.);
#1437=ADVANCED_FACE('',(#79),#1392,.T.);
#1438=ADVANCED_FACE('',(#80),#1393,.T.);
#1439=ADVANCED_FACE('',(#81),#1394,.T.);
#1440=ADVANCED_FACE('',(#82),#38,.F.);
#1441=ADVANCED_FACE('',(#83),#39,.T.);
#1442=ADVANCED_FACE('',(#84,#15),#40,.T.);
#1443=ADVANCED_FACE('',(#85),#41,.F.);
#1444=ADVANCED_FACE('',(#86),#42,.F.);
#1445=ADVANCED_FACE('',(#87),#43,.T.);
#1446=ADVANCED_FACE('',(#88),#1395,.F.);
#1447=ADVANCED_FACE('',(#89),#1396,.T.);
#1448=ADVANCED_FACE('',(#90),#44,.T.);
#1449=ADVANCED_FACE('',(#91,#16),#45,.F.);
#1450=ADVANCED_FACE('',(#92),#1397,.T.);
#1451=ADVANCED_FACE('',(#93),#46,.T.);
#1452=ADVANCED_FACE('',(#94,#17),#47,.T.);
#1453=ADVANCED_FACE('',(#95,#18),#48,.F.);
#1454=ADVANCED_FACE('',(#96),#1398,.F.);
#1455=ADVANCED_FACE('',(#97),#49,.T.);
#1456=ADVANCED_FACE('',(#98),#50,.T.);
#1457=ADVANCED_FACE('',(#99,#19,#20,#21,#22),#51,.T.);
#1458=ADVANCED_FACE('',(#100,#23,#24,#25,#26),#52,.F.);
#1459=ADVANCED_FACE('',(#101),#1399,.T.);
#1460=ADVANCED_FACE('',(#102),#1400,.T.);
#1461=ADVANCED_FACE('',(#103,#27,#28,#29,#30),#53,.F.);
#1462=ADVANCED_FACE('',(#104),#1401,.F.);
#1463=ADVANCED_FACE('',(#105),#54,.F.);
#1464=ADVANCED_FACE('',(#106),#1402,.F.);
#1465=ADVANCED_FACE('',(#107),#1403,.T.);
#1466=ADVANCED_FACE('',(#108),#1404,.F.);
#1467=ADVANCED_FACE('',(#109),#55,.F.);
#1468=ADVANCED_FACE('',(#110),#1405,.F.);
#1469=ADVANCED_FACE('',(#111),#1406,.F.);
#1470=ADVANCED_FACE('',(#112),#56,.T.);
#1471=ADVANCED_FACE('',(#113),#1407,.T.);
#1472=ADVANCED_FACE('',(#114),#57,.T.);
#1473=ADVANCED_FACE('',(#115,#31,#32,#33,#34),#58,.T.);
#1474=ADVANCED_FACE('',(#116),#59,.F.);
#1475=ADVANCED_FACE('',(#117),#1408,.F.);
#1476=ADVANCED_FACE('',(#118),#1409,.F.);
#1477=ADVANCED_FACE('',(#119),#1410,.T.);
#1478=ADVANCED_FACE('',(#120),#1411,.T.);
#1479=ADVANCED_FACE('',(#121),#60,.F.);
#1480=ADVANCED_FACE('',(#122),#61,.F.);
#1481=ADVANCED_FACE('',(#123),#62,.F.);
#1482=ADVANCED_FACE('',(#124),#1412,.T.);
#1483=ADVANCED_FACE('',(#125),#63,.T.);
#1484=ADVANCED_FACE('',(#126),#1413,.T.);
#1485=ADVANCED_FACE('',(#127),#64,.F.);
#1486=ADVANCED_FACE('',(#128),#1414,.F.);
#1487=ADVANCED_FACE('',(#129),#65,.F.);
#1488=ADVANCED_FACE('',(#130),#1415,.F.);
#1489=ADVANCED_FACE('',(#131),#1416,.F.);
#1490=ADVANCED_FACE('',(#132),#66,.F.);
#1491=ADVANCED_FACE('',(#133),#1417,.T.);
#1492=ADVANCED_FACE('',(#134),#1418,.F.);
#1493=ADVANCED_FACE('',(#135),#67,.T.);
#1494=ADVANCED_FACE('',(#136),#1419,.T.);
#1495=ADVANCED_FACE('',(#137),#1420,.F.);
#1496=ADVANCED_FACE('',(#138),#68,.T.);
#1497=ADVANCED_FACE('',(#139),#1421,.F.);
#1498=ADVANCED_FACE('',(#140),#1422,.F.);
#1499=ADVANCED_FACE('',(#141),#1423,.F.);
#1500=ADVANCED_FACE('',(#142),#1424,.T.);
#1501=ADVANCED_FACE('',(#143),#1425,.T.);
#1502=ADVANCED_FACE('',(#144),#1426,.F.);
#1503=ADVANCED_FACE('',(#145),#1427,.F.);
#1504=ADVANCED_FACE('',(#146),#69,.T.);
#1505=ADVANCED_FACE('',(#147),#70,.T.);
#1506=ADVANCED_FACE('',(#148),#1428,.F.);
#1507=CLOSED_SHELL('',(#1429,#1430,#1431,#1432,#1433,#1434,#1435,#1436,
#1437,#1438,#1439,#1440,#1441,#1442,#1443,#1444,#1445,#1446,#1447,#1448,
#1449,#1450,#1451,#1452,#1453,#1454,#1455,#1456,#1457,#1458,#1459,#1460,
#1461,#1462,#1463,#1464,#1465,#1466,#1467,#1468,#1469,#1470,#1471,#1472,
#1473,#1474,#1475,#1476,#1477,#1478,#1479,#1480,#1481,#1482,#1483,#1484,
#1485,#1486,#1487,#1488,#1489,#1490,#1491,#1492,#1493,#1494,#1495,#1496,
#1497,#1498,#1499,#1500,#1501,#1502,#1503,#1504,#1505,#1506));
#1508=DERIVED_UNIT_ELEMENT(#1510,1.);
#1509=DERIVED_UNIT_ELEMENT(#2585,-3.);
#1510=(
MASS_UNIT()
NAMED_UNIT(*)
SI_UNIT(.KILO.,.GRAM.)
);
#1511=DERIVED_UNIT((#1508,#1509));
#1512=MEASURE_REPRESENTATION_ITEM('density measure',
POSITIVE_RATIO_MEASURE(7850.),#1511);
#1513=PROPERTY_DEFINITION_REPRESENTATION(#1518,#1515);
#1514=PROPERTY_DEFINITION_REPRESENTATION(#1519,#1516);
#1515=REPRESENTATION('material name',(#1517),#2582);
#1516=REPRESENTATION('density',(#1512),#2582);
#1517=DESCRIPTIVE_REPRESENTATION_ITEM('Steel','Steel');
#1518=PROPERTY_DEFINITION('material property','material name',#2592);
#1519=PROPERTY_DEFINITION('material property','density of part',#2592);
#1520=AXIS2_PLACEMENT_3D('',#2141,#1683,#1684);
#1521=AXIS2_PLACEMENT_3D('',#2142,#1685,#1686);
#1522=AXIS2_PLACEMENT_3D('',#2145,#1687,#1688);
#1523=AXIS2_PLACEMENT_3D('',#2149,#1690,#1691);
#1524=AXIS2_PLACEMENT_3D('',#2151,#1693,#1694);
#1525=AXIS2_PLACEMENT_3D('',#2153,#1695,#1696);
#1526=AXIS2_PLACEMENT_3D('',#2156,#1698,#1699);
#1527=AXIS2_PLACEMENT_3D('',#2157,#1700,#1701);
#1528=AXIS2_PLACEMENT_3D('',#2160,#1702,#1703);
#1529=AXIS2_PLACEMENT_3D('',#2164,#1705,#1706);
#1530=AXIS2_PLACEMENT_3D('',#2166,#1708,#1709);
#1531=AXIS2_PLACEMENT_3D('',#2172,#1713,#1714);
#1532=AXIS2_PLACEMENT_3D('',#2174,#1715,#1716);
#1533=AXIS2_PLACEMENT_3D('',#2177,#1718,#1719);
#1534=AXIS2_PLACEMENT_3D('',#2178,#1720,#1721);
#1535=AXIS2_PLACEMENT_3D('',#2197,#1732,#1733);
#1536=AXIS2_PLACEMENT_3D('',#2199,#1734,#1735);
#1537=AXIS2_PLACEMENT_3D('',#2202,#1737,#1738);
#1538=AXIS2_PLACEMENT_3D('',#2203,#1739,#1740);
#1539=AXIS2_PLACEMENT_3D('',#2222,#1751,#1752);
#1540=AXIS2_PLACEMENT_3D('',#2223,#1753,#1754);
#1541=AXIS2_PLACEMENT_3D('',#2224,#1755,#1756);
#1542=AXIS2_PLACEMENT_3D('',#2225,#1757,#1758);
#1543=AXIS2_PLACEMENT_3D('',#2227,#1759,#1760);
#1544=AXIS2_PLACEMENT_3D('',#2229,#1761,#1762);
#1545=AXIS2_PLACEMENT_3D('',#2231,#1764,#1765);
#1546=AXIS2_PLACEMENT_3D('',#2233,#1766,#1767);
#1547=AXIS2_PLACEMENT_3D('',#2236,#1769,#1770);
#1548=AXIS2_PLACEMENT_3D('',#2237,#1771,#1772);
#1549=AXIS2_PLACEMENT_3D('',#2239,#1773,#1774);
#1550=AXIS2_PLACEMENT_3D('',#2240,#1775,#1776);
#1551=AXIS2_PLACEMENT_3D('',#2242,#1777,#1778);
#1552=AXIS2_PLACEMENT_3D('',#2243,#1779,#1780);
#1553=AXIS2_PLACEMENT_3D('',#2246,#1781,#1782);
#1554=AXIS2_PLACEMENT_3D('',#2252,#1786,#1787);
#1555=AXIS2_PLACEMENT_3D('',#2253,#1788,#1789);
#1556=AXIS2_PLACEMENT_3D('',#2259,#1793,#1794);
#1557=AXIS2_PLACEMENT_3D('',#2263,#1797,#1798);
#1558=AXIS2_PLACEMENT_3D('',#2267,#1801,#1802);
#1559=AXIS2_PLACEMENT_3D('',#2269,#1803,#1804);
#1560=AXIS2_PLACEMENT_3D('',#2271,#1806,#1807);
#1561=AXIS2_PLACEMENT_3D('',#2273,#1808,#1809);
#1562=AXIS2_PLACEMENT_3D('',#2275,#1811,#1812);
#1563=AXIS2_PLACEMENT_3D('',#2277,#1814,#1815);
#1564=AXIS2_PLACEMENT_3D('',#2278,#1816,#1817);
#1565=AXIS2_PLACEMENT_3D('',#2283,#1819,#1820);
#1566=AXIS2_PLACEMENT_3D('',#2286,#1822,#1823);
#1567=AXIS2_PLACEMENT_3D('',#2287,#1824,#1825);
#1568=AXIS2_PLACEMENT_3D('',#2290,#1828,#1829);
#1569=AXIS2_PLACEMENT_3D('',#2293,#1831,#1832);
#1570=AXIS2_PLACEMENT_3D('',#2294,#1833,#1834);
#1571=AXIS2_PLACEMENT_3D('',#2297,#1836,#1837);
#1572=AXIS2_PLACEMENT_3D('',#2298,#1838,#1839);
#1573=AXIS2_PLACEMENT_3D('',#2300,#1841,#1842);
#1574=AXIS2_PLACEMENT_3D('',#2301,#1843,#1844);
#1575=AXIS2_PLACEMENT_3D('',#2304,#1847,#1848);
#1576=AXIS2_PLACEMENT_3D('',#2307,#1849,#1850);
#1577=AXIS2_PLACEMENT_3D('',#2313,#1853,#1854);
#1578=AXIS2_PLACEMENT_3D('',#2315,#1855,#1856);
#1579=AXIS2_PLACEMENT_3D('',#2317,#1857,#1858);
#1580=AXIS2_PLACEMENT_3D('',#2321,#1860,#1861);
#1581=AXIS2_PLACEMENT_3D('',#2325,#1863,#1864);
#1582=AXIS2_PLACEMENT_3D('',#2327,#1865,#1866);
#1583=AXIS2_PLACEMENT_3D('',#2331,#1868,#1869);
#1584=AXIS2_PLACEMENT_3D('',#2333,#1870,#1871);
#1585=AXIS2_PLACEMENT_3D('',#2337,#1873,#1874);
#1586=AXIS2_PLACEMENT_3D('',#2340,#1876,#1877);
#1587=AXIS2_PLACEMENT_3D('',#2342,#1878,#1879);
#1588=AXIS2_PLACEMENT_3D('',#2343,#1880,#1881);
#1589=AXIS2_PLACEMENT_3D('',#2346,#1882,#1883);
#1590=AXIS2_PLACEMENT_3D('',#2350,#1885,#1886);
#1591=AXIS2_PLACEMENT_3D('',#2354,#1888,#1889);
#1592=AXIS2_PLACEMENT_3D('',#2356,#1890,#1891);
#1593=AXIS2_PLACEMENT_3D('',#2360,#1893,#1894);
#1594=AXIS2_PLACEMENT_3D('',#2362,#1895,#1896);
#1595=AXIS2_PLACEMENT_3D('',#2366,#1898,#1899);
#1596=AXIS2_PLACEMENT_3D('',#2370,#1901,#1902);
#1597=AXIS2_PLACEMENT_3D('',#2372,#1903,#1904);
#1598=AXIS2_PLACEMENT_3D('',#2374,#1905,#1906);
#1599=AXIS2_PLACEMENT_3D('',#2379,#1909,#1910);
#1600=AXIS2_PLACEMENT_3D('',#2381,#1911,#1912);
#1601=AXIS2_PLACEMENT_3D('',#2382,#1913,#1914);
#1602=AXIS2_PLACEMENT_3D('',#2385,#1915,#1916);
#1603=AXIS2_PLACEMENT_3D('',#2388,#1919,#1920);
#1604=AXIS2_PLACEMENT_3D('',#2391,#1921,#1922);
#1605=AXIS2_PLACEMENT_3D('',#2394,#1925,#1926);
#1606=AXIS2_PLACEMENT_3D('',#2397,#1927,#1928);
#1607=AXIS2_PLACEMENT_3D('',#2399,#1929,#1930);
#1608=AXIS2_PLACEMENT_3D('',#2403,#1932,#1933);
#1609=AXIS2_PLACEMENT_3D('',#2405,#1934,#1935);
#1610=AXIS2_PLACEMENT_3D('',#2409,#1937,#1938);
#1611=AXIS2_PLACEMENT_3D('',#2413,#1940,#1941);
#1612=AXIS2_PLACEMENT_3D('',#2415,#1942,#1943);
#1613=AXIS2_PLACEMENT_3D('',#2417,#1944,#1945);
#1614=AXIS2_PLACEMENT_3D('',#2424,#1949,#1950);
#1615=AXIS2_PLACEMENT_3D('',#2427,#1952,#1953);
#1616=AXIS2_PLACEMENT_3D('',#2430,#1954,#1955);
#1617=AXIS2_PLACEMENT_3D('',#2434,#1957,#1958);
#1618=AXIS2_PLACEMENT_3D('',#2436,#1959,#1960);
#1619=AXIS2_PLACEMENT_3D('',#2439,#1962,#1963);
#1620=AXIS2_PLACEMENT_3D('',#2441,#1964,#1965);
#1621=AXIS2_PLACEMENT_3D('',#2443,#1966,#1967);
#1622=AXIS2_PLACEMENT_3D('',#2444,#1968,#1969);
#1623=AXIS2_PLACEMENT_3D('',#2448,#1971,#1972);
#1624=AXIS2_PLACEMENT_3D('',#2450,#1974,#1975);
#1625=AXIS2_PLACEMENT_3D('',#2454,#1978,#1979);
#1626=AXIS2_PLACEMENT_3D('',#2457,#1981,#1982);
#1627=AXIS2_PLACEMENT_3D('',#2458,#1983,#1984);
#1628=AXIS2_PLACEMENT_3D('',#2461,#1987,#1988);
#1629=AXIS2_PLACEMENT_3D('',#2463,#1990,#1991);
#1630=AXIS2_PLACEMENT_3D('',#2465,#1993,#1994);
#1631=AXIS2_PLACEMENT_3D('',#2467,#1996,#1997);
#1632=AXIS2_PLACEMENT_3D('',#2469,#1999,#2000);
#1633=AXIS2_PLACEMENT_3D('',#2471,#2002,#2003);
#1634=AXIS2_PLACEMENT_3D('',#2473,#2005,#2006);
#1635=AXIS2_PLACEMENT_3D('',#2474,#2007,#2008);
#1636=AXIS2_PLACEMENT_3D('',#2477,#2009,#2010);
#1637=AXIS2_PLACEMENT_3D('',#2481,#2012,#2013);
#1638=AXIS2_PLACEMENT_3D('',#2488,#2017,#2018);
#1639=AXIS2_PLACEMENT_3D('',#2490,#2019,#2020);
#1640=AXIS2_PLACEMENT_3D('',#2492,#2021,#2022);
#1641=AXIS2_PLACEMENT_3D('',#2496,#2024,#2025);
#1642=AXIS2_PLACEMENT_3D('',#2500,#2027,#2028);
#1643=AXIS2_PLACEMENT_3D('',#2502,#2029,#2030);
#1644=AXIS2_PLACEMENT_3D('',#2505,#2032,#2033);
#1645=AXIS2_PLACEMENT_3D('',#2507,#2034,#2035);
#1646=AXIS2_PLACEMENT_3D('',#2509,#2036,#2037);
#1647=AXIS2_PLACEMENT_3D('',#2512,#2039,#2040);
#1648=AXIS2_PLACEMENT_3D('',#2514,#2041,#2042);
#1649=AXIS2_PLACEMENT_3D('',#2516,#2043,#2044);
#1650=AXIS2_PLACEMENT_3D('',#2517,#2045,#2046);
#1651=AXIS2_PLACEMENT_3D('',#2520,#2049,#2050);
#1652=AXIS2_PLACEMENT_3D('',#2521,#2051,#2052);
#1653=AXIS2_PLACEMENT_3D('',#2524,#2055,#2056);
#1654=AXIS2_PLACEMENT_3D('',#2526,#2058,#2059);
#1655=AXIS2_PLACEMENT_3D('',#2528,#2061,#2062);
#1656=AXIS2_PLACEMENT_3D('',#2530,#2064,#2065);
#1657=AXIS2_PLACEMENT_3D('',#2531,#2066,#2067);
#1658=AXIS2_PLACEMENT_3D('',#2533,#2069,#2070);
#1659=AXIS2_PLACEMENT_3D('',#2535,#2072,#2073);
#1660=AXIS2_PLACEMENT_3D('',#2538,#2076,#2077);
#1661=AXIS2_PLACEMENT_3D('',#2540,#2079,#2080);
#1662=AXIS2_PLACEMENT_3D('',#2541,#2081,#2082);
#1663=AXIS2_PLACEMENT_3D('',#2542,#2083,#2084);
#1664=AXIS2_PLACEMENT_3D('',#2544,#2086,#2087);
#1665=AXIS2_PLACEMENT_3D('',#2546,#2089,#2090);
#1666=AXIS2_PLACEMENT_3D('',#2548,#2092,#2093);
#1667=AXIS2_PLACEMENT_3D('',#2550,#2095,#2096);
#1668=AXIS2_PLACEMENT_3D('',#2552,#2098,#2099);
#1669=AXIS2_PLACEMENT_3D('',#2554,#2101,#2102);
#1670=AXIS2_PLACEMENT_3D('',#2556,#2104,#2105);
#1671=AXIS2_PLACEMENT_3D('',#2558,#2107,#2108);
#1672=AXIS2_PLACEMENT_3D('',#2560,#2110,#2111);
#1673=AXIS2_PLACEMENT_3D('',#2562,#2113,#2114);
#1674=AXIS2_PLACEMENT_3D('',#2563,#2115,#2116);
#1675=AXIS2_PLACEMENT_3D('',#2565,#2118,#2119);
#1676=AXIS2_PLACEMENT_3D('',#2567,#2121,#2122);
#1677=AXIS2_PLACEMENT_3D('',#2570,#2125,#2126);
#1678=AXIS2_PLACEMENT_3D('',#2572,#2128,#2129);
#1679=AXIS2_PLACEMENT_3D('',#2574,#2131,#2132);
#1680=AXIS2_PLACEMENT_3D('',#2575,#2133,#2134);
#1681=AXIS2_PLACEMENT_3D('',#2577,#2136,#2137);
#1682=AXIS2_PLACEMENT_3D('',#2578,#2138,#2139);
#1683=DIRECTION('axis',(0.,0.,1.));
#1684=DIRECTION('refdir',(1.,0.,0.));
#1685=DIRECTION('center_axis',(-1.,0.,0.));
#1686=DIRECTION('ref_axis',(0.,-0.971639309209224,0.23646786842914));
#1687=DIRECTION('center_axis',(1.,0.,0.));
#1688=DIRECTION('ref_axis',(0.,-0.971639309209224,0.23646786842914));
#1689=DIRECTION('',(-1.,0.,0.));
#1690=DIRECTION('center_axis',(-1.,0.,0.));
#1691=DIRECTION('ref_axis',(0.,-0.971639309209224,0.23646786842914));
#1692=DIRECTION('',(1.,0.,0.));
#1693=DIRECTION('center_axis',(1.,0.,0.));
#1694=DIRECTION('ref_axis',(0.,0.0453512935256732,0.998971100770962));
#1695=DIRECTION('center_axis',(-1.,0.,0.));
#1696=DIRECTION('ref_axis',(0.,0.0453512935256732,0.998971100770962));
#1697=DIRECTION('',(1.,0.,0.));
#1698=DIRECTION('center_axis',(1.,0.,0.));
#1699=DIRECTION('ref_axis',(0.,0.0453512935256732,0.998971100770962));
#1700=DIRECTION('center_axis',(1.,0.,0.));
#1701=DIRECTION('ref_axis',(0.,0.707106781186546,-0.707106781186549));
#1702=DIRECTION('center_axis',(-1.,0.,0.));
#1703=DIRECTION('ref_axis',(0.,0.707106781186546,-0.707106781186549));
#1704=DIRECTION('',(1.,0.,0.));
#1705=DIRECTION('center_axis',(1.,0.,0.));
#1706=DIRECTION('ref_axis',(0.,0.707106781186546,-0.707106781186549));
#1707=DIRECTION('',(-1.,0.,0.));
#1708=DIRECTION('center_axis',(0.,1.,0.));
#1709=DIRECTION('ref_axis',(0.,0.,-1.));
#1710=DIRECTION('',(0.,0.,1.));
#1711=DIRECTION('',(-1.,0.,0.));
#1712=DIRECTION('',(0.,0.,1.));
#1713=DIRECTION('center_axis',(1.,0.,0.));
#1714=DIRECTION('ref_axis',(0.,0.707106781186547,0.707106781186547));
#1715=DIRECTION('center_axis',(-1.,0.,0.));
#1716=DIRECTION('ref_axis',(0.,0.707106781186547,0.707106781186547));
#1717=DIRECTION('',(1.,0.,0.));
#1718=DIRECTION('center_axis',(1.,0.,0.));
#1719=DIRECTION('ref_axis',(0.,0.707106781186547,0.707106781186547));
#1720=DIRECTION('center_axis',(0.,0.,-1.));
#1721=DIRECTION('ref_axis',(-1.,0.,0.));
#1722=DIRECTION('',(0.,1.,0.));
#1723=DIRECTION('',(-1.,0.,0.));
#1724=DIRECTION('',(0.,1.,0.));
#1725=DIRECTION('',(-1.,0.,0.));
#1726=DIRECTION('',(0.,-1.,0.));
#1727=DIRECTION('',(0.,1.,0.));
#1728=DIRECTION('',(-1.,0.,0.));
#1729=DIRECTION('',(0.,-1.,0.));
#1730=DIRECTION('',(-1.,0.,0.));
#1731=DIRECTION('',(0.,-1.,0.));
#1732=DIRECTION('center_axis',(-1.,0.,0.));
#1733=DIRECTION('ref_axis',(0.,-0.707106781186547,0.707106781186547));
#1734=DIRECTION('center_axis',(-1.,0.,0.));
#1735=DIRECTION('ref_axis',(0.,-0.707106781186547,0.707106781186547));
#1736=DIRECTION('',(1.,0.,0.));
#1737=DIRECTION('center_axis',(1.,0.,0.));
#1738=DIRECTION('ref_axis',(0.,-0.707106781186547,0.707106781186547));
#1739=DIRECTION('center_axis',(0.,1.,0.));
#1740=DIRECTION('ref_axis',(0.,0.,1.));
#1741=DIRECTION('',(0.,0.,-1.));
#1742=DIRECTION('',(-1.,0.,0.));
#1743=DIRECTION('',(0.,0.,1.));
#1744=DIRECTION('',(1.,0.,0.));
#1745=DIRECTION('',(0.,0.,1.));
#1746=DIRECTION('',(-1.,0.,0.));
#1747=DIRECTION('',(0.,0.,-1.));
#1748=DIRECTION('',(0.,0.,-1.));
#1749=DIRECTION('',(-1.,0.,0.));
#1750=DIRECTION('',(0.,0.,1.));
#1751=DIRECTION('center_axis',(-1.,0.,0.));
#1752=DIRECTION('ref_axis',(0.,-0.707106781186547,0.707106781186547));
#1753=DIRECTION('center_axis',(1.,0.,0.));
#1754=DIRECTION('ref_axis',(0.,-0.707106781186547,0.707106781186547));
#1755=DIRECTION('center_axis',(-1.,0.,0.));
#1756=DIRECTION('ref_axis',(0.,-0.707106781186547,0.707106781186547));
#1757=DIRECTION('center_axis',(-1.,0.,0.));
#1758=DIRECTION('ref_axis',(0.,-0.707106781186547,-0.707106781186547));
#1759=DIRECTION('center_axis',(1.,0.,0.));
#1760=DIRECTION('ref_axis',(0.,-0.707106781186547,-0.707106781186547));
#1761=DIRECTION('center_axis',(-1.,0.,0.));
#1762=DIRECTION('ref_axis',(0.,-0.707106781186547,-0.707106781186547));
#1763=DIRECTION('',(1.,0.,0.));
#1764=DIRECTION('center_axis',(1.,0.,0.));
#1765=DIRECTION('ref_axis',(0.,1.,0.));
#1766=DIRECTION('center_axis',(-1.,0.,0.));
#1767=DIRECTION('ref_axis',(0.,-1.,0.));
#1768=DIRECTION('',(-1.,0.,0.));
#1769=DIRECTION('center_axis',(-1.,0.,0.));
#1770=DIRECTION('ref_axis',(0.,-1.,0.));
#1771=DIRECTION('center_axis',(1.,0.,0.));
#1772=DIRECTION('ref_axis',(0.,1.,0.));
#1773=DIRECTION('center_axis',(1.,0.,0.));
#1774=DIRECTION('ref_axis',(0.,-1.,0.));
#1775=DIRECTION('center_axis',(1.,0.,0.));
#1776=DIRECTION('ref_axis',(0.,1.,0.));
#1777=DIRECTION('center_axis',(-1.,0.,0.));
#1778=DIRECTION('ref_axis',(0.,-1.,0.));
#1779=DIRECTION('center_axis',(-1.,0.,0.));
#1780=DIRECTION('ref_axis',(0.,-1.,0.));
#1781=DIRECTION('center_axis',(1.,0.,0.));
#1782=DIRECTION('ref_axis',(0.,-1.,0.));
#1783=DIRECTION('',(0.,-1.,0.));
#1784=DIRECTION('',(0.,0.,1.));
#1785=DIRECTION('',(0.,1.,0.));
#1786=DIRECTION('center_axis',(-1.,0.,0.));
#1787=DIRECTION('ref_axis',(0.,-1.,0.));
#1788=DIRECTION('center_axis',(0.,-1.,0.));
#1789=DIRECTION('ref_axis',(-1.,0.,0.));
#1790=DIRECTION('',(0.,0.,1.));
#1791=DIRECTION('',(1.,0.,0.));
#1792=DIRECTION('',(0.,0.,-1.));
#1793=DIRECTION('center_axis',(0.,-1.,0.));
#1794=DIRECTION('ref_axis',(-1.,0.,0.));
#1795=DIRECTION('',(0.,0.,-1.));
#1796=DIRECTION('',(1.,0.,0.));
#1797=DIRECTION('center_axis',(0.,0.,-1.));
#1798=DIRECTION('ref_axis',(0.,1.,0.));
#1799=DIRECTION('',(0.,1.,0.));
#1800=DIRECTION('',(1.,0.,0.));
#1801=DIRECTION('center_axis',(1.,0.,0.));
#1802=DIRECTION('ref_axis',(0.,-1.,0.));
#1803=DIRECTION('center_axis',(-1.,0.,0.));
#1804=DIRECTION('ref_axis',(0.,-1.,0.));
#1805=DIRECTION('',(-1.,0.,0.));
#1806=DIRECTION('center_axis',(1.,0.,0.));
#1807=DIRECTION('ref_axis',(0.,-1.,0.));
#1808=DIRECTION('center_axis',(1.,0.,0.));
#1809=DIRECTION('ref_axis',(0.,-1.,0.));
#1810=DIRECTION('',(1.,0.,0.));
#1811=DIRECTION('center_axis',(0.,0.,1.));
#1812=DIRECTION('ref_axis',(0.,-1.,0.));
#1813=DIRECTION('',(0.,-1.,0.));
#1814=DIRECTION('center_axis',(-1.,0.,0.));
#1815=DIRECTION('ref_axis',(0.,-1.,0.));
#1816=DIRECTION('center_axis',(-1.,0.,0.));
#1817=DIRECTION('ref_axis',(0.,-1.,0.));
#1818=DIRECTION('',(-1.,0.,0.));
#1819=DIRECTION('center_axis',(-1.,0.,0.));
#1820=DIRECTION('ref_axis',(0.,-1.,0.));
#1821=DIRECTION('',(-1.,0.,0.));
#1822=DIRECTION('center_axis',(-1.,0.,0.));
#1823=DIRECTION('ref_axis',(0.,-1.,0.));
#1824=DIRECTION('center_axis',(0.,0.,-1.));
#1825=DIRECTION('ref_axis',(0.,-1.,0.));
#1826=DIRECTION('',(0.,1.,0.));
#1827=DIRECTION('',(0.,-1.,0.));
#1828=DIRECTION('center_axis',(-1.,0.,0.));
#1829=DIRECTION('ref_axis',(0.,-1.,0.));
#1830=DIRECTION('',(0.,1.,0.));
#1831=DIRECTION('center_axis',(1.,0.,0.));
#1832=DIRECTION('ref_axis',(0.,-1.,0.));
#1833=DIRECTION('center_axis',(-1.,0.,0.));
#1834=DIRECTION('ref_axis',(0.,-1.,0.));
#1835=DIRECTION('',(0.,1.,0.));
#1836=DIRECTION('center_axis',(1.,0.,0.));
#1837=DIRECTION('ref_axis',(0.,-1.,0.));
#1838=DIRECTION('center_axis',(-1.,0.,0.));
#1839=DIRECTION('ref_axis',(0.,-1.,0.));
#1840=DIRECTION('',(1.,0.,0.));
#1841=DIRECTION('center_axis',(0.,0.,1.));
#1842=DIRECTION('ref_axis',(0.,1.,0.));
#1843=DIRECTION('center_axis',(0.,0.,-1.));
#1844=DIRECTION('ref_axis',(0.,-1.,0.));
#1845=DIRECTION('',(0.,1.,0.));
#1846=DIRECTION('',(0.,-1.,0.));
#1847=DIRECTION('center_axis',(1.,0.,0.));
#1848=DIRECTION('ref_axis',(0.,1.,0.));
#1849=DIRECTION('center_axis',(1.,0.,0.));
#1850=DIRECTION('ref_axis',(0.,0.883664612840807,-0.468120552863155));
#1851=DIRECTION('',(0.,0.468120552863168,0.883664612840801));
#1852=DIRECTION('',(0.,-0.544482891481017,-0.838771948079137));
#1853=DIRECTION('center_axis',(1.,0.,0.));
#1854=DIRECTION('ref_axis',(0.,0.714211006139022,-0.699930452766477));
#1855=DIRECTION('center_axis',(1.,0.,0.));
#1856=DIRECTION('ref_axis',(0.,-1.,0.));
#1857=DIRECTION('center_axis',(1.,0.,0.));
#1858=DIRECTION('ref_axis',(0.,-0.69990342731686,0.714237490216044));
#1859=DIRECTION('',(0.,-1.,-2.20096487456208E-16));
#1860=DIRECTION('center_axis',(1.,0.,0.));
#1861=DIRECTION('ref_axis',(0.,-1.,0.));
#1862=DIRECTION('',(0.,-1.,0.));
#1863=DIRECTION('center_axis',(-1.,0.,0.));
#1864=DIRECTION('ref_axis',(0.,0.,-1.));
#1865=DIRECTION('center_axis',(-1.,0.,0.));
#1866=DIRECTION('ref_axis',(0.,0.714211006139022,-0.699930452766477));
#1867=DIRECTION('',(0.,-0.502446757560598,-0.864608151602124));
#1868=DIRECTION('center_axis',(-1.,0.,0.));
#1869=DIRECTION('ref_axis',(0.,0.864608151602111,-0.502446757560621));
#1870=DIRECTION('center_axis',(-1.,0.,0.));
#1871=DIRECTION('ref_axis',(0.,0.864608151602124,-0.502446757560598));
#1872=DIRECTION('',(0.,0.,-1.));
#1873=DIRECTION('center_axis',(1.,0.,0.));
#1874=DIRECTION('ref_axis',(0.,-1.,0.));
#1875=DIRECTION('',(0.,1.,-3.03834276470159E-16));
#1876=DIRECTION('center_axis',(-1.,0.,0.));
#1877=DIRECTION('ref_axis',(0.,1.,0.));
#1878=DIRECTION('center_axis',(-1.,0.,0.));
#1879=DIRECTION('ref_axis',(0.,-1.,0.));
#1880=DIRECTION('center_axis',(1.,0.,0.));
#1881=DIRECTION('ref_axis',(0.,1.,0.));
#1882=DIRECTION('center_axis',(1.,0.,0.));
#1883=DIRECTION('ref_axis',(0.,0.883664612840807,-0.468120552863155));
#1884=DIRECTION('',(0.,1.,-3.03834276470159E-16));
#1885=DIRECTION('center_axis',(1.,0.,0.));
#1886=DIRECTION('ref_axis',(0.,-1.,0.));
#1887=DIRECTION('',(0.,0.,-1.));
#1888=DIRECTION('center_axis',(-1.,0.,0.));
#1889=DIRECTION('ref_axis',(0.,0.864608151602124,-0.502446757560598));
#1890=DIRECTION('center_axis',(-1.,0.,0.));
#1891=DIRECTION('ref_axis',(0.,0.864608151602111,-0.502446757560621));
#1892=DIRECTION('',(0.,-0.502446757560598,-0.864608151602124));
#1893=DIRECTION('center_axis',(-1.,0.,0.));
#1894=DIRECTION('ref_axis',(0.,0.714211006139022,-0.699930452766477));
#1895=DIRECTION('center_axis',(-1.,0.,0.));
#1896=DIRECTION('ref_axis',(0.,0.,-1.));
#1897=DIRECTION('',(0.,-1.,0.));
#1898=DIRECTION('center_axis',(1.,0.,0.));
#1899=DIRECTION('ref_axis',(0.,-1.,0.));
#1900=DIRECTION('',(0.,-1.,-2.20096487456208E-16));
#1901=DIRECTION('center_axis',(1.,0.,0.));
#1902=DIRECTION('ref_axis',(0.,-0.69990342731686,0.714237490216044));
#1903=DIRECTION('center_axis',(1.,0.,0.));
#1904=DIRECTION('ref_axis',(0.,-1.,0.));
#1905=DIRECTION('center_axis',(1.,0.,0.));
#1906=DIRECTION('ref_axis',(0.,0.714211006139022,-0.699930452766477));
#1907=DIRECTION('',(0.,-0.544482891481017,-0.838771948079137));
#1908=DIRECTION('',(0.,0.468120552863168,0.883664612840801));
#1909=DIRECTION('center_axis',(-1.,0.,0.));
#1910=DIRECTION('ref_axis',(0.,1.,0.));
#1911=DIRECTION('center_axis',(-1.,0.,0.));
#1912=DIRECTION('ref_axis',(0.,-1.,0.));
#1913=DIRECTION('center_axis',(1.,0.,0.));
#1914=DIRECTION('ref_axis',(0.,0.883664612840807,-0.468120552863155));
#1915=DIRECTION('center_axis',(-1.,0.,0.));
#1916=DIRECTION('ref_axis',(0.,0.883664612840807,-0.468120552863155));
#1917=DIRECTION('',(-1.,0.,0.));
#1918=DIRECTION('',(-1.,0.,0.));
#1919=DIRECTION('center_axis',(1.,0.,0.));
#1920=DIRECTION('ref_axis',(0.,0.883664612840807,-0.468120552863155));
#1921=DIRECTION('center_axis',(1.,0.,0.));
#1922=DIRECTION('ref_axis',(0.,0.883664612840807,-0.468120552863155));
#1923=DIRECTION('',(1.,0.,0.));
#1924=DIRECTION('',(1.,0.,0.));
#1925=DIRECTION('center_axis',(1.,0.,0.));
#1926=DIRECTION('ref_axis',(0.,0.,-1.));
#1927=DIRECTION('center_axis',(-1.,0.,0.));
#1928=DIRECTION('ref_axis',(0.,0.864608151602124,-0.502446757560598));
#1929=DIRECTION('center_axis',(-1.,0.,0.));
#1930=DIRECTION('ref_axis',(0.,0.864608151602111,-0.502446757560621));
#1931=DIRECTION('',(0.,-0.502446757560598,-0.864608151602124));
#1932=DIRECTION('center_axis',(-1.,0.,0.));
#1933=DIRECTION('ref_axis',(0.,0.714211006139022,-0.699930452766477));
#1934=DIRECTION('center_axis',(1.,0.,0.));
#1935=DIRECTION('ref_axis',(0.,0.,-1.));
#1936=DIRECTION('',(0.,-1.,0.));
#1937=DIRECTION('center_axis',(1.,0.,0.));
#1938=DIRECTION('ref_axis',(0.,-1.,0.));
#1939=DIRECTION('',(0.,1.,2.20096487456208E-16));
#1940=DIRECTION('center_axis',(-1.,0.,0.));
#1941=DIRECTION('ref_axis',(0.,-0.69990342731686,0.714237490216044));
#1942=DIRECTION('center_axis',(1.,0.,0.));
#1943=DIRECTION('ref_axis',(0.,-1.,0.));
#1944=DIRECTION('center_axis',(1.,0.,0.));
#1945=DIRECTION('ref_axis',(0.,0.714211006139022,-0.699930452766477));
#1946=DIRECTION('',(0.,0.544482891481017,0.838771948079137));
#1947=DIRECTION('',(0.,0.468120552863168,0.883664612840801));
#1948=DIRECTION('',(0.,1.,-3.03834276470159E-16));
#1949=DIRECTION('center_axis',(1.,0.,0.));
#1950=DIRECTION('ref_axis',(0.,-1.,0.));
#1951=DIRECTION('',(0.,0.,-1.));
#1952=DIRECTION('center_axis',(-1.,0.,0.));
#1953=DIRECTION('ref_axis',(0.,-1.,0.));
#1954=DIRECTION('center_axis',(-1.,0.,0.));
#1955=DIRECTION('ref_axis',(0.,0.707106781186547,-0.707106781186548));
#1956=DIRECTION('',(0.,0.,-1.));
#1957=DIRECTION('center_axis',(-1.,0.,0.));
#1958=DIRECTION('ref_axis',(0.,0.707106781186547,0.707106781186547));
#1959=DIRECTION('center_axis',(-1.,0.,0.));
#1960=DIRECTION('ref_axis',(0.,-0.150935013839362,0.988543687247717));
#1961=DIRECTION('',(0.,0.,1.));
#1962=DIRECTION('center_axis',(-1.,0.,0.));
#1963=DIRECTION('ref_axis',(0.,-0.150935013839362,-0.988543687247717));
#1964=DIRECTION('center_axis',(-1.,0.,0.));
#1965=DIRECTION('ref_axis',(0.,1.,0.));
#1966=DIRECTION('center_axis',(-1.,0.,0.));
#1967=DIRECTION('ref_axis',(0.,-1.,0.));
#1968=DIRECTION('center_axis',(-1.,0.,0.));
#1969=DIRECTION('ref_axis',(0.,0.707106781186547,0.707106781186547));
#1970=DIRECTION('',(-1.,0.,0.));
#1971=DIRECTION('center_axis',(1.,0.,0.));
#1972=DIRECTION('ref_axis',(0.,0.707106781186547,0.707106781186547));
#1973=DIRECTION('',(1.,0.,0.));
#1974=DIRECTION('center_axis',(0.,1.,0.));
#1975=DIRECTION('ref_axis',(0.,0.,-1.));
#1976=DIRECTION('',(-1.,0.,0.));
#1977=DIRECTION('',(0.,0.,1.));
#1978=DIRECTION('center_axis',(-1.,0.,0.));
#1979=DIRECTION('ref_axis',(0.,0.707106781186547,-0.707106781186548));
#1980=DIRECTION('',(-1.,0.,0.));
#1981=DIRECTION('center_axis',(1.,0.,0.));
#1982=DIRECTION('ref_axis',(0.,0.707106781186547,-0.707106781186548));
#1983=DIRECTION('center_axis',(1.,0.,0.));
#1984=DIRECTION('ref_axis',(0.,0.,-1.));
#1985=DIRECTION('',(1.,0.,0.));
#1986=DIRECTION('',(-1.,0.,0.));
#1987=DIRECTION('center_axis',(-1.,0.,0.));
#1988=DIRECTION('ref_axis',(0.,0.714211006139022,-0.699930452766477));
#1989=DIRECTION('',(1.,0.,0.));
#1990=DIRECTION('center_axis',(0.,0.864608151602124,-0.502446757560598));
#1991=DIRECTION('ref_axis',(0.,0.502446757560598,0.864608151602124));
#1992=DIRECTION('',(1.,0.,0.));
#1993=DIRECTION('center_axis',(1.,0.,0.));
#1994=DIRECTION('ref_axis',(0.,0.864608151602111,-0.502446757560621));
#1995=DIRECTION('',(1.,0.,0.));
#1996=DIRECTION('center_axis',(1.,0.,0.));
#1997=DIRECTION('ref_axis',(0.,0.864608151602124,-0.502446757560598));
#1998=DIRECTION('',(1.,0.,0.));
#1999=DIRECTION('center_axis',(0.,-1.,0.));
#2000=DIRECTION('ref_axis',(0.,0.,-1.));
#2001=DIRECTION('',(1.,0.,0.));
#2002=DIRECTION('center_axis',(1.,0.,0.));
#2003=DIRECTION('ref_axis',(0.,-1.,0.));
#2004=DIRECTION('',(1.,0.,0.));
#2005=DIRECTION('center_axis',(0.,-3.03834276470159E-16,-1.));
#2006=DIRECTION('ref_axis',(0.,1.,-3.03834276470159E-16));
#2007=DIRECTION('center_axis',(1.,0.,0.));
#2008=DIRECTION('ref_axis',(0.,0.,-1.));
#2009=DIRECTION('center_axis',(1.,0.,0.));
#2010=DIRECTION('ref_axis',(0.,0.864608151602124,-0.502446757560598));
#2011=DIRECTION('',(0.,0.,1.));
#2012=DIRECTION('center_axis',(-1.,0.,0.));
#2013=DIRECTION('ref_axis',(0.,-1.,0.));
#2014=DIRECTION('',(0.,-1.,3.03834276470159E-16));
#2015=DIRECTION('',(0.,-0.468120552863168,-0.883664612840801));
#2016=DIRECTION('',(0.,-0.544482891481017,-0.838771948079137));
#2017=DIRECTION('center_axis',(-1.,0.,0.));
#2018=DIRECTION('ref_axis',(0.,0.714211006139022,-0.699930452766477));
#2019=DIRECTION('center_axis',(-1.,0.,0.));
#2020=DIRECTION('ref_axis',(0.,-1.,0.));
#2021=DIRECTION('center_axis',(1.,0.,0.));
#2022=DIRECTION('ref_axis',(0.,-0.69990342731686,0.714237490216044));
#2023=DIRECTION('',(0.,-1.,-2.20096487456208E-16));
#2024=DIRECTION('center_axis',(-1.,0.,0.));
#2025=DIRECTION('ref_axis',(0.,-1.,0.));
#2026=DIRECTION('',(0.,1.,0.));
#2027=DIRECTION('center_axis',(-1.,0.,0.));
#2028=DIRECTION('ref_axis',(0.,0.,-1.));
#2029=DIRECTION('center_axis',(1.,0.,0.));
#2030=DIRECTION('ref_axis',(0.,0.714211006139022,-0.699930452766477));
#2031=DIRECTION('',(0.,0.502446757560598,0.864608151602124));
#2032=DIRECTION('center_axis',(1.,0.,0.));
#2033=DIRECTION('ref_axis',(0.,0.864608151602111,-0.502446757560621));
#2034=DIRECTION('center_axis',(1.,0.,0.));
#2035=DIRECTION('ref_axis',(0.,-1.,0.));
#2036=DIRECTION('center_axis',(1.,0.,0.));
#2037=DIRECTION('ref_axis',(0.,-0.150935013839362,-0.988543687247717));
#2038=DIRECTION('',(0.,0.,-1.));
#2039=DIRECTION('center_axis',(1.,0.,0.));
#2040=DIRECTION('ref_axis',(0.,-0.150935013839362,0.988543687247717));
#2041=DIRECTION('center_axis',(1.,0.,0.));
#2042=DIRECTION('ref_axis',(0.,1.,0.));
#2043=DIRECTION('center_axis',(1.,0.,0.));
#2044=DIRECTION('ref_axis',(0.,-1.,0.));
#2045=DIRECTION('center_axis',(0.,-1.,0.));
#2046=DIRECTION('ref_axis',(0.,0.,1.));
#2047=DIRECTION('',(1.,0.,0.));
#2048=DIRECTION('',(-1.,0.,0.));
#2049=DIRECTION('center_axis',(-1.,0.,0.));
#2050=DIRECTION('ref_axis',(0.,-0.150935013839362,-0.988543687247717));
#2051=DIRECTION('center_axis',(-1.,0.,0.));
#2052=DIRECTION('ref_axis',(0.,-0.69990342731686,0.714237490216044));
#2053=DIRECTION('',(1.,0.,0.));
#2054=DIRECTION('',(-1.,0.,0.));
#2055=DIRECTION('center_axis',(1.,0.,0.));
#2056=DIRECTION('ref_axis',(0.,0.870453639161081,-0.492250405861925));
#2057=DIRECTION('',(-1.,0.,0.));
#2058=DIRECTION('center_axis',(-1.,0.,0.));
#2059=DIRECTION('ref_axis',(0.,0.714211006139022,-0.699930452766477));
#2060=DIRECTION('',(1.,0.,0.));
#2061=DIRECTION('center_axis',(0.,-0.838771948079137,0.544482891481017));
#2062=DIRECTION('ref_axis',(0.,-0.544482891481017,-0.838771948079137));
#2063=DIRECTION('',(-1.,0.,0.));
#2064=DIRECTION('center_axis',(0.,-0.883664612840801,0.468120552863168));
#2065=DIRECTION('ref_axis',(0.,0.468120552863168,0.883664612840801));
#2066=DIRECTION('center_axis',(0.,3.03834276470159E-16,1.));
#2067=DIRECTION('ref_axis',(0.,1.,-3.03834276470159E-16));
#2068=DIRECTION('',(-1.,0.,0.));
#2069=DIRECTION('center_axis',(1.,0.,0.));
#2070=DIRECTION('ref_axis',(0.,-1.,0.));
#2071=DIRECTION('',(-1.,0.,0.));
#2072=DIRECTION('center_axis',(0.,2.20096487456208E-16,-1.));
#2073=DIRECTION('ref_axis',(0.,1.,2.20096487456208E-16));
#2074=DIRECTION('',(1.,0.,0.));
#2075=DIRECTION('',(1.,0.,0.));
#2076=DIRECTION('center_axis',(1.,0.,0.));
#2077=DIRECTION('ref_axis',(0.,1.,-1.22464679914735E-16));
#2078=DIRECTION('',(1.,0.,0.));
#2079=DIRECTION('center_axis',(0.,0.,-1.));
#2080=DIRECTION('ref_axis',(0.,1.,0.));
#2081=DIRECTION('center_axis',(1.,0.,0.));
#2082=DIRECTION('ref_axis',(0.,-0.150935013839362,0.988543687247717));
#2083=DIRECTION('center_axis',(0.,1.,0.));
#2084=DIRECTION('ref_axis',(0.,0.,-1.));
#2085=DIRECTION('',(-1.,0.,0.));
#2086=DIRECTION('center_axis',(1.,0.,0.));
#2087=DIRECTION('ref_axis',(0.,0.864608151602124,-0.502446757560598));
#2088=DIRECTION('',(-1.,0.,0.));
#2089=DIRECTION('center_axis',(-1.,0.,0.));
#2090=DIRECTION('ref_axis',(0.,1.,0.));
#2091=DIRECTION('',(1.,0.,0.));
#2092=DIRECTION('center_axis',(0.,-2.20096487456208E-16,1.));
#2093=DIRECTION('ref_axis',(0.,1.,2.20096487456208E-16));
#2094=DIRECTION('',(-1.,0.,0.));
#2095=DIRECTION('center_axis',(1.,0.,0.));
#2096=DIRECTION('ref_axis',(0.,1.,-1.22464679914735E-16));
#2097=DIRECTION('',(-1.,0.,0.));
#2098=DIRECTION('center_axis',(1.,0.,0.));
#2099=DIRECTION('ref_axis',(0.,-1.,0.));
#2100=DIRECTION('',(1.,0.,0.));
#2101=DIRECTION('center_axis',(0.,0.,1.));
#2102=DIRECTION('ref_axis',(0.,1.,0.));
#2103=DIRECTION('',(1.,0.,0.));
#2104=DIRECTION('center_axis',(1.,0.,0.));
#2105=DIRECTION('ref_axis',(0.,0.,-1.));
#2106=DIRECTION('',(-1.,0.,0.));
#2107=DIRECTION('center_axis',(-1.,0.,0.));
#2108=DIRECTION('ref_axis',(0.,0.714211006139022,-0.699930452766477));
#2109=DIRECTION('',(-1.,0.,0.));
#2110=DIRECTION('center_axis',(0.,-0.864608151602124,0.502446757560598));
#2111=DIRECTION('ref_axis',(0.,0.502446757560598,0.864608151602124));
#2112=DIRECTION('',(-1.,0.,0.));
#2113=DIRECTION('center_axis',(1.,0.,0.));
#2114=DIRECTION('ref_axis',(0.,0.864608151602111,-0.502446757560621));
#2115=DIRECTION('center_axis',(1.,0.,0.));
#2116=DIRECTION('ref_axis',(0.,-1.,0.));
#2117=DIRECTION('',(1.,0.,0.));
#2118=DIRECTION('center_axis',(-1.,0.,0.));
#2119=DIRECTION('ref_axis',(0.,1.,0.));
#2120=DIRECTION('',(-1.,0.,0.));
#2121=DIRECTION('center_axis',(1.,0.,0.));
#2122=DIRECTION('ref_axis',(0.,0.870453639161081,-0.492250405861925));
#2123=DIRECTION('',(-1.,0.,0.));
#2124=DIRECTION('',(1.,0.,0.));
#2125=DIRECTION('center_axis',(-1.,0.,0.));
#2126=DIRECTION('ref_axis',(0.,0.714211006139022,-0.699930452766477));
#2127=DIRECTION('',(-1.,0.,0.));
#2128=DIRECTION('center_axis',(1.,0.,0.));
#2129=DIRECTION('ref_axis',(0.,-1.,0.));
#2130=DIRECTION('',(-1.,0.,0.));
#2131=DIRECTION('center_axis',(-1.,0.,0.));
#2132=DIRECTION('ref_axis',(0.,-0.69990342731686,0.714237490216044));
#2133=DIRECTION('center_axis',(0.,0.838771948079137,-0.544482891481017));
#2134=DIRECTION('ref_axis',(0.,-0.544482891481017,-0.838771948079137));
#2135=DIRECTION('',(1.,0.,0.));
#2136=DIRECTION('center_axis',(0.,0.883664612840801,-0.468120552863168));
#2137=DIRECTION('ref_axis',(0.,0.468120552863168,0.883664612840801));
#2138=DIRECTION('center_axis',(1.,0.,0.));
#2139=DIRECTION('ref_axis',(0.,-1.,0.));
#2140=DIRECTION('',(-1.,0.,0.));
#2141=CARTESIAN_POINT('',(0.,0.,0.));
#2142=CARTESIAN_POINT('Origin',(-1454.5,-853.962599446425,360.728358183088));
#2143=CARTESIAN_POINT('',(-1304.5,-933.962599446426,360.728358183088));
#2144=CARTESIAN_POINT('',(-1304.5,-925.015870998518,397.490194395995));
#2145=CARTESIAN_POINT('Origin',(-1304.5,-853.962599446425,360.728358183088));
#2146=CARTESIAN_POINT('',(-1604.5,-925.015870998518,397.490194395995));
#2147=CARTESIAN_POINT('',(-1454.5,-925.015870998518,397.490194395995));
#2148=CARTESIAN_POINT('',(-1604.5,-933.962599446426,360.728358183088));
#2149=CARTESIAN_POINT('Origin',(-1604.5,-853.962599446425,360.728358183088));
#2150=CARTESIAN_POINT('',(-1454.5,-933.962599446426,360.728358183088));
#2151=CARTESIAN_POINT('Origin',(-1454.5,-431.268615145298,142.033192153095));
#2152=CARTESIAN_POINT('',(-1304.5,-858.23380477487,498.046337278521));
#2153=CARTESIAN_POINT('Origin',(-1304.5,-431.268615145298,142.033192153095));
#2154=CARTESIAN_POINT('',(-1604.5,-858.23380477487,498.046337278521));
#2155=CARTESIAN_POINT('',(-1454.5,-858.23380477487,498.046337278521));
#2156=CARTESIAN_POINT('Origin',(-1604.5,-431.268615145298,142.033192153095));
#2157=CARTESIAN_POINT('Origin',(-716.,-820.,220.));
#2158=CARTESIAN_POINT('',(-1943.,-820.,200.));
#2159=CARTESIAN_POINT('',(-1943.,-800.,220.));
#2160=CARTESIAN_POINT('Origin',(-1943.,-820.,220.));
#2161=CARTESIAN_POINT('',(-966.,-800.,220.));
#2162=CARTESIAN_POINT('',(-716.,-800.,220.));
#2163=CARTESIAN_POINT('',(-966.,-820.,200.));
#2164=CARTESIAN_POINT('Origin',(-966.,-820.,220.));
#2165=CARTESIAN_POINT('',(-716.,-820.,200.));
#2166=CARTESIAN_POINT('Origin',(-716.,-800.,469.094337278521));
#2167=CARTESIAN_POINT('',(-1943.,-800.,478.046337278521));
#2168=CARTESIAN_POINT('',(-1943.,-800.,484.547168639261));
#2169=CARTESIAN_POINT('',(-966.,-800.,478.046337278521));
#2170=CARTESIAN_POINT('',(-716.,-800.,478.046337278521));
#2171=CARTESIAN_POINT('',(-966.,-800.,484.547168639261));
#2172=CARTESIAN_POINT('Origin',(-716.,-820.,478.046337278521));
#2173=CARTESIAN_POINT('',(-1943.,-820.,498.046337278521));
#2174=CARTESIAN_POINT('Origin',(-1943.,-820.,478.046337278521));
#2175=CARTESIAN_POINT('',(-966.,-820.,498.046337278521));
#2176=CARTESIAN_POINT('',(-716.,-820.,498.046337278521));
#2177=CARTESIAN_POINT('Origin',(-966.,-820.,478.046337278521));
#2178=CARTESIAN_POINT('Origin',(-716.,-933.962599446426,498.046337278521));
#2179=CARTESIAN_POINT('',(-1943.,-913.962599446426,498.046337278521));
#2180=CARTESIAN_POINT('',(-1943.,-906.153799719431,498.046337278521));
#2181=CARTESIAN_POINT('',(-1704.5,-913.962599446426,498.046337278521));
#2182=CARTESIAN_POINT('',(-716.,-913.962599446426,498.046337278521));
#2183=CARTESIAN_POINT('',(-1704.5,-933.962599446426,498.046337278521));
#2184=CARTESIAN_POINT('',(-1704.5,-953.282964599664,498.046337278521));
#2185=CARTESIAN_POINT('',(-1604.5,-933.962599446426,498.046337278521));
#2186=CARTESIAN_POINT('',(-716.,-933.962599446426,498.046337278521));
#2187=CARTESIAN_POINT('',(-1604.5,-953.282964599664,498.046337278521));
#2188=CARTESIAN_POINT('',(-1304.5,-933.962599446426,498.046337278521));
#2189=CARTESIAN_POINT('',(-1304.5,-953.282964599664,498.046337278521));
#2190=CARTESIAN_POINT('',(-1204.5,-933.962599446426,498.046337278521));
#2191=CARTESIAN_POINT('',(-716.,-933.962599446426,498.046337278521));
#2192=CARTESIAN_POINT('',(-1204.5,-913.962599446426,498.046337278521));
#2193=CARTESIAN_POINT('',(-1204.5,-953.282964599664,498.046337278521));
#2194=CARTESIAN_POINT('',(-966.,-913.962599446426,498.046337278521));
#2195=CARTESIAN_POINT('',(-716.,-913.962599446426,498.046337278521));
#2196=CARTESIAN_POINT('',(-966.,-906.153799719431,498.046337278521));
#2197=CARTESIAN_POINT('Origin',(-716.,-913.962599446426,478.046337278521));
#2198=CARTESIAN_POINT('',(-1204.5,-933.962599446426,478.046337278521));
#2199=CARTESIAN_POINT('Origin',(-1204.5,-913.962599446426,478.046337278521));
#2200=CARTESIAN_POINT('',(-966.,-933.962599446426,478.046337278521));
#2201=CARTESIAN_POINT('',(-716.,-933.962599446426,478.046337278521));
#2202=CARTESIAN_POINT('Origin',(-966.,-913.962599446426,478.046337278521));
#2203=CARTESIAN_POINT('Origin',(-716.,-933.962599446426,200.));
#2204=CARTESIAN_POINT('',(-1604.5,-933.962599446426,293.901881437475));
#2205=CARTESIAN_POINT('',(-1604.5,-933.962599446426,272.469003171186));
#2206=CARTESIAN_POINT('',(-1704.5,-933.962599446426,293.901881437475));
#2207=CARTESIAN_POINT('',(-1160.25,-933.962599446426,293.901881437475));
#2208=CARTESIAN_POINT('',(-1704.5,-933.962599446426,478.046337278521));
#2209=CARTESIAN_POINT('',(-1704.5,-933.962599446426,272.469003171186));
#2210=CARTESIAN_POINT('',(-1943.,-933.962599446426,478.046337278521));
#2211=CARTESIAN_POINT('',(-716.,-933.962599446426,478.046337278521));
#2212=CARTESIAN_POINT('',(-1943.,-933.962599446426,220.));
#2213=CARTESIAN_POINT('',(-1943.,-933.962599446426,484.547168639261));
#2214=CARTESIAN_POINT('',(-966.,-933.962599446426,220.));
#2215=CARTESIAN_POINT('',(-716.,-933.962599446426,220.));
#2216=CARTESIAN_POINT('',(-966.,-933.962599446426,484.547168639261));
#2217=CARTESIAN_POINT('',(-1204.5,-933.962599446426,293.901881437475));
#2218=CARTESIAN_POINT('',(-1204.5,-933.962599446426,272.469003171186));
#2219=CARTESIAN_POINT('',(-1304.5,-933.962599446426,293.901881437475));
#2220=CARTESIAN_POINT('',(-1160.25,-933.962599446426,293.901881437475));
#2221=CARTESIAN_POINT('',(-1304.5,-933.962599446426,272.469003171186));
#2222=CARTESIAN_POINT('Origin',(-716.,-913.962599446426,478.046337278521));
#2223=CARTESIAN_POINT('Origin',(-1704.5,-913.962599446426,478.046337278521));
#2224=CARTESIAN_POINT('Origin',(-1943.,-913.962599446426,478.046337278521));
#2225=CARTESIAN_POINT('Origin',(-716.,-913.962599446426,220.));
#2226=CARTESIAN_POINT('',(-966.,-913.962599446426,200.));
#2227=CARTESIAN_POINT('Origin',(-966.,-913.962599446426,220.));
#2228=CARTESIAN_POINT('',(-1943.,-913.962599446426,200.));
#2229=CARTESIAN_POINT('Origin',(-1943.,-913.962599446426,220.));
#2230=CARTESIAN_POINT('',(-716.,-913.962599446426,200.));
#2231=CARTESIAN_POINT('Origin',(-1943.,890.481622830844,1000.09060771369));
#2232=CARTESIAN_POINT('',(-966.,800.481622830844,1000.09060771369));
#2233=CARTESIAN_POINT('Origin',(-966.,890.481622830844,1000.09060771369));
#2234=CARTESIAN_POINT('',(-1943.,800.481622830844,1000.09060771369));
#2235=CARTESIAN_POINT('',(-1943.,800.481622830844,1000.09060771369));
#2236=CARTESIAN_POINT('Origin',(-1943.,890.481622830844,1000.09060771369));
#2237=CARTESIAN_POINT('Origin',(-1993.,890.481622830844,1000.09060771369));
#2238=CARTESIAN_POINT('',(-1993.,980.481622830844,1000.09060771369));
#2239=CARTESIAN_POINT('Origin',(-1993.,890.481622830844,1000.09060771369));
#2240=CARTESIAN_POINT('Origin',(-916.,890.481622830844,1000.09060771369));
#2241=CARTESIAN_POINT('',(-916.,980.481622830844,1000.09060771369));
#2242=CARTESIAN_POINT('Origin',(-916.,890.481622830844,1000.09060771369));
#2243=CARTESIAN_POINT('Origin',(-1304.5,-972.603329752902,344.938006342371));
#2244=CARTESIAN_POINT('',(-1304.5,-1036.03484925622,498.046381057059));
#2245=CARTESIAN_POINT('',(-1304.5,-1036.03484925622,293.901881437475));
#2246=CARTESIAN_POINT('Origin',(-1304.5,-1036.03484925622,395.974131247267));
#2247=CARTESIAN_POINT('',(-1304.5,-933.962599446426,498.046381057059));
#2248=CARTESIAN_POINT('',(-1304.5,-953.282964599664,498.046381057059));
#2249=CARTESIAN_POINT('',(-1304.5,-933.962599446426,272.469003171186));
#2250=CARTESIAN_POINT('',(-1304.5,-1004.31908950456,293.901881437475));
#2251=CARTESIAN_POINT('',(-1304.5,-986.034849256217,395.974131247267));
#2252=CARTESIAN_POINT('Origin',(-1304.5,-1036.03484925622,395.974131247267));
#2253=CARTESIAN_POINT('Origin',(-966.,-933.962599446426,519.094337278521));
#2254=CARTESIAN_POINT('',(-1704.5,-933.962599446426,498.046381057059));
#2255=CARTESIAN_POINT('',(-1704.5,-933.962599446426,272.469003171186));
#2256=CARTESIAN_POINT('',(-1604.5,-933.962599446426,498.046381057059));
#2257=CARTESIAN_POINT('',(-1160.25,-933.962599446426,498.046381057059));
#2258=CARTESIAN_POINT('',(-1604.5,-933.962599446426,272.469003171186));
#2259=CARTESIAN_POINT('Origin',(-966.,-933.962599446426,519.094337278521));
#2260=CARTESIAN_POINT('',(-1204.5,-933.962599446426,498.046381057059));
#2261=CARTESIAN_POINT('',(-1204.5,-933.962599446426,272.469003171186));
#2262=CARTESIAN_POINT('',(-1160.25,-933.962599446426,498.046381057059));
#2263=CARTESIAN_POINT('Origin',(-1604.5,-1036.03484925622,293.901881437475));
#2264=CARTESIAN_POINT('',(-1204.5,-1036.03484925622,293.901881437475));
#2265=CARTESIAN_POINT('',(-1204.5,-1036.03484925622,293.901881437475));
#2266=CARTESIAN_POINT('',(-1604.5,-1036.03484925622,293.901881437475));
#2267=CARTESIAN_POINT('Origin',(-1604.5,-1036.03484925622,395.974131247267));
#2268=CARTESIAN_POINT('',(-1204.5,-986.034849256217,395.974131247267));
#2269=CARTESIAN_POINT('Origin',(-1204.5,-1036.03484925622,395.974131247267));
#2270=CARTESIAN_POINT('',(-1604.5,-986.034849256217,395.974131247267));
#2271=CARTESIAN_POINT('Origin',(-1604.5,-1036.03484925622,395.974131247267));
#2272=CARTESIAN_POINT('',(-1204.5,-1036.03484925622,498.046381057059));
#2273=CARTESIAN_POINT('Origin',(-1204.5,-1036.03484925622,395.974131247267));
#2274=CARTESIAN_POINT('',(-1604.5,-1036.03484925622,498.046381057059));
#2275=CARTESIAN_POINT('Origin',(-1604.5,-933.962599446426,498.046381057059));
#2276=CARTESIAN_POINT('',(-1204.5,-1036.03484925622,498.046381057059));
#2277=CARTESIAN_POINT('Origin',(-1204.5,-972.603329752902,344.938006342371));
#2278=CARTESIAN_POINT('Origin',(-1604.5,-1036.03484925622,395.974131247267));
#2279=CARTESIAN_POINT('',(-1604.5,-1036.03484925622,293.901881437475));
#2280=CARTESIAN_POINT('',(-1704.5,-1036.03484925622,293.901881437475));
#2281=CARTESIAN_POINT('',(-1604.5,-1036.03484925622,293.901881437475));
#2282=CARTESIAN_POINT('',(-1604.5,-1036.03484925622,498.046381057059));
#2283=CARTESIAN_POINT('Origin',(-1604.5,-1036.03484925622,395.974131247267));
#2284=CARTESIAN_POINT('',(-1704.5,-1036.03484925622,498.046381057059));
#2285=CARTESIAN_POINT('',(-1604.5,-1036.03484925622,498.046381057059));
#2286=CARTESIAN_POINT('Origin',(-1704.5,-1036.03484925622,395.974131247267));
#2287=CARTESIAN_POINT('Origin',(-1604.5,-933.962599446426,293.901881437475));
#2288=CARTESIAN_POINT('',(-1604.5,-1036.03484925622,293.901881437475));
#2289=CARTESIAN_POINT('',(-1704.5,-1036.03484925622,293.901881437475));
#2290=CARTESIAN_POINT('Origin',(-1704.5,-972.603329752902,344.938006342371));
#2291=CARTESIAN_POINT('',(-1704.5,-1036.03484925622,498.046381057059));
#2292=CARTESIAN_POINT('',(-1704.5,-986.034849256217,395.974131247267));
#2293=CARTESIAN_POINT('Origin',(-1704.5,-1036.03484925622,395.974131247267));
#2294=CARTESIAN_POINT('Origin',(-1604.5,-972.603329752902,344.938006342371));
#2295=CARTESIAN_POINT('',(-1604.5,-1036.03484925622,498.046381057059));
#2296=CARTESIAN_POINT('',(-1604.5,-986.034849256217,395.974131247267));
#2297=CARTESIAN_POINT('Origin',(-1604.5,-1036.03484925622,395.974131247267));
#2298=CARTESIAN_POINT('Origin',(-1604.5,-1036.03484925622,395.974131247267));
#2299=CARTESIAN_POINT('',(-1604.5,-986.034849256217,395.974131247267));
#2300=CARTESIAN_POINT('Origin',(-1604.5,-1036.03484925622,498.046381057059));
#2301=CARTESIAN_POINT('Origin',(-716.,-800.,200.));
#2302=CARTESIAN_POINT('',(-966.,-906.153799719431,200.));
#2303=CARTESIAN_POINT('',(-1943.,-906.153799719431,200.));
#2304=CARTESIAN_POINT('Origin',(-1943.,-878.344999992436,500.));
#2305=CARTESIAN_POINT('',(-1943.,-1488.97270092636,-575.));
#2306=CARTESIAN_POINT('',(-1943.,-958.77393322188,-255.872331717907));
#2307=CARTESIAN_POINT('Origin',(-1943.,-1488.97270092634,24.9999999999735));
#2308=CARTESIAN_POINT('',(-1943.,-791.153164171407,60.5430469299944));
#2309=CARTESIAN_POINT('',(-1943.,-791.153164171407,60.5430469299944));
#2310=CARTESIAN_POINT('',(-1943.,-616.135629001606,330.156298017633));
#2311=CARTESIAN_POINT('',(-1943.,-616.219583828601,330.026966215126));
#2312=CARTESIAN_POINT('',(-1943.,-571.138653775647,401.296008026215));
#2313=CARTESIAN_POINT('Origin',(-1943.,-3611.20745831128,2274.3860419313));
#2314=CARTESIAN_POINT('',(-1943.,-440.554803492629,632.209352821714));
#2315=CARTESIAN_POINT('Origin',(-1943.,-566.820258975066,551.23383336174));
#2316=CARTESIAN_POINT('',(-1943.,-90.603089834199,775.090607713692));
#2317=CARTESIAN_POINT('Origin',(-1943.,-90.6030898341989,275.090607713692));
#2318=CARTESIAN_POINT('',(-1943.,890.481622830844,775.090607713692));
#2319=CARTESIAN_POINT('',(-1943.,224.259962311173,775.090607713692));
#2320=CARTESIAN_POINT('',(-1943.,890.481622830844,1225.09060771369));
#2321=CARTESIAN_POINT('Origin',(-1943.,890.481622830844,1000.09060771369));
#2322=CARTESIAN_POINT('',(-1943.,-325.038893321512,1225.09060771369));
#2323=CARTESIAN_POINT('',(-1943.,-816.376844589706,1225.09060771369));
#2324=CARTESIAN_POINT('',(-1943.,-1022.22446417582,817.432652099137));
#2325=CARTESIAN_POINT('Origin',(-1943.,-325.038893321512,425.090607713692));
#2326=CARTESIAN_POINT('',(-1943.,-1063.55807930117,746.305950543594));
#2327=CARTESIAN_POINT('Origin',(-1943.,-3611.20745831128,2274.3860419313));
#2328=CARTESIAN_POINT('',(-1943.,-1471.47532558913,44.3637626151018));
#2329=CARTESIAN_POINT('',(-1943.,-1297.63798899768,343.502280295056));
#2330=CARTESIAN_POINT('',(-1943.,-1539.54996780201,-39.5717652074301));
#2331=CARTESIAN_POINT('Origin',(-1943.,-1774.0881786499,220.220127761336));
#2332=CARTESIAN_POINT('',(-1943.,-1956.68999998487,-224.770327940205));
#2333=CARTESIAN_POINT('Origin',(-1943.,-1973.28981090245,375.));
#2334=CARTESIAN_POINT('',(-1943.,-1956.68999998487,-225.));
#2335=CARTESIAN_POINT('',(-1943.,-1956.68999998487,-400.));
#2336=CARTESIAN_POINT('',(-1943.,-1956.68999998487,-575.));
#2337=CARTESIAN_POINT('Origin',(-1943.,-1956.68999998487,-400.));
#2338=CARTESIAN_POINT('',(-1943.,-1956.68999998487,-575.));
#2339=CARTESIAN_POINT('',(-1943.,-641.820258975066,551.23383336174));
#2340=CARTESIAN_POINT('Origin',(-1943.,-566.820258975066,551.23383336174));
#2341=CARTESIAN_POINT('',(-1943.,-1856.68999998487,-400.));
#2342=CARTESIAN_POINT('Origin',(-1943.,-1956.68999998487,-400.));
#2343=CARTESIAN_POINT('Origin',(-966.,-878.344999992436,500.));
#2344=CARTESIAN_POINT('',(-966.,-1488.97270092636,-575.));
#2345=CARTESIAN_POINT('',(-966.,-958.77393322188,-255.872331717907));
#2346=CARTESIAN_POINT('Origin',(-966.,-1488.97270092634,24.9999999999735));
#2347=CARTESIAN_POINT('',(-966.,-1956.68999998487,-575.));
#2348=CARTESIAN_POINT('',(-966.,-1956.68999998487,-575.));
#2349=CARTESIAN_POINT('',(-966.,-1956.68999998487,-225.));
#2350=CARTESIAN_POINT('Origin',(-966.,-1956.68999998487,-400.));
#2351=CARTESIAN_POINT('',(-966.,-1956.68999998487,-224.770327940205));
#2352=CARTESIAN_POINT('',(-966.,-1956.68999998487,-400.));
#2353=CARTESIAN_POINT('',(-966.,-1539.54996780201,-39.5717652074301));
#2354=CARTESIAN_POINT('Origin',(-966.,-1973.28981090245,375.));
#2355=CARTESIAN_POINT('',(-966.,-1471.47532558913,44.3637626151018));
#2356=CARTESIAN_POINT('Origin',(-966.,-1774.0881786499,220.220127761336));
#2357=CARTESIAN_POINT('',(-966.,-1063.55807930117,746.305950543594));
#2358=CARTESIAN_POINT('',(-966.,-1297.63798899768,343.502280295056));
#2359=CARTESIAN_POINT('',(-966.,-1022.22446417582,817.432652099137));
#2360=CARTESIAN_POINT('Origin',(-966.,-3611.20745831128,2274.3860419313));
#2361=CARTESIAN_POINT('',(-966.,-325.038893321512,1225.09060771369));
#2362=CARTESIAN_POINT('Origin',(-966.,-325.038893321512,425.090607713692));
#2363=CARTESIAN_POINT('',(-966.,890.481622830844,1225.09060771369));
#2364=CARTESIAN_POINT('',(-966.,-816.376844589706,1225.09060771369));
#2365=CARTESIAN_POINT('',(-966.,890.481622830844,775.090607713692));
#2366=CARTESIAN_POINT('Origin',(-966.,890.481622830844,1000.09060771369));
#2367=CARTESIAN_POINT('',(-966.,-90.603089834199,775.090607713692));
#2368=CARTESIAN_POINT('',(-966.,224.259962311173,775.090607713692));
#2369=CARTESIAN_POINT('',(-966.,-440.554803492629,632.209352821714));
#2370=CARTESIAN_POINT('Origin',(-966.,-90.6030898341989,275.090607713692));
#2371=CARTESIAN_POINT('',(-966.,-571.138653775647,401.296008026215));
#2372=CARTESIAN_POINT('Origin',(-966.,-566.820258975066,551.23383336174));
#2373=CARTESIAN_POINT('',(-966.,-616.135629001606,330.156298017633));
#2374=CARTESIAN_POINT('Origin',(-966.,-3611.20745831128,2274.3860419313));
#2375=CARTESIAN_POINT('',(-966.,-791.153164171407,60.5430469299944));
#2376=CARTESIAN_POINT('',(-966.,-616.219583828601,330.026966215126));
#2377=CARTESIAN_POINT('',(-966.,-791.153164171407,60.5430469299944));
#2378=CARTESIAN_POINT('',(-966.,-641.820258975066,551.23383336174));
#2379=CARTESIAN_POINT('Origin',(-966.,-566.820258975066,551.23383336174));
#2380=CARTESIAN_POINT('',(-966.,-1856.68999998487,-400.));
#2381=CARTESIAN_POINT('Origin',(-966.,-1956.68999998487,-400.));
#2382=CARTESIAN_POINT('Origin',(-2193.,-1488.97270092634,24.9999999999735));
#2383=CARTESIAN_POINT('',(-866.,-958.77393322188,-255.872331717907));
#2384=CARTESIAN_POINT('',(-866.,-1488.97270092636,-575.));
#2385=CARTESIAN_POINT('Origin',(-866.,-1488.97270092634,24.9999999999735));
#2386=CARTESIAN_POINT('',(-716.,-1488.97270092636,-575.));
#2387=CARTESIAN_POINT('',(-716.,-958.77393322188,-255.872331717907));
#2388=CARTESIAN_POINT('Origin',(-2193.,-1488.97270092634,24.9999999999735));
#2389=CARTESIAN_POINT('',(-2043.,-1488.97270092636,-575.));
#2390=CARTESIAN_POINT('',(-2043.,-958.77393322188,-255.872331717907));
#2391=CARTESIAN_POINT('Origin',(-2043.,-1488.97270092634,24.9999999999735));
#2392=CARTESIAN_POINT('',(-2193.,-958.77393322188,-255.872331717907));
#2393=CARTESIAN_POINT('',(-2193.,-1488.97270092636,-575.));
#2394=CARTESIAN_POINT('Origin',(-2043.,-866.981299723213,334.547168639261));
#2395=CARTESIAN_POINT('',(-2043.,-1539.54996780201,-39.5717652074302));
#2396=CARTESIAN_POINT('',(-2043.,-1956.68999998487,-224.770327940205));
#2397=CARTESIAN_POINT('Origin',(-2043.,-1973.28981090245,375.));
#2398=CARTESIAN_POINT('',(-2043.,-1471.47532558913,44.3637626151018));
#2399=CARTESIAN_POINT('Origin',(-2043.,-1774.0881786499,220.220127761336));
#2400=CARTESIAN_POINT('',(-2043.,-1063.55807930117,746.305950543594));
#2401=CARTESIAN_POINT('',(-2043.,-1332.14156363239,284.128682118352));
#2402=CARTESIAN_POINT('',(-2043.,-1022.22446417582,817.432652099137));
#2403=CARTESIAN_POINT('Origin',(-2043.,-3611.20745831128,2274.3860419313));
#2404=CARTESIAN_POINT('',(-2043.,-325.038893321512,1225.09060771369));
#2405=CARTESIAN_POINT('Origin',(-2043.,-325.038893321512,425.090607713692));
#2406=CARTESIAN_POINT('',(-2043.,890.481622830844,1225.09060771369));
#2407=CARTESIAN_POINT('',(-2043.,-810.694994455094,1225.09060771369));
#2408=CARTESIAN_POINT('',(-2043.,890.481622830844,775.090607713692));
#2409=CARTESIAN_POINT('Origin',(-2043.,890.481622830844,1000.09060771369));
#2410=CARTESIAN_POINT('',(-2043.,-90.603089834199,775.090607713692));
#2411=CARTESIAN_POINT('',(-2043.,-609.471521770744,775.090607713692));
#2412=CARTESIAN_POINT('',(-2043.,-440.554803492629,632.209352821714));
#2413=CARTESIAN_POINT('Origin',(-2043.,-90.6030898341989,275.090607713692));
#2414=CARTESIAN_POINT('',(-2043.,-571.138653775647,401.296008026215));
#2415=CARTESIAN_POINT('Origin',(-2043.,-566.820258975066,551.23383336174));
#2416=CARTESIAN_POINT('',(-2043.,-616.135629001608,330.15629801763));
#2417=CARTESIAN_POINT('Origin',(-2043.,-3611.20745831128,2274.3860419313));
#2418=CARTESIAN_POINT('',(-2043.,-791.153164171407,60.5430469299944));
#2419=CARTESIAN_POINT('',(-2043.,-652.316037180194,274.420641443178));
#2420=CARTESIAN_POINT('',(-2043.,-826.599430965817,-6.36837456593357));
#2421=CARTESIAN_POINT('',(-2043.,-1956.68999998487,-575.));
#2422=CARTESIAN_POINT('',(-2043.,-1411.83564985404,-575.));
#2423=CARTESIAN_POINT('',(-2043.,-1956.68999998487,-225.));
#2424=CARTESIAN_POINT('Origin',(-2043.,-1956.68999998487,-400.));
#2425=CARTESIAN_POINT('',(-2043.,-1956.68999998487,54.888420349528));
#2426=CARTESIAN_POINT('',(-2043.,980.481622830844,1000.09060771369));
#2427=CARTESIAN_POINT('Origin',(-2043.,890.481622830844,1000.09060771369));
#2428=CARTESIAN_POINT('',(-2043.,-830.,270.));
#2429=CARTESIAN_POINT('',(-2043.,-870.,230.));
#2430=CARTESIAN_POINT('Origin',(-2043.,-870.,270.));
#2431=CARTESIAN_POINT('',(-2043.,-830.,399.094337278521));
#2432=CARTESIAN_POINT('',(-2043.,-830.,386.820752958891));
#2433=CARTESIAN_POINT('',(-2043.,-870.,439.094337278521));
#2434=CARTESIAN_POINT('Origin',(-2043.,-870.,399.094337278521));
#2435=CARTESIAN_POINT('',(-2043.,-903.962599446426,399.552589788613));
#2436=CARTESIAN_POINT('Origin',(-2043.,-863.962599446426,399.552589788613));
#2437=CARTESIAN_POINT('',(-2043.,-903.962599446426,269.541747489909));
#2438=CARTESIAN_POINT('',(-2043.,-903.962599446426,282.27358431963));
#2439=CARTESIAN_POINT('Origin',(-2043.,-863.962599446426,269.541747489909));
#2440=CARTESIAN_POINT('',(-2043.,-641.820258975066,551.23383336174));
#2441=CARTESIAN_POINT('Origin',(-2043.,-566.820258975066,551.23383336174));
#2442=CARTESIAN_POINT('',(-2043.,-1856.68999998487,-400.));
#2443=CARTESIAN_POINT('Origin',(-2043.,-1956.68999998487,-400.));
#2444=CARTESIAN_POINT('Origin',(-716.,-870.,399.094337278521));
#2445=CARTESIAN_POINT('',(-866.,-830.,399.094337278521));
#2446=CARTESIAN_POINT('',(-2193.,-830.,399.094337278521));
#2447=CARTESIAN_POINT('',(-866.,-870.,439.094337278521));
#2448=CARTESIAN_POINT('Origin',(-866.,-870.,399.094337278521));
#2449=CARTESIAN_POINT('',(-2193.,-870.,439.094337278521));
#2450=CARTESIAN_POINT('Origin',(-716.,-830.,439.094337278521));
#2451=CARTESIAN_POINT('',(-866.,-830.,270.));
#2452=CARTESIAN_POINT('',(-716.,-830.,270.));
#2453=CARTESIAN_POINT('',(-866.,-830.,386.820752958891));
#2454=CARTESIAN_POINT('Origin',(-716.,-870.,270.));
#2455=CARTESIAN_POINT('',(-866.,-870.,230.));
#2456=CARTESIAN_POINT('',(-2193.,-870.,230.));
#2457=CARTESIAN_POINT('Origin',(-866.,-870.,270.));
#2458=CARTESIAN_POINT('Origin',(-716.,-325.038893321512,425.090607713692));
#2459=CARTESIAN_POINT('',(-716.,-1022.22446417582,817.432652099138));
#2460=CARTESIAN_POINT('',(-716.,-325.038893321512,1225.09060771369));
#2461=CARTESIAN_POINT('Origin',(-716.,-3611.20745831128,2274.3860419313));
#2462=CARTESIAN_POINT('',(-716.,-1063.55807930108,746.305950543748));
#2463=CARTESIAN_POINT('Origin',(-2193.,-1471.47532558913,44.3637626151018));
#2464=CARTESIAN_POINT('',(-2193.,-1471.47532558913,44.3637626151018));
#2465=CARTESIAN_POINT('Origin',(-2193.,-1774.0881786499,220.220127761336));
#2466=CARTESIAN_POINT('',(-2193.,-1539.54996780201,-39.5717652074306));
#2467=CARTESIAN_POINT('Origin',(-2193.,-1973.28981090245,375.));
#2468=CARTESIAN_POINT('',(-2193.,-1956.68999998487,-224.770327940205));
#2469=CARTESIAN_POINT('Origin',(-2193.,-1956.68999998487,-224.770327940205));
#2470=CARTESIAN_POINT('',(-2193.,-1956.68999998487,-225.));
#2471=CARTESIAN_POINT('Origin',(-2193.,-1956.68999998487,-400.));
#2472=CARTESIAN_POINT('',(-2193.,-1956.68999998487,-575.));
#2473=CARTESIAN_POINT('Origin',(-2193.,-1956.68999998487,-575.));
#2474=CARTESIAN_POINT('Origin',(-866.,-866.981299723213,334.547168639261));
#2475=CARTESIAN_POINT('',(-866.,-1956.68999998487,-224.770327940205));
#2476=CARTESIAN_POINT('',(-866.,-1539.54996780201,-39.5717652074302));
#2477=CARTESIAN_POINT('Origin',(-866.,-1973.28981090245,375.));
#2478=CARTESIAN_POINT('',(-866.,-1956.68999998487,-225.));
#2479=CARTESIAN_POINT('',(-866.,-1956.68999998487,54.888420349528));
#2480=CARTESIAN_POINT('',(-866.,-1956.68999998487,-575.));
#2481=CARTESIAN_POINT('Origin',(-866.,-1956.68999998487,-400.));
#2482=CARTESIAN_POINT('',(-866.,-1411.83564985404,-575.));
#2483=CARTESIAN_POINT('',(-866.,-791.153164171407,60.5430469299944));
#2484=CARTESIAN_POINT('',(-866.,-826.599430965817,-6.36837456593357));
#2485=CARTESIAN_POINT('',(-866.,-616.135629001608,330.15629801763));
#2486=CARTESIAN_POINT('',(-866.,-652.316037180194,274.420641443178));
#2487=CARTESIAN_POINT('',(-866.,-571.138653775647,401.296008026215));
#2488=CARTESIAN_POINT('Origin',(-866.,-3611.20745831128,2274.3860419313));
#2489=CARTESIAN_POINT('',(-866.,-440.554803492629,632.209352821714));
#2490=CARTESIAN_POINT('Origin',(-866.,-566.820258975066,551.23383336174));
#2491=CARTESIAN_POINT('',(-866.,-90.603089834199,775.090607713692));
#2492=CARTESIAN_POINT('Origin',(-866.,-90.6030898341989,275.090607713692));
#2493=CARTESIAN_POINT('',(-866.,890.481622830844,775.090607713692));
#2494=CARTESIAN_POINT('',(-866.,-609.471521770744,775.090607713692));
#2495=CARTESIAN_POINT('',(-866.,890.481622830844,1225.09060771369));
#2496=CARTESIAN_POINT('Origin',(-866.,890.481622830844,1000.09060771369));
#2497=CARTESIAN_POINT('',(-866.,-325.038893321512,1225.09060771369));
#2498=CARTESIAN_POINT('',(-866.,-810.694994455094,1225.09060771369));
#2499=CARTESIAN_POINT('',(-866.,-1022.22446417582,817.432652099137));
#2500=CARTESIAN_POINT('Origin',(-866.,-325.038893321512,425.090607713692));
#2501=CARTESIAN_POINT('',(-866.,-1063.55807930117,746.305950543594));
#2502=CARTESIAN_POINT('Origin',(-866.,-3611.20745831128,2274.3860419313));
#2503=CARTESIAN_POINT('',(-866.,-1471.47532558913,44.3637626151018));
#2504=CARTESIAN_POINT('',(-866.,-1332.14156363239,284.128682118352));
#2505=CARTESIAN_POINT('Origin',(-866.,-1774.0881786499,220.220127761336));
#2506=CARTESIAN_POINT('',(-866.,980.481622830844,1000.09060771369));
#2507=CARTESIAN_POINT('Origin',(-866.,890.481622830844,1000.09060771369));
#2508=CARTESIAN_POINT('',(-866.,-903.962599446426,269.541747489909));
#2509=CARTESIAN_POINT('Origin',(-866.,-863.962599446426,269.541747489909));
#2510=CARTESIAN_POINT('',(-866.,-903.962599446426,399.552589788613));
#2511=CARTESIAN_POINT('',(-866.,-903.962599446426,282.27358431963));
#2512=CARTESIAN_POINT('Origin',(-866.,-863.962599446426,399.552589788613));
#2513=CARTESIAN_POINT('',(-866.,-641.820258975066,551.23383336174));
#2514=CARTESIAN_POINT('Origin',(-866.,-566.820258975066,551.23383336174));
#2515=CARTESIAN_POINT('',(-866.,-1856.68999998487,-400.));
#2516=CARTESIAN_POINT('Origin',(-866.,-1956.68999998487,-400.));
#2517=CARTESIAN_POINT('Origin',(-716.,-903.962599446426,230.));
#2518=CARTESIAN_POINT('',(-2193.,-903.962599446426,399.552589788613));
#2519=CARTESIAN_POINT('',(-2193.,-903.962599446426,269.541747489909));
#2520=CARTESIAN_POINT('Origin',(-716.,-863.962599446426,269.541747489909));
#2521=CARTESIAN_POINT('Origin',(-716.,-90.6030898341989,275.090607713692));
#2522=CARTESIAN_POINT('',(-716.,-440.554803492629,632.209352821714));
#2523=CARTESIAN_POINT('',(-716.,-90.603089834199,775.090607713692));
#2524=CARTESIAN_POINT('Origin',(-716.,-566.820258975066,551.23383336174));
#2525=CARTESIAN_POINT('',(-716.,-571.138653775647,401.296008026215));
#2526=CARTESIAN_POINT('Origin',(-2193.,-3611.20745831128,2274.3860419313));
#2527=CARTESIAN_POINT('',(-2193.,-616.135629001606,330.156298017633));
#2528=CARTESIAN_POINT('Origin',(-2193.,-616.135629001608,330.15629801763));
#2529=CARTESIAN_POINT('',(-716.,-791.153164171407,60.5430469299944));
#2530=CARTESIAN_POINT('Origin',(-716.,-958.77393322188,-255.872331717907));
#2531=CARTESIAN_POINT('Origin',(-716.,-1956.68999998487,-575.));
#2532=CARTESIAN_POINT('',(-716.,-1956.68999998487,-575.));
#2533=CARTESIAN_POINT('Origin',(-716.,-1956.68999998487,-400.));
#2534=CARTESIAN_POINT('',(-716.,-1956.68999998487,-225.));
#2535=CARTESIAN_POINT('Origin',(-2193.,-351.961743818276,775.090607713692));
#2536=CARTESIAN_POINT('',(-2193.,890.481622830844,775.090607713692));
#2537=CARTESIAN_POINT('',(-2193.,-90.603089834199,775.090607713692));
#2538=CARTESIAN_POINT('Origin',(-2193.,890.481622830844,1000.09060771369));
#2539=CARTESIAN_POINT('',(-2193.,890.481622830844,1225.09060771369));
#2540=CARTESIAN_POINT('Origin',(-2193.,-754.408689186975,1225.09060771369));
#2541=CARTESIAN_POINT('Origin',(-716.,-863.962599446426,399.552589788613));
#2542=CARTESIAN_POINT('Origin',(-716.,-1956.68999998487,-224.770327940205));
#2543=CARTESIAN_POINT('',(-716.,-1956.68999998487,-224.770327940205));
#2544=CARTESIAN_POINT('Origin',(-716.,-1973.28981090245,375.));
#2545=CARTESIAN_POINT('',(-716.,-1539.54996780201,-39.5717652074306));
#2546=CARTESIAN_POINT('Origin',(-2193.,-566.820258975066,551.23383336174));
#2547=CARTESIAN_POINT('',(-2193.,-641.820258975066,551.23383336174));
#2548=CARTESIAN_POINT('Origin',(-716.,-351.961743818276,775.090607713692));
#2549=CARTESIAN_POINT('',(-716.,890.481622830844,775.090607713692));
#2550=CARTESIAN_POINT('Origin',(-716.,890.481622830844,1000.09060771369));
#2551=CARTESIAN_POINT('',(-716.,890.481622830844,1225.09060771369));
#2552=CARTESIAN_POINT('Origin',(-716.,890.481622830844,1000.09060771369));
#2553=CARTESIAN_POINT('',(-716.,980.481622830844,1000.09060771369));
#2554=CARTESIAN_POINT('Origin',(-716.,-754.408689186975,1225.09060771369));
#2555=CARTESIAN_POINT('',(-2193.,-325.038893321512,1225.09060771369));
#2556=CARTESIAN_POINT('Origin',(-2193.,-325.038893321512,425.090607713692));
#2557=CARTESIAN_POINT('',(-2193.,-1022.22446417582,817.432652099138));
#2558=CARTESIAN_POINT('Origin',(-2193.,-3611.20745831128,2274.3860419313));
#2559=CARTESIAN_POINT('',(-2193.,-1063.55807930108,746.305950543748));
#2560=CARTESIAN_POINT('Origin',(-716.,-1471.47532558913,44.3637626151018));
#2561=CARTESIAN_POINT('',(-716.,-1471.47532558913,44.3637626151018));
#2562=CARTESIAN_POINT('Origin',(-716.,-1774.0881786499,220.220127761336));
#2563=CARTESIAN_POINT('Origin',(-716.,-1956.68999998487,-400.));
#2564=CARTESIAN_POINT('',(-716.,-1856.68999998487,-400.));
#2565=CARTESIAN_POINT('Origin',(-716.,-566.820258975066,551.23383336174));
#2566=CARTESIAN_POINT('',(-716.,-641.820258975066,551.23383336174));
#2567=CARTESIAN_POINT('Origin',(-2193.,-566.820258975066,551.23383336174));
#2568=CARTESIAN_POINT('',(-2193.,-440.554803492629,632.209352821714));
#2569=CARTESIAN_POINT('',(-2193.,-571.138653775647,401.296008026215));
#2570=CARTESIAN_POINT('Origin',(-716.,-3611.20745831128,2274.3860419313));
#2571=CARTESIAN_POINT('',(-716.,-616.135629001606,330.156298017633));
#2572=CARTESIAN_POINT('Origin',(-2193.,890.481622830844,1000.09060771369));
#2573=CARTESIAN_POINT('',(-2193.,980.481622830844,1000.09060771369));
#2574=CARTESIAN_POINT('Origin',(-2193.,-90.6030898341989,275.090607713692));
#2575=CARTESIAN_POINT('Origin',(-716.,-616.135629001608,330.15629801763));
#2576=CARTESIAN_POINT('',(-2193.,-791.153164171407,60.5430469299944));
#2577=CARTESIAN_POINT('Origin',(-2193.,-958.77393322188,-255.872331717907));
#2578=CARTESIAN_POINT('Origin',(-2193.,-1956.68999998487,-400.));
#2579=CARTESIAN_POINT('',(-2193.,-1856.68999998487,-400.));
#2580=UNCERTAINTY_MEASURE_WITH_UNIT(LENGTH_MEASURE(0.01),#2584,
'DISTANCE_ACCURACY_VALUE',
'Maximum model space distance between geometric entities at asserted c
onnectivities');
#2581=UNCERTAINTY_MEASURE_WITH_UNIT(LENGTH_MEASURE(0.01),#2584,
'DISTANCE_ACCURACY_VALUE',
'Maximum model space distance between geometric entities at asserted c
onnectivities');
#2582=(
GEOMETRIC_REPRESENTATION_CONTEXT(3)
GLOBAL_UNCERTAINTY_ASSIGNED_CONTEXT((#2580))
GLOBAL_UNIT_ASSIGNED_CONTEXT((#2584,#2586,#2587))
REPRESENTATION_CONTEXT('','3D')
);
#2583=(
GEOMETRIC_REPRESENTATION_CONTEXT(3)
GLOBAL_UNCERTAINTY_ASSIGNED_CONTEXT((#2581))
GLOBAL_UNIT_ASSIGNED_CONTEXT((#2584,#2586,#2587))
REPRESENTATION_CONTEXT('','3D')
);
#2584=(
LENGTH_UNIT()
NAMED_UNIT(*)
SI_UNIT(.MILLI.,.METRE.)
);
#2585=(
LENGTH_UNIT()
NAMED_UNIT(*)
SI_UNIT($,.METRE.)
);
#2586=(
NAMED_UNIT(*)
PLANE_ANGLE_UNIT()
SI_UNIT($,.RADIAN.)
);
#2587=(
NAMED_UNIT(*)
SI_UNIT($,.STERADIAN.)
SOLID_ANGLE_UNIT()
);
#2588=SHAPE_DEFINITION_REPRESENTATION(#2589,#2590);
#2589=PRODUCT_DEFINITION_SHAPE('',$,#2592);
#2590=SHAPE_REPRESENTATION('',(#1520),#2582);
#2591=PRODUCT_DEFINITION_CONTEXT('part definition',#2596,'design');
#2592=PRODUCT_DEFINITION('Boom','Boom',#2593,#2591);
#2593=PRODUCT_DEFINITION_FORMATION('',$,#2598);
#2594=PRODUCT_RELATED_PRODUCT_CATEGORY('Boom','Boom',(#2598));
#2595=APPLICATION_PROTOCOL_DEFINITION('international standard',
'automotive_design',2009,#2596);
#2596=APPLICATION_CONTEXT(
'Core Data for Automotive Mechanical Design Process');
#2597=PRODUCT_CONTEXT('part definition',#2596,'mechanical');
#2598=PRODUCT('Boom','Boom',$,(#2597));
#2599=PRESENTATION_STYLE_ASSIGNMENT((#2600));
#2600=SURFACE_STYLE_USAGE(.BOTH.,#2601);
#2601=SURFACE_SIDE_STYLE('',(#2602));
#2602=SURFACE_STYLE_FILL_AREA(#2603);
#2603=FILL_AREA_STYLE('Steel - Satin',(#2604));
#2604=FILL_AREA_STYLE_COLOUR('Steel - Satin',#2605);
#2605=COLOUR_RGB('Steel - Satin',0.627450980392157,0.627450980392157,0.627450980392157);
ENDSEC;
END-ISO-10303-21;
