ISO-10303-21;
HEADER;
/* Generated by software containing ST-Developer
 * from STEP Tools, Inc. (www.steptools.com) 
 */

FILE_DESCRIPTION(
/* description */ (''),
/* implementation_level */ '2;1');

FILE_NAME(
/* name */ 'Bucket.step',
/* time_stamp */ '2026-03-29T20:35:14-04:00',
/* author */ (''),
/* organization */ (''),
/* preprocessor_version */ 'ST-DEVELOPER v20.1',
/* originating_system */ 'Autodesk Translation Framework v14.24.0.0',
/* authorisation */ '');

FILE_SCHEMA (('AUTOMOTIVE_DESIGN { 1 0 10303 214 3 1 1 }'));
ENDSEC;

DATA;
#10=MECHANICAL_DESIGN_GEOMETRIC_PRESENTATION_REPRESENTATION('',(#13),#8474);
#11=SHAPE_REPRESENTATION_RELATIONSHIP('SRR','None',#8481,#12);
#12=ADVANCED_BREP_SHAPE_REPRESENTATION('',(#14),#8473);
#13=STYLED_ITEM('',(#8490),#14);
#14=MANIFOLD_SOLID_BREP('Body3',#4889);
#15=FACE_BOUND('',#767,.T.);
#16=FACE_BOUND('',#770,.T.);
#17=FACE_BOUND('',#776,.T.);
#18=FACE_BOUND('',#777,.T.);
#19=FACE_BOUND('',#779,.T.);
#20=FACE_BOUND('',#780,.T.);
#21=FACE_BOUND('',#783,.T.);
#22=FACE_BOUND('',#865,.T.);
#23=FACE_BOUND('',#868,.T.);
#24=FACE_BOUND('',#875,.T.);
#25=FACE_BOUND('',#876,.T.);
#26=FACE_BOUND('',#878,.T.);
#27=FACE_BOUND('',#879,.T.);
#28=FACE_BOUND('',#882,.T.);
#29=B_SPLINE_SURFACE_WITH_KNOTS('',3,3,((#7170,#7171,#7172,#7173,#7174,
#7175,#7176),(#7177,#7178,#7179,#7180,#7181,#7182,#7183),(#7184,#7185,#7186,
#7187,#7188,#7189,#7190),(#7191,#7192,#7193,#7194,#7195,#7196,#7197),(#7198,
#7199,#7200,#7201,#7202,#7203,#7204),(#7205,#7206,#7207,#7208,#7209,#7210,
#7211),(#7212,#7213,#7214,#7215,#7216,#7217,#7218)),.UNSPECIFIED.,.F.,.F.,
 .F.,(4,1,1,1,4),(4,1,1,1,4),(0.,0.285714285714286,0.571428571428571,0.857142857142857,
1.),(-6.28318530717959,-6.05878583192317,-5.60998688141035,-5.16118793089753,
-4.7123889803847),.UNSPECIFIED.);
#30=B_SPLINE_SURFACE_WITH_KNOTS('',3,3,((#7230,#7231,#7232,#7233,#7234,
#7235,#7236,#7237),(#7238,#7239,#7240,#7241,#7242,#7243,#7244,#7245),(#7246,
#7247,#7248,#7249,#7250,#7251,#7252,#7253),(#7254,#7255,#7256,#7257,#7258,
#7259,#7260,#7261),(#7262,#7263,#7264,#7265,#7266,#7267,#7268,#7269),(#7270,
#7271,#7272,#7273,#7274,#7275,#7276,#7277),(#7278,#7279,#7280,#7281,#7282,
#7283,#7284,#7285)),.UNSPECIFIED.,.F.,.F.,.F.,(4,1,1,1,4),(4,1,1,1,1,4),
(0.,0.285714285714286,0.571428571428571,0.857142857142857,1.),(-1.57079632679488,
-1.12199737628206,-0.897597901025648,-0.673198425769236,-0.448798950512824,
-1.11022302462516E-16),.UNSPECIFIED.);
#31=B_SPLINE_SURFACE_WITH_KNOTS('',3,3,((#7303,#7304,#7305,#7306,#7307,
#7308,#7309),(#7310,#7311,#7312,#7313,#7314,#7315,#7316),(#7317,#7318,#7319,
#7320,#7321,#7322,#7323),(#7324,#7325,#7326,#7327,#7328,#7329,#7330),(#7331,
#7332,#7333,#7334,#7335,#7336,#7337),(#7338,#7339,#7340,#7341,#7342,#7343,
#7344),(#7345,#7346,#7347,#7348,#7349,#7350,#7351)),.UNSPECIFIED.,.F.,.F.,
 .F.,(4,1,1,1,4),(4,1,1,1,4),(0.,0.285714285714286,0.571428571428571,0.857142857142857,
1.),(-6.28318530717959,-6.05878583192317,-5.60998688141034,-5.16118793089752,
-4.71238898038469),.UNSPECIFIED.);
#32=B_SPLINE_SURFACE_WITH_KNOTS('',3,3,((#7363,#7364,#7365,#7366,#7367,
#7368,#7369),(#7370,#7371,#7372,#7373,#7374,#7375,#7376),(#7377,#7378,#7379,
#7380,#7381,#7382,#7383),(#7384,#7385,#7386,#7387,#7388,#7389,#7390),(#7391,
#7392,#7393,#7394,#7395,#7396,#7397),(#7398,#7399,#7400,#7401,#7402,#7403,
#7404),(#7405,#7406,#7407,#7408,#7409,#7410,#7411)),.UNSPECIFIED.,.F.,.F.,
 .F.,(4,1,1,1,4),(4,1,1,1,4),(0.,0.285714285714286,0.571428571428571,0.857142857142857,
1.),(-1.5707963267949,-1.12199737628207,-0.897597901025656,-0.448798950512828,
2.77555756156289E-16),.UNSPECIFIED.);
#33=B_SPLINE_CURVE_WITH_KNOTS('',3,(#6803,#6804,#6805,#6806,#6807,#6808,
#6809,#6810,#6811,#6812,#6813,#6814,#6815,#6816,#6817,#6818,#6819,#6820),
 .UNSPECIFIED.,.F.,.F.,(4,2,2,2,2,2,2,2,4),(0.,0.369279579442509,0.738559158885017,
1.10933040752797,1.48010165617092,1.8527850165773,2.22546837698368,2.59991645599992,
2.97436453501616),.UNSPECIFIED.);
#34=B_SPLINE_CURVE_WITH_KNOTS('',3,(#6866,#6867,#6868,#6869,#6870,#6871,
#6872,#6873,#6874,#6875,#6876,#6877,#6878,#6879,#6880,#6881,#6882,#6883),
 .UNSPECIFIED.,.F.,.F.,(4,2,2,2,2,2,2,2,4),(8.92545967517939,9.29990775419563,
9.67435583321187,10.0470391936183,10.4197225540246,10.7904938026676,11.1612650513105,
11.530544630753,11.8998242101955),.UNSPECIFIED.);
#35=B_SPLINE_CURVE_WITH_KNOTS('',3,(#6923,#6924,#6925,#6926,#6927,#6928,
#6929,#6930,#6931,#6932,#6933,#6934,#6935,#6936,#6937,#6938,#6939,#6940),
 .UNSPECIFIED.,.F.,.F.,(4,2,2,2,2,2,2,2,4),(8.92545967517938,9.29990775419562,
9.67435583321186,10.0470391936182,10.4197225540246,10.7904938026676,11.1612650513105,
11.530544630753,11.8998242101955),.UNSPECIFIED.);
#36=B_SPLINE_CURVE_WITH_KNOTS('',3,(#6957,#6958,#6959,#6960,#6961,#6962,
#6963,#6964,#6965,#6966,#6967,#6968,#6969,#6970),.UNSPECIFIED.,.F.,.F.,
(4,2,2,2,2,2,4),(-6.34934264206106,-6.34729524403129,-5.54269809440492,
-4.74454756616603,-3.95906938016031,-3.18493138636342,-3.17275914280308),
 .UNSPECIFIED.);
#37=B_SPLINE_CURVE_WITH_KNOTS('',3,(#6977,#6978,#6979,#6980,#6981,#6982,
#6983,#6984,#6985,#6986,#6987,#6988,#6989,#6990,#6991,#6992,#6993,#6994),
 .UNSPECIFIED.,.F.,.F.,(4,2,2,2,2,2,2,2,4),(0.,0.369279579442515,0.73855915888503,
1.10933040752797,1.48010165617091,1.85278501657729,2.22546837698367,2.59991645599991,
2.97436453501615),.UNSPECIFIED.);
#38=B_SPLINE_CURVE_WITH_KNOTS('',3,(#7014,#7015,#7016,#7017,#7018,#7019,
#7020,#7021,#7022,#7023),.UNSPECIFIED.,.F.,.F.,(4,2,2,2,4),(-7.37520846436068,
-7.37290116291201,-6.13152206528517,-5.15539374127129,-4.85492765267321),
 .UNSPECIFIED.);
#39=B_SPLINE_CURVE_WITH_KNOTS('',3,(#7025,#7026,#7027,#7028,#7029,#7030,
#7031,#7032),.UNSPECIFIED.,.F.,.F.,(4,2,2,4),(-4.17340152081562,-4.01702819588642,
-3.58383019724048,-3.15063219859455),.UNSPECIFIED.);
#40=B_SPLINE_CURVE_WITH_KNOTS('',3,(#7035,#7036,#7037,#7038,#7039,#7040,
#7041,#7042,#7043,#7044,#7045,#7046,#7047,#7048),.UNSPECIFIED.,.F.,.F.,
(4,2,2,2,2,2,4),(-6.3493424369411,-6.34729473867065,-5.54269753738991,-4.74454691787303,
-3.95906863217086,-3.18493057939556,-3.17275888777737),.UNSPECIFIED.);
#41=B_SPLINE_CURVE_WITH_KNOTS('',3,(#7057,#7058,#7059,#7060,#7061,#7062,
#7063,#7064,#7065,#7066,#7067,#7068,#7069,#7070),.UNSPECIFIED.,.F.,.F.,
(4,2,2,2,2,2,4),(-0.00204787514370391,0.,0.804666685173925,1.60288625024318,
2.38843238691104,3.16263731093977,3.17481007334869),.UNSPECIFIED.);
#42=B_SPLINE_CURVE_WITH_KNOTS('',3,(#7077,#7078,#7079,#7080,#7081,#7082,
#7083,#7084),.UNSPECIFIED.,.F.,.F.,(4,2,2,4),(-9.45753467608506,-9.02433667743913,
-8.59113867879319,-8.43476535386402),.UNSPECIFIED.);
#43=B_SPLINE_CURVE_WITH_KNOTS('',3,(#7085,#7086,#7087,#7088,#7089,#7090,
#7091,#7092,#7093,#7094),.UNSPECIFIED.,.F.,.F.,(4,2,2,2,4),(-2.81354856787031,
-2.02680346493563,-1.04622742612,0.,0.00282016790472693),.UNSPECIFIED.);
#44=B_SPLINE_CURVE_WITH_KNOTS('',3,(#7118,#7119,#7120,#7121,#7122,#7123,
#7124,#7125,#7126,#7127,#7128,#7129,#7130,#7131),.UNSPECIFIED.,.F.,.F.,
(4,2,2,2,2,2,4),(-3.17272847660291,-2.40215102862294,-1.62540080629148,
-0.836301499549643,-0.418395717380481,0.,0.00204757500226952),
 .UNSPECIFIED.);
#45=TOROIDAL_SURFACE('',#4931,80.,20.);
#46=TOROIDAL_SURFACE('',#4937,379.999999999997,20.);
#47=TOROIDAL_SURFACE('',#4944,80.,20.);
#48=TOROIDAL_SURFACE('',#4950,379.999999999997,20.);
#49=TOROIDAL_SURFACE('',#4964,80.,20.);
#50=TOROIDAL_SURFACE('',#4970,379.999999999997,20.);
#51=TOROIDAL_SURFACE('',#4978,2829.03115354955,20.);
#52=TOROIDAL_SURFACE('',#4981,379.999999999997,20.);
#53=TOROIDAL_SURFACE('',#4986,80.,20.);
#54=TOROIDAL_SURFACE('',#4993,2829.03115354955,20.);
#55=TOROIDAL_SURFACE('',#4998,2829.03115354955,20.);
#56=TOROIDAL_SURFACE('',#5007,2829.03115354955,20.);
#57=PLANE('',#4923);
#58=PLANE('',#4924);
#59=PLANE('',#4925);
#60=PLANE('',#4940);
#61=PLANE('',#4955);
#62=PLANE('',#4974);
#63=PLANE('',#5006);
#64=PLANE('',#5013);
#65=PLANE('',#5041);
#66=PLANE('',#5044);
#67=PLANE('',#5047);
#68=PLANE('',#5057);
#69=PLANE('',#5058);
#70=PLANE('',#5059);
#71=PLANE('',#5060);
#72=PLANE('',#5062);
#73=PLANE('',#5063);
#74=PLANE('',#5064);
#75=PLANE('',#5065);
#76=PLANE('',#5074);
#77=PLANE('',#5075);
#78=PLANE('',#5076);
#79=PLANE('',#5078);
#80=PLANE('',#5079);
#81=PLANE('',#5080);
#82=PLANE('',#5081);
#83=PLANE('',#5082);
#84=PLANE('',#5083);
#85=PLANE('',#5084);
#86=PLANE('',#5085);
#87=PLANE('',#5086);
#88=PLANE('',#5087);
#89=PLANE('',#5088);
#90=PLANE('',#5089);
#91=PLANE('',#5094);
#92=PLANE('',#5095);
#93=PLANE('',#5096);
#94=PLANE('',#5097);
#95=PLANE('',#5098);
#96=PLANE('',#5099);
#97=PLANE('',#5100);
#98=PLANE('',#5101);
#99=PLANE('',#5102);
#100=PLANE('',#5103);
#101=PLANE('',#5104);
#102=PLANE('',#5105);
#103=PLANE('',#5110);
#104=PLANE('',#5111);
#105=PLANE('',#5112);
#106=PLANE('',#5113);
#107=PLANE('',#5118);
#108=PLANE('',#5119);
#109=PLANE('',#5120);
#110=PLANE('',#5121);
#111=PLANE('',#5122);
#112=PLANE('',#5123);
#113=PLANE('',#5124);
#114=PLANE('',#5125);
#115=PLANE('',#5126);
#116=PLANE('',#5130);
#117=PLANE('',#5135);
#118=PLANE('',#5136);
#119=PLANE('',#5139);
#120=PLANE('',#5146);
#121=PLANE('',#5150);
#122=PLANE('',#5151);
#123=PLANE('',#5154);
#124=PLANE('',#5158);
#125=PLANE('',#5165);
#126=PLANE('',#5169);
#127=PLANE('',#5171);
#128=PLANE('',#5173);
#129=PLANE('',#5174);
#130=PLANE('',#5175);
#131=PLANE('',#5176);
#132=PLANE('',#5177);
#133=PLANE('',#5179);
#134=PLANE('',#5181);
#135=PLANE('',#5182);
#136=PLANE('',#5183);
#137=PLANE('',#5184);
#138=PLANE('',#5185);
#139=PLANE('',#5186);
#140=PLANE('',#5196);
#141=PLANE('',#5197);
#142=PLANE('',#5198);
#143=PLANE('',#5200);
#144=PLANE('',#5201);
#145=PLANE('',#5202);
#146=PLANE('',#5203);
#147=PLANE('',#5204);
#148=PLANE('',#5205);
#149=PLANE('',#5206);
#150=PLANE('',#5207);
#151=PLANE('',#5208);
#152=PLANE('',#5209);
#153=PLANE('',#5210);
#154=PLANE('',#5211);
#155=PLANE('',#5212);
#156=PLANE('',#5213);
#157=PLANE('',#5214);
#158=PLANE('',#5219);
#159=PLANE('',#5220);
#160=PLANE('',#5221);
#161=PLANE('',#5222);
#162=PLANE('',#5223);
#163=PLANE('',#5224);
#164=PLANE('',#5225);
#165=PLANE('',#5226);
#166=PLANE('',#5227);
#167=PLANE('',#5228);
#168=PLANE('',#5229);
#169=PLANE('',#5230);
#170=PLANE('',#5236);
#171=PLANE('',#5237);
#172=PLANE('',#5238);
#173=PLANE('',#5239);
#174=PLANE('',#5240);
#175=PLANE('',#5241);
#176=PLANE('',#5242);
#177=PLANE('',#5243);
#178=PLANE('',#5244);
#179=PLANE('',#5249);
#180=PLANE('',#5250);
#181=PLANE('',#5251);
#182=PLANE('',#5252);
#183=PLANE('',#5253);
#184=PLANE('',#5254);
#185=PLANE('',#5255);
#186=PLANE('',#5256);
#187=PLANE('',#5257);
#188=PLANE('',#5261);
#189=PLANE('',#5265);
#190=PLANE('',#5267);
#191=PLANE('',#5268);
#192=PLANE('',#5271);
#193=PLANE('',#5278);
#194=PLANE('',#5282);
#195=PLANE('',#5283);
#196=PLANE('',#5286);
#197=PLANE('',#5290);
#198=PLANE('',#5297);
#199=PLANE('',#5301);
#200=PLANE('',#5302);
#201=PLANE('',#5304);
#202=PLANE('',#5306);
#203=PLANE('',#5307);
#204=PLANE('',#5308);
#205=PLANE('',#5309);
#206=PLANE('',#5310);
#207=PLANE('',#5311);
#208=PLANE('',#5312);
#209=PLANE('',#5313);
#210=PLANE('',#5314);
#211=PLANE('',#5315);
#212=PLANE('',#5316);
#213=PLANE('',#5317);
#214=PLANE('',#5318);
#215=PLANE('',#5319);
#216=PLANE('',#5321);
#217=PLANE('',#5322);
#218=PLANE('',#5323);
#219=PLANE('',#5324);
#220=SPHERICAL_SURFACE('',#4917,20.);
#221=SPHERICAL_SURFACE('',#4919,20.);
#222=SPHERICAL_SURFACE('',#4958,20.);
#223=SPHERICAL_SURFACE('',#4991,20.);
#224=SPHERICAL_SURFACE('',#5048,19.9999999999992);
#225=SPHERICAL_SURFACE('',#5051,19.9999999999997);
#226=CIRCLE('',#4907,20.);
#227=CIRCLE('',#4909,20.);
#228=CIRCLE('',#4914,20.0000000000001);
#229=CIRCLE('',#4916,20.0000000000003);
#230=CIRCLE('',#4918,20.0000000000001);
#231=CIRCLE('',#4920,19.9999999999999);
#232=CIRCLE('',#4927,20.);
#233=CIRCLE('',#4932,20.);
#234=CIRCLE('',#4933,100.);
#235=CIRCLE('',#4934,80.);
#236=CIRCLE('',#4936,20.);
#237=CIRCLE('',#4938,399.999999999997);
#238=CIRCLE('',#4939,379.999999999997);
#239=CIRCLE('',#4943,20.0000000000002);
#240=CIRCLE('',#4945,20.);
#241=CIRCLE('',#4946,80.);
#242=CIRCLE('',#4947,100.);
#243=CIRCLE('',#4949,20.);
#244=CIRCLE('',#4951,379.999999999997);
#245=CIRCLE('',#4952,399.999999999997);
#246=CIRCLE('',#4954,399.999999999997);
#247=CIRCLE('',#4957,100.);
#248=CIRCLE('',#4959,19.9999999999994);
#249=CIRCLE('',#4960,20.);
#250=CIRCLE('',#4961,19.9999999999999);
#251=CIRCLE('',#4963,20.0000000000001);
#252=CIRCLE('',#4965,20.);
#253=CIRCLE('',#4966,80.);
#254=CIRCLE('',#4967,100.);
#255=CIRCLE('',#4969,20.);
#256=CIRCLE('',#4971,379.999999999997);
#257=CIRCLE('',#4972,399.999999999997);
#258=CIRCLE('',#4977,19.9999999999999);
#259=CIRCLE('',#4979,2829.03115354955);
#260=CIRCLE('',#4980,2809.03115354955);
#261=CIRCLE('',#4982,20.);
#262=CIRCLE('',#4983,379.999999999997);
#263=CIRCLE('',#4985,20.);
#264=CIRCLE('',#4987,19.9999999999998);
#265=CIRCLE('',#4988,80.);
#266=CIRCLE('',#4990,20.);
#267=CIRCLE('',#4992,20.);
#268=CIRCLE('',#4994,2809.03115354955);
#269=CIRCLE('',#4995,2829.03115354955);
#270=CIRCLE('',#4999,2809.03115354955);
#271=CIRCLE('',#5000,2829.03115354955);
#272=CIRCLE('',#5005,2809.03115354955);
#273=CIRCLE('',#5008,2829.03115354955);
#274=CIRCLE('',#5014,3009.03115354955);
#275=CIRCLE('',#5015,80.);
#276=CIRCLE('',#5016,299.999999999997);
#277=CIRCLE('',#5018,20.);
#278=CIRCLE('',#5020,20.0000000000004);
#279=CIRCLE('',#5024,19.9999999999997);
#280=CIRCLE('',#5025,20.);
#281=CIRCLE('',#5031,20.);
#282=CIRCLE('',#5032,20.0000000000001);
#283=CIRCLE('',#5036,20.0000000000001);
#284=CIRCLE('',#5037,20.);
#285=CIRCLE('',#5043,19.9999999999997);
#286=CIRCLE('',#5046,20.);
#287=CIRCLE('',#5049,19.9999999999999);
#288=CIRCLE('',#5050,19.9999999999992);
#289=CIRCLE('',#5052,20.);
#290=CIRCLE('',#5053,19.9999999999998);
#291=CIRCLE('',#5061,299.999999999997);
#292=CIRCLE('',#5067,299.999999999997);
#293=CIRCLE('',#5068,299.999999999997);
#294=CIRCLE('',#5070,299.999999999997);
#295=CIRCLE('',#5072,259.999999999997);
#296=CIRCLE('',#5073,259.999999999997);
#297=CIRCLE('',#5077,399.999999999997);
#298=CIRCLE('',#5090,299.999999999997);
#299=CIRCLE('',#5091,399.999999999997);
#300=CIRCLE('',#5093,299.999999999997);
#301=CIRCLE('',#5107,3009.03115354955);
#302=CIRCLE('',#5108,3009.03115354955);
#303=CIRCLE('',#5109,3009.03115354955);
#304=CIRCLE('',#5115,399.999999999997);
#305=CIRCLE('',#5117,399.999999999997);
#306=CIRCLE('',#5128,50.);
#307=CIRCLE('',#5129,50.);
#308=CIRCLE('',#5134,100.);
#309=CIRCLE('',#5137,80.);
#310=CIRCLE('',#5140,100.);
#311=CIRCLE('',#5142,100.);
#312=CIRCLE('',#5144,100.);
#313=CIRCLE('',#5145,100.);
#314=CIRCLE('',#5147,259.999999999997);
#315=CIRCLE('',#5149,259.999999999997);
#316=CIRCLE('',#5152,299.999999999997);
#317=CIRCLE('',#5155,175.);
#318=CIRCLE('',#5157,175.);
#319=CIRCLE('',#5159,175.);
#320=CIRCLE('',#5161,175.);
#321=CIRCLE('',#5163,300.);
#322=CIRCLE('',#5164,300.);
#323=CIRCLE('',#5167,100.);
#324=CIRCLE('',#5168,100.);
#325=CIRCLE('',#5170,399.999999999997);
#326=CIRCLE('',#5172,400.);
#327=CIRCLE('',#5178,100.);
#328=CIRCLE('',#5180,299.999999999997);
#329=CIRCLE('',#5188,299.999999999997);
#330=CIRCLE('',#5189,299.999999999997);
#331=CIRCLE('',#5191,299.999999999997);
#332=CIRCLE('',#5192,299.999999999997);
#333=CIRCLE('',#5194,259.999999999997);
#334=CIRCLE('',#5195,259.999999999997);
#335=CIRCLE('',#5199,399.999999999997);
#336=CIRCLE('',#5215,399.999999999997);
#337=CIRCLE('',#5216,299.999999999997);
#338=CIRCLE('',#5218,299.999999999997);
#339=CIRCLE('',#5232,3009.03115354955);
#340=CIRCLE('',#5233,3009.03115354955);
#341=CIRCLE('',#5234,3009.03115354955);
#342=CIRCLE('',#5235,3009.03115354955);
#343=CIRCLE('',#5246,399.999999999997);
#344=CIRCLE('',#5248,399.999999999997);
#345=CIRCLE('',#5259,50.);
#346=CIRCLE('',#5260,50.);
#347=CIRCLE('',#5266,80.);
#348=CIRCLE('',#5269,80.);
#349=CIRCLE('',#5272,100.);
#350=CIRCLE('',#5274,100.);
#351=CIRCLE('',#5276,100.);
#352=CIRCLE('',#5277,100.);
#353=CIRCLE('',#5279,259.999999999997);
#354=CIRCLE('',#5281,259.999999999997);
#355=CIRCLE('',#5284,299.999999999997);
#356=CIRCLE('',#5287,175.);
#357=CIRCLE('',#5289,175.);
#358=CIRCLE('',#5291,175.);
#359=CIRCLE('',#5293,175.);
#360=CIRCLE('',#5295,300.);
#361=CIRCLE('',#5296,300.);
#362=CIRCLE('',#5299,100.);
#363=CIRCLE('',#5300,100.);
#364=CIRCLE('',#5303,399.999999999997);
#365=CIRCLE('',#5305,400.);
#366=FACE_OUTER_BOUND('',#626,.T.);
#367=FACE_OUTER_BOUND('',#627,.T.);
#368=FACE_OUTER_BOUND('',#628,.T.);
#369=FACE_OUTER_BOUND('',#629,.T.);
#370=FACE_OUTER_BOUND('',#630,.T.);
#371=FACE_OUTER_BOUND('',#631,.T.);
#372=FACE_OUTER_BOUND('',#632,.T.);
#373=FACE_OUTER_BOUND('',#633,.T.);
#374=FACE_OUTER_BOUND('',#634,.T.);
#375=FACE_OUTER_BOUND('',#635,.T.);
#376=FACE_OUTER_BOUND('',#636,.T.);
#377=FACE_OUTER_BOUND('',#637,.T.);
#378=FACE_OUTER_BOUND('',#638,.T.);
#379=FACE_OUTER_BOUND('',#639,.T.);
#380=FACE_OUTER_BOUND('',#640,.T.);
#381=FACE_OUTER_BOUND('',#641,.T.);
#382=FACE_OUTER_BOUND('',#642,.T.);
#383=FACE_OUTER_BOUND('',#643,.T.);
#384=FACE_OUTER_BOUND('',#644,.T.);
#385=FACE_OUTER_BOUND('',#645,.T.);
#386=FACE_OUTER_BOUND('',#646,.T.);
#387=FACE_OUTER_BOUND('',#647,.T.);
#388=FACE_OUTER_BOUND('',#648,.T.);
#389=FACE_OUTER_BOUND('',#649,.T.);
#390=FACE_OUTER_BOUND('',#650,.T.);
#391=FACE_OUTER_BOUND('',#651,.T.);
#392=FACE_OUTER_BOUND('',#652,.T.);
#393=FACE_OUTER_BOUND('',#653,.T.);
#394=FACE_OUTER_BOUND('',#654,.T.);
#395=FACE_OUTER_BOUND('',#655,.T.);
#396=FACE_OUTER_BOUND('',#656,.T.);
#397=FACE_OUTER_BOUND('',#657,.T.);
#398=FACE_OUTER_BOUND('',#658,.T.);
#399=FACE_OUTER_BOUND('',#659,.T.);
#400=FACE_OUTER_BOUND('',#660,.T.);
#401=FACE_OUTER_BOUND('',#661,.T.);
#402=FACE_OUTER_BOUND('',#662,.T.);
#403=FACE_OUTER_BOUND('',#663,.T.);
#404=FACE_OUTER_BOUND('',#664,.T.);
#405=FACE_OUTER_BOUND('',#665,.T.);
#406=FACE_OUTER_BOUND('',#666,.T.);
#407=FACE_OUTER_BOUND('',#667,.T.);
#408=FACE_OUTER_BOUND('',#668,.T.);
#409=FACE_OUTER_BOUND('',#669,.T.);
#410=FACE_OUTER_BOUND('',#670,.T.);
#411=FACE_OUTER_BOUND('',#671,.T.);
#412=FACE_OUTER_BOUND('',#672,.T.);
#413=FACE_OUTER_BOUND('',#673,.T.);
#414=FACE_OUTER_BOUND('',#674,.T.);
#415=FACE_OUTER_BOUND('',#675,.T.);
#416=FACE_OUTER_BOUND('',#676,.T.);
#417=FACE_OUTER_BOUND('',#677,.T.);
#418=FACE_OUTER_BOUND('',#678,.T.);
#419=FACE_OUTER_BOUND('',#679,.T.);
#420=FACE_OUTER_BOUND('',#680,.T.);
#421=FACE_OUTER_BOUND('',#681,.T.);
#422=FACE_OUTER_BOUND('',#682,.T.);
#423=FACE_OUTER_BOUND('',#683,.T.);
#424=FACE_OUTER_BOUND('',#684,.T.);
#425=FACE_OUTER_BOUND('',#685,.T.);
#426=FACE_OUTER_BOUND('',#686,.T.);
#427=FACE_OUTER_BOUND('',#687,.T.);
#428=FACE_OUTER_BOUND('',#688,.T.);
#429=FACE_OUTER_BOUND('',#689,.T.);
#430=FACE_OUTER_BOUND('',#690,.T.);
#431=FACE_OUTER_BOUND('',#691,.T.);
#432=FACE_OUTER_BOUND('',#692,.T.);
#433=FACE_OUTER_BOUND('',#693,.T.);
#434=FACE_OUTER_BOUND('',#694,.T.);
#435=FACE_OUTER_BOUND('',#695,.T.);
#436=FACE_OUTER_BOUND('',#696,.T.);
#437=FACE_OUTER_BOUND('',#697,.T.);
#438=FACE_OUTER_BOUND('',#698,.T.);
#439=FACE_OUTER_BOUND('',#699,.T.);
#440=FACE_OUTER_BOUND('',#700,.T.);
#441=FACE_OUTER_BOUND('',#701,.T.);
#442=FACE_OUTER_BOUND('',#702,.T.);
#443=FACE_OUTER_BOUND('',#703,.T.);
#444=FACE_OUTER_BOUND('',#704,.T.);
#445=FACE_OUTER_BOUND('',#705,.T.);
#446=FACE_OUTER_BOUND('',#706,.T.);
#447=FACE_OUTER_BOUND('',#707,.T.);
#448=FACE_OUTER_BOUND('',#708,.T.);
#449=FACE_OUTER_BOUND('',#709,.T.);
#450=FACE_OUTER_BOUND('',#710,.T.);
#451=FACE_OUTER_BOUND('',#711,.T.);
#452=FACE_OUTER_BOUND('',#712,.T.);
#453=FACE_OUTER_BOUND('',#713,.T.);
#454=FACE_OUTER_BOUND('',#714,.T.);
#455=FACE_OUTER_BOUND('',#715,.T.);
#456=FACE_OUTER_BOUND('',#716,.T.);
#457=FACE_OUTER_BOUND('',#717,.T.);
#458=FACE_OUTER_BOUND('',#718,.T.);
#459=FACE_OUTER_BOUND('',#719,.T.);
#460=FACE_OUTER_BOUND('',#720,.T.);
#461=FACE_OUTER_BOUND('',#721,.T.);
#462=FACE_OUTER_BOUND('',#722,.T.);
#463=FACE_OUTER_BOUND('',#723,.T.);
#464=FACE_OUTER_BOUND('',#724,.T.);
#465=FACE_OUTER_BOUND('',#725,.T.);
#466=FACE_OUTER_BOUND('',#726,.T.);
#467=FACE_OUTER_BOUND('',#727,.T.);
#468=FACE_OUTER_BOUND('',#728,.T.);
#469=FACE_OUTER_BOUND('',#729,.T.);
#470=FACE_OUTER_BOUND('',#730,.T.);
#471=FACE_OUTER_BOUND('',#731,.T.);
#472=FACE_OUTER_BOUND('',#732,.T.);
#473=FACE_OUTER_BOUND('',#733,.T.);
#474=FACE_OUTER_BOUND('',#734,.T.);
#475=FACE_OUTER_BOUND('',#735,.T.);
#476=FACE_OUTER_BOUND('',#736,.T.);
#477=FACE_OUTER_BOUND('',#737,.T.);
#478=FACE_OUTER_BOUND('',#738,.T.);
#479=FACE_OUTER_BOUND('',#739,.T.);
#480=FACE_OUTER_BOUND('',#740,.T.);
#481=FACE_OUTER_BOUND('',#741,.T.);
#482=FACE_OUTER_BOUND('',#742,.T.);
#483=FACE_OUTER_BOUND('',#743,.T.);
#484=FACE_OUTER_BOUND('',#744,.T.);
#485=FACE_OUTER_BOUND('',#745,.T.);
#486=FACE_OUTER_BOUND('',#746,.T.);
#487=FACE_OUTER_BOUND('',#747,.T.);
#488=FACE_OUTER_BOUND('',#748,.T.);
#489=FACE_OUTER_BOUND('',#749,.T.);
#490=FACE_OUTER_BOUND('',#750,.T.);
#491=FACE_OUTER_BOUND('',#751,.T.);
#492=FACE_OUTER_BOUND('',#752,.T.);
#493=FACE_OUTER_BOUND('',#753,.T.);
#494=FACE_OUTER_BOUND('',#754,.T.);
#495=FACE_OUTER_BOUND('',#755,.T.);
#496=FACE_OUTER_BOUND('',#756,.T.);
#497=FACE_OUTER_BOUND('',#757,.T.);
#498=FACE_OUTER_BOUND('',#758,.T.);
#499=FACE_OUTER_BOUND('',#759,.T.);
#500=FACE_OUTER_BOUND('',#760,.T.);
#501=FACE_OUTER_BOUND('',#761,.T.);
#502=FACE_OUTER_BOUND('',#762,.T.);
#503=FACE_OUTER_BOUND('',#763,.T.);
#504=FACE_OUTER_BOUND('',#764,.T.);
#505=FACE_OUTER_BOUND('',#765,.T.);
#506=FACE_OUTER_BOUND('',#766,.T.);
#507=FACE_OUTER_BOUND('',#768,.T.);
#508=FACE_OUTER_BOUND('',#769,.T.);
#509=FACE_OUTER_BOUND('',#771,.T.);
#510=FACE_OUTER_BOUND('',#772,.T.);
#511=FACE_OUTER_BOUND('',#773,.T.);
#512=FACE_OUTER_BOUND('',#774,.T.);
#513=FACE_OUTER_BOUND('',#775,.T.);
#514=FACE_OUTER_BOUND('',#778,.T.);
#515=FACE_OUTER_BOUND('',#781,.T.);
#516=FACE_OUTER_BOUND('',#782,.T.);
#517=FACE_OUTER_BOUND('',#784,.T.);
#518=FACE_OUTER_BOUND('',#785,.T.);
#519=FACE_OUTER_BOUND('',#786,.T.);
#520=FACE_OUTER_BOUND('',#787,.T.);
#521=FACE_OUTER_BOUND('',#788,.T.);
#522=FACE_OUTER_BOUND('',#789,.T.);
#523=FACE_OUTER_BOUND('',#790,.T.);
#524=FACE_OUTER_BOUND('',#791,.T.);
#525=FACE_OUTER_BOUND('',#792,.T.);
#526=FACE_OUTER_BOUND('',#793,.T.);
#527=FACE_OUTER_BOUND('',#794,.T.);
#528=FACE_OUTER_BOUND('',#795,.T.);
#529=FACE_OUTER_BOUND('',#796,.T.);
#530=FACE_OUTER_BOUND('',#797,.T.);
#531=FACE_OUTER_BOUND('',#798,.T.);
#532=FACE_OUTER_BOUND('',#799,.T.);
#533=FACE_OUTER_BOUND('',#800,.T.);
#534=FACE_OUTER_BOUND('',#801,.T.);
#535=FACE_OUTER_BOUND('',#802,.T.);
#536=FACE_OUTER_BOUND('',#803,.T.);
#537=FACE_OUTER_BOUND('',#804,.T.);
#538=FACE_OUTER_BOUND('',#805,.T.);
#539=FACE_OUTER_BOUND('',#806,.T.);
#540=FACE_OUTER_BOUND('',#807,.T.);
#541=FACE_OUTER_BOUND('',#808,.T.);
#542=FACE_OUTER_BOUND('',#809,.T.);
#543=FACE_OUTER_BOUND('',#810,.T.);
#544=FACE_OUTER_BOUND('',#811,.T.);
#545=FACE_OUTER_BOUND('',#812,.T.);
#546=FACE_OUTER_BOUND('',#813,.T.);
#547=FACE_OUTER_BOUND('',#814,.T.);
#548=FACE_OUTER_BOUND('',#815,.T.);
#549=FACE_OUTER_BOUND('',#816,.T.);
#550=FACE_OUTER_BOUND('',#817,.T.);
#551=FACE_OUTER_BOUND('',#818,.T.);
#552=FACE_OUTER_BOUND('',#819,.T.);
#553=FACE_OUTER_BOUND('',#820,.T.);
#554=FACE_OUTER_BOUND('',#821,.T.);
#555=FACE_OUTER_BOUND('',#822,.T.);
#556=FACE_OUTER_BOUND('',#823,.T.);
#557=FACE_OUTER_BOUND('',#824,.T.);
#558=FACE_OUTER_BOUND('',#825,.T.);
#559=FACE_OUTER_BOUND('',#826,.T.);
#560=FACE_OUTER_BOUND('',#827,.T.);
#561=FACE_OUTER_BOUND('',#828,.T.);
#562=FACE_OUTER_BOUND('',#829,.T.);
#563=FACE_OUTER_BOUND('',#830,.T.);
#564=FACE_OUTER_BOUND('',#831,.T.);
#565=FACE_OUTER_BOUND('',#832,.T.);
#566=FACE_OUTER_BOUND('',#833,.T.);
#567=FACE_OUTER_BOUND('',#834,.T.);
#568=FACE_OUTER_BOUND('',#835,.T.);
#569=FACE_OUTER_BOUND('',#836,.T.);
#570=FACE_OUTER_BOUND('',#837,.T.);
#571=FACE_OUTER_BOUND('',#838,.T.);
#572=FACE_OUTER_BOUND('',#839,.T.);
#573=FACE_OUTER_BOUND('',#840,.T.);
#574=FACE_OUTER_BOUND('',#841,.T.);
#575=FACE_OUTER_BOUND('',#842,.T.);
#576=FACE_OUTER_BOUND('',#843,.T.);
#577=FACE_OUTER_BOUND('',#844,.T.);
#578=FACE_OUTER_BOUND('',#845,.T.);
#579=FACE_OUTER_BOUND('',#846,.T.);
#580=FACE_OUTER_BOUND('',#847,.T.);
#581=FACE_OUTER_BOUND('',#848,.T.);
#582=FACE_OUTER_BOUND('',#849,.T.);
#583=FACE_OUTER_BOUND('',#850,.T.);
#584=FACE_OUTER_BOUND('',#851,.T.);
#585=FACE_OUTER_BOUND('',#852,.T.);
#586=FACE_OUTER_BOUND('',#853,.T.);
#587=FACE_OUTER_BOUND('',#854,.T.);
#588=FACE_OUTER_BOUND('',#855,.T.);
#589=FACE_OUTER_BOUND('',#856,.T.);
#590=FACE_OUTER_BOUND('',#857,.T.);
#591=FACE_OUTER_BOUND('',#858,.T.);
#592=FACE_OUTER_BOUND('',#859,.T.);
#593=FACE_OUTER_BOUND('',#860,.T.);
#594=FACE_OUTER_BOUND('',#861,.T.);
#595=FACE_OUTER_BOUND('',#862,.T.);
#596=FACE_OUTER_BOUND('',#863,.T.);
#597=FACE_OUTER_BOUND('',#864,.T.);
#598=FACE_OUTER_BOUND('',#866,.T.);
#599=FACE_OUTER_BOUND('',#867,.T.);
#600=FACE_OUTER_BOUND('',#869,.T.);
#601=FACE_OUTER_BOUND('',#870,.T.);
#602=FACE_OUTER_BOUND('',#871,.T.);
#603=FACE_OUTER_BOUND('',#872,.T.);
#604=FACE_OUTER_BOUND('',#873,.T.);
#605=FACE_OUTER_BOUND('',#874,.T.);
#606=FACE_OUTER_BOUND('',#877,.T.);
#607=FACE_OUTER_BOUND('',#880,.T.);
#608=FACE_OUTER_BOUND('',#881,.T.);
#609=FACE_OUTER_BOUND('',#883,.T.);
#610=FACE_OUTER_BOUND('',#884,.T.);
#611=FACE_OUTER_BOUND('',#885,.T.);
#612=FACE_OUTER_BOUND('',#886,.T.);
#613=FACE_OUTER_BOUND('',#887,.T.);
#614=FACE_OUTER_BOUND('',#888,.T.);
#615=FACE_OUTER_BOUND('',#889,.T.);
#616=FACE_OUTER_BOUND('',#890,.T.);
#617=FACE_OUTER_BOUND('',#891,.T.);
#618=FACE_OUTER_BOUND('',#892,.T.);
#619=FACE_OUTER_BOUND('',#893,.T.);
#620=FACE_OUTER_BOUND('',#894,.T.);
#621=FACE_OUTER_BOUND('',#895,.T.);
#622=FACE_OUTER_BOUND('',#896,.T.);
#623=FACE_OUTER_BOUND('',#897,.T.);
#624=FACE_OUTER_BOUND('',#898,.T.);
#625=FACE_OUTER_BOUND('',#899,.T.);
#626=EDGE_LOOP('',(#3142,#3143,#3144,#3145));
#627=EDGE_LOOP('',(#3146,#3147,#3148,#3149));
#628=EDGE_LOOP('',(#3150,#3151,#3152,#3153));
#629=EDGE_LOOP('',(#3154,#3155,#3156,#3157));
#630=EDGE_LOOP('',(#3158,#3159,#3160,#3161));
#631=EDGE_LOOP('',(#3162,#3163,#3164,#3165));
#632=EDGE_LOOP('',(#3166,#3167,#3168));
#633=EDGE_LOOP('',(#3169,#3170,#3171));
#634=EDGE_LOOP('',(#3172,#3173,#3174,#3175));
#635=EDGE_LOOP('',(#3176,#3177,#3178,#3179,#3180,#3181,#3182,#3183,#3184,
#3185,#3186,#3187));
#636=EDGE_LOOP('',(#3188,#3189,#3190,#3191,#3192,#3193));
#637=EDGE_LOOP('',(#3194,#3195,#3196,#3197));
#638=EDGE_LOOP('',(#3198,#3199,#3200,#3201,#3202));
#639=EDGE_LOOP('',(#3203,#3204,#3205,#3206));
#640=EDGE_LOOP('',(#3207,#3208,#3209,#3210));
#641=EDGE_LOOP('',(#3211,#3212,#3213,#3214));
#642=EDGE_LOOP('',(#3215,#3216,#3217,#3218));
#643=EDGE_LOOP('',(#3219,#3220,#3221,#3222,#3223,#3224,#3225,#3226,#3227,
#3228,#3229,#3230,#3231,#3232,#3233,#3234,#3235,#3236));
#644=EDGE_LOOP('',(#3237,#3238,#3239,#3240,#3241));
#645=EDGE_LOOP('',(#3242,#3243,#3244,#3245));
#646=EDGE_LOOP('',(#3246,#3247,#3248,#3249));
#647=EDGE_LOOP('',(#3250,#3251,#3252,#3253));
#648=EDGE_LOOP('',(#3254,#3255,#3256,#3257));
#649=EDGE_LOOP('',(#3258,#3259,#3260,#3261));
#650=EDGE_LOOP('',(#3262,#3263,#3264,#3265));
#651=EDGE_LOOP('',(#3266,#3267,#3268));
#652=EDGE_LOOP('',(#3269,#3270,#3271,#3272));
#653=EDGE_LOOP('',(#3273,#3274,#3275,#3276));
#654=EDGE_LOOP('',(#3277,#3278,#3279,#3280));
#655=EDGE_LOOP('',(#3281,#3282,#3283,#3284));
#656=EDGE_LOOP('',(#3285,#3286,#3287,#3288));
#657=EDGE_LOOP('',(#3289,#3290,#3291,#3292));
#658=EDGE_LOOP('',(#3293,#3294,#3295,#3296));
#659=EDGE_LOOP('',(#3297,#3298,#3299,#3300));
#660=EDGE_LOOP('',(#3301,#3302,#3303,#3304));
#661=EDGE_LOOP('',(#3305,#3306,#3307,#3308));
#662=EDGE_LOOP('',(#3309,#3310,#3311,#3312));
#663=EDGE_LOOP('',(#3313,#3314,#3315,#3316));
#664=EDGE_LOOP('',(#3317,#3318,#3319,#3320));
#665=EDGE_LOOP('',(#3321,#3322,#3323));
#666=EDGE_LOOP('',(#3324,#3325,#3326,#3327,#3328));
#667=EDGE_LOOP('',(#3329,#3330,#3331,#3332));
#668=EDGE_LOOP('',(#3333,#3334,#3335,#3336,#3337));
#669=EDGE_LOOP('',(#3338,#3339,#3340,#3341));
#670=EDGE_LOOP('',(#3342,#3343,#3344,#3345));
#671=EDGE_LOOP('',(#3346,#3347,#3348,#3349,#3350,#3351,#3352,#3353));
#672=EDGE_LOOP('',(#3354,#3355,#3356,#3357,#3358,#3359,#3360,#3361));
#673=EDGE_LOOP('',(#3362,#3363,#3364,#3365));
#674=EDGE_LOOP('',(#3366,#3367,#3368,#3369));
#675=EDGE_LOOP('',(#3370,#3371,#3372,#3373));
#676=EDGE_LOOP('',(#3374,#3375,#3376,#3377,#3378,#3379,#3380,#3381,#3382,
#3383,#3384,#3385,#3386,#3387,#3388,#3389));
#677=EDGE_LOOP('',(#3390,#3391,#3392,#3393));
#678=EDGE_LOOP('',(#3394,#3395,#3396,#3397));
#679=EDGE_LOOP('',(#3398,#3399,#3400,#3401));
#680=EDGE_LOOP('',(#3402,#3403,#3404,#3405));
#681=EDGE_LOOP('',(#3406,#3407,#3408,#3409));
#682=EDGE_LOOP('',(#3410,#3411,#3412,#3413));
#683=EDGE_LOOP('',(#3414,#3415,#3416,#3417));
#684=EDGE_LOOP('',(#3418,#3419,#3420,#3421));
#685=EDGE_LOOP('',(#3422,#3423,#3424,#3425));
#686=EDGE_LOOP('',(#3426,#3427,#3428,#3429));
#687=EDGE_LOOP('',(#3430,#3431,#3432,#3433));
#688=EDGE_LOOP('',(#3434,#3435,#3436,#3437));
#689=EDGE_LOOP('',(#3438,#3439,#3440,#3441));
#690=EDGE_LOOP('',(#3442,#3443,#3444,#3445));
#691=EDGE_LOOP('',(#3446,#3447,#3448,#3449,#3450,#3451,#3452,#3453,#3454,
#3455));
#692=EDGE_LOOP('',(#3456,#3457,#3458));
#693=EDGE_LOOP('',(#3459,#3460,#3461));
#694=EDGE_LOOP('',(#3462,#3463,#3464,#3465));
#695=EDGE_LOOP('',(#3466,#3467,#3468,#3469));
#696=EDGE_LOOP('',(#3470,#3471,#3472,#3473));
#697=EDGE_LOOP('',(#3474,#3475,#3476,#3477));
#698=EDGE_LOOP('',(#3478,#3479,#3480,#3481));
#699=EDGE_LOOP('',(#3482,#3483,#3484,#3485,#3486,#3487,#3488,#3489));
#700=EDGE_LOOP('',(#3490,#3491,#3492,#3493,#3494,#3495,#3496));
#701=EDGE_LOOP('',(#3497,#3498,#3499,#3500));
#702=EDGE_LOOP('',(#3501,#3502,#3503,#3504));
#703=EDGE_LOOP('',(#3505,#3506,#3507,#3508));
#704=EDGE_LOOP('',(#3509,#3510,#3511,#3512));
#705=EDGE_LOOP('',(#3513,#3514,#3515,#3516));
#706=EDGE_LOOP('',(#3517,#3518,#3519,#3520));
#707=EDGE_LOOP('',(#3521,#3522,#3523,#3524));
#708=EDGE_LOOP('',(#3525,#3526,#3527,#3528));
#709=EDGE_LOOP('',(#3529,#3530,#3531,#3532));
#710=EDGE_LOOP('',(#3533,#3534,#3535,#3536,#3537,#3538));
#711=EDGE_LOOP('',(#3539,#3540,#3541,#3542));
#712=EDGE_LOOP('',(#3543,#3544,#3545,#3546));
#713=EDGE_LOOP('',(#3547,#3548,#3549,#3550));
#714=EDGE_LOOP('',(#3551,#3552,#3553,#3554));
#715=EDGE_LOOP('',(#3555,#3556,#3557,#3558));
#716=EDGE_LOOP('',(#3559,#3560,#3561,#3562));
#717=EDGE_LOOP('',(#3563,#3564,#3565,#3566));
#718=EDGE_LOOP('',(#3567,#3568,#3569,#3570));
#719=EDGE_LOOP('',(#3571,#3572,#3573,#3574));
#720=EDGE_LOOP('',(#3575,#3576,#3577,#3578));
#721=EDGE_LOOP('',(#3579,#3580,#3581,#3582));
#722=EDGE_LOOP('',(#3583,#3584,#3585,#3586));
#723=EDGE_LOOP('',(#3587,#3588,#3589,#3590));
#724=EDGE_LOOP('',(#3591,#3592,#3593,#3594));
#725=EDGE_LOOP('',(#3595,#3596,#3597,#3598));
#726=EDGE_LOOP('',(#3599,#3600,#3601,#3602));
#727=EDGE_LOOP('',(#3603,#3604,#3605,#3606));
#728=EDGE_LOOP('',(#3607,#3608,#3609,#3610));
#729=EDGE_LOOP('',(#3611,#3612,#3613,#3614,#3615));
#730=EDGE_LOOP('',(#3616,#3617,#3618,#3619));
#731=EDGE_LOOP('',(#3620,#3621,#3622,#3623));
#732=EDGE_LOOP('',(#3624,#3625,#3626,#3627));
#733=EDGE_LOOP('',(#3628,#3629,#3630,#3631,#3632,#3633));
#734=EDGE_LOOP('',(#3634,#3635,#3636,#3637,#3638,#3639));
#735=EDGE_LOOP('',(#3640,#3641,#3642,#3643));
#736=EDGE_LOOP('',(#3644,#3645,#3646,#3647,#3648,#3649,#3650,#3651));
#737=EDGE_LOOP('',(#3652,#3653,#3654,#3655));
#738=EDGE_LOOP('',(#3656,#3657,#3658,#3659));
#739=EDGE_LOOP('',(#3660,#3661,#3662,#3663));
#740=EDGE_LOOP('',(#3664,#3665,#3666,#3667));
#741=EDGE_LOOP('',(#3668,#3669,#3670,#3671));
#742=EDGE_LOOP('',(#3672,#3673,#3674,#3675));
#743=EDGE_LOOP('',(#3676,#3677,#3678,#3679));
#744=EDGE_LOOP('',(#3680,#3681,#3682,#3683,#3684,#3685,#3686,#3687,#3688,
#3689));
#745=EDGE_LOOP('',(#3690,#3691,#3692,#3693,#3694,#3695,#3696,#3697));
#746=EDGE_LOOP('',(#3698,#3699,#3700,#3701));
#747=EDGE_LOOP('',(#3702,#3703,#3704,#3705,#3706,#3707,#3708,#3709));
#748=EDGE_LOOP('',(#3710,#3711,#3712,#3713));
#749=EDGE_LOOP('',(#3714,#3715,#3716,#3717,#3718,#3719,#3720,#3721));
#750=EDGE_LOOP('',(#3722,#3723,#3724,#3725));
#751=EDGE_LOOP('',(#3726,#3727,#3728,#3729,#3730,#3731,#3732,#3733));
#752=EDGE_LOOP('',(#3734,#3735,#3736,#3737));
#753=EDGE_LOOP('',(#3738,#3739,#3740,#3741,#3742));
#754=EDGE_LOOP('',(#3743,#3744,#3745,#3746,#3747));
#755=EDGE_LOOP('',(#3748,#3749,#3750,#3751,#3752,#3753,#3754,#3755));
#756=EDGE_LOOP('',(#3756,#3757,#3758,#3759));
#757=EDGE_LOOP('',(#3760,#3761,#3762,#3763));
#758=EDGE_LOOP('',(#3764));
#759=EDGE_LOOP('',(#3765,#3766,#3767,#3768));
#760=EDGE_LOOP('',(#3769,#3770,#3771,#3772));
#761=EDGE_LOOP('',(#3773,#3774,#3775,#3776,#3777,#3778,#3779,#3780,#3781,
#3782,#3783,#3784,#3785,#3786,#3787,#3788,#3789,#3790,#3791,#3792,#3793,
#3794,#3795,#3796,#3797,#3798,#3799,#3800,#3801,#3802,#3803,#3804,#3805,
#3806,#3807,#3808,#3809,#3810,#3811));
#762=EDGE_LOOP('',(#3812,#3813,#3814,#3815));
#763=EDGE_LOOP('',(#3816,#3817,#3818,#3819));
#764=EDGE_LOOP('',(#3820,#3821,#3822,#3823,#3824));
#765=EDGE_LOOP('',(#3825,#3826,#3827,#3828));
#766=EDGE_LOOP('',(#3829));
#767=EDGE_LOOP('',(#3830));
#768=EDGE_LOOP('',(#3831,#3832,#3833,#3834));
#769=EDGE_LOOP('',(#3835));
#770=EDGE_LOOP('',(#3836));
#771=EDGE_LOOP('',(#3837,#3838,#3839,#3840));
#772=EDGE_LOOP('',(#3841,#3842,#3843,#3844));
#773=EDGE_LOOP('',(#3845,#3846,#3847,#3848));
#774=EDGE_LOOP('',(#3849,#3850,#3851,#3852));
#775=EDGE_LOOP('',(#3853,#3854,#3855,#3856,#3857,#3858,#3859));
#776=EDGE_LOOP('',(#3860));
#777=EDGE_LOOP('',(#3861));
#778=EDGE_LOOP('',(#3862,#3863,#3864,#3865,#3866,#3867,#3868,#3869));
#779=EDGE_LOOP('',(#3870));
#780=EDGE_LOOP('',(#3871));
#781=EDGE_LOOP('',(#3872,#3873,#3874,#3875));
#782=EDGE_LOOP('',(#3876,#3877,#3878,#3879,#3880,#3881,#3882,#3883,#3884,
#3885,#3886,#3887,#3888,#3889,#3890,#3891,#3892,#3893));
#783=EDGE_LOOP('',(#3894));
#784=EDGE_LOOP('',(#3895,#3896,#3897,#3898,#3899,#3900));
#785=EDGE_LOOP('',(#3901,#3902,#3903,#3904,#3905,#3906,#3907,#3908));
#786=EDGE_LOOP('',(#3909,#3910,#3911,#3912,#3913,#3914,#3915,#3916,#3917,
#3918,#3919,#3920));
#787=EDGE_LOOP('',(#3921,#3922,#3923,#3924,#3925,#3926,#3927));
#788=EDGE_LOOP('',(#3928,#3929,#3930,#3931));
#789=EDGE_LOOP('',(#3932,#3933,#3934,#3935));
#790=EDGE_LOOP('',(#3936,#3937,#3938,#3939));
#791=EDGE_LOOP('',(#3940,#3941,#3942,#3943,#3944,#3945,#3946,#3947,#3948,
#3949,#3950,#3951));
#792=EDGE_LOOP('',(#3952,#3953,#3954,#3955));
#793=EDGE_LOOP('',(#3956,#3957,#3958,#3959,#3960,#3961,#3962,#3963,#3964,
#3965,#3966,#3967));
#794=EDGE_LOOP('',(#3968,#3969,#3970,#3971));
#795=EDGE_LOOP('',(#3972,#3973,#3974,#3975));
#796=EDGE_LOOP('',(#3976,#3977,#3978,#3979));
#797=EDGE_LOOP('',(#3980,#3981,#3982,#3983));
#798=EDGE_LOOP('',(#3984,#3985,#3986,#3987));
#799=EDGE_LOOP('',(#3988,#3989,#3990,#3991,#3992,#3993));
#800=EDGE_LOOP('',(#3994,#3995,#3996,#3997));
#801=EDGE_LOOP('',(#3998,#3999,#4000,#4001));
#802=EDGE_LOOP('',(#4002,#4003,#4004,#4005));
#803=EDGE_LOOP('',(#4006,#4007,#4008,#4009));
#804=EDGE_LOOP('',(#4010,#4011,#4012,#4013));
#805=EDGE_LOOP('',(#4014,#4015,#4016,#4017));
#806=EDGE_LOOP('',(#4018,#4019,#4020,#4021,#4022,#4023,#4024,#4025,#4026,
#4027,#4028,#4029));
#807=EDGE_LOOP('',(#4030,#4031,#4032,#4033));
#808=EDGE_LOOP('',(#4034,#4035,#4036,#4037));
#809=EDGE_LOOP('',(#4038,#4039,#4040,#4041));
#810=EDGE_LOOP('',(#4042,#4043,#4044,#4045));
#811=EDGE_LOOP('',(#4046,#4047,#4048,#4049,#4050,#4051,#4052,#4053,#4054,
#4055,#4056,#4057));
#812=EDGE_LOOP('',(#4058,#4059,#4060,#4061));
#813=EDGE_LOOP('',(#4062,#4063,#4064,#4065,#4066,#4067,#4068,#4069,#4070,
#4071,#4072,#4073));
#814=EDGE_LOOP('',(#4074,#4075,#4076,#4077));
#815=EDGE_LOOP('',(#4078,#4079,#4080,#4081));
#816=EDGE_LOOP('',(#4082,#4083,#4084,#4085));
#817=EDGE_LOOP('',(#4086,#4087,#4088,#4089));
#818=EDGE_LOOP('',(#4090,#4091,#4092,#4093));
#819=EDGE_LOOP('',(#4094,#4095,#4096,#4097));
#820=EDGE_LOOP('',(#4098,#4099,#4100,#4101));
#821=EDGE_LOOP('',(#4102,#4103,#4104,#4105,#4106));
#822=EDGE_LOOP('',(#4107,#4108,#4109,#4110));
#823=EDGE_LOOP('',(#4111,#4112,#4113,#4114));
#824=EDGE_LOOP('',(#4115,#4116,#4117,#4118));
#825=EDGE_LOOP('',(#4119,#4120,#4121,#4122,#4123,#4124));
#826=EDGE_LOOP('',(#4125,#4126,#4127,#4128,#4129,#4130));
#827=EDGE_LOOP('',(#4131,#4132,#4133,#4134));
#828=EDGE_LOOP('',(#4135,#4136,#4137,#4138,#4139,#4140,#4141,#4142));
#829=EDGE_LOOP('',(#4143,#4144,#4145,#4146));
#830=EDGE_LOOP('',(#4147,#4148,#4149,#4150));
#831=EDGE_LOOP('',(#4151,#4152,#4153,#4154));
#832=EDGE_LOOP('',(#4155,#4156,#4157,#4158));
#833=EDGE_LOOP('',(#4159,#4160,#4161,#4162));
#834=EDGE_LOOP('',(#4163,#4164,#4165,#4166));
#835=EDGE_LOOP('',(#4167,#4168,#4169,#4170,#4171,#4172));
#836=EDGE_LOOP('',(#4173,#4174,#4175,#4176));
#837=EDGE_LOOP('',(#4177,#4178,#4179,#4180));
#838=EDGE_LOOP('',(#4181,#4182,#4183,#4184));
#839=EDGE_LOOP('',(#4185,#4186,#4187,#4188));
#840=EDGE_LOOP('',(#4189,#4190,#4191,#4192));
#841=EDGE_LOOP('',(#4193,#4194,#4195,#4196,#4197,#4198,#4199,#4200,#4201,
#4202));
#842=EDGE_LOOP('',(#4203,#4204,#4205,#4206,#4207,#4208,#4209,#4210));
#843=EDGE_LOOP('',(#4211,#4212,#4213,#4214));
#844=EDGE_LOOP('',(#4215,#4216,#4217,#4218,#4219,#4220,#4221,#4222));
#845=EDGE_LOOP('',(#4223,#4224,#4225,#4226));
#846=EDGE_LOOP('',(#4227,#4228,#4229,#4230,#4231,#4232,#4233,#4234));
#847=EDGE_LOOP('',(#4235,#4236,#4237,#4238));
#848=EDGE_LOOP('',(#4239,#4240,#4241,#4242,#4243,#4244,#4245,#4246));
#849=EDGE_LOOP('',(#4247,#4248,#4249,#4250));
#850=EDGE_LOOP('',(#4251,#4252,#4253,#4254,#4255));
#851=EDGE_LOOP('',(#4256,#4257,#4258,#4259,#4260));
#852=EDGE_LOOP('',(#4261,#4262,#4263,#4264,#4265,#4266,#4267,#4268,#4269,
#4270,#4271,#4272,#4273,#4274,#4275,#4276));
#853=EDGE_LOOP('',(#4277,#4278,#4279,#4280,#4281,#4282,#4283,#4284));
#854=EDGE_LOOP('',(#4285,#4286,#4287,#4288));
#855=EDGE_LOOP('',(#4289,#4290,#4291,#4292));
#856=EDGE_LOOP('',(#4293));
#857=EDGE_LOOP('',(#4294,#4295,#4296,#4297));
#858=EDGE_LOOP('',(#4298,#4299,#4300,#4301));
#859=EDGE_LOOP('',(#4302,#4303,#4304,#4305,#4306,#4307,#4308,#4309,#4310,
#4311,#4312,#4313,#4314,#4315,#4316,#4317,#4318,#4319,#4320,#4321,#4322,
#4323,#4324,#4325,#4326,#4327,#4328,#4329,#4330,#4331,#4332,#4333,#4334,
#4335,#4336,#4337,#4338,#4339,#4340));
#860=EDGE_LOOP('',(#4341,#4342,#4343,#4344));
#861=EDGE_LOOP('',(#4345,#4346,#4347,#4348));
#862=EDGE_LOOP('',(#4349,#4350,#4351,#4352,#4353));
#863=EDGE_LOOP('',(#4354,#4355,#4356,#4357));
#864=EDGE_LOOP('',(#4358));
#865=EDGE_LOOP('',(#4359));
#866=EDGE_LOOP('',(#4360,#4361,#4362,#4363));
#867=EDGE_LOOP('',(#4364));
#868=EDGE_LOOP('',(#4365));
#869=EDGE_LOOP('',(#4366,#4367,#4368,#4369));
#870=EDGE_LOOP('',(#4370,#4371,#4372,#4373));
#871=EDGE_LOOP('',(#4374,#4375,#4376,#4377));
#872=EDGE_LOOP('',(#4378,#4379,#4380,#4381));
#873=EDGE_LOOP('',(#4382,#4383,#4384,#4385,#4386,#4387,#4388,#4389,#4390,
#4391,#4392,#4393,#4394,#4395,#4396,#4397));
#874=EDGE_LOOP('',(#4398,#4399,#4400,#4401,#4402,#4403,#4404));
#875=EDGE_LOOP('',(#4405));
#876=EDGE_LOOP('',(#4406));
#877=EDGE_LOOP('',(#4407,#4408,#4409,#4410,#4411,#4412,#4413,#4414));
#878=EDGE_LOOP('',(#4415));
#879=EDGE_LOOP('',(#4416));
#880=EDGE_LOOP('',(#4417,#4418,#4419,#4420));
#881=EDGE_LOOP('',(#4421,#4422,#4423,#4424,#4425,#4426,#4427,#4428,#4429,
#4430,#4431,#4432,#4433,#4434,#4435,#4436,#4437,#4438));
#882=EDGE_LOOP('',(#4439));
#883=EDGE_LOOP('',(#4440,#4441,#4442,#4443));
#884=EDGE_LOOP('',(#4444,#4445,#4446,#4447,#4448,#4449,#4450,#4451,#4452,
#4453,#4454,#4455));
#885=EDGE_LOOP('',(#4456,#4457,#4458,#4459));
#886=EDGE_LOOP('',(#4460,#4461,#4462,#4463,#4464,#4465,#4466,#4467,#4468,
#4469,#4470,#4471));
#887=EDGE_LOOP('',(#4472,#4473,#4474,#4475));
#888=EDGE_LOOP('',(#4476,#4477,#4478,#4479,#4480,#4481));
#889=EDGE_LOOP('',(#4482,#4483,#4484,#4485));
#890=EDGE_LOOP('',(#4486,#4487,#4488,#4489,#4490,#4491,#4492,#4493,#4494,
#4495,#4496,#4497));
#891=EDGE_LOOP('',(#4498,#4499,#4500,#4501));
#892=EDGE_LOOP('',(#4502,#4503,#4504,#4505,#4506,#4507,#4508,#4509,#4510,
#4511,#4512,#4513));
#893=EDGE_LOOP('',(#4514,#4515,#4516,#4517,#4518,#4519,#4520,#4521,#4522,
#4523,#4524,#4525));
#894=EDGE_LOOP('',(#4526,#4527,#4528,#4529));
#895=EDGE_LOOP('',(#4530,#4531,#4532,#4533,#4534,#4535,#4536,#4537));
#896=EDGE_LOOP('',(#4538,#4539,#4540,#4541));
#897=EDGE_LOOP('',(#4542,#4543,#4544,#4545));
#898=EDGE_LOOP('',(#4546,#4547,#4548,#4549));
#899=EDGE_LOOP('',(#4550,#4551,#4552,#4553));
#900=ELLIPSE('',#4904,28.2842712474618,20.);
#901=ELLIPSE('',#4905,28.2842712474618,20.);
#902=ELLIPSE('',#4911,28.2842712474622,20.);
#903=ELLIPSE('',#4912,28.2842712474622,20.);
#904=ELLIPSE('',#4922,28.284271247462,20.);
#905=ELLIPSE('',#4928,28.2842712474616,20.);
#906=ELLIPSE('',#4929,22.7364402423068,20.);
#907=ELLIPSE('',#4941,22.7364402423068,20.);
#908=ELLIPSE('',#4997,32.2677145262399,20.);
#909=ELLIPSE('',#5003,32.2677145262399,20.);
#910=ELLIPSE('',#5010,32.2677145262399,20.);
#911=ELLIPSE('',#5012,32.2677145262399,20.);
#912=ELLIPSE('',#5019,23.2839245574101,20.);
#913=ELLIPSE('',#5021,52.8481874825647,40.);
#914=ELLIPSE('',#5022,39.9115386848503,20.);
#915=ELLIPSE('',#5026,52.8481874825647,40.);
#916=ELLIPSE('',#5027,39.9115386848503,20.);
#917=ELLIPSE('',#5029,23.2839245574103,20.);
#918=ELLIPSE('',#5033,47.014501575667,40.);
#919=ELLIPSE('',#5034,31.7862133386219,20.);
#920=ELLIPSE('',#5038,47.014501575667,40.);
#921=ELLIPSE('',#5039,31.7862133386219,20.);
#922=ELLIPSE('',#5131,132.059353620433,100.);
#923=ELLIPSE('',#5133,113.682201211534,100.);
#924=ELLIPSE('',#5262,132.059353620433,100.);
#925=ELLIPSE('',#5264,113.682201211534,100.);
#926=LINE('',#6703,#1454);
#927=LINE('',#6707,#1455);
#928=LINE('',#6711,#1456);
#929=LINE('',#6714,#1457);
#930=LINE('',#6717,#1458);
#931=LINE('',#6720,#1459);
#932=LINE('',#6724,#1460);
#933=LINE('',#6728,#1461);
#934=LINE('',#6732,#1462);
#935=LINE('',#6734,#1463);
#936=LINE('',#6736,#1464);
#937=LINE('',#6739,#1465);
#938=LINE('',#6746,#1466);
#939=LINE('',#6749,#1467);
#940=LINE('',#6752,#1468);
#941=LINE('',#6754,#1469);
#942=LINE('',#6756,#1470);
#943=LINE('',#6758,#1471);
#944=LINE('',#6760,#1472);
#945=LINE('',#6762,#1473);
#946=LINE('',#6764,#1474);
#947=LINE('',#6765,#1475);
#948=LINE('',#6768,#1476);
#949=LINE('',#6770,#1477);
#950=LINE('',#6772,#1478);
#951=LINE('',#6773,#1479);
#952=LINE('',#6776,#1480);
#953=LINE('',#6777,#1481);
#954=LINE('',#6781,#1482);
#955=LINE('',#6787,#1483);
#956=LINE('',#6798,#1484);
#957=LINE('',#6799,#1485);
#958=LINE('',#6827,#1486);
#959=LINE('',#6829,#1487);
#960=LINE('',#6831,#1488);
#961=LINE('',#6833,#1489);
#962=LINE('',#6835,#1490);
#963=LINE('',#6837,#1491);
#964=LINE('',#6839,#1492);
#965=LINE('',#6841,#1493);
#966=LINE('',#6843,#1494);
#967=LINE('',#6845,#1495);
#968=LINE('',#6846,#1496);
#969=LINE('',#6850,#1497);
#970=LINE('',#6861,#1498);
#971=LINE('',#6862,#1499);
#972=LINE('',#6888,#1500);
#973=LINE('',#6891,#1501);
#974=LINE('',#6894,#1502);
#975=LINE('',#6895,#1503);
#976=LINE('',#6907,#1504);
#977=LINE('',#6918,#1505);
#978=LINE('',#6919,#1506);
#979=LINE('',#6944,#1507);
#980=LINE('',#6945,#1508);
#981=LINE('',#6947,#1509);
#982=LINE('',#6951,#1510);
#983=LINE('',#6998,#1511);
#984=LINE('',#7006,#1512);
#985=LINE('',#7052,#1513);
#986=LINE('',#7056,#1514);
#987=LINE('',#7096,#1515);
#988=LINE('',#7097,#1516);
#989=LINE('',#7100,#1517);
#990=LINE('',#7103,#1518);
#991=LINE('',#7106,#1519);
#992=LINE('',#7108,#1520);
#993=LINE('',#7110,#1521);
#994=LINE('',#7112,#1522);
#995=LINE('',#7114,#1523);
#996=LINE('',#7115,#1524);
#997=LINE('',#7136,#1525);
#998=LINE('',#7139,#1526);
#999=LINE('',#7143,#1527);
#1000=LINE('',#7145,#1528);
#1001=LINE('',#7147,#1529);
#1002=LINE('',#7149,#1530);
#1003=LINE('',#7155,#1531);
#1004=LINE('',#7157,#1532);
#1005=LINE('',#7160,#1533);
#1006=LINE('',#7164,#1534);
#1007=LINE('',#7168,#1535);
#1008=LINE('',#7228,#1536);
#1009=LINE('',#7229,#1537);
#1010=LINE('',#7293,#1538);
#1011=LINE('',#7295,#1539);
#1012=LINE('',#7299,#1540);
#1013=LINE('',#7302,#1541);
#1014=LINE('',#7361,#1542);
#1015=LINE('',#7362,#1543);
#1016=LINE('',#7418,#1544);
#1017=LINE('',#7419,#1545);
#1018=LINE('',#7422,#1546);
#1019=LINE('',#7423,#1547);
#1020=LINE('',#7426,#1548);
#1021=LINE('',#7430,#1549);
#1022=LINE('',#7431,#1550);
#1023=LINE('',#7434,#1551);
#1024=LINE('',#7438,#1552);
#1025=LINE('',#7440,#1553);
#1026=LINE('',#7442,#1554);
#1027=LINE('',#7444,#1555);
#1028=LINE('',#7445,#1556);
#1029=LINE('',#7455,#1557);
#1030=LINE('',#7457,#1558);
#1031=LINE('',#7459,#1559);
#1032=LINE('',#7460,#1560);
#1033=LINE('',#7466,#1561);
#1034=LINE('',#7468,#1562);
#1035=LINE('',#7470,#1563);
#1036=LINE('',#7472,#1564);
#1037=LINE('',#7474,#1565);
#1038=LINE('',#7476,#1566);
#1039=LINE('',#7478,#1567);
#1040=LINE('',#7479,#1568);
#1041=LINE('',#7482,#1569);
#1042=LINE('',#7484,#1570);
#1043=LINE('',#7486,#1571);
#1044=LINE('',#7489,#1572);
#1045=LINE('',#7492,#1573);
#1046=LINE('',#7494,#1574);
#1047=LINE('',#7495,#1575);
#1048=LINE('',#7498,#1576);
#1049=LINE('',#7500,#1577);
#1050=LINE('',#7501,#1578);
#1051=LINE('',#7505,#1579);
#1052=LINE('',#7507,#1580);
#1053=LINE('',#7509,#1581);
#1054=LINE('',#7510,#1582);
#1055=LINE('',#7513,#1583);
#1056=LINE('',#7515,#1584);
#1057=LINE('',#7516,#1585);
#1058=LINE('',#7520,#1586);
#1059=LINE('',#7524,#1587);
#1060=LINE('',#7528,#1588);
#1061=LINE('',#7533,#1589);
#1062=LINE('',#7537,#1590);
#1063=LINE('',#7541,#1591);
#1064=LINE('',#7543,#1592);
#1065=LINE('',#7544,#1593);
#1066=LINE('',#7546,#1594);
#1067=LINE('',#7547,#1595);
#1068=LINE('',#7550,#1596);
#1069=LINE('',#7553,#1597);
#1070=LINE('',#7556,#1598);
#1071=LINE('',#7558,#1599);
#1072=LINE('',#7559,#1600);
#1073=LINE('',#7562,#1601);
#1074=LINE('',#7563,#1602);
#1075=LINE('',#7567,#1603);
#1076=LINE('',#7569,#1604);
#1077=LINE('',#7571,#1605);
#1078=LINE('',#7572,#1606);
#1079=LINE('',#7575,#1607);
#1080=LINE('',#7577,#1608);
#1081=LINE('',#7578,#1609);
#1082=LINE('',#7582,#1610);
#1083=LINE('',#7584,#1611);
#1084=LINE('',#7586,#1612);
#1085=LINE('',#7587,#1613);
#1086=LINE('',#7590,#1614);
#1087=LINE('',#7592,#1615);
#1088=LINE('',#7593,#1616);
#1089=LINE('',#7596,#1617);
#1090=LINE('',#7598,#1618);
#1091=LINE('',#7599,#1619);
#1092=LINE('',#7603,#1620);
#1093=LINE('',#7605,#1621);
#1094=LINE('',#7607,#1622);
#1095=LINE('',#7608,#1623);
#1096=LINE('',#7611,#1624);
#1097=LINE('',#7613,#1625);
#1098=LINE('',#7614,#1626);
#1099=LINE('',#7618,#1627);
#1100=LINE('',#7620,#1628);
#1101=LINE('',#7622,#1629);
#1102=LINE('',#7623,#1630);
#1103=LINE('',#7626,#1631);
#1104=LINE('',#7628,#1632);
#1105=LINE('',#7629,#1633);
#1106=LINE('',#7633,#1634);
#1107=LINE('',#7637,#1635);
#1108=LINE('',#7641,#1636);
#1109=LINE('',#7644,#1637);
#1110=LINE('',#7648,#1638);
#1111=LINE('',#7650,#1639);
#1112=LINE('',#7652,#1640);
#1113=LINE('',#7653,#1641);
#1114=LINE('',#7657,#1642);
#1115=LINE('',#7659,#1643);
#1116=LINE('',#7661,#1644);
#1117=LINE('',#7662,#1645);
#1118=LINE('',#7665,#1646);
#1119=LINE('',#7667,#1647);
#1120=LINE('',#7668,#1648);
#1121=LINE('',#7672,#1649);
#1122=LINE('',#7674,#1650);
#1123=LINE('',#7676,#1651);
#1124=LINE('',#7677,#1652);
#1125=LINE('',#7680,#1653);
#1126=LINE('',#7682,#1654);
#1127=LINE('',#7683,#1655);
#1128=LINE('',#7686,#1656);
#1129=LINE('',#7688,#1657);
#1130=LINE('',#7690,#1658);
#1131=LINE('',#7691,#1659);
#1132=LINE('',#7695,#1660);
#1133=LINE('',#7697,#1661);
#1134=LINE('',#7699,#1662);
#1135=LINE('',#7700,#1663);
#1136=LINE('',#7703,#1664);
#1137=LINE('',#7705,#1665);
#1138=LINE('',#7706,#1666);
#1139=LINE('',#7710,#1667);
#1140=LINE('',#7712,#1668);
#1141=LINE('',#7714,#1669);
#1142=LINE('',#7715,#1670);
#1143=LINE('',#7717,#1671);
#1144=LINE('',#7719,#1672);
#1145=LINE('',#7720,#1673);
#1146=LINE('',#7723,#1674);
#1147=LINE('',#7725,#1675);
#1148=LINE('',#7727,#1676);
#1149=LINE('',#7728,#1677);
#1150=LINE('',#7731,#1678);
#1151=LINE('',#7732,#1679);
#1152=LINE('',#7735,#1680);
#1153=LINE('',#7739,#1681);
#1154=LINE('',#7743,#1682);
#1155=LINE('',#7747,#1683);
#1156=LINE('',#7749,#1684);
#1157=LINE('',#7750,#1685);
#1158=LINE('',#7753,#1686);
#1159=LINE('',#7754,#1687);
#1160=LINE('',#7757,#1688);
#1161=LINE('',#7758,#1689);
#1162=LINE('',#7760,#1690);
#1163=LINE('',#7763,#1691);
#1164=LINE('',#7765,#1692);
#1165=LINE('',#7769,#1693);
#1166=LINE('',#7772,#1694);
#1167=LINE('',#7774,#1695);
#1168=LINE('',#7778,#1696);
#1169=LINE('',#7780,#1697);
#1170=LINE('',#7781,#1698);
#1171=LINE('',#7783,#1699);
#1172=LINE('',#7784,#1700);
#1173=LINE('',#7787,#1701);
#1174=LINE('',#7788,#1702);
#1175=LINE('',#7789,#1703);
#1176=LINE('',#7792,#1704);
#1177=LINE('',#7794,#1705);
#1178=LINE('',#7795,#1706);
#1179=LINE('',#7797,#1707);
#1180=LINE('',#7799,#1708);
#1181=LINE('',#7801,#1709);
#1182=LINE('',#7802,#1710);
#1183=LINE('',#7805,#1711);
#1184=LINE('',#7806,#1712);
#1185=LINE('',#7808,#1713);
#1186=LINE('',#7809,#1714);
#1187=LINE('',#7812,#1715);
#1188=LINE('',#7813,#1716);
#1189=LINE('',#7816,#1717);
#1190=LINE('',#7817,#1718);
#1191=LINE('',#7818,#1719);
#1192=LINE('',#7823,#1720);
#1193=LINE('',#7827,#1721);
#1194=LINE('',#7830,#1722);
#1195=LINE('',#7835,#1723);
#1196=LINE('',#7838,#1724);
#1197=LINE('',#7839,#1725);
#1198=LINE('',#7840,#1726);
#1199=LINE('',#7850,#1727);
#1200=LINE('',#7855,#1728);
#1201=LINE('',#7858,#1729);
#1202=LINE('',#7859,#1730);
#1203=LINE('',#7860,#1731);
#1204=LINE('',#7861,#1732);
#1205=LINE('',#7862,#1733);
#1206=LINE('',#7863,#1734);
#1207=LINE('',#7864,#1735);
#1208=LINE('',#7865,#1736);
#1209=LINE('',#7866,#1737);
#1210=LINE('',#7873,#1738);
#1211=LINE('',#7876,#1739);
#1212=LINE('',#7882,#1740);
#1213=LINE('',#7889,#1741);
#1214=LINE('',#7896,#1742);
#1215=LINE('',#7899,#1743);
#1216=LINE('',#7902,#1744);
#1217=LINE('',#7904,#1745);
#1218=LINE('',#7905,#1746);
#1219=LINE('',#7910,#1747);
#1220=LINE('',#7913,#1748);
#1221=LINE('',#7916,#1749);
#1222=LINE('',#7918,#1750);
#1223=LINE('',#7920,#1751);
#1224=LINE('',#7922,#1752);
#1225=LINE('',#7926,#1753);
#1226=LINE('',#7929,#1754);
#1227=LINE('',#7931,#1755);
#1228=LINE('',#7932,#1756);
#1229=LINE('',#7936,#1757);
#1230=LINE('',#7938,#1758);
#1231=LINE('',#7940,#1759);
#1232=LINE('',#7942,#1760);
#1233=LINE('',#7944,#1761);
#1234=LINE('',#7946,#1762);
#1235=LINE('',#7948,#1763);
#1236=LINE('',#7949,#1764);
#1237=LINE('',#7954,#1765);
#1238=LINE('',#7956,#1766);
#1239=LINE('',#7957,#1767);
#1240=LINE('',#7962,#1768);
#1241=LINE('',#7964,#1769);
#1242=LINE('',#7965,#1770);
#1243=LINE('',#7968,#1771);
#1244=LINE('',#7970,#1772);
#1245=LINE('',#7971,#1773);
#1246=LINE('',#7975,#1774);
#1247=LINE('',#7977,#1775);
#1248=LINE('',#7979,#1776);
#1249=LINE('',#7980,#1777);
#1250=LINE('',#7984,#1778);
#1251=LINE('',#7986,#1779);
#1252=LINE('',#7988,#1780);
#1253=LINE('',#7989,#1781);
#1254=LINE('',#7992,#1782);
#1255=LINE('',#7994,#1783);
#1256=LINE('',#7996,#1784);
#1257=LINE('',#7997,#1785);
#1258=LINE('',#7999,#1786);
#1259=LINE('',#8000,#1787);
#1260=LINE('',#8003,#1788);
#1261=LINE('',#8004,#1789);
#1262=LINE('',#8006,#1790);
#1263=LINE('',#8008,#1791);
#1264=LINE('',#8010,#1792);
#1265=LINE('',#8012,#1793);
#1266=LINE('',#8013,#1794);
#1267=LINE('',#8017,#1795);
#1268=LINE('',#8021,#1796);
#1269=LINE('',#8026,#1797);
#1270=LINE('',#8032,#1798);
#1271=LINE('',#8036,#1799);
#1272=LINE('',#8040,#1800);
#1273=LINE('',#8042,#1801);
#1274=LINE('',#8043,#1802);
#1275=LINE('',#8045,#1803);
#1276=LINE('',#8046,#1804);
#1277=LINE('',#8049,#1805);
#1278=LINE('',#8052,#1806);
#1279=LINE('',#8055,#1807);
#1280=LINE('',#8057,#1808);
#1281=LINE('',#8058,#1809);
#1282=LINE('',#8061,#1810);
#1283=LINE('',#8062,#1811);
#1284=LINE('',#8066,#1812);
#1285=LINE('',#8067,#1813);
#1286=LINE('',#8068,#1814);
#1287=LINE('',#8071,#1815);
#1288=LINE('',#8072,#1816);
#1289=LINE('',#8076,#1817);
#1290=LINE('',#8078,#1818);
#1291=LINE('',#8080,#1819);
#1292=LINE('',#8081,#1820);
#1293=LINE('',#8084,#1821);
#1294=LINE('',#8086,#1822);
#1295=LINE('',#8087,#1823);
#1296=LINE('',#8089,#1824);
#1297=LINE('',#8090,#1825);
#1298=LINE('',#8091,#1826);
#1299=LINE('',#8095,#1827);
#1300=LINE('',#8097,#1828);
#1301=LINE('',#8099,#1829);
#1302=LINE('',#8100,#1830);
#1303=LINE('',#8104,#1831);
#1304=LINE('',#8105,#1832);
#1305=LINE('',#8106,#1833);
#1306=LINE('',#8109,#1834);
#1307=LINE('',#8110,#1835);
#1308=LINE('',#8114,#1836);
#1309=LINE('',#8116,#1837);
#1310=LINE('',#8118,#1838);
#1311=LINE('',#8119,#1839);
#1312=LINE('',#8122,#1840);
#1313=LINE('',#8123,#1841);
#1314=LINE('',#8124,#1842);
#1315=LINE('',#8126,#1843);
#1316=LINE('',#8127,#1844);
#1317=LINE('',#8130,#1845);
#1318=LINE('',#8131,#1846);
#1319=LINE('',#8133,#1847);
#1320=LINE('',#8134,#1848);
#1321=LINE('',#8135,#1849);
#1322=LINE('',#8139,#1850);
#1323=LINE('',#8143,#1851);
#1324=LINE('',#8147,#1852);
#1325=LINE('',#8149,#1853);
#1326=LINE('',#8154,#1854);
#1327=LINE('',#8156,#1855);
#1328=LINE('',#8158,#1856);
#1329=LINE('',#8159,#1857);
#1330=LINE('',#8163,#1858);
#1331=LINE('',#8165,#1859);
#1332=LINE('',#8167,#1860);
#1333=LINE('',#8168,#1861);
#1334=LINE('',#8171,#1862);
#1335=LINE('',#8173,#1863);
#1336=LINE('',#8174,#1864);
#1337=LINE('',#8178,#1865);
#1338=LINE('',#8180,#1866);
#1339=LINE('',#8182,#1867);
#1340=LINE('',#8183,#1868);
#1341=LINE('',#8186,#1869);
#1342=LINE('',#8188,#1870);
#1343=LINE('',#8189,#1871);
#1344=LINE('',#8192,#1872);
#1345=LINE('',#8194,#1873);
#1346=LINE('',#8196,#1874);
#1347=LINE('',#8197,#1875);
#1348=LINE('',#8201,#1876);
#1349=LINE('',#8203,#1877);
#1350=LINE('',#8205,#1878);
#1351=LINE('',#8206,#1879);
#1352=LINE('',#8209,#1880);
#1353=LINE('',#8211,#1881);
#1354=LINE('',#8212,#1882);
#1355=LINE('',#8216,#1883);
#1356=LINE('',#8218,#1884);
#1357=LINE('',#8220,#1885);
#1358=LINE('',#8221,#1886);
#1359=LINE('',#8224,#1887);
#1360=LINE('',#8225,#1888);
#1361=LINE('',#8226,#1889);
#1362=LINE('',#8229,#1890);
#1363=LINE('',#8231,#1891);
#1364=LINE('',#8233,#1892);
#1365=LINE('',#8234,#1893);
#1366=LINE('',#8237,#1894);
#1367=LINE('',#8239,#1895);
#1368=LINE('',#8240,#1896);
#1369=LINE('',#8244,#1897);
#1370=LINE('',#8248,#1898);
#1371=LINE('',#8252,#1899);
#1372=LINE('',#8257,#1900);
#1373=LINE('',#8259,#1901);
#1374=LINE('',#8260,#1902);
#1375=LINE('',#8263,#1903);
#1376=LINE('',#8264,#1904);
#1377=LINE('',#8267,#1905);
#1378=LINE('',#8268,#1906);
#1379=LINE('',#8272,#1907);
#1380=LINE('',#8274,#1908);
#1381=LINE('',#8279,#1909);
#1382=LINE('',#8282,#1910);
#1383=LINE('',#8285,#1911);
#1384=LINE('',#8287,#1912);
#1385=LINE('',#8290,#1913);
#1386=LINE('',#8294,#1914);
#1387=LINE('',#8296,#1915);
#1388=LINE('',#8297,#1916);
#1389=LINE('',#8298,#1917);
#1390=LINE('',#8300,#1918);
#1391=LINE('',#8301,#1919);
#1392=LINE('',#8304,#1920);
#1393=LINE('',#8305,#1921);
#1394=LINE('',#8306,#1922);
#1395=LINE('',#8309,#1923);
#1396=LINE('',#8311,#1924);
#1397=LINE('',#8312,#1925);
#1398=LINE('',#8314,#1926);
#1399=LINE('',#8316,#1927);
#1400=LINE('',#8318,#1928);
#1401=LINE('',#8319,#1929);
#1402=LINE('',#8322,#1930);
#1403=LINE('',#8323,#1931);
#1404=LINE('',#8325,#1932);
#1405=LINE('',#8326,#1933);
#1406=LINE('',#8329,#1934);
#1407=LINE('',#8330,#1935);
#1408=LINE('',#8333,#1936);
#1409=LINE('',#8334,#1937);
#1410=LINE('',#8335,#1938);
#1411=LINE('',#8340,#1939);
#1412=LINE('',#8344,#1940);
#1413=LINE('',#8346,#1941);
#1414=LINE('',#8350,#1942);
#1415=LINE('',#8353,#1943);
#1416=LINE('',#8357,#1944);
#1417=LINE('',#8358,#1945);
#1418=LINE('',#8359,#1946);
#1419=LINE('',#8369,#1947);
#1420=LINE('',#8374,#1948);
#1421=LINE('',#8378,#1949);
#1422=LINE('',#8379,#1950);
#1423=LINE('',#8380,#1951);
#1424=LINE('',#8381,#1952);
#1425=LINE('',#8393,#1953);
#1426=LINE('',#8400,#1954);
#1427=LINE('',#8407,#1955);
#1428=LINE('',#8410,#1956);
#1429=LINE('',#8413,#1957);
#1430=LINE('',#8415,#1958);
#1431=LINE('',#8416,#1959);
#1432=LINE('',#8422,#1960);
#1433=LINE('',#8425,#1961);
#1434=LINE('',#8427,#1962);
#1435=LINE('',#8430,#1963);
#1436=LINE('',#8434,#1964);
#1437=LINE('',#8435,#1965);
#1438=LINE('',#8438,#1966);
#1439=LINE('',#8440,#1967);
#1440=LINE('',#8442,#1968);
#1441=LINE('',#8444,#1969);
#1442=LINE('',#8446,#1970);
#1443=LINE('',#8448,#1971);
#1444=LINE('',#8450,#1972);
#1445=LINE('',#8452,#1973);
#1446=LINE('',#8454,#1974);
#1447=LINE('',#8456,#1975);
#1448=LINE('',#8458,#1976);
#1449=LINE('',#8460,#1977);
#1450=LINE('',#8462,#1978);
#1451=LINE('',#8464,#1979);
#1452=LINE('',#8467,#1980);
#1453=LINE('',#8469,#1981);
#1454=VECTOR('',#5329,10.);
#1455=VECTOR('',#5332,10.);
#1456=VECTOR('',#5337,10.);
#1457=VECTOR('',#5340,10.);
#1458=VECTOR('',#5343,10.);
#1459=VECTOR('',#5346,10.);
#1460=VECTOR('',#5349,10.);
#1461=VECTOR('',#5352,10.);
#1462=VECTOR('',#5357,10.);
#1463=VECTOR('',#5360,10.);
#1464=VECTOR('',#5363,10.);
#1465=VECTOR('',#5366,10.);
#1466=VECTOR('',#5377,10.);
#1467=VECTOR('',#5380,10.);
#1468=VECTOR('',#5383,10.);
#1469=VECTOR('',#5384,10.);
#1470=VECTOR('',#5385,10.);
#1471=VECTOR('',#5386,10.);
#1472=VECTOR('',#5387,10.);
#1473=VECTOR('',#5388,10.);
#1474=VECTOR('',#5389,10.);
#1475=VECTOR('',#5390,10.);
#1476=VECTOR('',#5393,10.);
#1477=VECTOR('',#5394,10.);
#1478=VECTOR('',#5395,10.);
#1479=VECTOR('',#5396,10.);
#1480=VECTOR('',#5399,10.);
#1481=VECTOR('',#5400,10.);
#1482=VECTOR('',#5403,10.);
#1483=VECTOR('',#5412,10.);
#1484=VECTOR('',#5425,10.);
#1485=VECTOR('',#5426,10.);
#1486=VECTOR('',#5437,10.);
#1487=VECTOR('',#5438,10.);
#1488=VECTOR('',#5439,10.);
#1489=VECTOR('',#5440,10.);
#1490=VECTOR('',#5441,10.);
#1491=VECTOR('',#5442,10.);
#1492=VECTOR('',#5443,10.);
#1493=VECTOR('',#5444,10.);
#1494=VECTOR('',#5445,10.);
#1495=VECTOR('',#5446,10.);
#1496=VECTOR('',#5447,10.);
#1497=VECTOR('',#5452,10.);
#1498=VECTOR('',#5465,10.);
#1499=VECTOR('',#5466,10.);
#1500=VECTOR('',#5475,10.);
#1501=VECTOR('',#5478,10.);
#1502=VECTOR('',#5481,10.);
#1503=VECTOR('',#5482,10.);
#1504=VECTOR('',#5499,10.);
#1505=VECTOR('',#5512,10.);
#1506=VECTOR('',#5513,10.);
#1507=VECTOR('',#5522,10.);
#1508=VECTOR('',#5523,10.);
#1509=VECTOR('',#5526,10.);
#1510=VECTOR('',#5531,10.);
#1511=VECTOR('',#5550,10.);
#1512=VECTOR('',#5561,10.);
#1513=VECTOR('',#5574,10.);
#1514=VECTOR('',#5577,10.);
#1515=VECTOR('',#5586,10.);
#1516=VECTOR('',#5587,10.);
#1517=VECTOR('',#5590,10.);
#1518=VECTOR('',#5593,10.);
#1519=VECTOR('',#5596,10.);
#1520=VECTOR('',#5599,10.);
#1521=VECTOR('',#5602,10.);
#1522=VECTOR('',#5603,10.);
#1523=VECTOR('',#5604,10.);
#1524=VECTOR('',#5605,10.);
#1525=VECTOR('',#5614,10.);
#1526=VECTOR('',#5617,10.);
#1527=VECTOR('',#5622,10.);
#1528=VECTOR('',#5623,10.);
#1529=VECTOR('',#5624,10.);
#1530=VECTOR('',#5625,10.);
#1531=VECTOR('',#5630,10.);
#1532=VECTOR('',#5631,10.);
#1533=VECTOR('',#5634,10.);
#1534=VECTOR('',#5637,10.);
#1535=VECTOR('',#5640,10.);
#1536=VECTOR('',#5653,10.);
#1537=VECTOR('',#5654,10.);
#1538=VECTOR('',#5663,10.);
#1539=VECTOR('',#5664,10.);
#1540=VECTOR('',#5669,10.);
#1541=VECTOR('',#5672,10.);
#1542=VECTOR('',#5683,10.);
#1543=VECTOR('',#5684,10.);
#1544=VECTOR('',#5693,10.);
#1545=VECTOR('',#5694,10.);
#1546=VECTOR('',#5697,10.);
#1547=VECTOR('',#5698,10.);
#1548=VECTOR('',#5701,10.);
#1549=VECTOR('',#5706,10.);
#1550=VECTOR('',#5707,10.);
#1551=VECTOR('',#5710,10.);
#1552=VECTOR('',#5715,10.);
#1553=VECTOR('',#5716,10.);
#1554=VECTOR('',#5717,10.);
#1555=VECTOR('',#5718,10.);
#1556=VECTOR('',#5719,10.);
#1557=VECTOR('',#5734,10.);
#1558=VECTOR('',#5737,10.);
#1559=VECTOR('',#5740,10.);
#1560=VECTOR('',#5741,10.);
#1561=VECTOR('',#5748,10.);
#1562=VECTOR('',#5749,10.);
#1563=VECTOR('',#5750,10.);
#1564=VECTOR('',#5751,10.);
#1565=VECTOR('',#5752,10.);
#1566=VECTOR('',#5753,10.);
#1567=VECTOR('',#5754,10.);
#1568=VECTOR('',#5755,10.);
#1569=VECTOR('',#5758,10.);
#1570=VECTOR('',#5759,10.);
#1571=VECTOR('',#5760,10.);
#1572=VECTOR('',#5763,10.);
#1573=VECTOR('',#5766,10.);
#1574=VECTOR('',#5767,10.);
#1575=VECTOR('',#5768,10.);
#1576=VECTOR('',#5771,10.);
#1577=VECTOR('',#5772,10.);
#1578=VECTOR('',#5773,10.);
#1579=VECTOR('',#5776,10.);
#1580=VECTOR('',#5777,10.);
#1581=VECTOR('',#5778,10.);
#1582=VECTOR('',#5779,10.);
#1583=VECTOR('',#5782,10.);
#1584=VECTOR('',#5783,10.);
#1585=VECTOR('',#5784,10.);
#1586=VECTOR('',#5787,10.);
#1587=VECTOR('',#5790,10.);
#1588=VECTOR('',#5795,10.);
#1589=VECTOR('',#5800,10.);
#1590=VECTOR('',#5803,10.);
#1591=VECTOR('',#5808,10.);
#1592=VECTOR('',#5809,10.);
#1593=VECTOR('',#5810,10.);
#1594=VECTOR('',#5813,10.);
#1595=VECTOR('',#5814,10.);
#1596=VECTOR('',#5817,10.);
#1597=VECTOR('',#5820,10.);
#1598=VECTOR('',#5823,10.);
#1599=VECTOR('',#5824,10.);
#1600=VECTOR('',#5825,10.);
#1601=VECTOR('',#5828,10.);
#1602=VECTOR('',#5829,10.);
#1603=VECTOR('',#5832,10.);
#1604=VECTOR('',#5833,10.);
#1605=VECTOR('',#5834,10.);
#1606=VECTOR('',#5835,10.);
#1607=VECTOR('',#5838,10.);
#1608=VECTOR('',#5839,10.);
#1609=VECTOR('',#5840,10.);
#1610=VECTOR('',#5843,10.);
#1611=VECTOR('',#5844,10.);
#1612=VECTOR('',#5845,10.);
#1613=VECTOR('',#5846,10.);
#1614=VECTOR('',#5849,10.);
#1615=VECTOR('',#5850,10.);
#1616=VECTOR('',#5851,10.);
#1617=VECTOR('',#5854,10.);
#1618=VECTOR('',#5855,10.);
#1619=VECTOR('',#5856,10.);
#1620=VECTOR('',#5859,10.);
#1621=VECTOR('',#5860,10.);
#1622=VECTOR('',#5861,10.);
#1623=VECTOR('',#5862,10.);
#1624=VECTOR('',#5865,10.);
#1625=VECTOR('',#5866,10.);
#1626=VECTOR('',#5867,10.);
#1627=VECTOR('',#5870,10.);
#1628=VECTOR('',#5871,10.);
#1629=VECTOR('',#5872,10.);
#1630=VECTOR('',#5873,10.);
#1631=VECTOR('',#5876,10.);
#1632=VECTOR('',#5877,10.);
#1633=VECTOR('',#5878,10.);
#1634=VECTOR('',#5881,10.);
#1635=VECTOR('',#5884,10.);
#1636=VECTOR('',#5889,10.);
#1637=VECTOR('',#5892,10.);
#1638=VECTOR('',#5895,10.);
#1639=VECTOR('',#5896,10.);
#1640=VECTOR('',#5897,10.);
#1641=VECTOR('',#5898,10.);
#1642=VECTOR('',#5901,10.);
#1643=VECTOR('',#5902,10.);
#1644=VECTOR('',#5903,10.);
#1645=VECTOR('',#5904,10.);
#1646=VECTOR('',#5907,10.);
#1647=VECTOR('',#5908,10.);
#1648=VECTOR('',#5909,10.);
#1649=VECTOR('',#5912,10.);
#1650=VECTOR('',#5913,10.);
#1651=VECTOR('',#5914,10.);
#1652=VECTOR('',#5915,10.);
#1653=VECTOR('',#5918,10.);
#1654=VECTOR('',#5919,10.);
#1655=VECTOR('',#5920,10.);
#1656=VECTOR('',#5923,10.);
#1657=VECTOR('',#5924,10.);
#1658=VECTOR('',#5925,10.);
#1659=VECTOR('',#5926,10.);
#1660=VECTOR('',#5929,10.);
#1661=VECTOR('',#5930,10.);
#1662=VECTOR('',#5931,10.);
#1663=VECTOR('',#5932,10.);
#1664=VECTOR('',#5935,10.);
#1665=VECTOR('',#5936,10.);
#1666=VECTOR('',#5937,10.);
#1667=VECTOR('',#5940,10.);
#1668=VECTOR('',#5941,10.);
#1669=VECTOR('',#5942,10.);
#1670=VECTOR('',#5943,10.);
#1671=VECTOR('',#5946,10.);
#1672=VECTOR('',#5947,10.);
#1673=VECTOR('',#5948,10.);
#1674=VECTOR('',#5951,10.);
#1675=VECTOR('',#5952,10.);
#1676=VECTOR('',#5953,10.);
#1677=VECTOR('',#5954,10.);
#1678=VECTOR('',#5957,10.);
#1679=VECTOR('',#5958,10.);
#1680=VECTOR('',#5961,10.);
#1681=VECTOR('',#5964,10.);
#1682=VECTOR('',#5967,10.);
#1683=VECTOR('',#5972,10.);
#1684=VECTOR('',#5973,10.);
#1685=VECTOR('',#5974,10.);
#1686=VECTOR('',#5977,10.);
#1687=VECTOR('',#5978,10.);
#1688=VECTOR('',#5981,10.);
#1689=VECTOR('',#5982,10.);
#1690=VECTOR('',#5985,10.);
#1691=VECTOR('',#5988,10.);
#1692=VECTOR('',#5989,10.);
#1693=VECTOR('',#5994,10.);
#1694=VECTOR('',#5997,10.);
#1695=VECTOR('',#6000,10.);
#1696=VECTOR('',#6003,10.);
#1697=VECTOR('',#6004,10.);
#1698=VECTOR('',#6005,10.);
#1699=VECTOR('',#6006,10.);
#1700=VECTOR('',#6007,10.);
#1701=VECTOR('',#6010,10.);
#1702=VECTOR('',#6011,10.);
#1703=VECTOR('',#6012,10.);
#1704=VECTOR('',#6015,10.);
#1705=VECTOR('',#6016,10.);
#1706=VECTOR('',#6017,10.);
#1707=VECTOR('',#6020,10.);
#1708=VECTOR('',#6021,10.);
#1709=VECTOR('',#6022,10.);
#1710=VECTOR('',#6023,10.);
#1711=VECTOR('',#6026,10.);
#1712=VECTOR('',#6027,10.);
#1713=VECTOR('',#6030,10.);
#1714=VECTOR('',#6031,10.);
#1715=VECTOR('',#6034,10.);
#1716=VECTOR('',#6035,10.);
#1717=VECTOR('',#6038,10.);
#1718=VECTOR('',#6039,10.);
#1719=VECTOR('',#6040,10.);
#1720=VECTOR('',#6045,50.);
#1721=VECTOR('',#6050,10.);
#1722=VECTOR('',#6053,10.);
#1723=VECTOR('',#6060,10.);
#1724=VECTOR('',#6063,10.);
#1725=VECTOR('',#6064,10.);
#1726=VECTOR('',#6065,10.);
#1727=VECTOR('',#6080,100.);
#1728=VECTOR('',#6085,100.);
#1729=VECTOR('',#6090,10.);
#1730=VECTOR('',#6091,10.);
#1731=VECTOR('',#6092,10.);
#1732=VECTOR('',#6093,10.);
#1733=VECTOR('',#6094,10.);
#1734=VECTOR('',#6095,10.);
#1735=VECTOR('',#6096,10.);
#1736=VECTOR('',#6097,10.);
#1737=VECTOR('',#6098,10.);
#1738=VECTOR('',#6109,10.);
#1739=VECTOR('',#6114,10.);
#1740=VECTOR('',#6121,175.);
#1741=VECTOR('',#6130,175.);
#1742=VECTOR('',#6137,10.);
#1743=VECTOR('',#6140,10.);
#1744=VECTOR('',#6143,10.);
#1745=VECTOR('',#6144,10.);
#1746=VECTOR('',#6145,10.);
#1747=VECTOR('',#6150,10.);
#1748=VECTOR('',#6155,10.);
#1749=VECTOR('',#6158,10.);
#1750=VECTOR('',#6161,10.);
#1751=VECTOR('',#6162,10.);
#1752=VECTOR('',#6163,10.);
#1753=VECTOR('',#6170,10.);
#1754=VECTOR('',#6173,10.);
#1755=VECTOR('',#6174,10.);
#1756=VECTOR('',#6175,10.);
#1757=VECTOR('',#6178,10.);
#1758=VECTOR('',#6179,10.);
#1759=VECTOR('',#6180,10.);
#1760=VECTOR('',#6181,10.);
#1761=VECTOR('',#6182,10.);
#1762=VECTOR('',#6183,10.);
#1763=VECTOR('',#6184,10.);
#1764=VECTOR('',#6185,10.);
#1765=VECTOR('',#6190,10.);
#1766=VECTOR('',#6191,10.);
#1767=VECTOR('',#6192,10.);
#1768=VECTOR('',#6197,10.);
#1769=VECTOR('',#6198,10.);
#1770=VECTOR('',#6199,10.);
#1771=VECTOR('',#6202,10.);
#1772=VECTOR('',#6203,10.);
#1773=VECTOR('',#6204,10.);
#1774=VECTOR('',#6207,10.);
#1775=VECTOR('',#6208,10.);
#1776=VECTOR('',#6209,10.);
#1777=VECTOR('',#6210,10.);
#1778=VECTOR('',#6213,10.);
#1779=VECTOR('',#6214,10.);
#1780=VECTOR('',#6215,10.);
#1781=VECTOR('',#6216,10.);
#1782=VECTOR('',#6219,10.);
#1783=VECTOR('',#6220,10.);
#1784=VECTOR('',#6221,10.);
#1785=VECTOR('',#6222,10.);
#1786=VECTOR('',#6223,10.);
#1787=VECTOR('',#6224,10.);
#1788=VECTOR('',#6227,10.);
#1789=VECTOR('',#6228,10.);
#1790=VECTOR('',#6231,10.);
#1791=VECTOR('',#6232,10.);
#1792=VECTOR('',#6233,10.);
#1793=VECTOR('',#6234,10.);
#1794=VECTOR('',#6235,10.);
#1795=VECTOR('',#6238,10.);
#1796=VECTOR('',#6241,10.);
#1797=VECTOR('',#6246,10.);
#1798=VECTOR('',#6253,10.);
#1799=VECTOR('',#6256,10.);
#1800=VECTOR('',#6261,10.);
#1801=VECTOR('',#6262,10.);
#1802=VECTOR('',#6263,10.);
#1803=VECTOR('',#6266,10.);
#1804=VECTOR('',#6267,10.);
#1805=VECTOR('',#6270,10.);
#1806=VECTOR('',#6273,10.);
#1807=VECTOR('',#6276,10.);
#1808=VECTOR('',#6277,10.);
#1809=VECTOR('',#6278,10.);
#1810=VECTOR('',#6281,10.);
#1811=VECTOR('',#6282,10.);
#1812=VECTOR('',#6285,10.);
#1813=VECTOR('',#6286,10.);
#1814=VECTOR('',#6287,10.);
#1815=VECTOR('',#6290,10.);
#1816=VECTOR('',#6291,10.);
#1817=VECTOR('',#6294,10.);
#1818=VECTOR('',#6295,10.);
#1819=VECTOR('',#6296,10.);
#1820=VECTOR('',#6297,10.);
#1821=VECTOR('',#6300,10.);
#1822=VECTOR('',#6301,10.);
#1823=VECTOR('',#6302,10.);
#1824=VECTOR('',#6305,10.);
#1825=VECTOR('',#6306,10.);
#1826=VECTOR('',#6307,10.);
#1827=VECTOR('',#6310,10.);
#1828=VECTOR('',#6311,10.);
#1829=VECTOR('',#6312,10.);
#1830=VECTOR('',#6313,10.);
#1831=VECTOR('',#6316,10.);
#1832=VECTOR('',#6317,10.);
#1833=VECTOR('',#6318,10.);
#1834=VECTOR('',#6321,10.);
#1835=VECTOR('',#6322,10.);
#1836=VECTOR('',#6325,10.);
#1837=VECTOR('',#6326,10.);
#1838=VECTOR('',#6327,10.);
#1839=VECTOR('',#6328,10.);
#1840=VECTOR('',#6331,10.);
#1841=VECTOR('',#6332,10.);
#1842=VECTOR('',#6333,10.);
#1843=VECTOR('',#6334,10.);
#1844=VECTOR('',#6335,10.);
#1845=VECTOR('',#6338,10.);
#1846=VECTOR('',#6339,10.);
#1847=VECTOR('',#6342,10.);
#1848=VECTOR('',#6343,10.);
#1849=VECTOR('',#6344,10.);
#1850=VECTOR('',#6347,10.);
#1851=VECTOR('',#6350,10.);
#1852=VECTOR('',#6355,10.);
#1853=VECTOR('',#6356,10.);
#1854=VECTOR('',#6361,10.);
#1855=VECTOR('',#6362,10.);
#1856=VECTOR('',#6363,10.);
#1857=VECTOR('',#6364,10.);
#1858=VECTOR('',#6367,10.);
#1859=VECTOR('',#6368,10.);
#1860=VECTOR('',#6369,10.);
#1861=VECTOR('',#6370,10.);
#1862=VECTOR('',#6373,10.);
#1863=VECTOR('',#6374,10.);
#1864=VECTOR('',#6375,10.);
#1865=VECTOR('',#6378,10.);
#1866=VECTOR('',#6379,10.);
#1867=VECTOR('',#6380,10.);
#1868=VECTOR('',#6381,10.);
#1869=VECTOR('',#6384,10.);
#1870=VECTOR('',#6385,10.);
#1871=VECTOR('',#6386,10.);
#1872=VECTOR('',#6389,10.);
#1873=VECTOR('',#6390,10.);
#1874=VECTOR('',#6391,10.);
#1875=VECTOR('',#6392,10.);
#1876=VECTOR('',#6395,10.);
#1877=VECTOR('',#6396,10.);
#1878=VECTOR('',#6397,10.);
#1879=VECTOR('',#6398,10.);
#1880=VECTOR('',#6401,10.);
#1881=VECTOR('',#6402,10.);
#1882=VECTOR('',#6403,10.);
#1883=VECTOR('',#6406,10.);
#1884=VECTOR('',#6407,10.);
#1885=VECTOR('',#6408,10.);
#1886=VECTOR('',#6409,10.);
#1887=VECTOR('',#6412,10.);
#1888=VECTOR('',#6413,10.);
#1889=VECTOR('',#6414,10.);
#1890=VECTOR('',#6417,10.);
#1891=VECTOR('',#6418,10.);
#1892=VECTOR('',#6419,10.);
#1893=VECTOR('',#6420,10.);
#1894=VECTOR('',#6423,10.);
#1895=VECTOR('',#6424,10.);
#1896=VECTOR('',#6425,10.);
#1897=VECTOR('',#6428,10.);
#1898=VECTOR('',#6431,10.);
#1899=VECTOR('',#6434,10.);
#1900=VECTOR('',#6441,10.);
#1901=VECTOR('',#6442,10.);
#1902=VECTOR('',#6443,10.);
#1903=VECTOR('',#6446,10.);
#1904=VECTOR('',#6447,10.);
#1905=VECTOR('',#6450,10.);
#1906=VECTOR('',#6451,10.);
#1907=VECTOR('',#6458,10.);
#1908=VECTOR('',#6461,10.);
#1909=VECTOR('',#6468,10.);
#1910=VECTOR('',#6471,10.);
#1911=VECTOR('',#6474,10.);
#1912=VECTOR('',#6475,10.);
#1913=VECTOR('',#6480,10.);
#1914=VECTOR('',#6483,10.);
#1915=VECTOR('',#6484,10.);
#1916=VECTOR('',#6485,10.);
#1917=VECTOR('',#6486,10.);
#1918=VECTOR('',#6487,10.);
#1919=VECTOR('',#6488,10.);
#1920=VECTOR('',#6491,10.);
#1921=VECTOR('',#6492,10.);
#1922=VECTOR('',#6493,10.);
#1923=VECTOR('',#6496,10.);
#1924=VECTOR('',#6497,10.);
#1925=VECTOR('',#6498,10.);
#1926=VECTOR('',#6501,10.);
#1927=VECTOR('',#6502,10.);
#1928=VECTOR('',#6503,10.);
#1929=VECTOR('',#6504,10.);
#1930=VECTOR('',#6507,10.);
#1931=VECTOR('',#6508,10.);
#1932=VECTOR('',#6511,10.);
#1933=VECTOR('',#6512,10.);
#1934=VECTOR('',#6515,10.);
#1935=VECTOR('',#6516,10.);
#1936=VECTOR('',#6519,10.);
#1937=VECTOR('',#6520,10.);
#1938=VECTOR('',#6521,10.);
#1939=VECTOR('',#6526,50.);
#1940=VECTOR('',#6531,10.);
#1941=VECTOR('',#6532,10.);
#1942=VECTOR('',#6539,10.);
#1943=VECTOR('',#6542,10.);
#1944=VECTOR('',#6547,10.);
#1945=VECTOR('',#6548,10.);
#1946=VECTOR('',#6549,10.);
#1947=VECTOR('',#6564,100.);
#1948=VECTOR('',#6569,100.);
#1949=VECTOR('',#6576,10.);
#1950=VECTOR('',#6577,10.);
#1951=VECTOR('',#6578,10.);
#1952=VECTOR('',#6579,10.);
#1953=VECTOR('',#6598,175.);
#1954=VECTOR('',#6607,175.);
#1955=VECTOR('',#6614,10.);
#1956=VECTOR('',#6617,10.);
#1957=VECTOR('',#6620,10.);
#1958=VECTOR('',#6621,10.);
#1959=VECTOR('',#6622,10.);
#1960=VECTOR('',#6629,10.);
#1961=VECTOR('',#6634,10.);
#1962=VECTOR('',#6635,10.);
#1963=VECTOR('',#6640,10.);
#1964=VECTOR('',#6643,10.);
#1965=VECTOR('',#6644,10.);
#1966=VECTOR('',#6649,10.);
#1967=VECTOR('',#6652,10.);
#1968=VECTOR('',#6655,10.);
#1969=VECTOR('',#6658,10.);
#1970=VECTOR('',#6661,10.);
#1971=VECTOR('',#6664,10.);
#1972=VECTOR('',#6667,10.);
#1973=VECTOR('',#6670,10.);
#1974=VECTOR('',#6673,10.);
#1975=VECTOR('',#6676,10.);
#1976=VECTOR('',#6679,10.);
#1977=VECTOR('',#6682,10.);
#1978=VECTOR('',#6685,10.);
#1979=VECTOR('',#6688,10.);
#1980=VECTOR('',#6693,10.);
#1981=VECTOR('',#6696,10.);
#1982=VERTEX_POINT('',#6701);
#1983=VERTEX_POINT('',#6702);
#1984=VERTEX_POINT('',#6704);
#1985=VERTEX_POINT('',#6706);
#1986=VERTEX_POINT('',#6710);
#1987=VERTEX_POINT('',#6712);
#1988=VERTEX_POINT('',#6716);
#1989=VERTEX_POINT('',#6718);
#1990=VERTEX_POINT('',#6722);
#1991=VERTEX_POINT('',#6723);
#1992=VERTEX_POINT('',#6725);
#1993=VERTEX_POINT('',#6727);
#1994=VERTEX_POINT('',#6731);
#1995=VERTEX_POINT('',#6737);
#1996=VERTEX_POINT('',#6745);
#1997=VERTEX_POINT('',#6747);
#1998=VERTEX_POINT('',#6751);
#1999=VERTEX_POINT('',#6753);
#2000=VERTEX_POINT('',#6755);
#2001=VERTEX_POINT('',#6757);
#2002=VERTEX_POINT('',#6759);
#2003=VERTEX_POINT('',#6761);
#2004=VERTEX_POINT('',#6763);
#2005=VERTEX_POINT('',#6767);
#2006=VERTEX_POINT('',#6769);
#2007=VERTEX_POINT('',#6771);
#2008=VERTEX_POINT('',#6775);
#2009=VERTEX_POINT('',#6779);
#2010=VERTEX_POINT('',#6780);
#2011=VERTEX_POINT('',#6783);
#2012=VERTEX_POINT('',#6789);
#2013=VERTEX_POINT('',#6790);
#2014=VERTEX_POINT('',#6795);
#2015=VERTEX_POINT('',#6796);
#2016=VERTEX_POINT('',#6801);
#2017=VERTEX_POINT('',#6802);
#2018=VERTEX_POINT('',#6824);
#2019=VERTEX_POINT('',#6826);
#2020=VERTEX_POINT('',#6828);
#2021=VERTEX_POINT('',#6830);
#2022=VERTEX_POINT('',#6832);
#2023=VERTEX_POINT('',#6834);
#2024=VERTEX_POINT('',#6836);
#2025=VERTEX_POINT('',#6838);
#2026=VERTEX_POINT('',#6840);
#2027=VERTEX_POINT('',#6842);
#2028=VERTEX_POINT('',#6844);
#2029=VERTEX_POINT('',#6848);
#2030=VERTEX_POINT('',#6852);
#2031=VERTEX_POINT('',#6853);
#2032=VERTEX_POINT('',#6858);
#2033=VERTEX_POINT('',#6859);
#2034=VERTEX_POINT('',#6864);
#2035=VERTEX_POINT('',#6865);
#2036=VERTEX_POINT('',#6887);
#2037=VERTEX_POINT('',#6889);
#2038=VERTEX_POINT('',#6893);
#2039=VERTEX_POINT('',#6899);
#2040=VERTEX_POINT('',#6901);
#2041=VERTEX_POINT('',#6905);
#2042=VERTEX_POINT('',#6909);
#2043=VERTEX_POINT('',#6910);
#2044=VERTEX_POINT('',#6915);
#2045=VERTEX_POINT('',#6916);
#2046=VERTEX_POINT('',#6921);
#2047=VERTEX_POINT('',#6922);
#2048=VERTEX_POINT('',#6950);
#2049=VERTEX_POINT('',#6954);
#2050=VERTEX_POINT('',#6956);
#2051=VERTEX_POINT('',#6973);
#2052=VERTEX_POINT('',#6975);
#2053=VERTEX_POINT('',#6996);
#2054=VERTEX_POINT('',#7000);
#2055=VERTEX_POINT('',#7004);
#2056=VERTEX_POINT('',#7010);
#2057=VERTEX_POINT('',#7011);
#2058=VERTEX_POINT('',#7013);
#2059=VERTEX_POINT('',#7024);
#2060=VERTEX_POINT('',#7033);
#2061=VERTEX_POINT('',#7050);
#2062=VERTEX_POINT('',#7051);
#2063=VERTEX_POINT('',#7053);
#2064=VERTEX_POINT('',#7055);
#2065=VERTEX_POINT('',#7072);
#2066=VERTEX_POINT('',#7074);
#2067=VERTEX_POINT('',#7076);
#2068=VERTEX_POINT('',#7099);
#2069=VERTEX_POINT('',#7101);
#2070=VERTEX_POINT('',#7105);
#2071=VERTEX_POINT('',#7111);
#2072=VERTEX_POINT('',#7113);
#2073=VERTEX_POINT('',#7117);
#2074=VERTEX_POINT('',#7134);
#2075=VERTEX_POINT('',#7138);
#2076=VERTEX_POINT('',#7142);
#2077=VERTEX_POINT('',#7144);
#2078=VERTEX_POINT('',#7146);
#2079=VERTEX_POINT('',#7148);
#2080=VERTEX_POINT('',#7150);
#2081=VERTEX_POINT('',#7152);
#2082=VERTEX_POINT('',#7154);
#2083=VERTEX_POINT('',#7156);
#2084=VERTEX_POINT('',#7158);
#2085=VERTEX_POINT('',#7162);
#2086=VERTEX_POINT('',#7163);
#2087=VERTEX_POINT('',#7165);
#2088=VERTEX_POINT('',#7167);
#2089=VERTEX_POINT('',#7219);
#2090=VERTEX_POINT('',#7220);
#2091=VERTEX_POINT('',#7225);
#2092=VERTEX_POINT('',#7226);
#2093=VERTEX_POINT('',#7286);
#2094=VERTEX_POINT('',#7287);
#2095=VERTEX_POINT('',#7292);
#2096=VERTEX_POINT('',#7294);
#2097=VERTEX_POINT('',#7298);
#2098=VERTEX_POINT('',#7300);
#2099=VERTEX_POINT('',#7352);
#2100=VERTEX_POINT('',#7353);
#2101=VERTEX_POINT('',#7358);
#2102=VERTEX_POINT('',#7359);
#2103=VERTEX_POINT('',#7412);
#2104=VERTEX_POINT('',#7413);
#2105=VERTEX_POINT('',#7421);
#2106=VERTEX_POINT('',#7425);
#2107=VERTEX_POINT('',#7429);
#2108=VERTEX_POINT('',#7433);
#2109=VERTEX_POINT('',#7437);
#2110=VERTEX_POINT('',#7439);
#2111=VERTEX_POINT('',#7441);
#2112=VERTEX_POINT('',#7443);
#2113=VERTEX_POINT('',#7447);
#2114=VERTEX_POINT('',#7451);
#2115=VERTEX_POINT('',#7464);
#2116=VERTEX_POINT('',#7465);
#2117=VERTEX_POINT('',#7467);
#2118=VERTEX_POINT('',#7469);
#2119=VERTEX_POINT('',#7471);
#2120=VERTEX_POINT('',#7473);
#2121=VERTEX_POINT('',#7475);
#2122=VERTEX_POINT('',#7477);
#2123=VERTEX_POINT('',#7481);
#2124=VERTEX_POINT('',#7483);
#2125=VERTEX_POINT('',#7485);
#2126=VERTEX_POINT('',#7487);
#2127=VERTEX_POINT('',#7491);
#2128=VERTEX_POINT('',#7493);
#2129=VERTEX_POINT('',#7497);
#2130=VERTEX_POINT('',#7499);
#2131=VERTEX_POINT('',#7503);
#2132=VERTEX_POINT('',#7504);
#2133=VERTEX_POINT('',#7506);
#2134=VERTEX_POINT('',#7508);
#2135=VERTEX_POINT('',#7512);
#2136=VERTEX_POINT('',#7514);
#2137=VERTEX_POINT('',#7518);
#2138=VERTEX_POINT('',#7519);
#2139=VERTEX_POINT('',#7521);
#2140=VERTEX_POINT('',#7523);
#2141=VERTEX_POINT('',#7527);
#2142=VERTEX_POINT('',#7531);
#2143=VERTEX_POINT('',#7532);
#2144=VERTEX_POINT('',#7534);
#2145=VERTEX_POINT('',#7536);
#2146=VERTEX_POINT('',#7540);
#2147=VERTEX_POINT('',#7542);
#2148=VERTEX_POINT('',#7549);
#2149=VERTEX_POINT('',#7551);
#2150=VERTEX_POINT('',#7555);
#2151=VERTEX_POINT('',#7557);
#2152=VERTEX_POINT('',#7561);
#2153=VERTEX_POINT('',#7565);
#2154=VERTEX_POINT('',#7566);
#2155=VERTEX_POINT('',#7568);
#2156=VERTEX_POINT('',#7570);
#2157=VERTEX_POINT('',#7574);
#2158=VERTEX_POINT('',#7576);
#2159=VERTEX_POINT('',#7580);
#2160=VERTEX_POINT('',#7581);
#2161=VERTEX_POINT('',#7583);
#2162=VERTEX_POINT('',#7585);
#2163=VERTEX_POINT('',#7589);
#2164=VERTEX_POINT('',#7591);
#2165=VERTEX_POINT('',#7595);
#2166=VERTEX_POINT('',#7597);
#2167=VERTEX_POINT('',#7601);
#2168=VERTEX_POINT('',#7602);
#2169=VERTEX_POINT('',#7604);
#2170=VERTEX_POINT('',#7606);
#2171=VERTEX_POINT('',#7610);
#2172=VERTEX_POINT('',#7612);
#2173=VERTEX_POINT('',#7616);
#2174=VERTEX_POINT('',#7617);
#2175=VERTEX_POINT('',#7619);
#2176=VERTEX_POINT('',#7621);
#2177=VERTEX_POINT('',#7625);
#2178=VERTEX_POINT('',#7627);
#2179=VERTEX_POINT('',#7631);
#2180=VERTEX_POINT('',#7632);
#2181=VERTEX_POINT('',#7634);
#2182=VERTEX_POINT('',#7636);
#2183=VERTEX_POINT('',#7640);
#2184=VERTEX_POINT('',#7642);
#2185=VERTEX_POINT('',#7646);
#2186=VERTEX_POINT('',#7647);
#2187=VERTEX_POINT('',#7649);
#2188=VERTEX_POINT('',#7651);
#2189=VERTEX_POINT('',#7655);
#2190=VERTEX_POINT('',#7656);
#2191=VERTEX_POINT('',#7658);
#2192=VERTEX_POINT('',#7660);
#2193=VERTEX_POINT('',#7664);
#2194=VERTEX_POINT('',#7666);
#2195=VERTEX_POINT('',#7670);
#2196=VERTEX_POINT('',#7671);
#2197=VERTEX_POINT('',#7673);
#2198=VERTEX_POINT('',#7675);
#2199=VERTEX_POINT('',#7679);
#2200=VERTEX_POINT('',#7681);
#2201=VERTEX_POINT('',#7685);
#2202=VERTEX_POINT('',#7687);
#2203=VERTEX_POINT('',#7689);
#2204=VERTEX_POINT('',#7693);
#2205=VERTEX_POINT('',#7694);
#2206=VERTEX_POINT('',#7696);
#2207=VERTEX_POINT('',#7698);
#2208=VERTEX_POINT('',#7702);
#2209=VERTEX_POINT('',#7704);
#2210=VERTEX_POINT('',#7708);
#2211=VERTEX_POINT('',#7709);
#2212=VERTEX_POINT('',#7711);
#2213=VERTEX_POINT('',#7713);
#2214=VERTEX_POINT('',#7718);
#2215=VERTEX_POINT('',#7722);
#2216=VERTEX_POINT('',#7724);
#2217=VERTEX_POINT('',#7726);
#2218=VERTEX_POINT('',#7730);
#2219=VERTEX_POINT('',#7734);
#2220=VERTEX_POINT('',#7736);
#2221=VERTEX_POINT('',#7738);
#2222=VERTEX_POINT('',#7740);
#2223=VERTEX_POINT('',#7742);
#2224=VERTEX_POINT('',#7746);
#2225=VERTEX_POINT('',#7748);
#2226=VERTEX_POINT('',#7752);
#2227=VERTEX_POINT('',#7756);
#2228=VERTEX_POINT('',#7762);
#2229=VERTEX_POINT('',#7764);
#2230=VERTEX_POINT('',#7768);
#2231=VERTEX_POINT('',#7770);
#2232=VERTEX_POINT('',#7776);
#2233=VERTEX_POINT('',#7777);
#2234=VERTEX_POINT('',#7779);
#2235=VERTEX_POINT('',#7782);
#2236=VERTEX_POINT('',#7786);
#2237=VERTEX_POINT('',#7791);
#2238=VERTEX_POINT('',#7793);
#2239=VERTEX_POINT('',#7798);
#2240=VERTEX_POINT('',#7800);
#2241=VERTEX_POINT('',#7804);
#2242=VERTEX_POINT('',#7811);
#2243=VERTEX_POINT('',#7815);
#2244=VERTEX_POINT('',#7820);
#2245=VERTEX_POINT('',#7822);
#2246=VERTEX_POINT('',#7826);
#2247=VERTEX_POINT('',#7828);
#2248=VERTEX_POINT('',#7833);
#2249=VERTEX_POINT('',#7837);
#2250=VERTEX_POINT('',#7845);
#2251=VERTEX_POINT('',#7848);
#2252=VERTEX_POINT('',#7852);
#2253=VERTEX_POINT('',#7854);
#2254=VERTEX_POINT('',#7872);
#2255=VERTEX_POINT('',#7878);
#2256=VERTEX_POINT('',#7881);
#2257=VERTEX_POINT('',#7885);
#2258=VERTEX_POINT('',#7888);
#2259=VERTEX_POINT('',#7892);
#2260=VERTEX_POINT('',#7893);
#2261=VERTEX_POINT('',#7895);
#2262=VERTEX_POINT('',#7897);
#2263=VERTEX_POINT('',#7901);
#2264=VERTEX_POINT('',#7903);
#2265=VERTEX_POINT('',#7907);
#2266=VERTEX_POINT('',#7909);
#2267=VERTEX_POINT('',#7914);
#2268=VERTEX_POINT('',#7919);
#2269=VERTEX_POINT('',#7921);
#2270=VERTEX_POINT('',#7928);
#2271=VERTEX_POINT('',#7930);
#2272=VERTEX_POINT('',#7934);
#2273=VERTEX_POINT('',#7935);
#2274=VERTEX_POINT('',#7937);
#2275=VERTEX_POINT('',#7939);
#2276=VERTEX_POINT('',#7941);
#2277=VERTEX_POINT('',#7943);
#2278=VERTEX_POINT('',#7945);
#2279=VERTEX_POINT('',#7947);
#2280=VERTEX_POINT('',#7951);
#2281=VERTEX_POINT('',#7953);
#2282=VERTEX_POINT('',#7955);
#2283=VERTEX_POINT('',#7959);
#2284=VERTEX_POINT('',#7961);
#2285=VERTEX_POINT('',#7963);
#2286=VERTEX_POINT('',#7967);
#2287=VERTEX_POINT('',#7969);
#2288=VERTEX_POINT('',#7973);
#2289=VERTEX_POINT('',#7974);
#2290=VERTEX_POINT('',#7976);
#2291=VERTEX_POINT('',#7978);
#2292=VERTEX_POINT('',#7982);
#2293=VERTEX_POINT('',#7983);
#2294=VERTEX_POINT('',#7985);
#2295=VERTEX_POINT('',#7987);
#2296=VERTEX_POINT('',#7991);
#2297=VERTEX_POINT('',#7993);
#2298=VERTEX_POINT('',#7995);
#2299=VERTEX_POINT('',#7998);
#2300=VERTEX_POINT('',#8002);
#2301=VERTEX_POINT('',#8007);
#2302=VERTEX_POINT('',#8009);
#2303=VERTEX_POINT('',#8011);
#2304=VERTEX_POINT('',#8015);
#2305=VERTEX_POINT('',#8016);
#2306=VERTEX_POINT('',#8018);
#2307=VERTEX_POINT('',#8020);
#2308=VERTEX_POINT('',#8024);
#2309=VERTEX_POINT('',#8025);
#2310=VERTEX_POINT('',#8030);
#2311=VERTEX_POINT('',#8031);
#2312=VERTEX_POINT('',#8033);
#2313=VERTEX_POINT('',#8035);
#2314=VERTEX_POINT('',#8039);
#2315=VERTEX_POINT('',#8041);
#2316=VERTEX_POINT('',#8048);
#2317=VERTEX_POINT('',#8050);
#2318=VERTEX_POINT('',#8054);
#2319=VERTEX_POINT('',#8056);
#2320=VERTEX_POINT('',#8060);
#2321=VERTEX_POINT('',#8064);
#2322=VERTEX_POINT('',#8065);
#2323=VERTEX_POINT('',#8070);
#2324=VERTEX_POINT('',#8074);
#2325=VERTEX_POINT('',#8075);
#2326=VERTEX_POINT('',#8077);
#2327=VERTEX_POINT('',#8079);
#2328=VERTEX_POINT('',#8083);
#2329=VERTEX_POINT('',#8085);
#2330=VERTEX_POINT('',#8093);
#2331=VERTEX_POINT('',#8094);
#2332=VERTEX_POINT('',#8096);
#2333=VERTEX_POINT('',#8098);
#2334=VERTEX_POINT('',#8102);
#2335=VERTEX_POINT('',#8103);
#2336=VERTEX_POINT('',#8108);
#2337=VERTEX_POINT('',#8112);
#2338=VERTEX_POINT('',#8113);
#2339=VERTEX_POINT('',#8115);
#2340=VERTEX_POINT('',#8117);
#2341=VERTEX_POINT('',#8121);
#2342=VERTEX_POINT('',#8125);
#2343=VERTEX_POINT('',#8129);
#2344=VERTEX_POINT('',#8137);
#2345=VERTEX_POINT('',#8138);
#2346=VERTEX_POINT('',#8140);
#2347=VERTEX_POINT('',#8142);
#2348=VERTEX_POINT('',#8146);
#2349=VERTEX_POINT('',#8148);
#2350=VERTEX_POINT('',#8152);
#2351=VERTEX_POINT('',#8153);
#2352=VERTEX_POINT('',#8155);
#2353=VERTEX_POINT('',#8157);
#2354=VERTEX_POINT('',#8161);
#2355=VERTEX_POINT('',#8162);
#2356=VERTEX_POINT('',#8164);
#2357=VERTEX_POINT('',#8166);
#2358=VERTEX_POINT('',#8170);
#2359=VERTEX_POINT('',#8172);
#2360=VERTEX_POINT('',#8176);
#2361=VERTEX_POINT('',#8177);
#2362=VERTEX_POINT('',#8179);
#2363=VERTEX_POINT('',#8181);
#2364=VERTEX_POINT('',#8185);
#2365=VERTEX_POINT('',#8187);
#2366=VERTEX_POINT('',#8191);
#2367=VERTEX_POINT('',#8193);
#2368=VERTEX_POINT('',#8195);
#2369=VERTEX_POINT('',#8199);
#2370=VERTEX_POINT('',#8200);
#2371=VERTEX_POINT('',#8202);
#2372=VERTEX_POINT('',#8204);
#2373=VERTEX_POINT('',#8208);
#2374=VERTEX_POINT('',#8210);
#2375=VERTEX_POINT('',#8214);
#2376=VERTEX_POINT('',#8215);
#2377=VERTEX_POINT('',#8217);
#2378=VERTEX_POINT('',#8219);
#2379=VERTEX_POINT('',#8223);
#2380=VERTEX_POINT('',#8228);
#2381=VERTEX_POINT('',#8230);
#2382=VERTEX_POINT('',#8232);
#2383=VERTEX_POINT('',#8236);
#2384=VERTEX_POINT('',#8238);
#2385=VERTEX_POINT('',#8242);
#2386=VERTEX_POINT('',#8243);
#2387=VERTEX_POINT('',#8245);
#2388=VERTEX_POINT('',#8247);
#2389=VERTEX_POINT('',#8249);
#2390=VERTEX_POINT('',#8251);
#2391=VERTEX_POINT('',#8256);
#2392=VERTEX_POINT('',#8258);
#2393=VERTEX_POINT('',#8262);
#2394=VERTEX_POINT('',#8266);
#2395=VERTEX_POINT('',#8278);
#2396=VERTEX_POINT('',#8280);
#2397=VERTEX_POINT('',#8284);
#2398=VERTEX_POINT('',#8286);
#2399=VERTEX_POINT('',#8292);
#2400=VERTEX_POINT('',#8293);
#2401=VERTEX_POINT('',#8295);
#2402=VERTEX_POINT('',#8299);
#2403=VERTEX_POINT('',#8303);
#2404=VERTEX_POINT('',#8308);
#2405=VERTEX_POINT('',#8310);
#2406=VERTEX_POINT('',#8315);
#2407=VERTEX_POINT('',#8317);
#2408=VERTEX_POINT('',#8321);
#2409=VERTEX_POINT('',#8328);
#2410=VERTEX_POINT('',#8332);
#2411=VERTEX_POINT('',#8337);
#2412=VERTEX_POINT('',#8339);
#2413=VERTEX_POINT('',#8343);
#2414=VERTEX_POINT('',#8345);
#2415=VERTEX_POINT('',#8352);
#2416=VERTEX_POINT('',#8356);
#2417=VERTEX_POINT('',#8364);
#2418=VERTEX_POINT('',#8367);
#2419=VERTEX_POINT('',#8371);
#2420=VERTEX_POINT('',#8373);
#2421=VERTEX_POINT('',#8389);
#2422=VERTEX_POINT('',#8392);
#2423=VERTEX_POINT('',#8396);
#2424=VERTEX_POINT('',#8399);
#2425=VERTEX_POINT('',#8403);
#2426=VERTEX_POINT('',#8404);
#2427=VERTEX_POINT('',#8406);
#2428=VERTEX_POINT('',#8408);
#2429=VERTEX_POINT('',#8412);
#2430=VERTEX_POINT('',#8414);
#2431=VERTEX_POINT('',#8418);
#2432=VERTEX_POINT('',#8420);
#2433=VERTEX_POINT('',#8426);
#2434=VERTEX_POINT('',#8431);
#2435=VERTEX_POINT('',#8433);
#2436=EDGE_CURVE('',#1982,#1983,#926,.T.);
#2437=EDGE_CURVE('',#1983,#1984,#900,.T.);
#2438=EDGE_CURVE('',#1984,#1985,#927,.T.);
#2439=EDGE_CURVE('',#1985,#1982,#901,.T.);
#2440=EDGE_CURVE('',#1983,#1986,#928,.T.);
#2441=EDGE_CURVE('',#1986,#1987,#226,.T.);
#2442=EDGE_CURVE('',#1987,#1984,#929,.T.);
#2443=EDGE_CURVE('',#1985,#1988,#930,.T.);
#2444=EDGE_CURVE('',#1988,#1989,#227,.T.);
#2445=EDGE_CURVE('',#1989,#1982,#931,.T.);
#2446=EDGE_CURVE('',#1990,#1991,#932,.T.);
#2447=EDGE_CURVE('',#1991,#1992,#902,.T.);
#2448=EDGE_CURVE('',#1992,#1993,#933,.T.);
#2449=EDGE_CURVE('',#1993,#1990,#903,.T.);
#2450=EDGE_CURVE('',#1991,#1994,#934,.T.);
#2451=EDGE_CURVE('',#1994,#1986,#228,.T.);
#2452=EDGE_CURVE('',#1986,#1992,#935,.T.);
#2453=EDGE_CURVE('',#1993,#1989,#936,.T.);
#2454=EDGE_CURVE('',#1989,#1995,#229,.T.);
#2455=EDGE_CURVE('',#1995,#1990,#937,.T.);
#2456=EDGE_CURVE('',#1994,#1987,#230,.T.);
#2457=EDGE_CURVE('',#1988,#1995,#231,.T.);
#2458=EDGE_CURVE('',#1994,#1996,#938,.T.);
#2459=EDGE_CURVE('',#1997,#1996,#904,.T.);
#2460=EDGE_CURVE('',#1997,#1987,#939,.T.);
#2461=EDGE_CURVE('',#1998,#1995,#940,.T.);
#2462=EDGE_CURVE('',#1999,#1998,#941,.T.);
#2463=EDGE_CURVE('',#2000,#1999,#942,.T.);
#2464=EDGE_CURVE('',#2001,#2000,#943,.T.);
#2465=EDGE_CURVE('',#2002,#2001,#944,.T.);
#2466=EDGE_CURVE('',#2003,#2002,#945,.T.);
#2467=EDGE_CURVE('',#2003,#2004,#946,.T.);
#2468=EDGE_CURVE('',#1996,#2004,#947,.T.);
#2469=EDGE_CURVE('',#2005,#1993,#948,.T.);
#2470=EDGE_CURVE('',#2006,#2005,#949,.T.);
#2471=EDGE_CURVE('',#2007,#2006,#950,.T.);
#2472=EDGE_CURVE('',#1982,#2007,#951,.T.);
#2473=EDGE_CURVE('',#2008,#1992,#952,.T.);
#2474=EDGE_CURVE('',#2008,#2005,#953,.T.);
#2475=EDGE_CURVE('',#2009,#2010,#954,.T.);
#2476=EDGE_CURVE('',#2010,#1999,#232,.T.);
#2477=EDGE_CURVE('',#1998,#2011,#905,.T.);
#2478=EDGE_CURVE('',#2011,#2009,#906,.T.);
#2479=EDGE_CURVE('',#1988,#2011,#955,.T.);
#2480=EDGE_CURVE('',#2012,#2013,#233,.T.);
#2481=EDGE_CURVE('',#2013,#1999,#234,.T.);
#2482=EDGE_CURVE('',#2010,#2012,#235,.T.);
#2483=EDGE_CURVE('',#2014,#2015,#236,.T.);
#2484=EDGE_CURVE('',#2015,#2013,#956,.T.);
#2485=EDGE_CURVE('',#2012,#2014,#957,.T.);
#2486=EDGE_CURVE('',#2016,#2017,#33,.F.);
#2487=EDGE_CURVE('',#2017,#2015,#237,.T.);
#2488=EDGE_CURVE('',#2014,#2016,#238,.T.);
#2489=EDGE_CURVE('',#2018,#1997,#907,.T.);
#2490=EDGE_CURVE('',#2019,#2018,#958,.T.);
#2491=EDGE_CURVE('',#2020,#2019,#959,.T.);
#2492=EDGE_CURVE('',#2021,#2020,#960,.T.);
#2493=EDGE_CURVE('',#2022,#2021,#961,.T.);
#2494=EDGE_CURVE('',#2023,#2022,#962,.T.);
#2495=EDGE_CURVE('',#2023,#2024,#963,.T.);
#2496=EDGE_CURVE('',#2024,#2025,#964,.T.);
#2497=EDGE_CURVE('',#2025,#2026,#965,.T.);
#2498=EDGE_CURVE('',#2026,#2027,#966,.T.);
#2499=EDGE_CURVE('',#2027,#2028,#967,.T.);
#2500=EDGE_CURVE('',#2028,#2009,#968,.T.);
#2501=EDGE_CURVE('',#2004,#2029,#239,.T.);
#2502=EDGE_CURVE('',#2029,#2018,#969,.T.);
#2503=EDGE_CURVE('',#2030,#2031,#240,.T.);
#2504=EDGE_CURVE('',#2031,#2029,#241,.T.);
#2505=EDGE_CURVE('',#2004,#2030,#242,.T.);
#2506=EDGE_CURVE('',#2032,#2033,#243,.T.);
#2507=EDGE_CURVE('',#2033,#2031,#970,.T.);
#2508=EDGE_CURVE('',#2030,#2032,#971,.T.);
#2509=EDGE_CURVE('',#2034,#2035,#34,.F.);
#2510=EDGE_CURVE('',#2035,#2033,#244,.T.);
#2511=EDGE_CURVE('',#2032,#2034,#245,.T.);
#2512=EDGE_CURVE('',#2036,#2032,#972,.T.);
#2513=EDGE_CURVE('',#2037,#2036,#246,.T.);
#2514=EDGE_CURVE('',#2034,#2037,#973,.T.);
#2515=EDGE_CURVE('',#2030,#2038,#974,.T.);
#2516=EDGE_CURVE('',#2036,#2038,#975,.T.);
#2517=EDGE_CURVE('',#2038,#2003,#247,.T.);
#2518=EDGE_CURVE('',#2001,#2039,#248,.T.);
#2519=EDGE_CURVE('',#2039,#2040,#249,.T.);
#2520=EDGE_CURVE('',#2040,#2001,#250,.T.);
#2521=EDGE_CURVE('',#2000,#2041,#251,.T.);
#2522=EDGE_CURVE('',#2041,#2039,#976,.T.);
#2523=EDGE_CURVE('',#2042,#2043,#252,.T.);
#2524=EDGE_CURVE('',#2043,#2041,#253,.T.);
#2525=EDGE_CURVE('',#2000,#2042,#254,.T.);
#2526=EDGE_CURVE('',#2044,#2045,#255,.T.);
#2527=EDGE_CURVE('',#2045,#2043,#977,.T.);
#2528=EDGE_CURVE('',#2042,#2044,#978,.T.);
#2529=EDGE_CURVE('',#2046,#2047,#35,.F.);
#2530=EDGE_CURVE('',#2047,#2045,#256,.T.);
#2531=EDGE_CURVE('',#2044,#2046,#257,.T.);
#2532=EDGE_CURVE('',#2017,#2046,#979,.T.);
#2533=EDGE_CURVE('',#2044,#2015,#980,.T.);
#2534=EDGE_CURVE('',#2013,#2042,#981,.T.);
#2535=EDGE_CURVE('',#2040,#2048,#982,.T.);
#2536=EDGE_CURVE('',#2002,#2048,#258,.T.);
#2537=EDGE_CURVE('',#2039,#2049,#259,.T.);
#2538=EDGE_CURVE('',#2049,#2050,#36,.T.);
#2539=EDGE_CURVE('',#2050,#2040,#260,.T.);
#2540=EDGE_CURVE('',#2036,#2051,#261,.T.);
#2541=EDGE_CURVE('',#2051,#2052,#262,.T.);
#2542=EDGE_CURVE('',#2052,#2037,#37,.F.);
#2543=EDGE_CURVE('',#2038,#2053,#263,.T.);
#2544=EDGE_CURVE('',#2053,#2051,#983,.T.);
#2545=EDGE_CURVE('',#2003,#2054,#264,.T.);
#2546=EDGE_CURVE('',#2054,#2053,#265,.T.);
#2547=EDGE_CURVE('',#2002,#2055,#266,.T.);
#2548=EDGE_CURVE('',#2055,#2054,#984,.T.);
#2549=EDGE_CURVE('',#2048,#2055,#267,.T.);
#2550=EDGE_CURVE('',#2056,#2057,#268,.T.);
#2551=EDGE_CURVE('',#2057,#2058,#38,.T.);
#2552=EDGE_CURVE('',#2058,#2059,#39,.T.);
#2553=EDGE_CURVE('',#2059,#2060,#269,.T.);
#2554=EDGE_CURVE('',#2060,#2056,#40,.T.);
#2555=EDGE_CURVE('',#2061,#2062,#985,.T.);
#2556=EDGE_CURVE('',#2062,#2063,#908,.F.);
#2557=EDGE_CURVE('',#2063,#2064,#986,.T.);
#2558=EDGE_CURVE('',#2064,#2061,#41,.T.);
#2559=EDGE_CURVE('',#2065,#2061,#270,.T.);
#2560=EDGE_CURVE('',#2064,#2066,#271,.T.);
#2561=EDGE_CURVE('',#2066,#2067,#42,.T.);
#2562=EDGE_CURVE('',#2067,#2065,#43,.T.);
#2563=EDGE_CURVE('',#2057,#2065,#987,.T.);
#2564=EDGE_CURVE('',#2067,#2058,#988,.T.);
#2565=EDGE_CURVE('',#2060,#2068,#989,.T.);
#2566=EDGE_CURVE('',#2068,#2069,#909,.F.);
#2567=EDGE_CURVE('',#2069,#2056,#990,.T.);
#2568=EDGE_CURVE('',#2056,#2070,#991,.T.);
#2569=EDGE_CURVE('',#2048,#2070,#272,.T.);
#2570=EDGE_CURVE('',#2061,#2050,#992,.T.);
#2571=EDGE_CURVE('',#2062,#2069,#993,.T.);
#2572=EDGE_CURVE('',#2071,#2050,#994,.T.);
#2573=EDGE_CURVE('',#2071,#2072,#995,.T.);
#2574=EDGE_CURVE('',#2070,#2072,#996,.T.);
#2575=EDGE_CURVE('',#2070,#2073,#44,.T.);
#2576=EDGE_CURVE('',#2073,#2055,#273,.T.);
#2577=EDGE_CURVE('',#2072,#2074,#910,.T.);
#2578=EDGE_CURVE('',#2074,#2073,#997,.T.);
#2579=EDGE_CURVE('',#2049,#2075,#998,.T.);
#2580=EDGE_CURVE('',#2075,#2071,#911,.T.);
#2581=EDGE_CURVE('',#2074,#2076,#999,.T.);
#2582=EDGE_CURVE('',#2076,#2077,#1000,.T.);
#2583=EDGE_CURVE('',#2077,#2078,#1001,.T.);
#2584=EDGE_CURVE('',#2078,#2079,#1002,.T.);
#2585=EDGE_CURVE('',#2079,#2080,#274,.T.);
#2586=EDGE_CURVE('',#2080,#2081,#275,.T.);
#2587=EDGE_CURVE('',#2081,#2082,#1003,.T.);
#2588=EDGE_CURVE('',#2082,#2083,#1004,.T.);
#2589=EDGE_CURVE('',#2083,#2084,#276,.T.);
#2590=EDGE_CURVE('',#2084,#2052,#1005,.T.);
#2591=EDGE_CURVE('',#2085,#2086,#1006,.T.);
#2592=EDGE_CURVE('',#2086,#2087,#277,.T.);
#2593=EDGE_CURVE('',#2087,#2088,#1007,.T.);
#2594=EDGE_CURVE('',#2085,#2088,#912,.T.);
#2595=EDGE_CURVE('',#2089,#2090,#278,.T.);
#2596=EDGE_CURVE('',#2090,#2087,#913,.T.);
#2597=EDGE_CURVE('',#2086,#2089,#914,.T.);
#2598=EDGE_CURVE('',#2091,#2092,#279,.T.);
#2599=EDGE_CURVE('',#2092,#2090,#1008,.T.);
#2600=EDGE_CURVE('',#2089,#2091,#1009,.T.);
#2601=EDGE_CURVE('',#2093,#2094,#280,.T.);
#2602=EDGE_CURVE('',#2094,#2092,#915,.T.);
#2603=EDGE_CURVE('',#2091,#2093,#916,.T.);
#2604=EDGE_CURVE('',#2095,#2094,#1010,.T.);
#2605=EDGE_CURVE('',#2093,#2096,#1011,.T.);
#2606=EDGE_CURVE('',#2096,#2095,#917,.T.);
#2607=EDGE_CURVE('',#2096,#2097,#1012,.T.);
#2608=EDGE_CURVE('',#2097,#2098,#281,.T.);
#2609=EDGE_CURVE('',#2098,#2095,#1013,.T.);
#2610=EDGE_CURVE('',#2099,#2100,#282,.T.);
#2611=EDGE_CURVE('',#2100,#2098,#918,.T.);
#2612=EDGE_CURVE('',#2097,#2099,#919,.T.);
#2613=EDGE_CURVE('',#2101,#2102,#283,.T.);
#2614=EDGE_CURVE('',#2102,#2100,#1014,.T.);
#2615=EDGE_CURVE('',#2099,#2101,#1015,.T.);
#2616=EDGE_CURVE('',#2103,#2104,#284,.T.);
#2617=EDGE_CURVE('',#2104,#2102,#920,.T.);
#2618=EDGE_CURVE('',#2101,#2103,#921,.T.);
#2619=EDGE_CURVE('',#2088,#2104,#1016,.T.);
#2620=EDGE_CURVE('',#2103,#2085,#1017,.T.);
#2621=EDGE_CURVE('',#2105,#2093,#1018,.T.);
#2622=EDGE_CURVE('',#2097,#2105,#1019,.T.);
#2623=EDGE_CURVE('',#2091,#2106,#1020,.T.);
#2624=EDGE_CURVE('',#2106,#2105,#285,.F.);
#2625=EDGE_CURVE('',#2107,#2089,#1021,.T.);
#2626=EDGE_CURVE('',#2106,#2107,#1022,.T.);
#2627=EDGE_CURVE('',#2086,#2108,#1023,.T.);
#2628=EDGE_CURVE('',#2108,#2107,#286,.F.);
#2629=EDGE_CURVE('',#2088,#2109,#1024,.T.);
#2630=EDGE_CURVE('',#2110,#2109,#1025,.T.);
#2631=EDGE_CURVE('',#2111,#2110,#1026,.T.);
#2632=EDGE_CURVE('',#2111,#2112,#1027,.T.);
#2633=EDGE_CURVE('',#2095,#2112,#1028,.T.);
#2634=EDGE_CURVE('',#2113,#2108,#287,.F.);
#2635=EDGE_CURVE('',#2107,#2113,#288,.F.);
#2636=EDGE_CURVE('',#2105,#2114,#289,.F.);
#2637=EDGE_CURVE('',#2114,#2106,#290,.F.);
#2638=EDGE_CURVE('',#2113,#2114,#1029,.T.);
#2639=EDGE_CURVE('',#2114,#2099,#1030,.T.);
#2640=EDGE_CURVE('',#2101,#2113,#1031,.T.);
#2641=EDGE_CURVE('',#2108,#2103,#1032,.T.);
#2642=EDGE_CURVE('',#2115,#2116,#1033,.T.);
#2643=EDGE_CURVE('',#2115,#2117,#1034,.T.);
#2644=EDGE_CURVE('',#2118,#2117,#1035,.T.);
#2645=EDGE_CURVE('',#2119,#2118,#1036,.T.);
#2646=EDGE_CURVE('',#2120,#2119,#1037,.T.);
#2647=EDGE_CURVE('',#2121,#2120,#1038,.T.);
#2648=EDGE_CURVE('',#2122,#2121,#1039,.T.);
#2649=EDGE_CURVE('',#2116,#2122,#1040,.T.);
#2650=EDGE_CURVE('',#2123,#2059,#1041,.T.);
#2651=EDGE_CURVE('',#2124,#2123,#1042,.F.);
#2652=EDGE_CURVE('',#2125,#2124,#1043,.F.);
#2653=EDGE_CURVE('',#2126,#2125,#291,.F.);
#2654=EDGE_CURVE('',#2068,#2126,#1044,.F.);
#2655=EDGE_CURVE('',#2127,#2124,#1045,.T.);
#2656=EDGE_CURVE('',#2128,#2127,#1046,.T.);
#2657=EDGE_CURVE('',#2125,#2128,#1047,.T.);
#2658=EDGE_CURVE('',#2129,#2082,#1048,.T.);
#2659=EDGE_CURVE('',#2130,#2129,#1049,.T.);
#2660=EDGE_CURVE('',#2130,#2083,#1050,.T.);
#2661=EDGE_CURVE('',#2131,#2132,#1051,.T.);
#2662=EDGE_CURVE('',#2133,#2132,#1052,.T.);
#2663=EDGE_CURVE('',#2133,#2134,#1053,.T.);
#2664=EDGE_CURVE('',#2131,#2134,#1054,.T.);
#2665=EDGE_CURVE('',#2134,#2135,#1055,.T.);
#2666=EDGE_CURVE('',#2136,#2135,#1056,.T.);
#2667=EDGE_CURVE('',#2136,#2131,#1057,.T.);
#2668=EDGE_CURVE('',#2137,#2138,#1058,.T.);
#2669=EDGE_CURVE('',#2139,#2138,#292,.T.);
#2670=EDGE_CURVE('',#2139,#2140,#1059,.T.);
#2671=EDGE_CURVE('',#2137,#2140,#293,.T.);
#2672=EDGE_CURVE('',#2141,#2084,#1060,.T.);
#2673=EDGE_CURVE('',#2141,#2130,#294,.T.);
#2674=EDGE_CURVE('',#2142,#2143,#1061,.T.);
#2675=EDGE_CURVE('',#2144,#2142,#295,.T.);
#2676=EDGE_CURVE('',#2144,#2145,#1062,.T.);
#2677=EDGE_CURVE('',#2143,#2145,#296,.T.);
#2678=EDGE_CURVE('',#2145,#2146,#1063,.T.);
#2679=EDGE_CURVE('',#2147,#2146,#1064,.T.);
#2680=EDGE_CURVE('',#2147,#2143,#1065,.T.);
#2681=EDGE_CURVE('',#2140,#2118,#1066,.T.);
#2682=EDGE_CURVE('',#2119,#2139,#1067,.T.);
#2683=EDGE_CURVE('',#2117,#2148,#1068,.T.);
#2684=EDGE_CURVE('',#2148,#2149,#297,.T.);
#2685=EDGE_CURVE('',#2149,#2137,#1069,.T.);
#2686=EDGE_CURVE('',#2150,#2120,#1070,.T.);
#2687=EDGE_CURVE('',#2150,#2151,#1071,.T.);
#2688=EDGE_CURVE('',#2121,#2151,#1072,.T.);
#2689=EDGE_CURVE('',#2151,#2152,#1073,.T.);
#2690=EDGE_CURVE('',#2122,#2152,#1074,.T.);
#2691=EDGE_CURVE('',#2153,#2154,#1075,.T.);
#2692=EDGE_CURVE('',#2154,#2155,#1076,.T.);
#2693=EDGE_CURVE('',#2155,#2156,#1077,.T.);
#2694=EDGE_CURVE('',#2156,#2153,#1078,.T.);
#2695=EDGE_CURVE('',#2154,#2157,#1079,.T.);
#2696=EDGE_CURVE('',#2158,#2157,#1080,.T.);
#2697=EDGE_CURVE('',#2158,#2155,#1081,.T.);
#2698=EDGE_CURVE('',#2159,#2160,#1082,.T.);
#2699=EDGE_CURVE('',#2161,#2160,#1083,.T.);
#2700=EDGE_CURVE('',#2161,#2162,#1084,.T.);
#2701=EDGE_CURVE('',#2159,#2162,#1085,.T.);
#2702=EDGE_CURVE('',#2162,#2163,#1086,.T.);
#2703=EDGE_CURVE('',#2164,#2163,#1087,.T.);
#2704=EDGE_CURVE('',#2164,#2159,#1088,.T.);
#2705=EDGE_CURVE('',#2165,#2078,#1089,.T.);
#2706=EDGE_CURVE('',#2077,#2166,#1090,.T.);
#2707=EDGE_CURVE('',#2165,#2166,#1091,.T.);
#2708=EDGE_CURVE('',#2167,#2168,#1092,.T.);
#2709=EDGE_CURVE('',#2169,#2168,#1093,.T.);
#2710=EDGE_CURVE('',#2169,#2170,#1094,.T.);
#2711=EDGE_CURVE('',#2167,#2170,#1095,.T.);
#2712=EDGE_CURVE('',#2168,#2171,#1096,.T.);
#2713=EDGE_CURVE('',#2171,#2172,#1097,.T.);
#2714=EDGE_CURVE('',#2172,#2169,#1098,.T.);
#2715=EDGE_CURVE('',#2173,#2174,#1099,.T.);
#2716=EDGE_CURVE('',#2175,#2174,#1100,.T.);
#2717=EDGE_CURVE('',#2175,#2176,#1101,.T.);
#2718=EDGE_CURVE('',#2173,#2176,#1102,.T.);
#2719=EDGE_CURVE('',#2176,#2177,#1103,.T.);
#2720=EDGE_CURVE('',#2178,#2177,#1104,.T.);
#2721=EDGE_CURVE('',#2178,#2173,#1105,.T.);
#2722=EDGE_CURVE('',#2179,#2180,#1106,.T.);
#2723=EDGE_CURVE('',#2180,#2181,#298,.T.);
#2724=EDGE_CURVE('',#2181,#2182,#1107,.T.);
#2725=EDGE_CURVE('',#2182,#2179,#299,.T.);
#2726=EDGE_CURVE('',#2180,#2183,#1108,.T.);
#2727=EDGE_CURVE('',#2184,#2183,#300,.T.);
#2728=EDGE_CURVE('',#2184,#2181,#1109,.T.);
#2729=EDGE_CURVE('',#2185,#2186,#1110,.T.);
#2730=EDGE_CURVE('',#2187,#2186,#1111,.T.);
#2731=EDGE_CURVE('',#2187,#2188,#1112,.T.);
#2732=EDGE_CURVE('',#2185,#2188,#1113,.T.);
#2733=EDGE_CURVE('',#2189,#2190,#1114,.T.);
#2734=EDGE_CURVE('',#2191,#2190,#1115,.T.);
#2735=EDGE_CURVE('',#2191,#2192,#1116,.T.);
#2736=EDGE_CURVE('',#2189,#2192,#1117,.T.);
#2737=EDGE_CURVE('',#2190,#2193,#1118,.T.);
#2738=EDGE_CURVE('',#2193,#2194,#1119,.T.);
#2739=EDGE_CURVE('',#2194,#2191,#1120,.T.);
#2740=EDGE_CURVE('',#2195,#2196,#1121,.T.);
#2741=EDGE_CURVE('',#2197,#2196,#1122,.T.);
#2742=EDGE_CURVE('',#2197,#2198,#1123,.T.);
#2743=EDGE_CURVE('',#2195,#2198,#1124,.T.);
#2744=EDGE_CURVE('',#2198,#2199,#1125,.T.);
#2745=EDGE_CURVE('',#2200,#2199,#1126,.T.);
#2746=EDGE_CURVE('',#2200,#2195,#1127,.T.);
#2747=EDGE_CURVE('',#2186,#2201,#1128,.T.);
#2748=EDGE_CURVE('',#2201,#2202,#1129,.T.);
#2749=EDGE_CURVE('',#2202,#2203,#1130,.T.);
#2750=EDGE_CURVE('',#2203,#2187,#1131,.T.);
#2751=EDGE_CURVE('',#2204,#2205,#1132,.T.);
#2752=EDGE_CURVE('',#2205,#2206,#1133,.T.);
#2753=EDGE_CURVE('',#2206,#2207,#1134,.T.);
#2754=EDGE_CURVE('',#2207,#2204,#1135,.T.);
#2755=EDGE_CURVE('',#2205,#2208,#1136,.T.);
#2756=EDGE_CURVE('',#2209,#2208,#1137,.T.);
#2757=EDGE_CURVE('',#2209,#2206,#1138,.T.);
#2758=EDGE_CURVE('',#2210,#2211,#1139,.T.);
#2759=EDGE_CURVE('',#2212,#2211,#1140,.T.);
#2760=EDGE_CURVE('',#2212,#2213,#1141,.T.);
#2761=EDGE_CURVE('',#2210,#2213,#1142,.T.);
#2762=EDGE_CURVE('',#2211,#2185,#1143,.T.);
#2763=EDGE_CURVE('',#2214,#2210,#1144,.T.);
#2764=EDGE_CURVE('',#2201,#2214,#1145,.T.);
#2765=EDGE_CURVE('',#2213,#2215,#1146,.T.);
#2766=EDGE_CURVE('',#2216,#2215,#1147,.T.);
#2767=EDGE_CURVE('',#2217,#2216,#1148,.T.);
#2768=EDGE_CURVE('',#2214,#2217,#1149,.T.);
#2769=EDGE_CURVE('',#2218,#2165,#1150,.T.);
#2770=EDGE_CURVE('',#2218,#2079,#1151,.T.);
#2771=EDGE_CURVE('',#2219,#2080,#1152,.T.);
#2772=EDGE_CURVE('',#2220,#2218,#301,.T.);
#2773=EDGE_CURVE('',#2220,#2221,#1153,.T.);
#2774=EDGE_CURVE('',#2221,#2222,#302,.T.);
#2775=EDGE_CURVE('',#2222,#2223,#1154,.T.);
#2776=EDGE_CURVE('',#2219,#2223,#303,.T.);
#2777=EDGE_CURVE('',#2221,#2224,#1155,.T.);
#2778=EDGE_CURVE('',#2225,#2224,#1156,.T.);
#2779=EDGE_CURVE('',#2225,#2222,#1157,.T.);
#2780=EDGE_CURVE('',#2226,#2220,#1158,.T.);
#2781=EDGE_CURVE('',#2224,#2226,#1159,.T.);
#2782=EDGE_CURVE('',#2223,#2227,#1160,.T.);
#2783=EDGE_CURVE('',#2227,#2225,#1161,.T.);
#2784=EDGE_CURVE('',#2202,#2217,#1162,.T.);
#2785=EDGE_CURVE('',#2149,#2228,#1163,.T.);
#2786=EDGE_CURVE('',#2148,#2229,#1164,.T.);
#2787=EDGE_CURVE('',#2228,#2229,#304,.T.);
#2788=EDGE_CURVE('',#2230,#2182,#1165,.T.);
#2789=EDGE_CURVE('',#2231,#2230,#305,.T.);
#2790=EDGE_CURVE('',#2179,#2231,#1166,.T.);
#2791=EDGE_CURVE('',#2115,#2229,#1167,.T.);
#2792=EDGE_CURVE('',#2232,#2233,#1168,.T.);
#2793=EDGE_CURVE('',#2234,#2232,#1169,.T.);
#2794=EDGE_CURVE('',#2035,#2234,#1170,.T.);
#2795=EDGE_CURVE('',#2235,#2141,#1171,.T.);
#2796=EDGE_CURVE('',#2235,#2233,#1172,.T.);
#2797=EDGE_CURVE('',#2230,#2236,#1173,.T.);
#2798=EDGE_CURVE('',#2142,#2184,#1174,.T.);
#2799=EDGE_CURVE('',#2236,#2147,#1175,.T.);
#2800=EDGE_CURVE('',#2237,#2234,#1176,.T.);
#2801=EDGE_CURVE('',#2232,#2238,#1177,.T.);
#2802=EDGE_CURVE('',#2237,#2238,#1178,.T.);
#2803=EDGE_CURVE('',#2231,#2237,#1179,.T.);
#2804=EDGE_CURVE('',#2239,#2238,#1180,.T.);
#2805=EDGE_CURVE('',#2240,#2239,#1181,.T.);
#2806=EDGE_CURVE('',#2183,#2240,#1182,.T.);
#2807=EDGE_CURVE('',#2241,#2236,#1183,.T.);
#2808=EDGE_CURVE('',#2241,#2146,#1184,.T.);
#2809=EDGE_CURVE('',#2228,#2241,#1185,.T.);
#2810=EDGE_CURVE('',#2138,#2144,#1186,.T.);
#2811=EDGE_CURVE('',#2242,#2116,#1187,.T.);
#2812=EDGE_CURVE('',#2242,#2152,#1188,.T.);
#2813=EDGE_CURVE('',#2243,#2242,#1189,.T.);
#2814=EDGE_CURVE('',#2192,#2150,#1190,.T.);
#2815=EDGE_CURVE('',#2194,#2243,#1191,.T.);
#2816=EDGE_CURVE('',#2244,#2244,#306,.T.);
#2817=EDGE_CURVE('',#2244,#2245,#1192,.T.);
#2818=EDGE_CURVE('',#2245,#2245,#307,.T.);
#2819=EDGE_CURVE('',#2246,#2123,#1193,.T.);
#2820=EDGE_CURVE('',#2246,#2247,#922,.F.);
#2821=EDGE_CURVE('',#2127,#2247,#1194,.T.);
#2822=EDGE_CURVE('',#2112,#2246,#923,.T.);
#2823=EDGE_CURVE('',#2248,#2111,#308,.F.);
#2824=EDGE_CURVE('',#2247,#2248,#1195,.T.);
#2825=EDGE_CURVE('',#2081,#2249,#1196,.T.);
#2826=EDGE_CURVE('',#2227,#2249,#1197,.F.);
#2827=EDGE_CURVE('',#2129,#2226,#1198,.F.);
#2828=EDGE_CURVE('',#2219,#2249,#309,.T.);
#2829=EDGE_CURVE('',#2250,#2250,#310,.T.);
#2830=EDGE_CURVE('',#2251,#2251,#311,.T.);
#2831=EDGE_CURVE('',#2251,#2250,#1199,.T.);
#2832=EDGE_CURVE('',#2252,#2252,#312,.T.);
#2833=EDGE_CURVE('',#2252,#2253,#1200,.T.);
#2834=EDGE_CURVE('',#2253,#2253,#313,.T.);
#2835=EDGE_CURVE('',#2166,#2175,#1201,.T.);
#2836=EDGE_CURVE('',#2174,#2167,#1202,.T.);
#2837=EDGE_CURVE('',#2170,#2133,#1203,.T.);
#2838=EDGE_CURVE('',#2132,#2158,#1204,.T.);
#2839=EDGE_CURVE('',#2157,#2161,#1205,.T.);
#2840=EDGE_CURVE('',#2160,#2209,#1206,.T.);
#2841=EDGE_CURVE('',#2208,#2212,#1207,.T.);
#2842=EDGE_CURVE('',#2188,#2197,#1208,.T.);
#2843=EDGE_CURVE('',#2196,#2189,#1209,.T.);
#2844=EDGE_CURVE('',#2240,#2235,#314,.T.);
#2845=EDGE_CURVE('',#2233,#2239,#315,.T.);
#2846=EDGE_CURVE('',#2254,#2248,#1210,.T.);
#2847=EDGE_CURVE('',#2254,#2128,#316,.T.);
#2848=EDGE_CURVE('',#2126,#2254,#1211,.T.);
#2849=EDGE_CURVE('',#2255,#2255,#317,.T.);
#2850=EDGE_CURVE('',#2255,#2256,#1212,.T.);
#2851=EDGE_CURVE('',#2256,#2256,#318,.T.);
#2852=EDGE_CURVE('',#2257,#2257,#319,.T.);
#2853=EDGE_CURVE('',#2257,#2258,#1213,.T.);
#2854=EDGE_CURVE('',#2258,#2258,#320,.T.);
#2855=EDGE_CURVE('',#2259,#2260,#321,.T.);
#2856=EDGE_CURVE('',#2261,#2259,#1214,.T.);
#2857=EDGE_CURVE('',#2262,#2261,#322,.T.);
#2858=EDGE_CURVE('',#2262,#2260,#1215,.T.);
#2859=EDGE_CURVE('',#2263,#2259,#1216,.T.);
#2860=EDGE_CURVE('',#2263,#2264,#1217,.T.);
#2861=EDGE_CURVE('',#2264,#2261,#1218,.T.);
#2862=EDGE_CURVE('',#2265,#2263,#323,.T.);
#2863=EDGE_CURVE('',#2265,#2266,#1219,.T.);
#2864=EDGE_CURVE('',#2266,#2264,#324,.T.);
#2865=EDGE_CURVE('',#2265,#2022,#1220,.T.);
#2866=EDGE_CURVE('',#2260,#2267,#325,.T.);
#2867=EDGE_CURVE('',#2267,#2023,#1221,.T.);
#2868=EDGE_CURVE('',#2021,#2266,#1222,.T.);
#2869=EDGE_CURVE('',#2268,#2020,#1223,.T.);
#2870=EDGE_CURVE('',#2268,#2269,#1224,.T.);
#2871=EDGE_CURVE('',#2262,#2269,#326,.T.);
#2872=EDGE_CURVE('',#2019,#2243,#1225,.T.);
#2873=EDGE_CURVE('',#1983,#2270,#1226,.T.);
#2874=EDGE_CURVE('',#2270,#2271,#1227,.T.);
#2875=EDGE_CURVE('',#2271,#2008,#1228,.T.);
#2876=EDGE_CURVE('',#2272,#2273,#1229,.T.);
#2877=EDGE_CURVE('',#2273,#2274,#1230,.T.);
#2878=EDGE_CURVE('',#2274,#2275,#1231,.T.);
#2879=EDGE_CURVE('',#2275,#2276,#1232,.T.);
#2880=EDGE_CURVE('',#2276,#2277,#1233,.T.);
#2881=EDGE_CURVE('',#2277,#2278,#1234,.T.);
#2882=EDGE_CURVE('',#2278,#2279,#1235,.T.);
#2883=EDGE_CURVE('',#2272,#2279,#1236,.T.);
#2884=EDGE_CURVE('',#2280,#2110,#327,.F.);
#2885=EDGE_CURVE('',#2281,#2280,#1237,.T.);
#2886=EDGE_CURVE('',#2282,#2281,#1238,.T.);
#2887=EDGE_CURVE('',#2063,#2282,#1239,.F.);
#2888=EDGE_CURVE('',#2282,#2283,#328,.F.);
#2889=EDGE_CURVE('',#2283,#2284,#1240,.F.);
#2890=EDGE_CURVE('',#2284,#2285,#1241,.F.);
#2891=EDGE_CURVE('',#2285,#2066,#1242,.T.);
#2892=EDGE_CURVE('',#2283,#2286,#1243,.T.);
#2893=EDGE_CURVE('',#2286,#2287,#1244,.T.);
#2894=EDGE_CURVE('',#2287,#2284,#1245,.T.);
#2895=EDGE_CURVE('',#2288,#2289,#1246,.T.);
#2896=EDGE_CURVE('',#2290,#2289,#1247,.T.);
#2897=EDGE_CURVE('',#2290,#2291,#1248,.T.);
#2898=EDGE_CURVE('',#2291,#2288,#1249,.T.);
#2899=EDGE_CURVE('',#2292,#2293,#1250,.T.);
#2900=EDGE_CURVE('',#2292,#2294,#1251,.T.);
#2901=EDGE_CURVE('',#2295,#2294,#1252,.T.);
#2902=EDGE_CURVE('',#2295,#2293,#1253,.T.);
#2903=EDGE_CURVE('',#2172,#2296,#1254,.T.);
#2904=EDGE_CURVE('',#2296,#2297,#1255,.T.);
#2905=EDGE_CURVE('',#2297,#2298,#1256,.T.);
#2906=EDGE_CURVE('',#2298,#2295,#1257,.T.);
#2907=EDGE_CURVE('',#2294,#2299,#1258,.T.);
#2908=EDGE_CURVE('',#2299,#2135,#1259,.T.);
#2909=EDGE_CURVE('',#2300,#2292,#1260,.T.);
#2910=EDGE_CURVE('',#2300,#2299,#1261,.T.);
#2911=EDGE_CURVE('',#2300,#2136,#1262,.T.);
#2912=EDGE_CURVE('',#2293,#2301,#1263,.T.);
#2913=EDGE_CURVE('',#2301,#2302,#1264,.T.);
#2914=EDGE_CURVE('',#2302,#2303,#1265,.T.);
#2915=EDGE_CURVE('',#2303,#2156,#1266,.T.);
#2916=EDGE_CURVE('',#2304,#2305,#1267,.T.);
#2917=EDGE_CURVE('',#2304,#2306,#329,.T.);
#2918=EDGE_CURVE('',#2307,#2306,#1268,.T.);
#2919=EDGE_CURVE('',#2307,#2305,#330,.T.);
#2920=EDGE_CURVE('',#2308,#2309,#1269,.T.);
#2921=EDGE_CURVE('',#2308,#2290,#331,.T.);
#2922=EDGE_CURVE('',#2289,#2309,#332,.T.);
#2923=EDGE_CURVE('',#2310,#2311,#1270,.T.);
#2924=EDGE_CURVE('',#2311,#2312,#333,.T.);
#2925=EDGE_CURVE('',#2313,#2312,#1271,.T.);
#2926=EDGE_CURVE('',#2313,#2310,#334,.T.);
#2927=EDGE_CURVE('',#2312,#2314,#1272,.T.);
#2928=EDGE_CURVE('',#2315,#2311,#1273,.T.);
#2929=EDGE_CURVE('',#2315,#2314,#1274,.T.);
#2930=EDGE_CURVE('',#2277,#2307,#1275,.T.);
#2931=EDGE_CURVE('',#2306,#2278,#1276,.T.);
#2932=EDGE_CURVE('',#2316,#2304,#1277,.T.);
#2933=EDGE_CURVE('',#2317,#2316,#335,.T.);
#2934=EDGE_CURVE('',#2279,#2317,#1278,.T.);
#2935=EDGE_CURVE('',#2275,#2318,#1279,.T.);
#2936=EDGE_CURVE('',#2319,#2318,#1280,.T.);
#2937=EDGE_CURVE('',#2319,#2276,#1281,.T.);
#2938=EDGE_CURVE('',#2274,#2320,#1282,.T.);
#2939=EDGE_CURVE('',#2318,#2320,#1283,.T.);
#2940=EDGE_CURVE('',#2321,#2322,#1284,.T.);
#2941=EDGE_CURVE('',#2303,#2321,#1285,.T.);
#2942=EDGE_CURVE('',#2322,#2302,#1286,.T.);
#2943=EDGE_CURVE('',#2322,#2323,#1287,.T.);
#2944=EDGE_CURVE('',#2301,#2323,#1288,.T.);
#2945=EDGE_CURVE('',#2324,#2325,#1289,.T.);
#2946=EDGE_CURVE('',#2324,#2326,#1290,.T.);
#2947=EDGE_CURVE('',#2327,#2326,#1291,.T.);
#2948=EDGE_CURVE('',#2327,#2325,#1292,.T.);
#2949=EDGE_CURVE('',#2328,#2324,#1293,.T.);
#2950=EDGE_CURVE('',#2328,#2329,#1294,.T.);
#2951=EDGE_CURVE('',#2326,#2329,#1295,.T.);
#2952=EDGE_CURVE('',#2153,#2321,#1296,.T.);
#2953=EDGE_CURVE('',#2323,#2327,#1297,.T.);
#2954=EDGE_CURVE('',#2329,#2163,#1298,.T.);
#2955=EDGE_CURVE('',#2330,#2331,#1299,.T.);
#2956=EDGE_CURVE('',#2330,#2332,#1300,.T.);
#2957=EDGE_CURVE('',#2333,#2332,#1301,.T.);
#2958=EDGE_CURVE('',#2333,#2331,#1302,.T.);
#2959=EDGE_CURVE('',#2334,#2335,#1303,.T.);
#2960=EDGE_CURVE('',#2334,#2298,#1304,.T.);
#2961=EDGE_CURVE('',#2297,#2335,#1305,.T.);
#2962=EDGE_CURVE('',#2335,#2336,#1306,.T.);
#2963=EDGE_CURVE('',#2336,#2296,#1307,.T.);
#2964=EDGE_CURVE('',#2337,#2338,#1308,.T.);
#2965=EDGE_CURVE('',#2337,#2339,#1309,.T.);
#2966=EDGE_CURVE('',#2340,#2339,#1310,.T.);
#2967=EDGE_CURVE('',#2340,#2338,#1311,.T.);
#2968=EDGE_CURVE('',#2076,#2341,#1312,.T.);
#2969=EDGE_CURVE('',#2341,#2333,#1313,.T.);
#2970=EDGE_CURVE('',#2332,#2340,#1314,.T.);
#2971=EDGE_CURVE('',#2339,#2342,#1315,.T.);
#2972=EDGE_CURVE('',#2342,#2177,#1316,.T.);
#2973=EDGE_CURVE('',#2343,#2337,#1317,.T.);
#2974=EDGE_CURVE('',#2343,#2342,#1318,.T.);
#2975=EDGE_CURVE('',#2343,#2178,#1319,.T.);
#2976=EDGE_CURVE('',#2338,#2334,#1320,.T.);
#2977=EDGE_CURVE('',#2336,#2171,#1321,.T.);
#2978=EDGE_CURVE('',#2344,#2345,#1322,.T.);
#2979=EDGE_CURVE('',#2346,#2344,#336,.T.);
#2980=EDGE_CURVE('',#2347,#2346,#1323,.T.);
#2981=EDGE_CURVE('',#2345,#2347,#337,.T.);
#2982=EDGE_CURVE('',#2345,#2348,#1324,.T.);
#2983=EDGE_CURVE('',#2349,#2347,#1325,.T.);
#2984=EDGE_CURVE('',#2349,#2348,#338,.T.);
#2985=EDGE_CURVE('',#2350,#2351,#1326,.T.);
#2986=EDGE_CURVE('',#2350,#2352,#1327,.T.);
#2987=EDGE_CURVE('',#2353,#2352,#1328,.T.);
#2988=EDGE_CURVE('',#2353,#2351,#1329,.T.);
#2989=EDGE_CURVE('',#2354,#2355,#1330,.T.);
#2990=EDGE_CURVE('',#2354,#2356,#1331,.T.);
#2991=EDGE_CURVE('',#2357,#2356,#1332,.T.);
#2992=EDGE_CURVE('',#2357,#2355,#1333,.T.);
#2993=EDGE_CURVE('',#2355,#2358,#1334,.T.);
#2994=EDGE_CURVE('',#2359,#2357,#1335,.T.);
#2995=EDGE_CURVE('',#2358,#2359,#1336,.T.);
#2996=EDGE_CURVE('',#2360,#2361,#1337,.T.);
#2997=EDGE_CURVE('',#2360,#2362,#1338,.T.);
#2998=EDGE_CURVE('',#2363,#2362,#1339,.T.);
#2999=EDGE_CURVE('',#2363,#2361,#1340,.T.);
#3000=EDGE_CURVE('',#2364,#2360,#1341,.T.);
#3001=EDGE_CURVE('',#2364,#2365,#1342,.T.);
#3002=EDGE_CURVE('',#2362,#2365,#1343,.T.);
#3003=EDGE_CURVE('',#2351,#2366,#1344,.T.);
#3004=EDGE_CURVE('',#2367,#2353,#1345,.T.);
#3005=EDGE_CURVE('',#2368,#2367,#1346,.T.);
#3006=EDGE_CURVE('',#2366,#2368,#1347,.T.);
#3007=EDGE_CURVE('',#2369,#2370,#1348,.T.);
#3008=EDGE_CURVE('',#2371,#2369,#1349,.T.);
#3009=EDGE_CURVE('',#2372,#2371,#1350,.T.);
#3010=EDGE_CURVE('',#2370,#2372,#1351,.T.);
#3011=EDGE_CURVE('',#2370,#2373,#1352,.T.);
#3012=EDGE_CURVE('',#2374,#2372,#1353,.T.);
#3013=EDGE_CURVE('',#2374,#2373,#1354,.T.);
#3014=EDGE_CURVE('',#2375,#2376,#1355,.T.);
#3015=EDGE_CURVE('',#2375,#2377,#1356,.T.);
#3016=EDGE_CURVE('',#2378,#2377,#1357,.T.);
#3017=EDGE_CURVE('',#2378,#2376,#1358,.T.);
#3018=EDGE_CURVE('',#2366,#2379,#1359,.T.);
#3019=EDGE_CURVE('',#2379,#2375,#1360,.T.);
#3020=EDGE_CURVE('',#2376,#2350,#1361,.T.);
#3021=EDGE_CURVE('',#2379,#2380,#1362,.T.);
#3022=EDGE_CURVE('',#2380,#2381,#1363,.T.);
#3023=EDGE_CURVE('',#2381,#2382,#1364,.T.);
#3024=EDGE_CURVE('',#2377,#2382,#1365,.T.);
#3025=EDGE_CURVE('',#2383,#2330,#1366,.T.);
#3026=EDGE_CURVE('',#2331,#2384,#1367,.T.);
#3027=EDGE_CURVE('',#2383,#2384,#1368,.T.);
#3028=EDGE_CURVE('',#2385,#2386,#1369,.T.);
#3029=EDGE_CURVE('',#2385,#2387,#339,.T.);
#3030=EDGE_CURVE('',#2388,#2387,#1370,.T.);
#3031=EDGE_CURVE('',#2389,#2388,#340,.T.);
#3032=EDGE_CURVE('',#2390,#2389,#1371,.T.);
#3033=EDGE_CURVE('',#2390,#2383,#341,.T.);
#3034=EDGE_CURVE('',#2384,#2386,#342,.T.);
#3035=EDGE_CURVE('',#2391,#2388,#1372,.T.);
#3036=EDGE_CURVE('',#2391,#2392,#1373,.T.);
#3037=EDGE_CURVE('',#2389,#2392,#1374,.T.);
#3038=EDGE_CURVE('',#2393,#2390,#1375,.T.);
#3039=EDGE_CURVE('',#2392,#2393,#1376,.T.);
#3040=EDGE_CURVE('',#2387,#2394,#1377,.T.);
#3041=EDGE_CURVE('',#2394,#2391,#1378,.T.);
#3042=EDGE_CURVE('',#2368,#2380,#1379,.T.);
#3043=EDGE_CURVE('',#2075,#2341,#1380,.T.);
#3044=EDGE_CURVE('',#2316,#2395,#1381,.T.);
#3045=EDGE_CURVE('',#2395,#2396,#343,.T.);
#3046=EDGE_CURVE('',#2317,#2396,#1382,.T.);
#3047=EDGE_CURVE('',#2397,#2346,#1383,.T.);
#3048=EDGE_CURVE('',#2344,#2398,#1384,.T.);
#3049=EDGE_CURVE('',#2398,#2397,#344,.T.);
#3050=EDGE_CURVE('',#2272,#2396,#1385,.T.);
#3051=EDGE_CURVE('',#2399,#2400,#1386,.T.);
#3052=EDGE_CURVE('',#2401,#2400,#1387,.T.);
#3053=EDGE_CURVE('',#2401,#2308,#1388,.T.);
#3054=EDGE_CURVE('',#2309,#2047,#1389,.T.);
#3055=EDGE_CURVE('',#2016,#2402,#1390,.T.);
#3056=EDGE_CURVE('',#2402,#2399,#1391,.T.);
#3057=EDGE_CURVE('',#2397,#2403,#1392,.T.);
#3058=EDGE_CURVE('',#2403,#2315,#1393,.T.);
#3059=EDGE_CURVE('',#2310,#2349,#1394,.T.);
#3060=EDGE_CURVE('',#2404,#2402,#1395,.T.);
#3061=EDGE_CURVE('',#2404,#2405,#1396,.T.);
#3062=EDGE_CURVE('',#2399,#2405,#1397,.T.);
#3063=EDGE_CURVE('',#2398,#2404,#1398,.T.);
#3064=EDGE_CURVE('',#2348,#2406,#1399,.T.);
#3065=EDGE_CURVE('',#2406,#2407,#1400,.T.);
#3066=EDGE_CURVE('',#2407,#2405,#1401,.T.);
#3067=EDGE_CURVE('',#2408,#2403,#1402,.T.);
#3068=EDGE_CURVE('',#2408,#2314,#1403,.T.);
#3069=EDGE_CURVE('',#2395,#2408,#1404,.T.);
#3070=EDGE_CURVE('',#2305,#2313,#1405,.T.);
#3071=EDGE_CURVE('',#2409,#2273,#1406,.T.);
#3072=EDGE_CURVE('',#2409,#2320,#1407,.T.);
#3073=EDGE_CURVE('',#2410,#2409,#1408,.T.);
#3074=EDGE_CURVE('',#2359,#2410,#1409,.T.);
#3075=EDGE_CURVE('',#2356,#2319,#1410,.T.);
#3076=EDGE_CURVE('',#2411,#2411,#345,.T.);
#3077=EDGE_CURVE('',#2411,#2412,#1411,.T.);
#3078=EDGE_CURVE('',#2412,#2412,#346,.T.);
#3079=EDGE_CURVE('',#2413,#2285,#1412,.T.);
#3080=EDGE_CURVE('',#2287,#2414,#1413,.T.);
#3081=EDGE_CURVE('',#2413,#2414,#924,.F.);
#3082=EDGE_CURVE('',#2109,#2413,#925,.T.);
#3083=EDGE_CURVE('',#2414,#2280,#1414,.T.);
#3084=EDGE_CURVE('',#2415,#2288,#1415,.T.);
#3085=EDGE_CURVE('',#2386,#2415,#347,.T.);
#3086=EDGE_CURVE('',#2415,#2416,#1416,.T.);
#3087=EDGE_CURVE('',#2291,#2393,#1417,.F.);
#3088=EDGE_CURVE('',#2394,#2416,#1418,.F.);
#3089=EDGE_CURVE('',#2385,#2416,#348,.T.);
#3090=EDGE_CURVE('',#2417,#2417,#349,.T.);
#3091=EDGE_CURVE('',#2418,#2418,#350,.T.);
#3092=EDGE_CURVE('',#2418,#2417,#1419,.T.);
#3093=EDGE_CURVE('',#2419,#2419,#351,.T.);
#3094=EDGE_CURVE('',#2419,#2420,#1420,.T.);
#3095=EDGE_CURVE('',#2420,#2420,#352,.T.);
#3096=EDGE_CURVE('',#2406,#2401,#353,.T.);
#3097=EDGE_CURVE('',#2361,#2354,#1421,.T.);
#3098=EDGE_CURVE('',#2352,#2363,#1422,.T.);
#3099=EDGE_CURVE('',#2373,#2378,#1423,.T.);
#3100=EDGE_CURVE('',#2325,#2374,#1424,.T.);
#3101=EDGE_CURVE('',#2400,#2407,#354,.T.);
#3102=EDGE_CURVE('',#2281,#2286,#355,.T.);
#3103=EDGE_CURVE('',#2421,#2421,#356,.T.);
#3104=EDGE_CURVE('',#2421,#2422,#1425,.T.);
#3105=EDGE_CURVE('',#2422,#2422,#357,.T.);
#3106=EDGE_CURVE('',#2423,#2423,#358,.T.);
#3107=EDGE_CURVE('',#2423,#2424,#1426,.T.);
#3108=EDGE_CURVE('',#2424,#2424,#359,.T.);
#3109=EDGE_CURVE('',#2425,#2426,#360,.T.);
#3110=EDGE_CURVE('',#2427,#2426,#1427,.T.);
#3111=EDGE_CURVE('',#2427,#2428,#361,.T.);
#3112=EDGE_CURVE('',#2428,#2425,#1428,.T.);
#3113=EDGE_CURVE('',#2429,#2425,#1429,.T.);
#3114=EDGE_CURVE('',#2430,#2428,#1430,.T.);
#3115=EDGE_CURVE('',#2429,#2430,#1431,.T.);
#3116=EDGE_CURVE('',#2431,#2429,#362,.T.);
#3117=EDGE_CURVE('',#2432,#2430,#363,.T.);
#3118=EDGE_CURVE('',#2431,#2432,#1432,.T.);
#3119=EDGE_CURVE('',#2431,#2025,#1433,.T.);
#3120=EDGE_CURVE('',#2433,#2024,#1434,.T.);
#3121=EDGE_CURVE('',#2426,#2433,#364,.T.);
#3122=EDGE_CURVE('',#2026,#2432,#1435,.T.);
#3123=EDGE_CURVE('',#2427,#2434,#365,.T.);
#3124=EDGE_CURVE('',#2435,#2434,#1436,.T.);
#3125=EDGE_CURVE('',#2435,#2027,#1437,.T.);
#3126=EDGE_CURVE('',#2028,#2410,#1438,.T.);
#3127=EDGE_CURVE('',#2328,#2164,#1439,.T.);
#3128=EDGE_CURVE('',#2207,#2371,#1440,.T.);
#3129=EDGE_CURVE('',#2204,#2369,#1441,.T.);
#3130=EDGE_CURVE('',#2215,#2382,#1442,.T.);
#3131=EDGE_CURVE('',#2216,#2381,#1443,.T.);
#3132=EDGE_CURVE('',#2202,#2368,#1444,.T.);
#3133=EDGE_CURVE('',#2203,#2367,#1445,.T.);
#3134=EDGE_CURVE('',#2199,#2365,#1446,.T.);
#3135=EDGE_CURVE('',#2364,#2200,#1447,.T.);
#3136=EDGE_CURVE('',#2193,#2358,#1448,.T.);
#3137=EDGE_CURVE('',#2268,#2435,#1449,.T.);
#3138=EDGE_CURVE('',#2269,#2434,#1450,.T.);
#3139=EDGE_CURVE('',#2267,#2433,#1451,.T.);
#3140=EDGE_CURVE('',#2007,#2270,#1452,.T.);
#3141=EDGE_CURVE('',#2006,#2271,#1453,.T.);
#3142=ORIENTED_EDGE('',*,*,#2436,.T.);
#3143=ORIENTED_EDGE('',*,*,#2437,.T.);
#3144=ORIENTED_EDGE('',*,*,#2438,.T.);
#3145=ORIENTED_EDGE('',*,*,#2439,.T.);
#3146=ORIENTED_EDGE('',*,*,#2440,.T.);
#3147=ORIENTED_EDGE('',*,*,#2441,.T.);
#3148=ORIENTED_EDGE('',*,*,#2442,.T.);
#3149=ORIENTED_EDGE('',*,*,#2437,.F.);
#3150=ORIENTED_EDGE('',*,*,#2443,.T.);
#3151=ORIENTED_EDGE('',*,*,#2444,.T.);
#3152=ORIENTED_EDGE('',*,*,#2445,.T.);
#3153=ORIENTED_EDGE('',*,*,#2439,.F.);
#3154=ORIENTED_EDGE('',*,*,#2446,.T.);
#3155=ORIENTED_EDGE('',*,*,#2447,.T.);
#3156=ORIENTED_EDGE('',*,*,#2448,.T.);
#3157=ORIENTED_EDGE('',*,*,#2449,.T.);
#3158=ORIENTED_EDGE('',*,*,#2450,.T.);
#3159=ORIENTED_EDGE('',*,*,#2451,.T.);
#3160=ORIENTED_EDGE('',*,*,#2452,.T.);
#3161=ORIENTED_EDGE('',*,*,#2447,.F.);
#3162=ORIENTED_EDGE('',*,*,#2453,.T.);
#3163=ORIENTED_EDGE('',*,*,#2454,.T.);
#3164=ORIENTED_EDGE('',*,*,#2455,.T.);
#3165=ORIENTED_EDGE('',*,*,#2449,.F.);
#3166=ORIENTED_EDGE('',*,*,#2451,.F.);
#3167=ORIENTED_EDGE('',*,*,#2456,.T.);
#3168=ORIENTED_EDGE('',*,*,#2441,.F.);
#3169=ORIENTED_EDGE('',*,*,#2444,.F.);
#3170=ORIENTED_EDGE('',*,*,#2457,.T.);
#3171=ORIENTED_EDGE('',*,*,#2454,.F.);
#3172=ORIENTED_EDGE('',*,*,#2456,.F.);
#3173=ORIENTED_EDGE('',*,*,#2458,.T.);
#3174=ORIENTED_EDGE('',*,*,#2459,.F.);
#3175=ORIENTED_EDGE('',*,*,#2460,.T.);
#3176=ORIENTED_EDGE('',*,*,#2450,.F.);
#3177=ORIENTED_EDGE('',*,*,#2446,.F.);
#3178=ORIENTED_EDGE('',*,*,#2455,.F.);
#3179=ORIENTED_EDGE('',*,*,#2461,.F.);
#3180=ORIENTED_EDGE('',*,*,#2462,.F.);
#3181=ORIENTED_EDGE('',*,*,#2463,.F.);
#3182=ORIENTED_EDGE('',*,*,#2464,.F.);
#3183=ORIENTED_EDGE('',*,*,#2465,.F.);
#3184=ORIENTED_EDGE('',*,*,#2466,.F.);
#3185=ORIENTED_EDGE('',*,*,#2467,.T.);
#3186=ORIENTED_EDGE('',*,*,#2468,.F.);
#3187=ORIENTED_EDGE('',*,*,#2458,.F.);
#3188=ORIENTED_EDGE('',*,*,#2445,.F.);
#3189=ORIENTED_EDGE('',*,*,#2453,.F.);
#3190=ORIENTED_EDGE('',*,*,#2469,.F.);
#3191=ORIENTED_EDGE('',*,*,#2470,.F.);
#3192=ORIENTED_EDGE('',*,*,#2471,.F.);
#3193=ORIENTED_EDGE('',*,*,#2472,.F.);
#3194=ORIENTED_EDGE('',*,*,#2448,.F.);
#3195=ORIENTED_EDGE('',*,*,#2473,.F.);
#3196=ORIENTED_EDGE('',*,*,#2474,.T.);
#3197=ORIENTED_EDGE('',*,*,#2469,.T.);
#3198=ORIENTED_EDGE('',*,*,#2475,.T.);
#3199=ORIENTED_EDGE('',*,*,#2476,.T.);
#3200=ORIENTED_EDGE('',*,*,#2462,.T.);
#3201=ORIENTED_EDGE('',*,*,#2477,.T.);
#3202=ORIENTED_EDGE('',*,*,#2478,.T.);
#3203=ORIENTED_EDGE('',*,*,#2457,.F.);
#3204=ORIENTED_EDGE('',*,*,#2479,.T.);
#3205=ORIENTED_EDGE('',*,*,#2477,.F.);
#3206=ORIENTED_EDGE('',*,*,#2461,.T.);
#3207=ORIENTED_EDGE('',*,*,#2480,.T.);
#3208=ORIENTED_EDGE('',*,*,#2481,.T.);
#3209=ORIENTED_EDGE('',*,*,#2476,.F.);
#3210=ORIENTED_EDGE('',*,*,#2482,.T.);
#3211=ORIENTED_EDGE('',*,*,#2483,.T.);
#3212=ORIENTED_EDGE('',*,*,#2484,.T.);
#3213=ORIENTED_EDGE('',*,*,#2480,.F.);
#3214=ORIENTED_EDGE('',*,*,#2485,.T.);
#3215=ORIENTED_EDGE('',*,*,#2486,.T.);
#3216=ORIENTED_EDGE('',*,*,#2487,.T.);
#3217=ORIENTED_EDGE('',*,*,#2483,.F.);
#3218=ORIENTED_EDGE('',*,*,#2488,.T.);
#3219=ORIENTED_EDGE('',*,*,#2442,.F.);
#3220=ORIENTED_EDGE('',*,*,#2460,.F.);
#3221=ORIENTED_EDGE('',*,*,#2489,.F.);
#3222=ORIENTED_EDGE('',*,*,#2490,.F.);
#3223=ORIENTED_EDGE('',*,*,#2491,.F.);
#3224=ORIENTED_EDGE('',*,*,#2492,.F.);
#3225=ORIENTED_EDGE('',*,*,#2493,.F.);
#3226=ORIENTED_EDGE('',*,*,#2494,.F.);
#3227=ORIENTED_EDGE('',*,*,#2495,.T.);
#3228=ORIENTED_EDGE('',*,*,#2496,.T.);
#3229=ORIENTED_EDGE('',*,*,#2497,.T.);
#3230=ORIENTED_EDGE('',*,*,#2498,.T.);
#3231=ORIENTED_EDGE('',*,*,#2499,.T.);
#3232=ORIENTED_EDGE('',*,*,#2500,.T.);
#3233=ORIENTED_EDGE('',*,*,#2478,.F.);
#3234=ORIENTED_EDGE('',*,*,#2479,.F.);
#3235=ORIENTED_EDGE('',*,*,#2443,.F.);
#3236=ORIENTED_EDGE('',*,*,#2438,.F.);
#3237=ORIENTED_EDGE('',*,*,#2468,.T.);
#3238=ORIENTED_EDGE('',*,*,#2501,.T.);
#3239=ORIENTED_EDGE('',*,*,#2502,.T.);
#3240=ORIENTED_EDGE('',*,*,#2489,.T.);
#3241=ORIENTED_EDGE('',*,*,#2459,.T.);
#3242=ORIENTED_EDGE('',*,*,#2503,.T.);
#3243=ORIENTED_EDGE('',*,*,#2504,.T.);
#3244=ORIENTED_EDGE('',*,*,#2501,.F.);
#3245=ORIENTED_EDGE('',*,*,#2505,.T.);
#3246=ORIENTED_EDGE('',*,*,#2506,.T.);
#3247=ORIENTED_EDGE('',*,*,#2507,.T.);
#3248=ORIENTED_EDGE('',*,*,#2503,.F.);
#3249=ORIENTED_EDGE('',*,*,#2508,.T.);
#3250=ORIENTED_EDGE('',*,*,#2509,.T.);
#3251=ORIENTED_EDGE('',*,*,#2510,.T.);
#3252=ORIENTED_EDGE('',*,*,#2506,.F.);
#3253=ORIENTED_EDGE('',*,*,#2511,.T.);
#3254=ORIENTED_EDGE('',*,*,#2511,.F.);
#3255=ORIENTED_EDGE('',*,*,#2512,.F.);
#3256=ORIENTED_EDGE('',*,*,#2513,.F.);
#3257=ORIENTED_EDGE('',*,*,#2514,.F.);
#3258=ORIENTED_EDGE('',*,*,#2508,.F.);
#3259=ORIENTED_EDGE('',*,*,#2515,.T.);
#3260=ORIENTED_EDGE('',*,*,#2516,.F.);
#3261=ORIENTED_EDGE('',*,*,#2512,.T.);
#3262=ORIENTED_EDGE('',*,*,#2505,.F.);
#3263=ORIENTED_EDGE('',*,*,#2467,.F.);
#3264=ORIENTED_EDGE('',*,*,#2517,.F.);
#3265=ORIENTED_EDGE('',*,*,#2515,.F.);
#3266=ORIENTED_EDGE('',*,*,#2518,.T.);
#3267=ORIENTED_EDGE('',*,*,#2519,.T.);
#3268=ORIENTED_EDGE('',*,*,#2520,.T.);
#3269=ORIENTED_EDGE('',*,*,#2521,.T.);
#3270=ORIENTED_EDGE('',*,*,#2522,.T.);
#3271=ORIENTED_EDGE('',*,*,#2518,.F.);
#3272=ORIENTED_EDGE('',*,*,#2464,.T.);
#3273=ORIENTED_EDGE('',*,*,#2523,.T.);
#3274=ORIENTED_EDGE('',*,*,#2524,.T.);
#3275=ORIENTED_EDGE('',*,*,#2521,.F.);
#3276=ORIENTED_EDGE('',*,*,#2525,.T.);
#3277=ORIENTED_EDGE('',*,*,#2526,.T.);
#3278=ORIENTED_EDGE('',*,*,#2527,.T.);
#3279=ORIENTED_EDGE('',*,*,#2523,.F.);
#3280=ORIENTED_EDGE('',*,*,#2528,.T.);
#3281=ORIENTED_EDGE('',*,*,#2529,.T.);
#3282=ORIENTED_EDGE('',*,*,#2530,.T.);
#3283=ORIENTED_EDGE('',*,*,#2526,.F.);
#3284=ORIENTED_EDGE('',*,*,#2531,.T.);
#3285=ORIENTED_EDGE('',*,*,#2487,.F.);
#3286=ORIENTED_EDGE('',*,*,#2532,.T.);
#3287=ORIENTED_EDGE('',*,*,#2531,.F.);
#3288=ORIENTED_EDGE('',*,*,#2533,.T.);
#3289=ORIENTED_EDGE('',*,*,#2484,.F.);
#3290=ORIENTED_EDGE('',*,*,#2533,.F.);
#3291=ORIENTED_EDGE('',*,*,#2528,.F.);
#3292=ORIENTED_EDGE('',*,*,#2534,.F.);
#3293=ORIENTED_EDGE('',*,*,#2481,.F.);
#3294=ORIENTED_EDGE('',*,*,#2534,.T.);
#3295=ORIENTED_EDGE('',*,*,#2525,.F.);
#3296=ORIENTED_EDGE('',*,*,#2463,.T.);
#3297=ORIENTED_EDGE('',*,*,#2520,.F.);
#3298=ORIENTED_EDGE('',*,*,#2535,.T.);
#3299=ORIENTED_EDGE('',*,*,#2536,.F.);
#3300=ORIENTED_EDGE('',*,*,#2465,.T.);
#3301=ORIENTED_EDGE('',*,*,#2519,.F.);
#3302=ORIENTED_EDGE('',*,*,#2537,.T.);
#3303=ORIENTED_EDGE('',*,*,#2538,.T.);
#3304=ORIENTED_EDGE('',*,*,#2539,.T.);
#3305=ORIENTED_EDGE('',*,*,#2540,.T.);
#3306=ORIENTED_EDGE('',*,*,#2541,.T.);
#3307=ORIENTED_EDGE('',*,*,#2542,.T.);
#3308=ORIENTED_EDGE('',*,*,#2513,.T.);
#3309=ORIENTED_EDGE('',*,*,#2543,.T.);
#3310=ORIENTED_EDGE('',*,*,#2544,.T.);
#3311=ORIENTED_EDGE('',*,*,#2540,.F.);
#3312=ORIENTED_EDGE('',*,*,#2516,.T.);
#3313=ORIENTED_EDGE('',*,*,#2545,.T.);
#3314=ORIENTED_EDGE('',*,*,#2546,.T.);
#3315=ORIENTED_EDGE('',*,*,#2543,.F.);
#3316=ORIENTED_EDGE('',*,*,#2517,.T.);
#3317=ORIENTED_EDGE('',*,*,#2547,.T.);
#3318=ORIENTED_EDGE('',*,*,#2548,.T.);
#3319=ORIENTED_EDGE('',*,*,#2545,.F.);
#3320=ORIENTED_EDGE('',*,*,#2466,.T.);
#3321=ORIENTED_EDGE('',*,*,#2547,.F.);
#3322=ORIENTED_EDGE('',*,*,#2536,.T.);
#3323=ORIENTED_EDGE('',*,*,#2549,.T.);
#3324=ORIENTED_EDGE('',*,*,#2550,.T.);
#3325=ORIENTED_EDGE('',*,*,#2551,.T.);
#3326=ORIENTED_EDGE('',*,*,#2552,.T.);
#3327=ORIENTED_EDGE('',*,*,#2553,.T.);
#3328=ORIENTED_EDGE('',*,*,#2554,.T.);
#3329=ORIENTED_EDGE('',*,*,#2555,.T.);
#3330=ORIENTED_EDGE('',*,*,#2556,.T.);
#3331=ORIENTED_EDGE('',*,*,#2557,.T.);
#3332=ORIENTED_EDGE('',*,*,#2558,.T.);
#3333=ORIENTED_EDGE('',*,*,#2559,.T.);
#3334=ORIENTED_EDGE('',*,*,#2558,.F.);
#3335=ORIENTED_EDGE('',*,*,#2560,.T.);
#3336=ORIENTED_EDGE('',*,*,#2561,.T.);
#3337=ORIENTED_EDGE('',*,*,#2562,.T.);
#3338=ORIENTED_EDGE('',*,*,#2563,.T.);
#3339=ORIENTED_EDGE('',*,*,#2562,.F.);
#3340=ORIENTED_EDGE('',*,*,#2564,.T.);
#3341=ORIENTED_EDGE('',*,*,#2551,.F.);
#3342=ORIENTED_EDGE('',*,*,#2565,.T.);
#3343=ORIENTED_EDGE('',*,*,#2566,.T.);
#3344=ORIENTED_EDGE('',*,*,#2567,.T.);
#3345=ORIENTED_EDGE('',*,*,#2554,.F.);
#3346=ORIENTED_EDGE('',*,*,#2559,.F.);
#3347=ORIENTED_EDGE('',*,*,#2563,.F.);
#3348=ORIENTED_EDGE('',*,*,#2550,.F.);
#3349=ORIENTED_EDGE('',*,*,#2568,.T.);
#3350=ORIENTED_EDGE('',*,*,#2569,.F.);
#3351=ORIENTED_EDGE('',*,*,#2535,.F.);
#3352=ORIENTED_EDGE('',*,*,#2539,.F.);
#3353=ORIENTED_EDGE('',*,*,#2570,.F.);
#3354=ORIENTED_EDGE('',*,*,#2571,.F.);
#3355=ORIENTED_EDGE('',*,*,#2555,.F.);
#3356=ORIENTED_EDGE('',*,*,#2570,.T.);
#3357=ORIENTED_EDGE('',*,*,#2572,.F.);
#3358=ORIENTED_EDGE('',*,*,#2573,.T.);
#3359=ORIENTED_EDGE('',*,*,#2574,.F.);
#3360=ORIENTED_EDGE('',*,*,#2568,.F.);
#3361=ORIENTED_EDGE('',*,*,#2567,.F.);
#3362=ORIENTED_EDGE('',*,*,#2549,.F.);
#3363=ORIENTED_EDGE('',*,*,#2569,.T.);
#3364=ORIENTED_EDGE('',*,*,#2575,.T.);
#3365=ORIENTED_EDGE('',*,*,#2576,.T.);
#3366=ORIENTED_EDGE('',*,*,#2574,.T.);
#3367=ORIENTED_EDGE('',*,*,#2577,.T.);
#3368=ORIENTED_EDGE('',*,*,#2578,.T.);
#3369=ORIENTED_EDGE('',*,*,#2575,.F.);
#3370=ORIENTED_EDGE('',*,*,#2579,.T.);
#3371=ORIENTED_EDGE('',*,*,#2580,.T.);
#3372=ORIENTED_EDGE('',*,*,#2572,.T.);
#3373=ORIENTED_EDGE('',*,*,#2538,.F.);
#3374=ORIENTED_EDGE('',*,*,#2548,.F.);
#3375=ORIENTED_EDGE('',*,*,#2576,.F.);
#3376=ORIENTED_EDGE('',*,*,#2578,.F.);
#3377=ORIENTED_EDGE('',*,*,#2581,.T.);
#3378=ORIENTED_EDGE('',*,*,#2582,.T.);
#3379=ORIENTED_EDGE('',*,*,#2583,.T.);
#3380=ORIENTED_EDGE('',*,*,#2584,.T.);
#3381=ORIENTED_EDGE('',*,*,#2585,.T.);
#3382=ORIENTED_EDGE('',*,*,#2586,.T.);
#3383=ORIENTED_EDGE('',*,*,#2587,.T.);
#3384=ORIENTED_EDGE('',*,*,#2588,.T.);
#3385=ORIENTED_EDGE('',*,*,#2589,.T.);
#3386=ORIENTED_EDGE('',*,*,#2590,.T.);
#3387=ORIENTED_EDGE('',*,*,#2541,.F.);
#3388=ORIENTED_EDGE('',*,*,#2544,.F.);
#3389=ORIENTED_EDGE('',*,*,#2546,.F.);
#3390=ORIENTED_EDGE('',*,*,#2591,.T.);
#3391=ORIENTED_EDGE('',*,*,#2592,.T.);
#3392=ORIENTED_EDGE('',*,*,#2593,.T.);
#3393=ORIENTED_EDGE('',*,*,#2594,.F.);
#3394=ORIENTED_EDGE('',*,*,#2595,.T.);
#3395=ORIENTED_EDGE('',*,*,#2596,.T.);
#3396=ORIENTED_EDGE('',*,*,#2592,.F.);
#3397=ORIENTED_EDGE('',*,*,#2597,.T.);
#3398=ORIENTED_EDGE('',*,*,#2598,.T.);
#3399=ORIENTED_EDGE('',*,*,#2599,.T.);
#3400=ORIENTED_EDGE('',*,*,#2595,.F.);
#3401=ORIENTED_EDGE('',*,*,#2600,.T.);
#3402=ORIENTED_EDGE('',*,*,#2601,.T.);
#3403=ORIENTED_EDGE('',*,*,#2602,.T.);
#3404=ORIENTED_EDGE('',*,*,#2598,.F.);
#3405=ORIENTED_EDGE('',*,*,#2603,.T.);
#3406=ORIENTED_EDGE('',*,*,#2604,.T.);
#3407=ORIENTED_EDGE('',*,*,#2601,.F.);
#3408=ORIENTED_EDGE('',*,*,#2605,.T.);
#3409=ORIENTED_EDGE('',*,*,#2606,.T.);
#3410=ORIENTED_EDGE('',*,*,#2607,.T.);
#3411=ORIENTED_EDGE('',*,*,#2608,.T.);
#3412=ORIENTED_EDGE('',*,*,#2609,.T.);
#3413=ORIENTED_EDGE('',*,*,#2606,.F.);
#3414=ORIENTED_EDGE('',*,*,#2610,.T.);
#3415=ORIENTED_EDGE('',*,*,#2611,.T.);
#3416=ORIENTED_EDGE('',*,*,#2608,.F.);
#3417=ORIENTED_EDGE('',*,*,#2612,.T.);
#3418=ORIENTED_EDGE('',*,*,#2613,.T.);
#3419=ORIENTED_EDGE('',*,*,#2614,.T.);
#3420=ORIENTED_EDGE('',*,*,#2610,.F.);
#3421=ORIENTED_EDGE('',*,*,#2615,.T.);
#3422=ORIENTED_EDGE('',*,*,#2616,.T.);
#3423=ORIENTED_EDGE('',*,*,#2617,.T.);
#3424=ORIENTED_EDGE('',*,*,#2613,.F.);
#3425=ORIENTED_EDGE('',*,*,#2618,.T.);
#3426=ORIENTED_EDGE('',*,*,#2619,.T.);
#3427=ORIENTED_EDGE('',*,*,#2616,.F.);
#3428=ORIENTED_EDGE('',*,*,#2620,.T.);
#3429=ORIENTED_EDGE('',*,*,#2594,.T.);
#3430=ORIENTED_EDGE('',*,*,#2607,.F.);
#3431=ORIENTED_EDGE('',*,*,#2605,.F.);
#3432=ORIENTED_EDGE('',*,*,#2621,.F.);
#3433=ORIENTED_EDGE('',*,*,#2622,.F.);
#3434=ORIENTED_EDGE('',*,*,#2603,.F.);
#3435=ORIENTED_EDGE('',*,*,#2623,.T.);
#3436=ORIENTED_EDGE('',*,*,#2624,.T.);
#3437=ORIENTED_EDGE('',*,*,#2621,.T.);
#3438=ORIENTED_EDGE('',*,*,#2600,.F.);
#3439=ORIENTED_EDGE('',*,*,#2625,.F.);
#3440=ORIENTED_EDGE('',*,*,#2626,.F.);
#3441=ORIENTED_EDGE('',*,*,#2623,.F.);
#3442=ORIENTED_EDGE('',*,*,#2597,.F.);
#3443=ORIENTED_EDGE('',*,*,#2627,.T.);
#3444=ORIENTED_EDGE('',*,*,#2628,.T.);
#3445=ORIENTED_EDGE('',*,*,#2625,.T.);
#3446=ORIENTED_EDGE('',*,*,#2609,.F.);
#3447=ORIENTED_EDGE('',*,*,#2611,.F.);
#3448=ORIENTED_EDGE('',*,*,#2614,.F.);
#3449=ORIENTED_EDGE('',*,*,#2617,.F.);
#3450=ORIENTED_EDGE('',*,*,#2619,.F.);
#3451=ORIENTED_EDGE('',*,*,#2629,.T.);
#3452=ORIENTED_EDGE('',*,*,#2630,.F.);
#3453=ORIENTED_EDGE('',*,*,#2631,.F.);
#3454=ORIENTED_EDGE('',*,*,#2632,.T.);
#3455=ORIENTED_EDGE('',*,*,#2633,.F.);
#3456=ORIENTED_EDGE('',*,*,#2634,.F.);
#3457=ORIENTED_EDGE('',*,*,#2635,.F.);
#3458=ORIENTED_EDGE('',*,*,#2628,.F.);
#3459=ORIENTED_EDGE('',*,*,#2636,.F.);
#3460=ORIENTED_EDGE('',*,*,#2624,.F.);
#3461=ORIENTED_EDGE('',*,*,#2637,.F.);
#3462=ORIENTED_EDGE('',*,*,#2637,.T.);
#3463=ORIENTED_EDGE('',*,*,#2626,.T.);
#3464=ORIENTED_EDGE('',*,*,#2635,.T.);
#3465=ORIENTED_EDGE('',*,*,#2638,.T.);
#3466=ORIENTED_EDGE('',*,*,#2612,.F.);
#3467=ORIENTED_EDGE('',*,*,#2622,.T.);
#3468=ORIENTED_EDGE('',*,*,#2636,.T.);
#3469=ORIENTED_EDGE('',*,*,#2639,.T.);
#3470=ORIENTED_EDGE('',*,*,#2618,.F.);
#3471=ORIENTED_EDGE('',*,*,#2640,.T.);
#3472=ORIENTED_EDGE('',*,*,#2634,.T.);
#3473=ORIENTED_EDGE('',*,*,#2641,.T.);
#3474=ORIENTED_EDGE('',*,*,#2615,.F.);
#3475=ORIENTED_EDGE('',*,*,#2639,.F.);
#3476=ORIENTED_EDGE('',*,*,#2638,.F.);
#3477=ORIENTED_EDGE('',*,*,#2640,.F.);
#3478=ORIENTED_EDGE('',*,*,#2620,.F.);
#3479=ORIENTED_EDGE('',*,*,#2641,.F.);
#3480=ORIENTED_EDGE('',*,*,#2627,.F.);
#3481=ORIENTED_EDGE('',*,*,#2591,.F.);
#3482=ORIENTED_EDGE('',*,*,#2642,.F.);
#3483=ORIENTED_EDGE('',*,*,#2643,.T.);
#3484=ORIENTED_EDGE('',*,*,#2644,.F.);
#3485=ORIENTED_EDGE('',*,*,#2645,.F.);
#3486=ORIENTED_EDGE('',*,*,#2646,.F.);
#3487=ORIENTED_EDGE('',*,*,#2647,.F.);
#3488=ORIENTED_EDGE('',*,*,#2648,.F.);
#3489=ORIENTED_EDGE('',*,*,#2649,.F.);
#3490=ORIENTED_EDGE('',*,*,#2553,.F.);
#3491=ORIENTED_EDGE('',*,*,#2650,.F.);
#3492=ORIENTED_EDGE('',*,*,#2651,.F.);
#3493=ORIENTED_EDGE('',*,*,#2652,.F.);
#3494=ORIENTED_EDGE('',*,*,#2653,.F.);
#3495=ORIENTED_EDGE('',*,*,#2654,.F.);
#3496=ORIENTED_EDGE('',*,*,#2565,.F.);
#3497=ORIENTED_EDGE('',*,*,#2652,.T.);
#3498=ORIENTED_EDGE('',*,*,#2655,.F.);
#3499=ORIENTED_EDGE('',*,*,#2656,.F.);
#3500=ORIENTED_EDGE('',*,*,#2657,.F.);
#3501=ORIENTED_EDGE('',*,*,#2588,.F.);
#3502=ORIENTED_EDGE('',*,*,#2658,.F.);
#3503=ORIENTED_EDGE('',*,*,#2659,.F.);
#3504=ORIENTED_EDGE('',*,*,#2660,.T.);
#3505=ORIENTED_EDGE('',*,*,#2661,.T.);
#3506=ORIENTED_EDGE('',*,*,#2662,.F.);
#3507=ORIENTED_EDGE('',*,*,#2663,.T.);
#3508=ORIENTED_EDGE('',*,*,#2664,.F.);
#3509=ORIENTED_EDGE('',*,*,#2664,.T.);
#3510=ORIENTED_EDGE('',*,*,#2665,.T.);
#3511=ORIENTED_EDGE('',*,*,#2666,.F.);
#3512=ORIENTED_EDGE('',*,*,#2667,.T.);
#3513=ORIENTED_EDGE('',*,*,#2668,.T.);
#3514=ORIENTED_EDGE('',*,*,#2669,.F.);
#3515=ORIENTED_EDGE('',*,*,#2670,.T.);
#3516=ORIENTED_EDGE('',*,*,#2671,.F.);
#3517=ORIENTED_EDGE('',*,*,#2672,.T.);
#3518=ORIENTED_EDGE('',*,*,#2589,.F.);
#3519=ORIENTED_EDGE('',*,*,#2660,.F.);
#3520=ORIENTED_EDGE('',*,*,#2673,.F.);
#3521=ORIENTED_EDGE('',*,*,#2674,.F.);
#3522=ORIENTED_EDGE('',*,*,#2675,.F.);
#3523=ORIENTED_EDGE('',*,*,#2676,.T.);
#3524=ORIENTED_EDGE('',*,*,#2677,.F.);
#3525=ORIENTED_EDGE('',*,*,#2678,.T.);
#3526=ORIENTED_EDGE('',*,*,#2679,.F.);
#3527=ORIENTED_EDGE('',*,*,#2680,.T.);
#3528=ORIENTED_EDGE('',*,*,#2677,.T.);
#3529=ORIENTED_EDGE('',*,*,#2645,.T.);
#3530=ORIENTED_EDGE('',*,*,#2681,.F.);
#3531=ORIENTED_EDGE('',*,*,#2670,.F.);
#3532=ORIENTED_EDGE('',*,*,#2682,.F.);
#3533=ORIENTED_EDGE('',*,*,#2644,.T.);
#3534=ORIENTED_EDGE('',*,*,#2683,.T.);
#3535=ORIENTED_EDGE('',*,*,#2684,.T.);
#3536=ORIENTED_EDGE('',*,*,#2685,.T.);
#3537=ORIENTED_EDGE('',*,*,#2671,.T.);
#3538=ORIENTED_EDGE('',*,*,#2681,.T.);
#3539=ORIENTED_EDGE('',*,*,#2647,.T.);
#3540=ORIENTED_EDGE('',*,*,#2686,.F.);
#3541=ORIENTED_EDGE('',*,*,#2687,.T.);
#3542=ORIENTED_EDGE('',*,*,#2688,.F.);
#3543=ORIENTED_EDGE('',*,*,#2688,.T.);
#3544=ORIENTED_EDGE('',*,*,#2689,.T.);
#3545=ORIENTED_EDGE('',*,*,#2690,.F.);
#3546=ORIENTED_EDGE('',*,*,#2648,.T.);
#3547=ORIENTED_EDGE('',*,*,#2691,.T.);
#3548=ORIENTED_EDGE('',*,*,#2692,.T.);
#3549=ORIENTED_EDGE('',*,*,#2693,.T.);
#3550=ORIENTED_EDGE('',*,*,#2694,.T.);
#3551=ORIENTED_EDGE('',*,*,#2695,.T.);
#3552=ORIENTED_EDGE('',*,*,#2696,.F.);
#3553=ORIENTED_EDGE('',*,*,#2697,.T.);
#3554=ORIENTED_EDGE('',*,*,#2692,.F.);
#3555=ORIENTED_EDGE('',*,*,#2698,.T.);
#3556=ORIENTED_EDGE('',*,*,#2699,.F.);
#3557=ORIENTED_EDGE('',*,*,#2700,.T.);
#3558=ORIENTED_EDGE('',*,*,#2701,.F.);
#3559=ORIENTED_EDGE('',*,*,#2701,.T.);
#3560=ORIENTED_EDGE('',*,*,#2702,.T.);
#3561=ORIENTED_EDGE('',*,*,#2703,.F.);
#3562=ORIENTED_EDGE('',*,*,#2704,.T.);
#3563=ORIENTED_EDGE('',*,*,#2705,.T.);
#3564=ORIENTED_EDGE('',*,*,#2583,.F.);
#3565=ORIENTED_EDGE('',*,*,#2706,.T.);
#3566=ORIENTED_EDGE('',*,*,#2707,.F.);
#3567=ORIENTED_EDGE('',*,*,#2708,.T.);
#3568=ORIENTED_EDGE('',*,*,#2709,.F.);
#3569=ORIENTED_EDGE('',*,*,#2710,.T.);
#3570=ORIENTED_EDGE('',*,*,#2711,.F.);
#3571=ORIENTED_EDGE('',*,*,#2712,.T.);
#3572=ORIENTED_EDGE('',*,*,#2713,.T.);
#3573=ORIENTED_EDGE('',*,*,#2714,.T.);
#3574=ORIENTED_EDGE('',*,*,#2709,.T.);
#3575=ORIENTED_EDGE('',*,*,#2715,.T.);
#3576=ORIENTED_EDGE('',*,*,#2716,.F.);
#3577=ORIENTED_EDGE('',*,*,#2717,.T.);
#3578=ORIENTED_EDGE('',*,*,#2718,.F.);
#3579=ORIENTED_EDGE('',*,*,#2718,.T.);
#3580=ORIENTED_EDGE('',*,*,#2719,.T.);
#3581=ORIENTED_EDGE('',*,*,#2720,.F.);
#3582=ORIENTED_EDGE('',*,*,#2721,.T.);
#3583=ORIENTED_EDGE('',*,*,#2722,.T.);
#3584=ORIENTED_EDGE('',*,*,#2723,.T.);
#3585=ORIENTED_EDGE('',*,*,#2724,.T.);
#3586=ORIENTED_EDGE('',*,*,#2725,.T.);
#3587=ORIENTED_EDGE('',*,*,#2726,.T.);
#3588=ORIENTED_EDGE('',*,*,#2727,.F.);
#3589=ORIENTED_EDGE('',*,*,#2728,.T.);
#3590=ORIENTED_EDGE('',*,*,#2723,.F.);
#3591=ORIENTED_EDGE('',*,*,#2729,.T.);
#3592=ORIENTED_EDGE('',*,*,#2730,.F.);
#3593=ORIENTED_EDGE('',*,*,#2731,.T.);
#3594=ORIENTED_EDGE('',*,*,#2732,.F.);
#3595=ORIENTED_EDGE('',*,*,#2733,.T.);
#3596=ORIENTED_EDGE('',*,*,#2734,.F.);
#3597=ORIENTED_EDGE('',*,*,#2735,.T.);
#3598=ORIENTED_EDGE('',*,*,#2736,.F.);
#3599=ORIENTED_EDGE('',*,*,#2737,.T.);
#3600=ORIENTED_EDGE('',*,*,#2738,.T.);
#3601=ORIENTED_EDGE('',*,*,#2739,.T.);
#3602=ORIENTED_EDGE('',*,*,#2734,.T.);
#3603=ORIENTED_EDGE('',*,*,#2740,.T.);
#3604=ORIENTED_EDGE('',*,*,#2741,.F.);
#3605=ORIENTED_EDGE('',*,*,#2742,.T.);
#3606=ORIENTED_EDGE('',*,*,#2743,.F.);
#3607=ORIENTED_EDGE('',*,*,#2743,.T.);
#3608=ORIENTED_EDGE('',*,*,#2744,.T.);
#3609=ORIENTED_EDGE('',*,*,#2745,.F.);
#3610=ORIENTED_EDGE('',*,*,#2746,.T.);
#3611=ORIENTED_EDGE('',*,*,#2747,.T.);
#3612=ORIENTED_EDGE('',*,*,#2748,.T.);
#3613=ORIENTED_EDGE('',*,*,#2749,.T.);
#3614=ORIENTED_EDGE('',*,*,#2750,.T.);
#3615=ORIENTED_EDGE('',*,*,#2730,.T.);
#3616=ORIENTED_EDGE('',*,*,#2751,.T.);
#3617=ORIENTED_EDGE('',*,*,#2752,.T.);
#3618=ORIENTED_EDGE('',*,*,#2753,.T.);
#3619=ORIENTED_EDGE('',*,*,#2754,.T.);
#3620=ORIENTED_EDGE('',*,*,#2755,.T.);
#3621=ORIENTED_EDGE('',*,*,#2756,.F.);
#3622=ORIENTED_EDGE('',*,*,#2757,.T.);
#3623=ORIENTED_EDGE('',*,*,#2752,.F.);
#3624=ORIENTED_EDGE('',*,*,#2758,.T.);
#3625=ORIENTED_EDGE('',*,*,#2759,.F.);
#3626=ORIENTED_EDGE('',*,*,#2760,.T.);
#3627=ORIENTED_EDGE('',*,*,#2761,.F.);
#3628=ORIENTED_EDGE('',*,*,#2729,.F.);
#3629=ORIENTED_EDGE('',*,*,#2762,.F.);
#3630=ORIENTED_EDGE('',*,*,#2758,.F.);
#3631=ORIENTED_EDGE('',*,*,#2763,.F.);
#3632=ORIENTED_EDGE('',*,*,#2764,.F.);
#3633=ORIENTED_EDGE('',*,*,#2747,.F.);
#3634=ORIENTED_EDGE('',*,*,#2761,.T.);
#3635=ORIENTED_EDGE('',*,*,#2765,.T.);
#3636=ORIENTED_EDGE('',*,*,#2766,.F.);
#3637=ORIENTED_EDGE('',*,*,#2767,.F.);
#3638=ORIENTED_EDGE('',*,*,#2768,.F.);
#3639=ORIENTED_EDGE('',*,*,#2763,.T.);
#3640=ORIENTED_EDGE('',*,*,#2769,.F.);
#3641=ORIENTED_EDGE('',*,*,#2770,.T.);
#3642=ORIENTED_EDGE('',*,*,#2584,.F.);
#3643=ORIENTED_EDGE('',*,*,#2705,.F.);
#3644=ORIENTED_EDGE('',*,*,#2771,.T.);
#3645=ORIENTED_EDGE('',*,*,#2585,.F.);
#3646=ORIENTED_EDGE('',*,*,#2770,.F.);
#3647=ORIENTED_EDGE('',*,*,#2772,.F.);
#3648=ORIENTED_EDGE('',*,*,#2773,.T.);
#3649=ORIENTED_EDGE('',*,*,#2774,.T.);
#3650=ORIENTED_EDGE('',*,*,#2775,.T.);
#3651=ORIENTED_EDGE('',*,*,#2776,.F.);
#3652=ORIENTED_EDGE('',*,*,#2774,.F.);
#3653=ORIENTED_EDGE('',*,*,#2777,.T.);
#3654=ORIENTED_EDGE('',*,*,#2778,.F.);
#3655=ORIENTED_EDGE('',*,*,#2779,.T.);
#3656=ORIENTED_EDGE('',*,*,#2780,.F.);
#3657=ORIENTED_EDGE('',*,*,#2781,.F.);
#3658=ORIENTED_EDGE('',*,*,#2777,.F.);
#3659=ORIENTED_EDGE('',*,*,#2773,.F.);
#3660=ORIENTED_EDGE('',*,*,#2782,.F.);
#3661=ORIENTED_EDGE('',*,*,#2775,.F.);
#3662=ORIENTED_EDGE('',*,*,#2779,.F.);
#3663=ORIENTED_EDGE('',*,*,#2783,.F.);
#3664=ORIENTED_EDGE('',*,*,#2748,.F.);
#3665=ORIENTED_EDGE('',*,*,#2764,.T.);
#3666=ORIENTED_EDGE('',*,*,#2768,.T.);
#3667=ORIENTED_EDGE('',*,*,#2784,.F.);
#3668=ORIENTED_EDGE('',*,*,#2785,.F.);
#3669=ORIENTED_EDGE('',*,*,#2684,.F.);
#3670=ORIENTED_EDGE('',*,*,#2786,.T.);
#3671=ORIENTED_EDGE('',*,*,#2787,.F.);
#3672=ORIENTED_EDGE('',*,*,#2788,.F.);
#3673=ORIENTED_EDGE('',*,*,#2789,.F.);
#3674=ORIENTED_EDGE('',*,*,#2790,.F.);
#3675=ORIENTED_EDGE('',*,*,#2725,.F.);
#3676=ORIENTED_EDGE('',*,*,#2643,.F.);
#3677=ORIENTED_EDGE('',*,*,#2791,.T.);
#3678=ORIENTED_EDGE('',*,*,#2786,.F.);
#3679=ORIENTED_EDGE('',*,*,#2683,.F.);
#3680=ORIENTED_EDGE('',*,*,#2792,.F.);
#3681=ORIENTED_EDGE('',*,*,#2793,.F.);
#3682=ORIENTED_EDGE('',*,*,#2794,.F.);
#3683=ORIENTED_EDGE('',*,*,#2509,.F.);
#3684=ORIENTED_EDGE('',*,*,#2514,.T.);
#3685=ORIENTED_EDGE('',*,*,#2542,.F.);
#3686=ORIENTED_EDGE('',*,*,#2590,.F.);
#3687=ORIENTED_EDGE('',*,*,#2672,.F.);
#3688=ORIENTED_EDGE('',*,*,#2795,.F.);
#3689=ORIENTED_EDGE('',*,*,#2796,.T.);
#3690=ORIENTED_EDGE('',*,*,#2797,.F.);
#3691=ORIENTED_EDGE('',*,*,#2788,.T.);
#3692=ORIENTED_EDGE('',*,*,#2724,.F.);
#3693=ORIENTED_EDGE('',*,*,#2728,.F.);
#3694=ORIENTED_EDGE('',*,*,#2798,.F.);
#3695=ORIENTED_EDGE('',*,*,#2674,.T.);
#3696=ORIENTED_EDGE('',*,*,#2680,.F.);
#3697=ORIENTED_EDGE('',*,*,#2799,.F.);
#3698=ORIENTED_EDGE('',*,*,#2800,.T.);
#3699=ORIENTED_EDGE('',*,*,#2793,.T.);
#3700=ORIENTED_EDGE('',*,*,#2801,.T.);
#3701=ORIENTED_EDGE('',*,*,#2802,.F.);
#3702=ORIENTED_EDGE('',*,*,#2803,.T.);
#3703=ORIENTED_EDGE('',*,*,#2802,.T.);
#3704=ORIENTED_EDGE('',*,*,#2804,.F.);
#3705=ORIENTED_EDGE('',*,*,#2805,.F.);
#3706=ORIENTED_EDGE('',*,*,#2806,.F.);
#3707=ORIENTED_EDGE('',*,*,#2726,.F.);
#3708=ORIENTED_EDGE('',*,*,#2722,.F.);
#3709=ORIENTED_EDGE('',*,*,#2790,.T.);
#3710=ORIENTED_EDGE('',*,*,#2807,.T.);
#3711=ORIENTED_EDGE('',*,*,#2799,.T.);
#3712=ORIENTED_EDGE('',*,*,#2679,.T.);
#3713=ORIENTED_EDGE('',*,*,#2808,.F.);
#3714=ORIENTED_EDGE('',*,*,#2809,.T.);
#3715=ORIENTED_EDGE('',*,*,#2808,.T.);
#3716=ORIENTED_EDGE('',*,*,#2678,.F.);
#3717=ORIENTED_EDGE('',*,*,#2676,.F.);
#3718=ORIENTED_EDGE('',*,*,#2810,.F.);
#3719=ORIENTED_EDGE('',*,*,#2668,.F.);
#3720=ORIENTED_EDGE('',*,*,#2685,.F.);
#3721=ORIENTED_EDGE('',*,*,#2785,.T.);
#3722=ORIENTED_EDGE('',*,*,#2811,.T.);
#3723=ORIENTED_EDGE('',*,*,#2649,.T.);
#3724=ORIENTED_EDGE('',*,*,#2690,.T.);
#3725=ORIENTED_EDGE('',*,*,#2812,.F.);
#3726=ORIENTED_EDGE('',*,*,#2813,.T.);
#3727=ORIENTED_EDGE('',*,*,#2812,.T.);
#3728=ORIENTED_EDGE('',*,*,#2689,.F.);
#3729=ORIENTED_EDGE('',*,*,#2687,.F.);
#3730=ORIENTED_EDGE('',*,*,#2814,.F.);
#3731=ORIENTED_EDGE('',*,*,#2735,.F.);
#3732=ORIENTED_EDGE('',*,*,#2739,.F.);
#3733=ORIENTED_EDGE('',*,*,#2815,.T.);
#3734=ORIENTED_EDGE('',*,*,#2816,.F.);
#3735=ORIENTED_EDGE('',*,*,#2817,.T.);
#3736=ORIENTED_EDGE('',*,*,#2818,.F.);
#3737=ORIENTED_EDGE('',*,*,#2817,.F.);
#3738=ORIENTED_EDGE('',*,*,#2819,.F.);
#3739=ORIENTED_EDGE('',*,*,#2820,.T.);
#3740=ORIENTED_EDGE('',*,*,#2821,.F.);
#3741=ORIENTED_EDGE('',*,*,#2655,.T.);
#3742=ORIENTED_EDGE('',*,*,#2651,.T.);
#3743=ORIENTED_EDGE('',*,*,#2822,.F.);
#3744=ORIENTED_EDGE('',*,*,#2632,.F.);
#3745=ORIENTED_EDGE('',*,*,#2823,.F.);
#3746=ORIENTED_EDGE('',*,*,#2824,.F.);
#3747=ORIENTED_EDGE('',*,*,#2820,.F.);
#3748=ORIENTED_EDGE('',*,*,#2825,.T.);
#3749=ORIENTED_EDGE('',*,*,#2826,.F.);
#3750=ORIENTED_EDGE('',*,*,#2783,.T.);
#3751=ORIENTED_EDGE('',*,*,#2778,.T.);
#3752=ORIENTED_EDGE('',*,*,#2781,.T.);
#3753=ORIENTED_EDGE('',*,*,#2827,.F.);
#3754=ORIENTED_EDGE('',*,*,#2658,.T.);
#3755=ORIENTED_EDGE('',*,*,#2587,.F.);
#3756=ORIENTED_EDGE('',*,*,#2828,.F.);
#3757=ORIENTED_EDGE('',*,*,#2776,.T.);
#3758=ORIENTED_EDGE('',*,*,#2782,.T.);
#3759=ORIENTED_EDGE('',*,*,#2826,.T.);
#3760=ORIENTED_EDGE('',*,*,#2828,.T.);
#3761=ORIENTED_EDGE('',*,*,#2825,.F.);
#3762=ORIENTED_EDGE('',*,*,#2586,.F.);
#3763=ORIENTED_EDGE('',*,*,#2771,.F.);
#3764=ORIENTED_EDGE('',*,*,#2829,.T.);
#3765=ORIENTED_EDGE('',*,*,#2830,.F.);
#3766=ORIENTED_EDGE('',*,*,#2831,.T.);
#3767=ORIENTED_EDGE('',*,*,#2829,.F.);
#3768=ORIENTED_EDGE('',*,*,#2831,.F.);
#3769=ORIENTED_EDGE('',*,*,#2832,.F.);
#3770=ORIENTED_EDGE('',*,*,#2833,.T.);
#3771=ORIENTED_EDGE('',*,*,#2834,.F.);
#3772=ORIENTED_EDGE('',*,*,#2833,.F.);
#3773=ORIENTED_EDGE('',*,*,#2659,.T.);
#3774=ORIENTED_EDGE('',*,*,#2827,.T.);
#3775=ORIENTED_EDGE('',*,*,#2780,.T.);
#3776=ORIENTED_EDGE('',*,*,#2772,.T.);
#3777=ORIENTED_EDGE('',*,*,#2769,.T.);
#3778=ORIENTED_EDGE('',*,*,#2707,.T.);
#3779=ORIENTED_EDGE('',*,*,#2835,.T.);
#3780=ORIENTED_EDGE('',*,*,#2716,.T.);
#3781=ORIENTED_EDGE('',*,*,#2836,.T.);
#3782=ORIENTED_EDGE('',*,*,#2711,.T.);
#3783=ORIENTED_EDGE('',*,*,#2837,.T.);
#3784=ORIENTED_EDGE('',*,*,#2662,.T.);
#3785=ORIENTED_EDGE('',*,*,#2838,.T.);
#3786=ORIENTED_EDGE('',*,*,#2696,.T.);
#3787=ORIENTED_EDGE('',*,*,#2839,.T.);
#3788=ORIENTED_EDGE('',*,*,#2699,.T.);
#3789=ORIENTED_EDGE('',*,*,#2840,.T.);
#3790=ORIENTED_EDGE('',*,*,#2756,.T.);
#3791=ORIENTED_EDGE('',*,*,#2841,.T.);
#3792=ORIENTED_EDGE('',*,*,#2759,.T.);
#3793=ORIENTED_EDGE('',*,*,#2762,.T.);
#3794=ORIENTED_EDGE('',*,*,#2732,.T.);
#3795=ORIENTED_EDGE('',*,*,#2842,.T.);
#3796=ORIENTED_EDGE('',*,*,#2741,.T.);
#3797=ORIENTED_EDGE('',*,*,#2843,.T.);
#3798=ORIENTED_EDGE('',*,*,#2736,.T.);
#3799=ORIENTED_EDGE('',*,*,#2814,.T.);
#3800=ORIENTED_EDGE('',*,*,#2686,.T.);
#3801=ORIENTED_EDGE('',*,*,#2646,.T.);
#3802=ORIENTED_EDGE('',*,*,#2682,.T.);
#3803=ORIENTED_EDGE('',*,*,#2669,.T.);
#3804=ORIENTED_EDGE('',*,*,#2810,.T.);
#3805=ORIENTED_EDGE('',*,*,#2675,.T.);
#3806=ORIENTED_EDGE('',*,*,#2798,.T.);
#3807=ORIENTED_EDGE('',*,*,#2727,.T.);
#3808=ORIENTED_EDGE('',*,*,#2806,.T.);
#3809=ORIENTED_EDGE('',*,*,#2844,.T.);
#3810=ORIENTED_EDGE('',*,*,#2795,.T.);
#3811=ORIENTED_EDGE('',*,*,#2673,.T.);
#3812=ORIENTED_EDGE('',*,*,#2844,.F.);
#3813=ORIENTED_EDGE('',*,*,#2805,.T.);
#3814=ORIENTED_EDGE('',*,*,#2845,.F.);
#3815=ORIENTED_EDGE('',*,*,#2796,.F.);
#3816=ORIENTED_EDGE('',*,*,#2845,.T.);
#3817=ORIENTED_EDGE('',*,*,#2804,.T.);
#3818=ORIENTED_EDGE('',*,*,#2801,.F.);
#3819=ORIENTED_EDGE('',*,*,#2792,.T.);
#3820=ORIENTED_EDGE('',*,*,#2656,.T.);
#3821=ORIENTED_EDGE('',*,*,#2821,.T.);
#3822=ORIENTED_EDGE('',*,*,#2824,.T.);
#3823=ORIENTED_EDGE('',*,*,#2846,.F.);
#3824=ORIENTED_EDGE('',*,*,#2847,.T.);
#3825=ORIENTED_EDGE('',*,*,#2847,.F.);
#3826=ORIENTED_EDGE('',*,*,#2848,.F.);
#3827=ORIENTED_EDGE('',*,*,#2653,.T.);
#3828=ORIENTED_EDGE('',*,*,#2657,.T.);
#3829=ORIENTED_EDGE('',*,*,#2849,.T.);
#3830=ORIENTED_EDGE('',*,*,#2830,.T.);
#3831=ORIENTED_EDGE('',*,*,#2849,.F.);
#3832=ORIENTED_EDGE('',*,*,#2850,.T.);
#3833=ORIENTED_EDGE('',*,*,#2851,.T.);
#3834=ORIENTED_EDGE('',*,*,#2850,.F.);
#3835=ORIENTED_EDGE('',*,*,#2852,.T.);
#3836=ORIENTED_EDGE('',*,*,#2834,.T.);
#3837=ORIENTED_EDGE('',*,*,#2852,.F.);
#3838=ORIENTED_EDGE('',*,*,#2853,.T.);
#3839=ORIENTED_EDGE('',*,*,#2854,.T.);
#3840=ORIENTED_EDGE('',*,*,#2853,.F.);
#3841=ORIENTED_EDGE('',*,*,#2855,.F.);
#3842=ORIENTED_EDGE('',*,*,#2856,.F.);
#3843=ORIENTED_EDGE('',*,*,#2857,.F.);
#3844=ORIENTED_EDGE('',*,*,#2858,.T.);
#3845=ORIENTED_EDGE('',*,*,#2859,.F.);
#3846=ORIENTED_EDGE('',*,*,#2860,.T.);
#3847=ORIENTED_EDGE('',*,*,#2861,.T.);
#3848=ORIENTED_EDGE('',*,*,#2856,.T.);
#3849=ORIENTED_EDGE('',*,*,#2862,.F.);
#3850=ORIENTED_EDGE('',*,*,#2863,.T.);
#3851=ORIENTED_EDGE('',*,*,#2864,.T.);
#3852=ORIENTED_EDGE('',*,*,#2860,.F.);
#3853=ORIENTED_EDGE('',*,*,#2865,.F.);
#3854=ORIENTED_EDGE('',*,*,#2862,.T.);
#3855=ORIENTED_EDGE('',*,*,#2859,.T.);
#3856=ORIENTED_EDGE('',*,*,#2855,.T.);
#3857=ORIENTED_EDGE('',*,*,#2866,.T.);
#3858=ORIENTED_EDGE('',*,*,#2867,.T.);
#3859=ORIENTED_EDGE('',*,*,#2494,.T.);
#3860=ORIENTED_EDGE('',*,*,#2832,.T.);
#3861=ORIENTED_EDGE('',*,*,#2818,.T.);
#3862=ORIENTED_EDGE('',*,*,#2868,.F.);
#3863=ORIENTED_EDGE('',*,*,#2492,.T.);
#3864=ORIENTED_EDGE('',*,*,#2869,.F.);
#3865=ORIENTED_EDGE('',*,*,#2870,.T.);
#3866=ORIENTED_EDGE('',*,*,#2871,.F.);
#3867=ORIENTED_EDGE('',*,*,#2857,.T.);
#3868=ORIENTED_EDGE('',*,*,#2861,.F.);
#3869=ORIENTED_EDGE('',*,*,#2864,.F.);
#3870=ORIENTED_EDGE('',*,*,#2854,.F.);
#3871=ORIENTED_EDGE('',*,*,#2816,.T.);
#3872=ORIENTED_EDGE('',*,*,#2865,.T.);
#3873=ORIENTED_EDGE('',*,*,#2493,.T.);
#3874=ORIENTED_EDGE('',*,*,#2868,.T.);
#3875=ORIENTED_EDGE('',*,*,#2863,.F.);
#3876=ORIENTED_EDGE('',*,*,#2794,.T.);
#3877=ORIENTED_EDGE('',*,*,#2800,.F.);
#3878=ORIENTED_EDGE('',*,*,#2803,.F.);
#3879=ORIENTED_EDGE('',*,*,#2789,.T.);
#3880=ORIENTED_EDGE('',*,*,#2797,.T.);
#3881=ORIENTED_EDGE('',*,*,#2807,.F.);
#3882=ORIENTED_EDGE('',*,*,#2809,.F.);
#3883=ORIENTED_EDGE('',*,*,#2787,.T.);
#3884=ORIENTED_EDGE('',*,*,#2791,.F.);
#3885=ORIENTED_EDGE('',*,*,#2642,.T.);
#3886=ORIENTED_EDGE('',*,*,#2811,.F.);
#3887=ORIENTED_EDGE('',*,*,#2813,.F.);
#3888=ORIENTED_EDGE('',*,*,#2872,.F.);
#3889=ORIENTED_EDGE('',*,*,#2490,.T.);
#3890=ORIENTED_EDGE('',*,*,#2502,.F.);
#3891=ORIENTED_EDGE('',*,*,#2504,.F.);
#3892=ORIENTED_EDGE('',*,*,#2507,.F.);
#3893=ORIENTED_EDGE('',*,*,#2510,.F.);
#3894=ORIENTED_EDGE('',*,*,#2851,.F.);
#3895=ORIENTED_EDGE('',*,*,#2440,.F.);
#3896=ORIENTED_EDGE('',*,*,#2873,.T.);
#3897=ORIENTED_EDGE('',*,*,#2874,.T.);
#3898=ORIENTED_EDGE('',*,*,#2875,.T.);
#3899=ORIENTED_EDGE('',*,*,#2473,.T.);
#3900=ORIENTED_EDGE('',*,*,#2452,.F.);
#3901=ORIENTED_EDGE('',*,*,#2876,.T.);
#3902=ORIENTED_EDGE('',*,*,#2877,.T.);
#3903=ORIENTED_EDGE('',*,*,#2878,.T.);
#3904=ORIENTED_EDGE('',*,*,#2879,.T.);
#3905=ORIENTED_EDGE('',*,*,#2880,.T.);
#3906=ORIENTED_EDGE('',*,*,#2881,.T.);
#3907=ORIENTED_EDGE('',*,*,#2882,.T.);
#3908=ORIENTED_EDGE('',*,*,#2883,.F.);
#3909=ORIENTED_EDGE('',*,*,#2631,.T.);
#3910=ORIENTED_EDGE('',*,*,#2884,.F.);
#3911=ORIENTED_EDGE('',*,*,#2885,.F.);
#3912=ORIENTED_EDGE('',*,*,#2886,.F.);
#3913=ORIENTED_EDGE('',*,*,#2887,.F.);
#3914=ORIENTED_EDGE('',*,*,#2556,.F.);
#3915=ORIENTED_EDGE('',*,*,#2571,.T.);
#3916=ORIENTED_EDGE('',*,*,#2566,.F.);
#3917=ORIENTED_EDGE('',*,*,#2654,.T.);
#3918=ORIENTED_EDGE('',*,*,#2848,.T.);
#3919=ORIENTED_EDGE('',*,*,#2846,.T.);
#3920=ORIENTED_EDGE('',*,*,#2823,.T.);
#3921=ORIENTED_EDGE('',*,*,#2557,.F.);
#3922=ORIENTED_EDGE('',*,*,#2887,.T.);
#3923=ORIENTED_EDGE('',*,*,#2888,.T.);
#3924=ORIENTED_EDGE('',*,*,#2889,.T.);
#3925=ORIENTED_EDGE('',*,*,#2890,.T.);
#3926=ORIENTED_EDGE('',*,*,#2891,.T.);
#3927=ORIENTED_EDGE('',*,*,#2560,.F.);
#3928=ORIENTED_EDGE('',*,*,#2889,.F.);
#3929=ORIENTED_EDGE('',*,*,#2892,.T.);
#3930=ORIENTED_EDGE('',*,*,#2893,.T.);
#3931=ORIENTED_EDGE('',*,*,#2894,.T.);
#3932=ORIENTED_EDGE('',*,*,#2895,.T.);
#3933=ORIENTED_EDGE('',*,*,#2896,.F.);
#3934=ORIENTED_EDGE('',*,*,#2897,.T.);
#3935=ORIENTED_EDGE('',*,*,#2898,.T.);
#3936=ORIENTED_EDGE('',*,*,#2899,.F.);
#3937=ORIENTED_EDGE('',*,*,#2900,.T.);
#3938=ORIENTED_EDGE('',*,*,#2901,.F.);
#3939=ORIENTED_EDGE('',*,*,#2902,.T.);
#3940=ORIENTED_EDGE('',*,*,#2903,.T.);
#3941=ORIENTED_EDGE('',*,*,#2904,.T.);
#3942=ORIENTED_EDGE('',*,*,#2905,.T.);
#3943=ORIENTED_EDGE('',*,*,#2906,.T.);
#3944=ORIENTED_EDGE('',*,*,#2901,.T.);
#3945=ORIENTED_EDGE('',*,*,#2907,.T.);
#3946=ORIENTED_EDGE('',*,*,#2908,.T.);
#3947=ORIENTED_EDGE('',*,*,#2665,.F.);
#3948=ORIENTED_EDGE('',*,*,#2663,.F.);
#3949=ORIENTED_EDGE('',*,*,#2837,.F.);
#3950=ORIENTED_EDGE('',*,*,#2710,.F.);
#3951=ORIENTED_EDGE('',*,*,#2714,.F.);
#3952=ORIENTED_EDGE('',*,*,#2900,.F.);
#3953=ORIENTED_EDGE('',*,*,#2909,.F.);
#3954=ORIENTED_EDGE('',*,*,#2910,.T.);
#3955=ORIENTED_EDGE('',*,*,#2907,.F.);
#3956=ORIENTED_EDGE('',*,*,#2911,.F.);
#3957=ORIENTED_EDGE('',*,*,#2909,.T.);
#3958=ORIENTED_EDGE('',*,*,#2899,.T.);
#3959=ORIENTED_EDGE('',*,*,#2912,.T.);
#3960=ORIENTED_EDGE('',*,*,#2913,.T.);
#3961=ORIENTED_EDGE('',*,*,#2914,.T.);
#3962=ORIENTED_EDGE('',*,*,#2915,.T.);
#3963=ORIENTED_EDGE('',*,*,#2693,.F.);
#3964=ORIENTED_EDGE('',*,*,#2697,.F.);
#3965=ORIENTED_EDGE('',*,*,#2838,.F.);
#3966=ORIENTED_EDGE('',*,*,#2661,.F.);
#3967=ORIENTED_EDGE('',*,*,#2667,.F.);
#3968=ORIENTED_EDGE('',*,*,#2916,.F.);
#3969=ORIENTED_EDGE('',*,*,#2917,.T.);
#3970=ORIENTED_EDGE('',*,*,#2918,.F.);
#3971=ORIENTED_EDGE('',*,*,#2919,.T.);
#3972=ORIENTED_EDGE('',*,*,#2920,.F.);
#3973=ORIENTED_EDGE('',*,*,#2921,.T.);
#3974=ORIENTED_EDGE('',*,*,#2896,.T.);
#3975=ORIENTED_EDGE('',*,*,#2922,.T.);
#3976=ORIENTED_EDGE('',*,*,#2923,.T.);
#3977=ORIENTED_EDGE('',*,*,#2924,.T.);
#3978=ORIENTED_EDGE('',*,*,#2925,.F.);
#3979=ORIENTED_EDGE('',*,*,#2926,.T.);
#3980=ORIENTED_EDGE('',*,*,#2927,.F.);
#3981=ORIENTED_EDGE('',*,*,#2924,.F.);
#3982=ORIENTED_EDGE('',*,*,#2928,.F.);
#3983=ORIENTED_EDGE('',*,*,#2929,.T.);
#3984=ORIENTED_EDGE('',*,*,#2881,.F.);
#3985=ORIENTED_EDGE('',*,*,#2930,.T.);
#3986=ORIENTED_EDGE('',*,*,#2918,.T.);
#3987=ORIENTED_EDGE('',*,*,#2931,.T.);
#3988=ORIENTED_EDGE('',*,*,#2882,.F.);
#3989=ORIENTED_EDGE('',*,*,#2931,.F.);
#3990=ORIENTED_EDGE('',*,*,#2917,.F.);
#3991=ORIENTED_EDGE('',*,*,#2932,.F.);
#3992=ORIENTED_EDGE('',*,*,#2933,.F.);
#3993=ORIENTED_EDGE('',*,*,#2934,.F.);
#3994=ORIENTED_EDGE('',*,*,#2879,.F.);
#3995=ORIENTED_EDGE('',*,*,#2935,.T.);
#3996=ORIENTED_EDGE('',*,*,#2936,.F.);
#3997=ORIENTED_EDGE('',*,*,#2937,.T.);
#3998=ORIENTED_EDGE('',*,*,#2935,.F.);
#3999=ORIENTED_EDGE('',*,*,#2878,.F.);
#4000=ORIENTED_EDGE('',*,*,#2938,.T.);
#4001=ORIENTED_EDGE('',*,*,#2939,.F.);
#4002=ORIENTED_EDGE('',*,*,#2940,.F.);
#4003=ORIENTED_EDGE('',*,*,#2941,.F.);
#4004=ORIENTED_EDGE('',*,*,#2914,.F.);
#4005=ORIENTED_EDGE('',*,*,#2942,.F.);
#4006=ORIENTED_EDGE('',*,*,#2943,.F.);
#4007=ORIENTED_EDGE('',*,*,#2942,.T.);
#4008=ORIENTED_EDGE('',*,*,#2913,.F.);
#4009=ORIENTED_EDGE('',*,*,#2944,.T.);
#4010=ORIENTED_EDGE('',*,*,#2945,.F.);
#4011=ORIENTED_EDGE('',*,*,#2946,.T.);
#4012=ORIENTED_EDGE('',*,*,#2947,.F.);
#4013=ORIENTED_EDGE('',*,*,#2948,.T.);
#4014=ORIENTED_EDGE('',*,*,#2946,.F.);
#4015=ORIENTED_EDGE('',*,*,#2949,.F.);
#4016=ORIENTED_EDGE('',*,*,#2950,.T.);
#4017=ORIENTED_EDGE('',*,*,#2951,.F.);
#4018=ORIENTED_EDGE('',*,*,#2952,.T.);
#4019=ORIENTED_EDGE('',*,*,#2940,.T.);
#4020=ORIENTED_EDGE('',*,*,#2943,.T.);
#4021=ORIENTED_EDGE('',*,*,#2953,.T.);
#4022=ORIENTED_EDGE('',*,*,#2947,.T.);
#4023=ORIENTED_EDGE('',*,*,#2951,.T.);
#4024=ORIENTED_EDGE('',*,*,#2954,.T.);
#4025=ORIENTED_EDGE('',*,*,#2702,.F.);
#4026=ORIENTED_EDGE('',*,*,#2700,.F.);
#4027=ORIENTED_EDGE('',*,*,#2839,.F.);
#4028=ORIENTED_EDGE('',*,*,#2695,.F.);
#4029=ORIENTED_EDGE('',*,*,#2691,.F.);
#4030=ORIENTED_EDGE('',*,*,#2955,.F.);
#4031=ORIENTED_EDGE('',*,*,#2956,.T.);
#4032=ORIENTED_EDGE('',*,*,#2957,.F.);
#4033=ORIENTED_EDGE('',*,*,#2958,.T.);
#4034=ORIENTED_EDGE('',*,*,#2959,.F.);
#4035=ORIENTED_EDGE('',*,*,#2960,.T.);
#4036=ORIENTED_EDGE('',*,*,#2905,.F.);
#4037=ORIENTED_EDGE('',*,*,#2961,.T.);
#4038=ORIENTED_EDGE('',*,*,#2962,.F.);
#4039=ORIENTED_EDGE('',*,*,#2961,.F.);
#4040=ORIENTED_EDGE('',*,*,#2904,.F.);
#4041=ORIENTED_EDGE('',*,*,#2963,.F.);
#4042=ORIENTED_EDGE('',*,*,#2964,.F.);
#4043=ORIENTED_EDGE('',*,*,#2965,.T.);
#4044=ORIENTED_EDGE('',*,*,#2966,.F.);
#4045=ORIENTED_EDGE('',*,*,#2967,.T.);
#4046=ORIENTED_EDGE('',*,*,#2968,.T.);
#4047=ORIENTED_EDGE('',*,*,#2969,.T.);
#4048=ORIENTED_EDGE('',*,*,#2957,.T.);
#4049=ORIENTED_EDGE('',*,*,#2970,.T.);
#4050=ORIENTED_EDGE('',*,*,#2966,.T.);
#4051=ORIENTED_EDGE('',*,*,#2971,.T.);
#4052=ORIENTED_EDGE('',*,*,#2972,.T.);
#4053=ORIENTED_EDGE('',*,*,#2719,.F.);
#4054=ORIENTED_EDGE('',*,*,#2717,.F.);
#4055=ORIENTED_EDGE('',*,*,#2835,.F.);
#4056=ORIENTED_EDGE('',*,*,#2706,.F.);
#4057=ORIENTED_EDGE('',*,*,#2582,.F.);
#4058=ORIENTED_EDGE('',*,*,#2965,.F.);
#4059=ORIENTED_EDGE('',*,*,#2973,.F.);
#4060=ORIENTED_EDGE('',*,*,#2974,.T.);
#4061=ORIENTED_EDGE('',*,*,#2971,.F.);
#4062=ORIENTED_EDGE('',*,*,#2975,.F.);
#4063=ORIENTED_EDGE('',*,*,#2973,.T.);
#4064=ORIENTED_EDGE('',*,*,#2964,.T.);
#4065=ORIENTED_EDGE('',*,*,#2976,.T.);
#4066=ORIENTED_EDGE('',*,*,#2959,.T.);
#4067=ORIENTED_EDGE('',*,*,#2962,.T.);
#4068=ORIENTED_EDGE('',*,*,#2977,.T.);
#4069=ORIENTED_EDGE('',*,*,#2712,.F.);
#4070=ORIENTED_EDGE('',*,*,#2708,.F.);
#4071=ORIENTED_EDGE('',*,*,#2836,.F.);
#4072=ORIENTED_EDGE('',*,*,#2715,.F.);
#4073=ORIENTED_EDGE('',*,*,#2721,.F.);
#4074=ORIENTED_EDGE('',*,*,#2978,.F.);
#4075=ORIENTED_EDGE('',*,*,#2979,.F.);
#4076=ORIENTED_EDGE('',*,*,#2980,.F.);
#4077=ORIENTED_EDGE('',*,*,#2981,.F.);
#4078=ORIENTED_EDGE('',*,*,#2982,.F.);
#4079=ORIENTED_EDGE('',*,*,#2981,.T.);
#4080=ORIENTED_EDGE('',*,*,#2983,.F.);
#4081=ORIENTED_EDGE('',*,*,#2984,.T.);
#4082=ORIENTED_EDGE('',*,*,#2985,.F.);
#4083=ORIENTED_EDGE('',*,*,#2986,.T.);
#4084=ORIENTED_EDGE('',*,*,#2987,.F.);
#4085=ORIENTED_EDGE('',*,*,#2988,.T.);
#4086=ORIENTED_EDGE('',*,*,#2989,.F.);
#4087=ORIENTED_EDGE('',*,*,#2990,.T.);
#4088=ORIENTED_EDGE('',*,*,#2991,.F.);
#4089=ORIENTED_EDGE('',*,*,#2992,.T.);
#4090=ORIENTED_EDGE('',*,*,#2993,.F.);
#4091=ORIENTED_EDGE('',*,*,#2992,.F.);
#4092=ORIENTED_EDGE('',*,*,#2994,.F.);
#4093=ORIENTED_EDGE('',*,*,#2995,.F.);
#4094=ORIENTED_EDGE('',*,*,#2996,.F.);
#4095=ORIENTED_EDGE('',*,*,#2997,.T.);
#4096=ORIENTED_EDGE('',*,*,#2998,.F.);
#4097=ORIENTED_EDGE('',*,*,#2999,.T.);
#4098=ORIENTED_EDGE('',*,*,#2997,.F.);
#4099=ORIENTED_EDGE('',*,*,#3000,.F.);
#4100=ORIENTED_EDGE('',*,*,#3001,.T.);
#4101=ORIENTED_EDGE('',*,*,#3002,.F.);
#4102=ORIENTED_EDGE('',*,*,#3003,.F.);
#4103=ORIENTED_EDGE('',*,*,#2988,.F.);
#4104=ORIENTED_EDGE('',*,*,#3004,.F.);
#4105=ORIENTED_EDGE('',*,*,#3005,.F.);
#4106=ORIENTED_EDGE('',*,*,#3006,.F.);
#4107=ORIENTED_EDGE('',*,*,#3007,.F.);
#4108=ORIENTED_EDGE('',*,*,#3008,.F.);
#4109=ORIENTED_EDGE('',*,*,#3009,.F.);
#4110=ORIENTED_EDGE('',*,*,#3010,.F.);
#4111=ORIENTED_EDGE('',*,*,#3011,.F.);
#4112=ORIENTED_EDGE('',*,*,#3010,.T.);
#4113=ORIENTED_EDGE('',*,*,#3012,.F.);
#4114=ORIENTED_EDGE('',*,*,#3013,.T.);
#4115=ORIENTED_EDGE('',*,*,#3014,.F.);
#4116=ORIENTED_EDGE('',*,*,#3015,.T.);
#4117=ORIENTED_EDGE('',*,*,#3016,.F.);
#4118=ORIENTED_EDGE('',*,*,#3017,.T.);
#4119=ORIENTED_EDGE('',*,*,#2985,.T.);
#4120=ORIENTED_EDGE('',*,*,#3003,.T.);
#4121=ORIENTED_EDGE('',*,*,#3018,.T.);
#4122=ORIENTED_EDGE('',*,*,#3019,.T.);
#4123=ORIENTED_EDGE('',*,*,#3014,.T.);
#4124=ORIENTED_EDGE('',*,*,#3020,.T.);
#4125=ORIENTED_EDGE('',*,*,#3015,.F.);
#4126=ORIENTED_EDGE('',*,*,#3019,.F.);
#4127=ORIENTED_EDGE('',*,*,#3021,.T.);
#4128=ORIENTED_EDGE('',*,*,#3022,.T.);
#4129=ORIENTED_EDGE('',*,*,#3023,.T.);
#4130=ORIENTED_EDGE('',*,*,#3024,.F.);
#4131=ORIENTED_EDGE('',*,*,#3025,.T.);
#4132=ORIENTED_EDGE('',*,*,#2955,.T.);
#4133=ORIENTED_EDGE('',*,*,#3026,.T.);
#4134=ORIENTED_EDGE('',*,*,#3027,.F.);
#4135=ORIENTED_EDGE('',*,*,#3028,.F.);
#4136=ORIENTED_EDGE('',*,*,#3029,.T.);
#4137=ORIENTED_EDGE('',*,*,#3030,.F.);
#4138=ORIENTED_EDGE('',*,*,#3031,.F.);
#4139=ORIENTED_EDGE('',*,*,#3032,.F.);
#4140=ORIENTED_EDGE('',*,*,#3033,.T.);
#4141=ORIENTED_EDGE('',*,*,#3027,.T.);
#4142=ORIENTED_EDGE('',*,*,#3034,.T.);
#4143=ORIENTED_EDGE('',*,*,#3031,.T.);
#4144=ORIENTED_EDGE('',*,*,#3035,.F.);
#4145=ORIENTED_EDGE('',*,*,#3036,.T.);
#4146=ORIENTED_EDGE('',*,*,#3037,.F.);
#4147=ORIENTED_EDGE('',*,*,#3038,.T.);
#4148=ORIENTED_EDGE('',*,*,#3032,.T.);
#4149=ORIENTED_EDGE('',*,*,#3037,.T.);
#4150=ORIENTED_EDGE('',*,*,#3039,.T.);
#4151=ORIENTED_EDGE('',*,*,#3040,.T.);
#4152=ORIENTED_EDGE('',*,*,#3041,.T.);
#4153=ORIENTED_EDGE('',*,*,#3035,.T.);
#4154=ORIENTED_EDGE('',*,*,#3030,.T.);
#4155=ORIENTED_EDGE('',*,*,#2915,.F.);
#4156=ORIENTED_EDGE('',*,*,#2941,.T.);
#4157=ORIENTED_EDGE('',*,*,#2952,.F.);
#4158=ORIENTED_EDGE('',*,*,#2694,.F.);
#4159=ORIENTED_EDGE('',*,*,#2908,.F.);
#4160=ORIENTED_EDGE('',*,*,#2910,.F.);
#4161=ORIENTED_EDGE('',*,*,#2911,.T.);
#4162=ORIENTED_EDGE('',*,*,#2666,.T.);
#4163=ORIENTED_EDGE('',*,*,#3006,.T.);
#4164=ORIENTED_EDGE('',*,*,#3042,.T.);
#4165=ORIENTED_EDGE('',*,*,#3021,.F.);
#4166=ORIENTED_EDGE('',*,*,#3018,.F.);
#4167=ORIENTED_EDGE('',*,*,#2580,.F.);
#4168=ORIENTED_EDGE('',*,*,#3043,.T.);
#4169=ORIENTED_EDGE('',*,*,#2968,.F.);
#4170=ORIENTED_EDGE('',*,*,#2581,.F.);
#4171=ORIENTED_EDGE('',*,*,#2577,.F.);
#4172=ORIENTED_EDGE('',*,*,#2573,.F.);
#4173=ORIENTED_EDGE('',*,*,#2977,.F.);
#4174=ORIENTED_EDGE('',*,*,#2963,.T.);
#4175=ORIENTED_EDGE('',*,*,#2903,.F.);
#4176=ORIENTED_EDGE('',*,*,#2713,.F.);
#4177=ORIENTED_EDGE('',*,*,#2972,.F.);
#4178=ORIENTED_EDGE('',*,*,#2974,.F.);
#4179=ORIENTED_EDGE('',*,*,#2975,.T.);
#4180=ORIENTED_EDGE('',*,*,#2720,.T.);
#4181=ORIENTED_EDGE('',*,*,#3044,.T.);
#4182=ORIENTED_EDGE('',*,*,#3045,.T.);
#4183=ORIENTED_EDGE('',*,*,#3046,.F.);
#4184=ORIENTED_EDGE('',*,*,#2933,.T.);
#4185=ORIENTED_EDGE('',*,*,#3047,.T.);
#4186=ORIENTED_EDGE('',*,*,#2979,.T.);
#4187=ORIENTED_EDGE('',*,*,#3048,.T.);
#4188=ORIENTED_EDGE('',*,*,#3049,.T.);
#4189=ORIENTED_EDGE('',*,*,#2883,.T.);
#4190=ORIENTED_EDGE('',*,*,#2934,.T.);
#4191=ORIENTED_EDGE('',*,*,#3046,.T.);
#4192=ORIENTED_EDGE('',*,*,#3050,.F.);
#4193=ORIENTED_EDGE('',*,*,#3051,.T.);
#4194=ORIENTED_EDGE('',*,*,#3052,.F.);
#4195=ORIENTED_EDGE('',*,*,#3053,.T.);
#4196=ORIENTED_EDGE('',*,*,#2920,.T.);
#4197=ORIENTED_EDGE('',*,*,#3054,.T.);
#4198=ORIENTED_EDGE('',*,*,#2529,.F.);
#4199=ORIENTED_EDGE('',*,*,#2532,.F.);
#4200=ORIENTED_EDGE('',*,*,#2486,.F.);
#4201=ORIENTED_EDGE('',*,*,#3055,.T.);
#4202=ORIENTED_EDGE('',*,*,#3056,.T.);
#4203=ORIENTED_EDGE('',*,*,#3057,.T.);
#4204=ORIENTED_EDGE('',*,*,#3058,.T.);
#4205=ORIENTED_EDGE('',*,*,#2928,.T.);
#4206=ORIENTED_EDGE('',*,*,#2923,.F.);
#4207=ORIENTED_EDGE('',*,*,#3059,.T.);
#4208=ORIENTED_EDGE('',*,*,#2983,.T.);
#4209=ORIENTED_EDGE('',*,*,#2980,.T.);
#4210=ORIENTED_EDGE('',*,*,#3047,.F.);
#4211=ORIENTED_EDGE('',*,*,#3060,.F.);
#4212=ORIENTED_EDGE('',*,*,#3061,.T.);
#4213=ORIENTED_EDGE('',*,*,#3062,.F.);
#4214=ORIENTED_EDGE('',*,*,#3056,.F.);
#4215=ORIENTED_EDGE('',*,*,#3063,.F.);
#4216=ORIENTED_EDGE('',*,*,#3048,.F.);
#4217=ORIENTED_EDGE('',*,*,#2978,.T.);
#4218=ORIENTED_EDGE('',*,*,#2982,.T.);
#4219=ORIENTED_EDGE('',*,*,#3064,.T.);
#4220=ORIENTED_EDGE('',*,*,#3065,.T.);
#4221=ORIENTED_EDGE('',*,*,#3066,.T.);
#4222=ORIENTED_EDGE('',*,*,#3061,.F.);
#4223=ORIENTED_EDGE('',*,*,#3067,.F.);
#4224=ORIENTED_EDGE('',*,*,#3068,.T.);
#4225=ORIENTED_EDGE('',*,*,#2929,.F.);
#4226=ORIENTED_EDGE('',*,*,#3058,.F.);
#4227=ORIENTED_EDGE('',*,*,#3069,.F.);
#4228=ORIENTED_EDGE('',*,*,#3044,.F.);
#4229=ORIENTED_EDGE('',*,*,#2932,.T.);
#4230=ORIENTED_EDGE('',*,*,#2916,.T.);
#4231=ORIENTED_EDGE('',*,*,#3070,.T.);
#4232=ORIENTED_EDGE('',*,*,#2925,.T.);
#4233=ORIENTED_EDGE('',*,*,#2927,.T.);
#4234=ORIENTED_EDGE('',*,*,#3068,.F.);
#4235=ORIENTED_EDGE('',*,*,#3071,.F.);
#4236=ORIENTED_EDGE('',*,*,#3072,.T.);
#4237=ORIENTED_EDGE('',*,*,#2938,.F.);
#4238=ORIENTED_EDGE('',*,*,#2877,.F.);
#4239=ORIENTED_EDGE('',*,*,#3073,.F.);
#4240=ORIENTED_EDGE('',*,*,#3074,.F.);
#4241=ORIENTED_EDGE('',*,*,#2994,.T.);
#4242=ORIENTED_EDGE('',*,*,#2991,.T.);
#4243=ORIENTED_EDGE('',*,*,#3075,.T.);
#4244=ORIENTED_EDGE('',*,*,#2936,.T.);
#4245=ORIENTED_EDGE('',*,*,#2939,.T.);
#4246=ORIENTED_EDGE('',*,*,#3072,.F.);
#4247=ORIENTED_EDGE('',*,*,#3076,.T.);
#4248=ORIENTED_EDGE('',*,*,#3077,.T.);
#4249=ORIENTED_EDGE('',*,*,#3078,.T.);
#4250=ORIENTED_EDGE('',*,*,#3077,.F.);
#4251=ORIENTED_EDGE('',*,*,#3079,.T.);
#4252=ORIENTED_EDGE('',*,*,#2890,.F.);
#4253=ORIENTED_EDGE('',*,*,#2894,.F.);
#4254=ORIENTED_EDGE('',*,*,#3080,.T.);
#4255=ORIENTED_EDGE('',*,*,#3081,.F.);
#4256=ORIENTED_EDGE('',*,*,#3082,.T.);
#4257=ORIENTED_EDGE('',*,*,#3081,.T.);
#4258=ORIENTED_EDGE('',*,*,#3083,.T.);
#4259=ORIENTED_EDGE('',*,*,#2884,.T.);
#4260=ORIENTED_EDGE('',*,*,#2630,.T.);
#4261=ORIENTED_EDGE('',*,*,#2530,.F.);
#4262=ORIENTED_EDGE('',*,*,#3054,.F.);
#4263=ORIENTED_EDGE('',*,*,#2922,.F.);
#4264=ORIENTED_EDGE('',*,*,#2895,.F.);
#4265=ORIENTED_EDGE('',*,*,#3084,.F.);
#4266=ORIENTED_EDGE('',*,*,#3085,.F.);
#4267=ORIENTED_EDGE('',*,*,#3034,.F.);
#4268=ORIENTED_EDGE('',*,*,#3026,.F.);
#4269=ORIENTED_EDGE('',*,*,#2958,.F.);
#4270=ORIENTED_EDGE('',*,*,#2969,.F.);
#4271=ORIENTED_EDGE('',*,*,#3043,.F.);
#4272=ORIENTED_EDGE('',*,*,#2579,.F.);
#4273=ORIENTED_EDGE('',*,*,#2537,.F.);
#4274=ORIENTED_EDGE('',*,*,#2522,.F.);
#4275=ORIENTED_EDGE('',*,*,#2524,.F.);
#4276=ORIENTED_EDGE('',*,*,#2527,.F.);
#4277=ORIENTED_EDGE('',*,*,#3086,.F.);
#4278=ORIENTED_EDGE('',*,*,#3084,.T.);
#4279=ORIENTED_EDGE('',*,*,#2898,.F.);
#4280=ORIENTED_EDGE('',*,*,#3087,.T.);
#4281=ORIENTED_EDGE('',*,*,#3039,.F.);
#4282=ORIENTED_EDGE('',*,*,#3036,.F.);
#4283=ORIENTED_EDGE('',*,*,#3041,.F.);
#4284=ORIENTED_EDGE('',*,*,#3088,.T.);
#4285=ORIENTED_EDGE('',*,*,#3089,.T.);
#4286=ORIENTED_EDGE('',*,*,#3088,.F.);
#4287=ORIENTED_EDGE('',*,*,#3040,.F.);
#4288=ORIENTED_EDGE('',*,*,#3029,.F.);
#4289=ORIENTED_EDGE('',*,*,#3089,.F.);
#4290=ORIENTED_EDGE('',*,*,#3028,.T.);
#4291=ORIENTED_EDGE('',*,*,#3085,.T.);
#4292=ORIENTED_EDGE('',*,*,#3086,.T.);
#4293=ORIENTED_EDGE('',*,*,#3090,.F.);
#4294=ORIENTED_EDGE('',*,*,#3091,.T.);
#4295=ORIENTED_EDGE('',*,*,#3092,.T.);
#4296=ORIENTED_EDGE('',*,*,#3090,.T.);
#4297=ORIENTED_EDGE('',*,*,#3092,.F.);
#4298=ORIENTED_EDGE('',*,*,#3093,.T.);
#4299=ORIENTED_EDGE('',*,*,#3094,.T.);
#4300=ORIENTED_EDGE('',*,*,#3095,.T.);
#4301=ORIENTED_EDGE('',*,*,#3094,.F.);
#4302=ORIENTED_EDGE('',*,*,#2897,.F.);
#4303=ORIENTED_EDGE('',*,*,#2921,.F.);
#4304=ORIENTED_EDGE('',*,*,#3053,.F.);
#4305=ORIENTED_EDGE('',*,*,#3096,.F.);
#4306=ORIENTED_EDGE('',*,*,#3064,.F.);
#4307=ORIENTED_EDGE('',*,*,#2984,.F.);
#4308=ORIENTED_EDGE('',*,*,#3059,.F.);
#4309=ORIENTED_EDGE('',*,*,#2926,.F.);
#4310=ORIENTED_EDGE('',*,*,#3070,.F.);
#4311=ORIENTED_EDGE('',*,*,#2919,.F.);
#4312=ORIENTED_EDGE('',*,*,#2930,.F.);
#4313=ORIENTED_EDGE('',*,*,#2880,.F.);
#4314=ORIENTED_EDGE('',*,*,#2937,.F.);
#4315=ORIENTED_EDGE('',*,*,#3075,.F.);
#4316=ORIENTED_EDGE('',*,*,#2990,.F.);
#4317=ORIENTED_EDGE('',*,*,#3097,.F.);
#4318=ORIENTED_EDGE('',*,*,#2999,.F.);
#4319=ORIENTED_EDGE('',*,*,#3098,.F.);
#4320=ORIENTED_EDGE('',*,*,#2986,.F.);
#4321=ORIENTED_EDGE('',*,*,#3020,.F.);
#4322=ORIENTED_EDGE('',*,*,#3017,.F.);
#4323=ORIENTED_EDGE('',*,*,#3099,.F.);
#4324=ORIENTED_EDGE('',*,*,#3013,.F.);
#4325=ORIENTED_EDGE('',*,*,#3100,.F.);
#4326=ORIENTED_EDGE('',*,*,#2948,.F.);
#4327=ORIENTED_EDGE('',*,*,#2953,.F.);
#4328=ORIENTED_EDGE('',*,*,#2944,.F.);
#4329=ORIENTED_EDGE('',*,*,#2912,.F.);
#4330=ORIENTED_EDGE('',*,*,#2902,.F.);
#4331=ORIENTED_EDGE('',*,*,#2906,.F.);
#4332=ORIENTED_EDGE('',*,*,#2960,.F.);
#4333=ORIENTED_EDGE('',*,*,#2976,.F.);
#4334=ORIENTED_EDGE('',*,*,#2967,.F.);
#4335=ORIENTED_EDGE('',*,*,#2970,.F.);
#4336=ORIENTED_EDGE('',*,*,#2956,.F.);
#4337=ORIENTED_EDGE('',*,*,#3025,.F.);
#4338=ORIENTED_EDGE('',*,*,#3033,.F.);
#4339=ORIENTED_EDGE('',*,*,#3038,.F.);
#4340=ORIENTED_EDGE('',*,*,#3087,.F.);
#4341=ORIENTED_EDGE('',*,*,#3096,.T.);
#4342=ORIENTED_EDGE('',*,*,#3052,.T.);
#4343=ORIENTED_EDGE('',*,*,#3101,.T.);
#4344=ORIENTED_EDGE('',*,*,#3065,.F.);
#4345=ORIENTED_EDGE('',*,*,#3101,.F.);
#4346=ORIENTED_EDGE('',*,*,#3051,.F.);
#4347=ORIENTED_EDGE('',*,*,#3062,.T.);
#4348=ORIENTED_EDGE('',*,*,#3066,.F.);
#4349=ORIENTED_EDGE('',*,*,#2893,.F.);
#4350=ORIENTED_EDGE('',*,*,#3102,.F.);
#4351=ORIENTED_EDGE('',*,*,#2885,.T.);
#4352=ORIENTED_EDGE('',*,*,#3083,.F.);
#4353=ORIENTED_EDGE('',*,*,#3080,.F.);
#4354=ORIENTED_EDGE('',*,*,#3102,.T.);
#4355=ORIENTED_EDGE('',*,*,#2892,.F.);
#4356=ORIENTED_EDGE('',*,*,#2888,.F.);
#4357=ORIENTED_EDGE('',*,*,#2886,.T.);
#4358=ORIENTED_EDGE('',*,*,#3103,.F.);
#4359=ORIENTED_EDGE('',*,*,#3091,.F.);
#4360=ORIENTED_EDGE('',*,*,#3103,.T.);
#4361=ORIENTED_EDGE('',*,*,#3104,.T.);
#4362=ORIENTED_EDGE('',*,*,#3105,.F.);
#4363=ORIENTED_EDGE('',*,*,#3104,.F.);
#4364=ORIENTED_EDGE('',*,*,#3106,.F.);
#4365=ORIENTED_EDGE('',*,*,#3095,.F.);
#4366=ORIENTED_EDGE('',*,*,#3106,.T.);
#4367=ORIENTED_EDGE('',*,*,#3107,.T.);
#4368=ORIENTED_EDGE('',*,*,#3108,.F.);
#4369=ORIENTED_EDGE('',*,*,#3107,.F.);
#4370=ORIENTED_EDGE('',*,*,#3109,.T.);
#4371=ORIENTED_EDGE('',*,*,#3110,.F.);
#4372=ORIENTED_EDGE('',*,*,#3111,.T.);
#4373=ORIENTED_EDGE('',*,*,#3112,.T.);
#4374=ORIENTED_EDGE('',*,*,#3113,.T.);
#4375=ORIENTED_EDGE('',*,*,#3112,.F.);
#4376=ORIENTED_EDGE('',*,*,#3114,.F.);
#4377=ORIENTED_EDGE('',*,*,#3115,.F.);
#4378=ORIENTED_EDGE('',*,*,#3116,.T.);
#4379=ORIENTED_EDGE('',*,*,#3115,.T.);
#4380=ORIENTED_EDGE('',*,*,#3117,.F.);
#4381=ORIENTED_EDGE('',*,*,#3118,.F.);
#4382=ORIENTED_EDGE('',*,*,#2564,.F.);
#4383=ORIENTED_EDGE('',*,*,#2561,.F.);
#4384=ORIENTED_EDGE('',*,*,#2891,.F.);
#4385=ORIENTED_EDGE('',*,*,#3079,.F.);
#4386=ORIENTED_EDGE('',*,*,#3082,.F.);
#4387=ORIENTED_EDGE('',*,*,#2629,.F.);
#4388=ORIENTED_EDGE('',*,*,#2593,.F.);
#4389=ORIENTED_EDGE('',*,*,#2596,.F.);
#4390=ORIENTED_EDGE('',*,*,#2599,.F.);
#4391=ORIENTED_EDGE('',*,*,#2602,.F.);
#4392=ORIENTED_EDGE('',*,*,#2604,.F.);
#4393=ORIENTED_EDGE('',*,*,#2633,.T.);
#4394=ORIENTED_EDGE('',*,*,#2822,.T.);
#4395=ORIENTED_EDGE('',*,*,#2819,.T.);
#4396=ORIENTED_EDGE('',*,*,#2650,.T.);
#4397=ORIENTED_EDGE('',*,*,#2552,.F.);
#4398=ORIENTED_EDGE('',*,*,#3119,.T.);
#4399=ORIENTED_EDGE('',*,*,#2496,.F.);
#4400=ORIENTED_EDGE('',*,*,#3120,.F.);
#4401=ORIENTED_EDGE('',*,*,#3121,.F.);
#4402=ORIENTED_EDGE('',*,*,#3109,.F.);
#4403=ORIENTED_EDGE('',*,*,#3113,.F.);
#4404=ORIENTED_EDGE('',*,*,#3116,.F.);
#4405=ORIENTED_EDGE('',*,*,#3093,.F.);
#4406=ORIENTED_EDGE('',*,*,#3078,.F.);
#4407=ORIENTED_EDGE('',*,*,#3122,.T.);
#4408=ORIENTED_EDGE('',*,*,#3117,.T.);
#4409=ORIENTED_EDGE('',*,*,#3114,.T.);
#4410=ORIENTED_EDGE('',*,*,#3111,.F.);
#4411=ORIENTED_EDGE('',*,*,#3123,.T.);
#4412=ORIENTED_EDGE('',*,*,#3124,.F.);
#4413=ORIENTED_EDGE('',*,*,#3125,.T.);
#4414=ORIENTED_EDGE('',*,*,#2498,.F.);
#4415=ORIENTED_EDGE('',*,*,#3108,.T.);
#4416=ORIENTED_EDGE('',*,*,#3076,.F.);
#4417=ORIENTED_EDGE('',*,*,#3119,.F.);
#4418=ORIENTED_EDGE('',*,*,#3118,.T.);
#4419=ORIENTED_EDGE('',*,*,#3122,.F.);
#4420=ORIENTED_EDGE('',*,*,#2497,.F.);
#4421=ORIENTED_EDGE('',*,*,#2475,.F.);
#4422=ORIENTED_EDGE('',*,*,#2500,.F.);
#4423=ORIENTED_EDGE('',*,*,#3126,.T.);
#4424=ORIENTED_EDGE('',*,*,#3073,.T.);
#4425=ORIENTED_EDGE('',*,*,#3071,.T.);
#4426=ORIENTED_EDGE('',*,*,#2876,.F.);
#4427=ORIENTED_EDGE('',*,*,#3050,.T.);
#4428=ORIENTED_EDGE('',*,*,#3045,.F.);
#4429=ORIENTED_EDGE('',*,*,#3069,.T.);
#4430=ORIENTED_EDGE('',*,*,#3067,.T.);
#4431=ORIENTED_EDGE('',*,*,#3057,.F.);
#4432=ORIENTED_EDGE('',*,*,#3049,.F.);
#4433=ORIENTED_EDGE('',*,*,#3063,.T.);
#4434=ORIENTED_EDGE('',*,*,#3060,.T.);
#4435=ORIENTED_EDGE('',*,*,#3055,.F.);
#4436=ORIENTED_EDGE('',*,*,#2488,.F.);
#4437=ORIENTED_EDGE('',*,*,#2485,.F.);
#4438=ORIENTED_EDGE('',*,*,#2482,.F.);
#4439=ORIENTED_EDGE('',*,*,#3105,.T.);
#4440=ORIENTED_EDGE('',*,*,#2954,.F.);
#4441=ORIENTED_EDGE('',*,*,#2950,.F.);
#4442=ORIENTED_EDGE('',*,*,#3127,.T.);
#4443=ORIENTED_EDGE('',*,*,#2703,.T.);
#4444=ORIENTED_EDGE('',*,*,#3127,.F.);
#4445=ORIENTED_EDGE('',*,*,#2949,.T.);
#4446=ORIENTED_EDGE('',*,*,#2945,.T.);
#4447=ORIENTED_EDGE('',*,*,#3100,.T.);
#4448=ORIENTED_EDGE('',*,*,#3012,.T.);
#4449=ORIENTED_EDGE('',*,*,#3009,.T.);
#4450=ORIENTED_EDGE('',*,*,#3128,.F.);
#4451=ORIENTED_EDGE('',*,*,#2753,.F.);
#4452=ORIENTED_EDGE('',*,*,#2757,.F.);
#4453=ORIENTED_EDGE('',*,*,#2840,.F.);
#4454=ORIENTED_EDGE('',*,*,#2698,.F.);
#4455=ORIENTED_EDGE('',*,*,#2704,.F.);
#4456=ORIENTED_EDGE('',*,*,#3128,.T.);
#4457=ORIENTED_EDGE('',*,*,#3008,.T.);
#4458=ORIENTED_EDGE('',*,*,#3129,.F.);
#4459=ORIENTED_EDGE('',*,*,#2754,.F.);
#4460=ORIENTED_EDGE('',*,*,#3129,.T.);
#4461=ORIENTED_EDGE('',*,*,#3007,.T.);
#4462=ORIENTED_EDGE('',*,*,#3011,.T.);
#4463=ORIENTED_EDGE('',*,*,#3099,.T.);
#4464=ORIENTED_EDGE('',*,*,#3016,.T.);
#4465=ORIENTED_EDGE('',*,*,#3024,.T.);
#4466=ORIENTED_EDGE('',*,*,#3130,.F.);
#4467=ORIENTED_EDGE('',*,*,#2765,.F.);
#4468=ORIENTED_EDGE('',*,*,#2760,.F.);
#4469=ORIENTED_EDGE('',*,*,#2841,.F.);
#4470=ORIENTED_EDGE('',*,*,#2755,.F.);
#4471=ORIENTED_EDGE('',*,*,#2751,.F.);
#4472=ORIENTED_EDGE('',*,*,#3130,.T.);
#4473=ORIENTED_EDGE('',*,*,#3023,.F.);
#4474=ORIENTED_EDGE('',*,*,#3131,.F.);
#4475=ORIENTED_EDGE('',*,*,#2766,.T.);
#4476=ORIENTED_EDGE('',*,*,#3131,.T.);
#4477=ORIENTED_EDGE('',*,*,#3022,.F.);
#4478=ORIENTED_EDGE('',*,*,#3042,.F.);
#4479=ORIENTED_EDGE('',*,*,#3132,.F.);
#4480=ORIENTED_EDGE('',*,*,#2784,.T.);
#4481=ORIENTED_EDGE('',*,*,#2767,.T.);
#4482=ORIENTED_EDGE('',*,*,#3132,.T.);
#4483=ORIENTED_EDGE('',*,*,#3005,.T.);
#4484=ORIENTED_EDGE('',*,*,#3133,.F.);
#4485=ORIENTED_EDGE('',*,*,#2749,.F.);
#4486=ORIENTED_EDGE('',*,*,#3133,.T.);
#4487=ORIENTED_EDGE('',*,*,#3004,.T.);
#4488=ORIENTED_EDGE('',*,*,#2987,.T.);
#4489=ORIENTED_EDGE('',*,*,#3098,.T.);
#4490=ORIENTED_EDGE('',*,*,#2998,.T.);
#4491=ORIENTED_EDGE('',*,*,#3002,.T.);
#4492=ORIENTED_EDGE('',*,*,#3134,.F.);
#4493=ORIENTED_EDGE('',*,*,#2744,.F.);
#4494=ORIENTED_EDGE('',*,*,#2742,.F.);
#4495=ORIENTED_EDGE('',*,*,#2842,.F.);
#4496=ORIENTED_EDGE('',*,*,#2731,.F.);
#4497=ORIENTED_EDGE('',*,*,#2750,.F.);
#4498=ORIENTED_EDGE('',*,*,#3134,.T.);
#4499=ORIENTED_EDGE('',*,*,#3001,.F.);
#4500=ORIENTED_EDGE('',*,*,#3135,.T.);
#4501=ORIENTED_EDGE('',*,*,#2745,.T.);
#4502=ORIENTED_EDGE('',*,*,#3135,.F.);
#4503=ORIENTED_EDGE('',*,*,#3000,.T.);
#4504=ORIENTED_EDGE('',*,*,#2996,.T.);
#4505=ORIENTED_EDGE('',*,*,#3097,.T.);
#4506=ORIENTED_EDGE('',*,*,#2989,.T.);
#4507=ORIENTED_EDGE('',*,*,#2993,.T.);
#4508=ORIENTED_EDGE('',*,*,#3136,.F.);
#4509=ORIENTED_EDGE('',*,*,#2737,.F.);
#4510=ORIENTED_EDGE('',*,*,#2733,.F.);
#4511=ORIENTED_EDGE('',*,*,#2843,.F.);
#4512=ORIENTED_EDGE('',*,*,#2740,.F.);
#4513=ORIENTED_EDGE('',*,*,#2746,.F.);
#4514=ORIENTED_EDGE('',*,*,#3136,.T.);
#4515=ORIENTED_EDGE('',*,*,#2995,.T.);
#4516=ORIENTED_EDGE('',*,*,#3074,.T.);
#4517=ORIENTED_EDGE('',*,*,#3126,.F.);
#4518=ORIENTED_EDGE('',*,*,#2499,.F.);
#4519=ORIENTED_EDGE('',*,*,#3125,.F.);
#4520=ORIENTED_EDGE('',*,*,#3137,.F.);
#4521=ORIENTED_EDGE('',*,*,#2869,.T.);
#4522=ORIENTED_EDGE('',*,*,#2491,.T.);
#4523=ORIENTED_EDGE('',*,*,#2872,.T.);
#4524=ORIENTED_EDGE('',*,*,#2815,.F.);
#4525=ORIENTED_EDGE('',*,*,#2738,.F.);
#4526=ORIENTED_EDGE('',*,*,#3137,.T.);
#4527=ORIENTED_EDGE('',*,*,#3124,.T.);
#4528=ORIENTED_EDGE('',*,*,#3138,.F.);
#4529=ORIENTED_EDGE('',*,*,#2870,.F.);
#4530=ORIENTED_EDGE('',*,*,#3138,.T.);
#4531=ORIENTED_EDGE('',*,*,#3123,.F.);
#4532=ORIENTED_EDGE('',*,*,#3110,.T.);
#4533=ORIENTED_EDGE('',*,*,#3121,.T.);
#4534=ORIENTED_EDGE('',*,*,#3139,.F.);
#4535=ORIENTED_EDGE('',*,*,#2866,.F.);
#4536=ORIENTED_EDGE('',*,*,#2858,.F.);
#4537=ORIENTED_EDGE('',*,*,#2871,.T.);
#4538=ORIENTED_EDGE('',*,*,#3139,.T.);
#4539=ORIENTED_EDGE('',*,*,#3120,.T.);
#4540=ORIENTED_EDGE('',*,*,#2495,.F.);
#4541=ORIENTED_EDGE('',*,*,#2867,.F.);
#4542=ORIENTED_EDGE('',*,*,#2436,.F.);
#4543=ORIENTED_EDGE('',*,*,#2472,.T.);
#4544=ORIENTED_EDGE('',*,*,#3140,.T.);
#4545=ORIENTED_EDGE('',*,*,#2873,.F.);
#4546=ORIENTED_EDGE('',*,*,#3140,.F.);
#4547=ORIENTED_EDGE('',*,*,#2471,.T.);
#4548=ORIENTED_EDGE('',*,*,#3141,.T.);
#4549=ORIENTED_EDGE('',*,*,#2874,.F.);
#4550=ORIENTED_EDGE('',*,*,#3141,.F.);
#4551=ORIENTED_EDGE('',*,*,#2470,.T.);
#4552=ORIENTED_EDGE('',*,*,#2474,.F.);
#4553=ORIENTED_EDGE('',*,*,#2875,.F.);
#4554=CYLINDRICAL_SURFACE('',#4903,20.);
#4555=CYLINDRICAL_SURFACE('',#4906,20.);
#4556=CYLINDRICAL_SURFACE('',#4908,20.);
#4557=CYLINDRICAL_SURFACE('',#4910,20.);
#4558=CYLINDRICAL_SURFACE('',#4913,20.);
#4559=CYLINDRICAL_SURFACE('',#4915,20.);
#4560=CYLINDRICAL_SURFACE('',#4921,20.);
#4561=CYLINDRICAL_SURFACE('',#4926,20.);
#4562=CYLINDRICAL_SURFACE('',#4930,20.);
#4563=CYLINDRICAL_SURFACE('',#4935,20.);
#4564=CYLINDRICAL_SURFACE('',#4942,20.);
#4565=CYLINDRICAL_SURFACE('',#4948,20.);
#4566=CYLINDRICAL_SURFACE('',#4953,399.999999999997);
#4567=CYLINDRICAL_SURFACE('',#4956,100.);
#4568=CYLINDRICAL_SURFACE('',#4962,20.);
#4569=CYLINDRICAL_SURFACE('',#4968,20.);
#4570=CYLINDRICAL_SURFACE('',#4973,399.999999999997);
#4571=CYLINDRICAL_SURFACE('',#4975,100.);
#4572=CYLINDRICAL_SURFACE('',#4976,20.);
#4573=CYLINDRICAL_SURFACE('',#4984,20.);
#4574=CYLINDRICAL_SURFACE('',#4989,20.);
#4575=CYLINDRICAL_SURFACE('',#4996,20.);
#4576=CYLINDRICAL_SURFACE('',#5001,20.);
#4577=CYLINDRICAL_SURFACE('',#5002,20.);
#4578=CYLINDRICAL_SURFACE('',#5004,2809.03115354955);
#4579=CYLINDRICAL_SURFACE('',#5009,20.);
#4580=CYLINDRICAL_SURFACE('',#5011,20.);
#4581=CYLINDRICAL_SURFACE('',#5017,20.);
#4582=CYLINDRICAL_SURFACE('',#5023,20.);
#4583=CYLINDRICAL_SURFACE('',#5028,20.);
#4584=CYLINDRICAL_SURFACE('',#5030,20.);
#4585=CYLINDRICAL_SURFACE('',#5035,20.);
#4586=CYLINDRICAL_SURFACE('',#5040,20.);
#4587=CYLINDRICAL_SURFACE('',#5042,20.);
#4588=CYLINDRICAL_SURFACE('',#5045,20.);
#4589=CYLINDRICAL_SURFACE('',#5054,20.);
#4590=CYLINDRICAL_SURFACE('',#5055,20.);
#4591=CYLINDRICAL_SURFACE('',#5056,20.);
#4592=CYLINDRICAL_SURFACE('',#5066,299.999999999997);
#4593=CYLINDRICAL_SURFACE('',#5069,299.999999999997);
#4594=CYLINDRICAL_SURFACE('',#5071,259.999999999997);
#4595=CYLINDRICAL_SURFACE('',#5092,299.999999999997);
#4596=CYLINDRICAL_SURFACE('',#5106,3009.03115354955);
#4597=CYLINDRICAL_SURFACE('',#5114,399.999999999997);
#4598=CYLINDRICAL_SURFACE('',#5116,399.999999999997);
#4599=CYLINDRICAL_SURFACE('',#5127,50.);
#4600=CYLINDRICAL_SURFACE('',#5132,100.);
#4601=CYLINDRICAL_SURFACE('',#5138,80.);
#4602=CYLINDRICAL_SURFACE('',#5141,100.);
#4603=CYLINDRICAL_SURFACE('',#5143,100.);
#4604=CYLINDRICAL_SURFACE('',#5148,259.999999999997);
#4605=CYLINDRICAL_SURFACE('',#5153,299.999999999997);
#4606=CYLINDRICAL_SURFACE('',#5156,175.);
#4607=CYLINDRICAL_SURFACE('',#5160,175.);
#4608=CYLINDRICAL_SURFACE('',#5162,300.);
#4609=CYLINDRICAL_SURFACE('',#5166,100.);
#4610=CYLINDRICAL_SURFACE('',#5187,299.999999999997);
#4611=CYLINDRICAL_SURFACE('',#5190,299.999999999997);
#4612=CYLINDRICAL_SURFACE('',#5193,259.999999999997);
#4613=CYLINDRICAL_SURFACE('',#5217,299.999999999997);
#4614=CYLINDRICAL_SURFACE('',#5231,3009.03115354955);
#4615=CYLINDRICAL_SURFACE('',#5245,399.999999999997);
#4616=CYLINDRICAL_SURFACE('',#5247,399.999999999997);
#4617=CYLINDRICAL_SURFACE('',#5258,50.);
#4618=CYLINDRICAL_SURFACE('',#5263,100.);
#4619=CYLINDRICAL_SURFACE('',#5270,80.);
#4620=CYLINDRICAL_SURFACE('',#5273,100.);
#4621=CYLINDRICAL_SURFACE('',#5275,100.);
#4622=CYLINDRICAL_SURFACE('',#5280,259.999999999997);
#4623=CYLINDRICAL_SURFACE('',#5285,299.999999999997);
#4624=CYLINDRICAL_SURFACE('',#5288,175.);
#4625=CYLINDRICAL_SURFACE('',#5292,175.);
#4626=CYLINDRICAL_SURFACE('',#5294,300.);
#4627=CYLINDRICAL_SURFACE('',#5298,100.);
#4628=CYLINDRICAL_SURFACE('',#5320,399.999999999997);
#4629=ADVANCED_FACE('',(#366),#4554,.T.);
#4630=ADVANCED_FACE('',(#367),#4555,.T.);
#4631=ADVANCED_FACE('',(#368),#4556,.T.);
#4632=ADVANCED_FACE('',(#369),#4557,.T.);
#4633=ADVANCED_FACE('',(#370),#4558,.T.);
#4634=ADVANCED_FACE('',(#371),#4559,.T.);
#4635=ADVANCED_FACE('',(#372),#220,.T.);
#4636=ADVANCED_FACE('',(#373),#221,.T.);
#4637=ADVANCED_FACE('',(#374),#4560,.T.);
#4638=ADVANCED_FACE('',(#375),#57,.F.);
#4639=ADVANCED_FACE('',(#376),#58,.F.);
#4640=ADVANCED_FACE('',(#377),#59,.T.);
#4641=ADVANCED_FACE('',(#378),#4561,.T.);
#4642=ADVANCED_FACE('',(#379),#4562,.T.);
#4643=ADVANCED_FACE('',(#380),#45,.T.);
#4644=ADVANCED_FACE('',(#381),#4563,.T.);
#4645=ADVANCED_FACE('',(#382),#46,.T.);
#4646=ADVANCED_FACE('',(#383),#60,.F.);
#4647=ADVANCED_FACE('',(#384),#4564,.T.);
#4648=ADVANCED_FACE('',(#385),#47,.T.);
#4649=ADVANCED_FACE('',(#386),#4565,.T.);
#4650=ADVANCED_FACE('',(#387),#48,.T.);
#4651=ADVANCED_FACE('',(#388),#4566,.T.);
#4652=ADVANCED_FACE('',(#389),#61,.F.);
#4653=ADVANCED_FACE('',(#390),#4567,.T.);
#4654=ADVANCED_FACE('',(#391),#222,.T.);
#4655=ADVANCED_FACE('',(#392),#4568,.T.);
#4656=ADVANCED_FACE('',(#393),#49,.T.);
#4657=ADVANCED_FACE('',(#394),#4569,.T.);
#4658=ADVANCED_FACE('',(#395),#50,.T.);
#4659=ADVANCED_FACE('',(#396),#4570,.T.);
#4660=ADVANCED_FACE('',(#397),#62,.T.);
#4661=ADVANCED_FACE('',(#398),#4571,.T.);
#4662=ADVANCED_FACE('',(#399),#4572,.T.);
#4663=ADVANCED_FACE('',(#400),#51,.T.);
#4664=ADVANCED_FACE('',(#401),#52,.T.);
#4665=ADVANCED_FACE('',(#402),#4573,.T.);
#4666=ADVANCED_FACE('',(#403),#53,.T.);
#4667=ADVANCED_FACE('',(#404),#4574,.T.);
#4668=ADVANCED_FACE('',(#405),#223,.T.);
#4669=ADVANCED_FACE('',(#406),#54,.T.);
#4670=ADVANCED_FACE('',(#407),#4575,.T.);
#4671=ADVANCED_FACE('',(#408),#55,.T.);
#4672=ADVANCED_FACE('',(#409),#4576,.T.);
#4673=ADVANCED_FACE('',(#410),#4577,.T.);
#4674=ADVANCED_FACE('',(#411),#4578,.F.);
#4675=ADVANCED_FACE('',(#412),#63,.T.);
#4676=ADVANCED_FACE('',(#413),#56,.T.);
#4677=ADVANCED_FACE('',(#414),#4579,.T.);
#4678=ADVANCED_FACE('',(#415),#4580,.T.);
#4679=ADVANCED_FACE('',(#416),#64,.T.);
#4680=ADVANCED_FACE('',(#417),#4581,.F.);
#4681=ADVANCED_FACE('',(#418),#29,.T.);
#4682=ADVANCED_FACE('',(#419),#4582,.F.);
#4683=ADVANCED_FACE('',(#420),#30,.T.);
#4684=ADVANCED_FACE('',(#421),#4583,.F.);
#4685=ADVANCED_FACE('',(#422),#4584,.F.);
#4686=ADVANCED_FACE('',(#423),#31,.T.);
#4687=ADVANCED_FACE('',(#424),#4585,.F.);
#4688=ADVANCED_FACE('',(#425),#32,.T.);
#4689=ADVANCED_FACE('',(#426),#4586,.F.);
#4690=ADVANCED_FACE('',(#427),#65,.F.);
#4691=ADVANCED_FACE('',(#428),#4587,.T.);
#4692=ADVANCED_FACE('',(#429),#66,.T.);
#4693=ADVANCED_FACE('',(#430),#4588,.T.);
#4694=ADVANCED_FACE('',(#431),#67,.T.);
#4695=ADVANCED_FACE('',(#432),#224,.T.);
#4696=ADVANCED_FACE('',(#433),#225,.T.);
#4697=ADVANCED_FACE('',(#434),#4589,.T.);
#4698=ADVANCED_FACE('',(#435),#4590,.T.);
#4699=ADVANCED_FACE('',(#436),#4591,.T.);
#4700=ADVANCED_FACE('',(#437),#68,.T.);
#4701=ADVANCED_FACE('',(#438),#69,.F.);
#4702=ADVANCED_FACE('',(#439),#70,.F.);
#4703=ADVANCED_FACE('',(#440),#71,.F.);
#4704=ADVANCED_FACE('',(#441),#72,.F.);
#4705=ADVANCED_FACE('',(#442),#73,.T.);
#4706=ADVANCED_FACE('',(#443),#74,.T.);
#4707=ADVANCED_FACE('',(#444),#75,.T.);
#4708=ADVANCED_FACE('',(#445),#4592,.F.);
#4709=ADVANCED_FACE('',(#446),#4593,.F.);
#4710=ADVANCED_FACE('',(#447),#4594,.F.);
#4711=ADVANCED_FACE('',(#448),#76,.T.);
#4712=ADVANCED_FACE('',(#449),#77,.T.);
#4713=ADVANCED_FACE('',(#450),#78,.T.);
#4714=ADVANCED_FACE('',(#451),#79,.T.);
#4715=ADVANCED_FACE('',(#452),#80,.T.);
#4716=ADVANCED_FACE('',(#453),#81,.T.);
#4717=ADVANCED_FACE('',(#454),#82,.T.);
#4718=ADVANCED_FACE('',(#455),#83,.T.);
#4719=ADVANCED_FACE('',(#456),#84,.T.);
#4720=ADVANCED_FACE('',(#457),#85,.T.);
#4721=ADVANCED_FACE('',(#458),#86,.T.);
#4722=ADVANCED_FACE('',(#459),#87,.T.);
#4723=ADVANCED_FACE('',(#460),#88,.T.);
#4724=ADVANCED_FACE('',(#461),#89,.T.);
#4725=ADVANCED_FACE('',(#462),#90,.T.);
#4726=ADVANCED_FACE('',(#463),#4595,.F.);
#4727=ADVANCED_FACE('',(#464),#91,.T.);
#4728=ADVANCED_FACE('',(#465),#92,.T.);
#4729=ADVANCED_FACE('',(#466),#93,.T.);
#4730=ADVANCED_FACE('',(#467),#94,.T.);
#4731=ADVANCED_FACE('',(#468),#95,.T.);
#4732=ADVANCED_FACE('',(#469),#96,.T.);
#4733=ADVANCED_FACE('',(#470),#97,.T.);
#4734=ADVANCED_FACE('',(#471),#98,.T.);
#4735=ADVANCED_FACE('',(#472),#99,.T.);
#4736=ADVANCED_FACE('',(#473),#100,.T.);
#4737=ADVANCED_FACE('',(#474),#101,.T.);
#4738=ADVANCED_FACE('',(#475),#102,.T.);
#4739=ADVANCED_FACE('',(#476),#4596,.T.);
#4740=ADVANCED_FACE('',(#477),#103,.T.);
#4741=ADVANCED_FACE('',(#478),#104,.T.);
#4742=ADVANCED_FACE('',(#479),#105,.T.);
#4743=ADVANCED_FACE('',(#480),#106,.F.);
#4744=ADVANCED_FACE('',(#481),#4597,.T.);
#4745=ADVANCED_FACE('',(#482),#4598,.T.);
#4746=ADVANCED_FACE('',(#483),#107,.F.);
#4747=ADVANCED_FACE('',(#484),#108,.T.);
#4748=ADVANCED_FACE('',(#485),#109,.T.);
#4749=ADVANCED_FACE('',(#486),#110,.F.);
#4750=ADVANCED_FACE('',(#487),#111,.T.);
#4751=ADVANCED_FACE('',(#488),#112,.F.);
#4752=ADVANCED_FACE('',(#489),#113,.T.);
#4753=ADVANCED_FACE('',(#490),#114,.F.);
#4754=ADVANCED_FACE('',(#491),#115,.F.);
#4755=ADVANCED_FACE('',(#492),#4599,.F.);
#4756=ADVANCED_FACE('',(#493),#116,.T.);
#4757=ADVANCED_FACE('',(#494),#4600,.T.);
#4758=ADVANCED_FACE('',(#495),#117,.T.);
#4759=ADVANCED_FACE('',(#496),#118,.T.);
#4760=ADVANCED_FACE('',(#497),#4601,.F.);
#4761=ADVANCED_FACE('',(#498),#119,.T.);
#4762=ADVANCED_FACE('',(#499),#4602,.F.);
#4763=ADVANCED_FACE('',(#500),#4603,.F.);
#4764=ADVANCED_FACE('',(#501),#120,.T.);
#4765=ADVANCED_FACE('',(#502),#4604,.F.);
#4766=ADVANCED_FACE('',(#503),#121,.T.);
#4767=ADVANCED_FACE('',(#504),#122,.T.);
#4768=ADVANCED_FACE('',(#505),#4605,.F.);
#4769=ADVANCED_FACE('',(#506,#15),#123,.T.);
#4770=ADVANCED_FACE('',(#507),#4606,.T.);
#4771=ADVANCED_FACE('',(#508,#16),#124,.T.);
#4772=ADVANCED_FACE('',(#509),#4607,.T.);
#4773=ADVANCED_FACE('',(#510),#4608,.T.);
#4774=ADVANCED_FACE('',(#511),#125,.T.);
#4775=ADVANCED_FACE('',(#512),#4609,.T.);
#4776=ADVANCED_FACE('',(#513,#17,#18),#126,.T.);
#4777=ADVANCED_FACE('',(#514,#19,#20),#127,.F.);
#4778=ADVANCED_FACE('',(#515),#128,.T.);
#4779=ADVANCED_FACE('',(#516,#21),#129,.T.);
#4780=ADVANCED_FACE('',(#517),#130,.T.);
#4781=ADVANCED_FACE('',(#518),#131,.T.);
#4782=ADVANCED_FACE('',(#519),#132,.F.);
#4783=ADVANCED_FACE('',(#520),#133,.T.);
#4784=ADVANCED_FACE('',(#521),#134,.T.);
#4785=ADVANCED_FACE('',(#522),#135,.F.);
#4786=ADVANCED_FACE('',(#523),#136,.F.);
#4787=ADVANCED_FACE('',(#524),#137,.F.);
#4788=ADVANCED_FACE('',(#525),#138,.F.);
#4789=ADVANCED_FACE('',(#526),#139,.F.);
#4790=ADVANCED_FACE('',(#527),#4610,.F.);
#4791=ADVANCED_FACE('',(#528),#4611,.F.);
#4792=ADVANCED_FACE('',(#529),#4612,.F.);
#4793=ADVANCED_FACE('',(#530),#140,.F.);
#4794=ADVANCED_FACE('',(#531),#141,.F.);
#4795=ADVANCED_FACE('',(#532),#142,.F.);
#4796=ADVANCED_FACE('',(#533),#143,.F.);
#4797=ADVANCED_FACE('',(#534),#144,.F.);
#4798=ADVANCED_FACE('',(#535),#145,.F.);
#4799=ADVANCED_FACE('',(#536),#146,.F.);
#4800=ADVANCED_FACE('',(#537),#147,.F.);
#4801=ADVANCED_FACE('',(#538),#148,.F.);
#4802=ADVANCED_FACE('',(#539),#149,.F.);
#4803=ADVANCED_FACE('',(#540),#150,.F.);
#4804=ADVANCED_FACE('',(#541),#151,.F.);
#4805=ADVANCED_FACE('',(#542),#152,.F.);
#4806=ADVANCED_FACE('',(#543),#153,.F.);
#4807=ADVANCED_FACE('',(#544),#154,.F.);
#4808=ADVANCED_FACE('',(#545),#155,.F.);
#4809=ADVANCED_FACE('',(#546),#156,.F.);
#4810=ADVANCED_FACE('',(#547),#157,.F.);
#4811=ADVANCED_FACE('',(#548),#4613,.F.);
#4812=ADVANCED_FACE('',(#549),#158,.F.);
#4813=ADVANCED_FACE('',(#550),#159,.F.);
#4814=ADVANCED_FACE('',(#551),#160,.F.);
#4815=ADVANCED_FACE('',(#552),#161,.F.);
#4816=ADVANCED_FACE('',(#553),#162,.F.);
#4817=ADVANCED_FACE('',(#554),#163,.F.);
#4818=ADVANCED_FACE('',(#555),#164,.F.);
#4819=ADVANCED_FACE('',(#556),#165,.F.);
#4820=ADVANCED_FACE('',(#557),#166,.F.);
#4821=ADVANCED_FACE('',(#558),#167,.F.);
#4822=ADVANCED_FACE('',(#559),#168,.F.);
#4823=ADVANCED_FACE('',(#560),#169,.F.);
#4824=ADVANCED_FACE('',(#561),#4614,.T.);
#4825=ADVANCED_FACE('',(#562),#170,.F.);
#4826=ADVANCED_FACE('',(#563),#171,.F.);
#4827=ADVANCED_FACE('',(#564),#172,.F.);
#4828=ADVANCED_FACE('',(#565),#173,.T.);
#4829=ADVANCED_FACE('',(#566),#174,.T.);
#4830=ADVANCED_FACE('',(#567),#175,.T.);
#4831=ADVANCED_FACE('',(#568),#176,.T.);
#4832=ADVANCED_FACE('',(#569),#177,.T.);
#4833=ADVANCED_FACE('',(#570),#178,.T.);
#4834=ADVANCED_FACE('',(#571),#4615,.T.);
#4835=ADVANCED_FACE('',(#572),#4616,.T.);
#4836=ADVANCED_FACE('',(#573),#179,.T.);
#4837=ADVANCED_FACE('',(#574),#180,.F.);
#4838=ADVANCED_FACE('',(#575),#181,.F.);
#4839=ADVANCED_FACE('',(#576),#182,.T.);
#4840=ADVANCED_FACE('',(#577),#183,.F.);
#4841=ADVANCED_FACE('',(#578),#184,.T.);
#4842=ADVANCED_FACE('',(#579),#185,.F.);
#4843=ADVANCED_FACE('',(#580),#186,.T.);
#4844=ADVANCED_FACE('',(#581),#187,.T.);
#4845=ADVANCED_FACE('',(#582),#4617,.F.);
#4846=ADVANCED_FACE('',(#583),#188,.F.);
#4847=ADVANCED_FACE('',(#584),#4618,.T.);
#4848=ADVANCED_FACE('',(#585),#189,.F.);
#4849=ADVANCED_FACE('',(#586),#190,.F.);
#4850=ADVANCED_FACE('',(#587),#191,.F.);
#4851=ADVANCED_FACE('',(#588),#4619,.F.);
#4852=ADVANCED_FACE('',(#589),#192,.F.);
#4853=ADVANCED_FACE('',(#590),#4620,.F.);
#4854=ADVANCED_FACE('',(#591),#4621,.F.);
#4855=ADVANCED_FACE('',(#592),#193,.F.);
#4856=ADVANCED_FACE('',(#593),#4622,.F.);
#4857=ADVANCED_FACE('',(#594),#194,.F.);
#4858=ADVANCED_FACE('',(#595),#195,.F.);
#4859=ADVANCED_FACE('',(#596),#4623,.F.);
#4860=ADVANCED_FACE('',(#597,#22),#196,.F.);
#4861=ADVANCED_FACE('',(#598),#4624,.T.);
#4862=ADVANCED_FACE('',(#599,#23),#197,.F.);
#4863=ADVANCED_FACE('',(#600),#4625,.T.);
#4864=ADVANCED_FACE('',(#601),#4626,.T.);
#4865=ADVANCED_FACE('',(#602),#198,.F.);
#4866=ADVANCED_FACE('',(#603),#4627,.T.);
#4867=ADVANCED_FACE('',(#604),#199,.T.);
#4868=ADVANCED_FACE('',(#605,#24,#25),#200,.F.);
#4869=ADVANCED_FACE('',(#606,#26,#27),#201,.T.);
#4870=ADVANCED_FACE('',(#607),#202,.F.);
#4871=ADVANCED_FACE('',(#608,#28),#203,.F.);
#4872=ADVANCED_FACE('',(#609),#204,.T.);
#4873=ADVANCED_FACE('',(#610),#205,.F.);
#4874=ADVANCED_FACE('',(#611),#206,.T.);
#4875=ADVANCED_FACE('',(#612),#207,.F.);
#4876=ADVANCED_FACE('',(#613),#208,.T.);
#4877=ADVANCED_FACE('',(#614),#209,.T.);
#4878=ADVANCED_FACE('',(#615),#210,.T.);
#4879=ADVANCED_FACE('',(#616),#211,.F.);
#4880=ADVANCED_FACE('',(#617),#212,.T.);
#4881=ADVANCED_FACE('',(#618),#213,.F.);
#4882=ADVANCED_FACE('',(#619),#214,.T.);
#4883=ADVANCED_FACE('',(#620),#215,.T.);
#4884=ADVANCED_FACE('',(#621),#4628,.T.);
#4885=ADVANCED_FACE('',(#622),#216,.F.);
#4886=ADVANCED_FACE('',(#623),#217,.F.);
#4887=ADVANCED_FACE('',(#624),#218,.T.);
#4888=ADVANCED_FACE('',(#625),#219,.T.);
#4889=CLOSED_SHELL('',(#4629,#4630,#4631,#4632,#4633,#4634,#4635,#4636,
#4637,#4638,#4639,#4640,#4641,#4642,#4643,#4644,#4645,#4646,#4647,#4648,
#4649,#4650,#4651,#4652,#4653,#4654,#4655,#4656,#4657,#4658,#4659,#4660,
#4661,#4662,#4663,#4664,#4665,#4666,#4667,#4668,#4669,#4670,#4671,#4672,
#4673,#4674,#4675,#4676,#4677,#4678,#4679,#4680,#4681,#4682,#4683,#4684,
#4685,#4686,#4687,#4688,#4689,#4690,#4691,#4692,#4693,#4694,#4695,#4696,
#4697,#4698,#4699,#4700,#4701,#4702,#4703,#4704,#4705,#4706,#4707,#4708,
#4709,#4710,#4711,#4712,#4713,#4714,#4715,#4716,#4717,#4718,#4719,#4720,
#4721,#4722,#4723,#4724,#4725,#4726,#4727,#4728,#4729,#4730,#4731,#4732,
#4733,#4734,#4735,#4736,#4737,#4738,#4739,#4740,#4741,#4742,#4743,#4744,
#4745,#4746,#4747,#4748,#4749,#4750,#4751,#4752,#4753,#4754,#4755,#4756,
#4757,#4758,#4759,#4760,#4761,#4762,#4763,#4764,#4765,#4766,#4767,#4768,
#4769,#4770,#4771,#4772,#4773,#4774,#4775,#4776,#4777,#4778,#4779,#4780,
#4781,#4782,#4783,#4784,#4785,#4786,#4787,#4788,#4789,#4790,#4791,#4792,
#4793,#4794,#4795,#4796,#4797,#4798,#4799,#4800,#4801,#4802,#4803,#4804,
#4805,#4806,#4807,#4808,#4809,#4810,#4811,#4812,#4813,#4814,#4815,#4816,
#4817,#4818,#4819,#4820,#4821,#4822,#4823,#4824,#4825,#4826,#4827,#4828,
#4829,#4830,#4831,#4832,#4833,#4834,#4835,#4836,#4837,#4838,#4839,#4840,
#4841,#4842,#4843,#4844,#4845,#4846,#4847,#4848,#4849,#4850,#4851,#4852,
#4853,#4854,#4855,#4856,#4857,#4858,#4859,#4860,#4861,#4862,#4863,#4864,
#4865,#4866,#4867,#4868,#4869,#4870,#4871,#4872,#4873,#4874,#4875,#4876,
#4877,#4878,#4879,#4880,#4881,#4882,#4883,#4884,#4885,#4886,#4887,#4888));
#4890=DERIVED_UNIT_ELEMENT(#4892,1.);
#4891=DERIVED_UNIT_ELEMENT(#8476,-3.);
#4892=(
MASS_UNIT()
NAMED_UNIT(*)
SI_UNIT(.KILO.,.GRAM.)
);
#4893=DERIVED_UNIT((#4890,#4891));
#4894=MEASURE_REPRESENTATION_ITEM('density measure',
POSITIVE_RATIO_MEASURE(7850.),#4893);
#4895=PROPERTY_DEFINITION_REPRESENTATION(#4900,#4897);
#4896=PROPERTY_DEFINITION_REPRESENTATION(#4901,#4898);
#4897=REPRESENTATION('material name',(#4899),#8473);
#4898=REPRESENTATION('density',(#4894),#8473);
#4899=DESCRIPTIVE_REPRESENTATION_ITEM('Steel','Steel');
#4900=PROPERTY_DEFINITION('material property','material name',#8483);
#4901=PROPERTY_DEFINITION('material property','density of part',#8483);
#4902=AXIS2_PLACEMENT_3D('',#6699,#5325,#5326);
#4903=AXIS2_PLACEMENT_3D('',#6700,#5327,#5328);
#4904=AXIS2_PLACEMENT_3D('',#6705,#5330,#5331);
#4905=AXIS2_PLACEMENT_3D('',#6708,#5333,#5334);
#4906=AXIS2_PLACEMENT_3D('',#6709,#5335,#5336);
#4907=AXIS2_PLACEMENT_3D('',#6713,#5338,#5339);
#4908=AXIS2_PLACEMENT_3D('',#6715,#5341,#5342);
#4909=AXIS2_PLACEMENT_3D('',#6719,#5344,#5345);
#4910=AXIS2_PLACEMENT_3D('',#6721,#5347,#5348);
#4911=AXIS2_PLACEMENT_3D('',#6726,#5350,#5351);
#4912=AXIS2_PLACEMENT_3D('',#6729,#5353,#5354);
#4913=AXIS2_PLACEMENT_3D('',#6730,#5355,#5356);
#4914=AXIS2_PLACEMENT_3D('',#6733,#5358,#5359);
#4915=AXIS2_PLACEMENT_3D('',#6735,#5361,#5362);
#4916=AXIS2_PLACEMENT_3D('',#6738,#5364,#5365);
#4917=AXIS2_PLACEMENT_3D('',#6740,#5367,#5368);
#4918=AXIS2_PLACEMENT_3D('',#6741,#5369,#5370);
#4919=AXIS2_PLACEMENT_3D('',#6742,#5371,#5372);
#4920=AXIS2_PLACEMENT_3D('',#6743,#5373,#5374);
#4921=AXIS2_PLACEMENT_3D('',#6744,#5375,#5376);
#4922=AXIS2_PLACEMENT_3D('',#6748,#5378,#5379);
#4923=AXIS2_PLACEMENT_3D('',#6750,#5381,#5382);
#4924=AXIS2_PLACEMENT_3D('',#6766,#5391,#5392);
#4925=AXIS2_PLACEMENT_3D('',#6774,#5397,#5398);
#4926=AXIS2_PLACEMENT_3D('',#6778,#5401,#5402);
#4927=AXIS2_PLACEMENT_3D('',#6782,#5404,#5405);
#4928=AXIS2_PLACEMENT_3D('',#6784,#5406,#5407);
#4929=AXIS2_PLACEMENT_3D('',#6785,#5408,#5409);
#4930=AXIS2_PLACEMENT_3D('',#6786,#5410,#5411);
#4931=AXIS2_PLACEMENT_3D('',#6788,#5413,#5414);
#4932=AXIS2_PLACEMENT_3D('',#6791,#5415,#5416);
#4933=AXIS2_PLACEMENT_3D('',#6792,#5417,#5418);
#4934=AXIS2_PLACEMENT_3D('',#6793,#5419,#5420);
#4935=AXIS2_PLACEMENT_3D('',#6794,#5421,#5422);
#4936=AXIS2_PLACEMENT_3D('',#6797,#5423,#5424);
#4937=AXIS2_PLACEMENT_3D('',#6800,#5427,#5428);
#4938=AXIS2_PLACEMENT_3D('',#6821,#5429,#5430);
#4939=AXIS2_PLACEMENT_3D('',#6822,#5431,#5432);
#4940=AXIS2_PLACEMENT_3D('',#6823,#5433,#5434);
#4941=AXIS2_PLACEMENT_3D('',#6825,#5435,#5436);
#4942=AXIS2_PLACEMENT_3D('',#6847,#5448,#5449);
#4943=AXIS2_PLACEMENT_3D('',#6849,#5450,#5451);
#4944=AXIS2_PLACEMENT_3D('',#6851,#5453,#5454);
#4945=AXIS2_PLACEMENT_3D('',#6854,#5455,#5456);
#4946=AXIS2_PLACEMENT_3D('',#6855,#5457,#5458);
#4947=AXIS2_PLACEMENT_3D('',#6856,#5459,#5460);
#4948=AXIS2_PLACEMENT_3D('',#6857,#5461,#5462);
#4949=AXIS2_PLACEMENT_3D('',#6860,#5463,#5464);
#4950=AXIS2_PLACEMENT_3D('',#6863,#5467,#5468);
#4951=AXIS2_PLACEMENT_3D('',#6884,#5469,#5470);
#4952=AXIS2_PLACEMENT_3D('',#6885,#5471,#5472);
#4953=AXIS2_PLACEMENT_3D('',#6886,#5473,#5474);
#4954=AXIS2_PLACEMENT_3D('',#6890,#5476,#5477);
#4955=AXIS2_PLACEMENT_3D('',#6892,#5479,#5480);
#4956=AXIS2_PLACEMENT_3D('',#6896,#5483,#5484);
#4957=AXIS2_PLACEMENT_3D('',#6897,#5485,#5486);
#4958=AXIS2_PLACEMENT_3D('',#6898,#5487,#5488);
#4959=AXIS2_PLACEMENT_3D('',#6900,#5489,#5490);
#4960=AXIS2_PLACEMENT_3D('',#6902,#5491,#5492);
#4961=AXIS2_PLACEMENT_3D('',#6903,#5493,#5494);
#4962=AXIS2_PLACEMENT_3D('',#6904,#5495,#5496);
#4963=AXIS2_PLACEMENT_3D('',#6906,#5497,#5498);
#4964=AXIS2_PLACEMENT_3D('',#6908,#5500,#5501);
#4965=AXIS2_PLACEMENT_3D('',#6911,#5502,#5503);
#4966=AXIS2_PLACEMENT_3D('',#6912,#5504,#5505);
#4967=AXIS2_PLACEMENT_3D('',#6913,#5506,#5507);
#4968=AXIS2_PLACEMENT_3D('',#6914,#5508,#5509);
#4969=AXIS2_PLACEMENT_3D('',#6917,#5510,#5511);
#4970=AXIS2_PLACEMENT_3D('',#6920,#5514,#5515);
#4971=AXIS2_PLACEMENT_3D('',#6941,#5516,#5517);
#4972=AXIS2_PLACEMENT_3D('',#6942,#5518,#5519);
#4973=AXIS2_PLACEMENT_3D('',#6943,#5520,#5521);
#4974=AXIS2_PLACEMENT_3D('',#6946,#5524,#5525);
#4975=AXIS2_PLACEMENT_3D('',#6948,#5527,#5528);
#4976=AXIS2_PLACEMENT_3D('',#6949,#5529,#5530);
#4977=AXIS2_PLACEMENT_3D('',#6952,#5532,#5533);
#4978=AXIS2_PLACEMENT_3D('',#6953,#5534,#5535);
#4979=AXIS2_PLACEMENT_3D('',#6955,#5536,#5537);
#4980=AXIS2_PLACEMENT_3D('',#6971,#5538,#5539);
#4981=AXIS2_PLACEMENT_3D('',#6972,#5540,#5541);
#4982=AXIS2_PLACEMENT_3D('',#6974,#5542,#5543);
#4983=AXIS2_PLACEMENT_3D('',#6976,#5544,#5545);
#4984=AXIS2_PLACEMENT_3D('',#6995,#5546,#5547);
#4985=AXIS2_PLACEMENT_3D('',#6997,#5548,#5549);
#4986=AXIS2_PLACEMENT_3D('',#6999,#5551,#5552);
#4987=AXIS2_PLACEMENT_3D('',#7001,#5553,#5554);
#4988=AXIS2_PLACEMENT_3D('',#7002,#5555,#5556);
#4989=AXIS2_PLACEMENT_3D('',#7003,#5557,#5558);
#4990=AXIS2_PLACEMENT_3D('',#7005,#5559,#5560);
#4991=AXIS2_PLACEMENT_3D('',#7007,#5562,#5563);
#4992=AXIS2_PLACEMENT_3D('',#7008,#5564,#5565);
#4993=AXIS2_PLACEMENT_3D('',#7009,#5566,#5567);
#4994=AXIS2_PLACEMENT_3D('',#7012,#5568,#5569);
#4995=AXIS2_PLACEMENT_3D('',#7034,#5570,#5571);
#4996=AXIS2_PLACEMENT_3D('',#7049,#5572,#5573);
#4997=AXIS2_PLACEMENT_3D('',#7054,#5575,#5576);
#4998=AXIS2_PLACEMENT_3D('',#7071,#5578,#5579);
#4999=AXIS2_PLACEMENT_3D('',#7073,#5580,#5581);
#5000=AXIS2_PLACEMENT_3D('',#7075,#5582,#5583);
#5001=AXIS2_PLACEMENT_3D('',#7095,#5584,#5585);
#5002=AXIS2_PLACEMENT_3D('',#7098,#5588,#5589);
#5003=AXIS2_PLACEMENT_3D('',#7102,#5591,#5592);
#5004=AXIS2_PLACEMENT_3D('',#7104,#5594,#5595);
#5005=AXIS2_PLACEMENT_3D('',#7107,#5597,#5598);
#5006=AXIS2_PLACEMENT_3D('',#7109,#5600,#5601);
#5007=AXIS2_PLACEMENT_3D('',#7116,#5606,#5607);
#5008=AXIS2_PLACEMENT_3D('',#7132,#5608,#5609);
#5009=AXIS2_PLACEMENT_3D('',#7133,#5610,#5611);
#5010=AXIS2_PLACEMENT_3D('',#7135,#5612,#5613);
#5011=AXIS2_PLACEMENT_3D('',#7137,#5615,#5616);
#5012=AXIS2_PLACEMENT_3D('',#7140,#5618,#5619);
#5013=AXIS2_PLACEMENT_3D('',#7141,#5620,#5621);
#5014=AXIS2_PLACEMENT_3D('',#7151,#5626,#5627);
#5015=AXIS2_PLACEMENT_3D('',#7153,#5628,#5629);
#5016=AXIS2_PLACEMENT_3D('',#7159,#5632,#5633);
#5017=AXIS2_PLACEMENT_3D('',#7161,#5635,#5636);
#5018=AXIS2_PLACEMENT_3D('',#7166,#5638,#5639);
#5019=AXIS2_PLACEMENT_3D('',#7169,#5641,#5642);
#5020=AXIS2_PLACEMENT_3D('',#7221,#5643,#5644);
#5021=AXIS2_PLACEMENT_3D('',#7222,#5645,#5646);
#5022=AXIS2_PLACEMENT_3D('',#7223,#5647,#5648);
#5023=AXIS2_PLACEMENT_3D('',#7224,#5649,#5650);
#5024=AXIS2_PLACEMENT_3D('',#7227,#5651,#5652);
#5025=AXIS2_PLACEMENT_3D('',#7288,#5655,#5656);
#5026=AXIS2_PLACEMENT_3D('',#7289,#5657,#5658);
#5027=AXIS2_PLACEMENT_3D('',#7290,#5659,#5660);
#5028=AXIS2_PLACEMENT_3D('',#7291,#5661,#5662);
#5029=AXIS2_PLACEMENT_3D('',#7296,#5665,#5666);
#5030=AXIS2_PLACEMENT_3D('',#7297,#5667,#5668);
#5031=AXIS2_PLACEMENT_3D('',#7301,#5670,#5671);
#5032=AXIS2_PLACEMENT_3D('',#7354,#5673,#5674);
#5033=AXIS2_PLACEMENT_3D('',#7355,#5675,#5676);
#5034=AXIS2_PLACEMENT_3D('',#7356,#5677,#5678);
#5035=AXIS2_PLACEMENT_3D('',#7357,#5679,#5680);
#5036=AXIS2_PLACEMENT_3D('',#7360,#5681,#5682);
#5037=AXIS2_PLACEMENT_3D('',#7414,#5685,#5686);
#5038=AXIS2_PLACEMENT_3D('',#7415,#5687,#5688);
#5039=AXIS2_PLACEMENT_3D('',#7416,#5689,#5690);
#5040=AXIS2_PLACEMENT_3D('',#7417,#5691,#5692);
#5041=AXIS2_PLACEMENT_3D('',#7420,#5695,#5696);
#5042=AXIS2_PLACEMENT_3D('',#7424,#5699,#5700);
#5043=AXIS2_PLACEMENT_3D('',#7427,#5702,#5703);
#5044=AXIS2_PLACEMENT_3D('',#7428,#5704,#5705);
#5045=AXIS2_PLACEMENT_3D('',#7432,#5708,#5709);
#5046=AXIS2_PLACEMENT_3D('',#7435,#5711,#5712);
#5047=AXIS2_PLACEMENT_3D('',#7436,#5713,#5714);
#5048=AXIS2_PLACEMENT_3D('',#7446,#5720,#5721);
#5049=AXIS2_PLACEMENT_3D('',#7448,#5722,#5723);
#5050=AXIS2_PLACEMENT_3D('',#7449,#5724,#5725);
#5051=AXIS2_PLACEMENT_3D('',#7450,#5726,#5727);
#5052=AXIS2_PLACEMENT_3D('',#7452,#5728,#5729);
#5053=AXIS2_PLACEMENT_3D('',#7453,#5730,#5731);
#5054=AXIS2_PLACEMENT_3D('',#7454,#5732,#5733);
#5055=AXIS2_PLACEMENT_3D('',#7456,#5735,#5736);
#5056=AXIS2_PLACEMENT_3D('',#7458,#5738,#5739);
#5057=AXIS2_PLACEMENT_3D('',#7461,#5742,#5743);
#5058=AXIS2_PLACEMENT_3D('',#7462,#5744,#5745);
#5059=AXIS2_PLACEMENT_3D('',#7463,#5746,#5747);
#5060=AXIS2_PLACEMENT_3D('',#7480,#5756,#5757);
#5061=AXIS2_PLACEMENT_3D('',#7488,#5761,#5762);
#5062=AXIS2_PLACEMENT_3D('',#7490,#5764,#5765);
#5063=AXIS2_PLACEMENT_3D('',#7496,#5769,#5770);
#5064=AXIS2_PLACEMENT_3D('',#7502,#5774,#5775);
#5065=AXIS2_PLACEMENT_3D('',#7511,#5780,#5781);
#5066=AXIS2_PLACEMENT_3D('',#7517,#5785,#5786);
#5067=AXIS2_PLACEMENT_3D('',#7522,#5788,#5789);
#5068=AXIS2_PLACEMENT_3D('',#7525,#5791,#5792);
#5069=AXIS2_PLACEMENT_3D('',#7526,#5793,#5794);
#5070=AXIS2_PLACEMENT_3D('',#7529,#5796,#5797);
#5071=AXIS2_PLACEMENT_3D('',#7530,#5798,#5799);
#5072=AXIS2_PLACEMENT_3D('',#7535,#5801,#5802);
#5073=AXIS2_PLACEMENT_3D('',#7538,#5804,#5805);
#5074=AXIS2_PLACEMENT_3D('',#7539,#5806,#5807);
#5075=AXIS2_PLACEMENT_3D('',#7545,#5811,#5812);
#5076=AXIS2_PLACEMENT_3D('',#7548,#5815,#5816);
#5077=AXIS2_PLACEMENT_3D('',#7552,#5818,#5819);
#5078=AXIS2_PLACEMENT_3D('',#7554,#5821,#5822);
#5079=AXIS2_PLACEMENT_3D('',#7560,#5826,#5827);
#5080=AXIS2_PLACEMENT_3D('',#7564,#5830,#5831);
#5081=AXIS2_PLACEMENT_3D('',#7573,#5836,#5837);
#5082=AXIS2_PLACEMENT_3D('',#7579,#5841,#5842);
#5083=AXIS2_PLACEMENT_3D('',#7588,#5847,#5848);
#5084=AXIS2_PLACEMENT_3D('',#7594,#5852,#5853);
#5085=AXIS2_PLACEMENT_3D('',#7600,#5857,#5858);
#5086=AXIS2_PLACEMENT_3D('',#7609,#5863,#5864);
#5087=AXIS2_PLACEMENT_3D('',#7615,#5868,#5869);
#5088=AXIS2_PLACEMENT_3D('',#7624,#5874,#5875);
#5089=AXIS2_PLACEMENT_3D('',#7630,#5879,#5880);
#5090=AXIS2_PLACEMENT_3D('',#7635,#5882,#5883);
#5091=AXIS2_PLACEMENT_3D('',#7638,#5885,#5886);
#5092=AXIS2_PLACEMENT_3D('',#7639,#5887,#5888);
#5093=AXIS2_PLACEMENT_3D('',#7643,#5890,#5891);
#5094=AXIS2_PLACEMENT_3D('',#7645,#5893,#5894);
#5095=AXIS2_PLACEMENT_3D('',#7654,#5899,#5900);
#5096=AXIS2_PLACEMENT_3D('',#7663,#5905,#5906);
#5097=AXIS2_PLACEMENT_3D('',#7669,#5910,#5911);
#5098=AXIS2_PLACEMENT_3D('',#7678,#5916,#5917);
#5099=AXIS2_PLACEMENT_3D('',#7684,#5921,#5922);
#5100=AXIS2_PLACEMENT_3D('',#7692,#5927,#5928);
#5101=AXIS2_PLACEMENT_3D('',#7701,#5933,#5934);
#5102=AXIS2_PLACEMENT_3D('',#7707,#5938,#5939);
#5103=AXIS2_PLACEMENT_3D('',#7716,#5944,#5945);
#5104=AXIS2_PLACEMENT_3D('',#7721,#5949,#5950);
#5105=AXIS2_PLACEMENT_3D('',#7729,#5955,#5956);
#5106=AXIS2_PLACEMENT_3D('',#7733,#5959,#5960);
#5107=AXIS2_PLACEMENT_3D('',#7737,#5962,#5963);
#5108=AXIS2_PLACEMENT_3D('',#7741,#5965,#5966);
#5109=AXIS2_PLACEMENT_3D('',#7744,#5968,#5969);
#5110=AXIS2_PLACEMENT_3D('',#7745,#5970,#5971);
#5111=AXIS2_PLACEMENT_3D('',#7751,#5975,#5976);
#5112=AXIS2_PLACEMENT_3D('',#7755,#5979,#5980);
#5113=AXIS2_PLACEMENT_3D('',#7759,#5983,#5984);
#5114=AXIS2_PLACEMENT_3D('',#7761,#5986,#5987);
#5115=AXIS2_PLACEMENT_3D('',#7766,#5990,#5991);
#5116=AXIS2_PLACEMENT_3D('',#7767,#5992,#5993);
#5117=AXIS2_PLACEMENT_3D('',#7771,#5995,#5996);
#5118=AXIS2_PLACEMENT_3D('',#7773,#5998,#5999);
#5119=AXIS2_PLACEMENT_3D('',#7775,#6001,#6002);
#5120=AXIS2_PLACEMENT_3D('',#7785,#6008,#6009);
#5121=AXIS2_PLACEMENT_3D('',#7790,#6013,#6014);
#5122=AXIS2_PLACEMENT_3D('',#7796,#6018,#6019);
#5123=AXIS2_PLACEMENT_3D('',#7803,#6024,#6025);
#5124=AXIS2_PLACEMENT_3D('',#7807,#6028,#6029);
#5125=AXIS2_PLACEMENT_3D('',#7810,#6032,#6033);
#5126=AXIS2_PLACEMENT_3D('',#7814,#6036,#6037);
#5127=AXIS2_PLACEMENT_3D('',#7819,#6041,#6042);
#5128=AXIS2_PLACEMENT_3D('',#7821,#6043,#6044);
#5129=AXIS2_PLACEMENT_3D('',#7824,#6046,#6047);
#5130=AXIS2_PLACEMENT_3D('',#7825,#6048,#6049);
#5131=AXIS2_PLACEMENT_3D('',#7829,#6051,#6052);
#5132=AXIS2_PLACEMENT_3D('',#7831,#6054,#6055);
#5133=AXIS2_PLACEMENT_3D('',#7832,#6056,#6057);
#5134=AXIS2_PLACEMENT_3D('',#7834,#6058,#6059);
#5135=AXIS2_PLACEMENT_3D('',#7836,#6061,#6062);
#5136=AXIS2_PLACEMENT_3D('',#7841,#6066,#6067);
#5137=AXIS2_PLACEMENT_3D('',#7842,#6068,#6069);
#5138=AXIS2_PLACEMENT_3D('',#7843,#6070,#6071);
#5139=AXIS2_PLACEMENT_3D('',#7844,#6072,#6073);
#5140=AXIS2_PLACEMENT_3D('',#7846,#6074,#6075);
#5141=AXIS2_PLACEMENT_3D('',#7847,#6076,#6077);
#5142=AXIS2_PLACEMENT_3D('',#7849,#6078,#6079);
#5143=AXIS2_PLACEMENT_3D('',#7851,#6081,#6082);
#5144=AXIS2_PLACEMENT_3D('',#7853,#6083,#6084);
#5145=AXIS2_PLACEMENT_3D('',#7856,#6086,#6087);
#5146=AXIS2_PLACEMENT_3D('',#7857,#6088,#6089);
#5147=AXIS2_PLACEMENT_3D('',#7867,#6099,#6100);
#5148=AXIS2_PLACEMENT_3D('',#7868,#6101,#6102);
#5149=AXIS2_PLACEMENT_3D('',#7869,#6103,#6104);
#5150=AXIS2_PLACEMENT_3D('',#7870,#6105,#6106);
#5151=AXIS2_PLACEMENT_3D('',#7871,#6107,#6108);
#5152=AXIS2_PLACEMENT_3D('',#7874,#6110,#6111);
#5153=AXIS2_PLACEMENT_3D('',#7875,#6112,#6113);
#5154=AXIS2_PLACEMENT_3D('',#7877,#6115,#6116);
#5155=AXIS2_PLACEMENT_3D('',#7879,#6117,#6118);
#5156=AXIS2_PLACEMENT_3D('',#7880,#6119,#6120);
#5157=AXIS2_PLACEMENT_3D('',#7883,#6122,#6123);
#5158=AXIS2_PLACEMENT_3D('',#7884,#6124,#6125);
#5159=AXIS2_PLACEMENT_3D('',#7886,#6126,#6127);
#5160=AXIS2_PLACEMENT_3D('',#7887,#6128,#6129);
#5161=AXIS2_PLACEMENT_3D('',#7890,#6131,#6132);
#5162=AXIS2_PLACEMENT_3D('',#7891,#6133,#6134);
#5163=AXIS2_PLACEMENT_3D('',#7894,#6135,#6136);
#5164=AXIS2_PLACEMENT_3D('',#7898,#6138,#6139);
#5165=AXIS2_PLACEMENT_3D('',#7900,#6141,#6142);
#5166=AXIS2_PLACEMENT_3D('',#7906,#6146,#6147);
#5167=AXIS2_PLACEMENT_3D('',#7908,#6148,#6149);
#5168=AXIS2_PLACEMENT_3D('',#7911,#6151,#6152);
#5169=AXIS2_PLACEMENT_3D('',#7912,#6153,#6154);
#5170=AXIS2_PLACEMENT_3D('',#7915,#6156,#6157);
#5171=AXIS2_PLACEMENT_3D('',#7917,#6159,#6160);
#5172=AXIS2_PLACEMENT_3D('',#7923,#6164,#6165);
#5173=AXIS2_PLACEMENT_3D('',#7924,#6166,#6167);
#5174=AXIS2_PLACEMENT_3D('',#7925,#6168,#6169);
#5175=AXIS2_PLACEMENT_3D('',#7927,#6171,#6172);
#5176=AXIS2_PLACEMENT_3D('',#7933,#6176,#6177);
#5177=AXIS2_PLACEMENT_3D('',#7950,#6186,#6187);
#5178=AXIS2_PLACEMENT_3D('',#7952,#6188,#6189);
#5179=AXIS2_PLACEMENT_3D('',#7958,#6193,#6194);
#5180=AXIS2_PLACEMENT_3D('',#7960,#6195,#6196);
#5181=AXIS2_PLACEMENT_3D('',#7966,#6200,#6201);
#5182=AXIS2_PLACEMENT_3D('',#7972,#6205,#6206);
#5183=AXIS2_PLACEMENT_3D('',#7981,#6211,#6212);
#5184=AXIS2_PLACEMENT_3D('',#7990,#6217,#6218);
#5185=AXIS2_PLACEMENT_3D('',#8001,#6225,#6226);
#5186=AXIS2_PLACEMENT_3D('',#8005,#6229,#6230);
#5187=AXIS2_PLACEMENT_3D('',#8014,#6236,#6237);
#5188=AXIS2_PLACEMENT_3D('',#8019,#6239,#6240);
#5189=AXIS2_PLACEMENT_3D('',#8022,#6242,#6243);
#5190=AXIS2_PLACEMENT_3D('',#8023,#6244,#6245);
#5191=AXIS2_PLACEMENT_3D('',#8027,#6247,#6248);
#5192=AXIS2_PLACEMENT_3D('',#8028,#6249,#6250);
#5193=AXIS2_PLACEMENT_3D('',#8029,#6251,#6252);
#5194=AXIS2_PLACEMENT_3D('',#8034,#6254,#6255);
#5195=AXIS2_PLACEMENT_3D('',#8037,#6257,#6258);
#5196=AXIS2_PLACEMENT_3D('',#8038,#6259,#6260);
#5197=AXIS2_PLACEMENT_3D('',#8044,#6264,#6265);
#5198=AXIS2_PLACEMENT_3D('',#8047,#6268,#6269);
#5199=AXIS2_PLACEMENT_3D('',#8051,#6271,#6272);
#5200=AXIS2_PLACEMENT_3D('',#8053,#6274,#6275);
#5201=AXIS2_PLACEMENT_3D('',#8059,#6279,#6280);
#5202=AXIS2_PLACEMENT_3D('',#8063,#6283,#6284);
#5203=AXIS2_PLACEMENT_3D('',#8069,#6288,#6289);
#5204=AXIS2_PLACEMENT_3D('',#8073,#6292,#6293);
#5205=AXIS2_PLACEMENT_3D('',#8082,#6298,#6299);
#5206=AXIS2_PLACEMENT_3D('',#8088,#6303,#6304);
#5207=AXIS2_PLACEMENT_3D('',#8092,#6308,#6309);
#5208=AXIS2_PLACEMENT_3D('',#8101,#6314,#6315);
#5209=AXIS2_PLACEMENT_3D('',#8107,#6319,#6320);
#5210=AXIS2_PLACEMENT_3D('',#8111,#6323,#6324);
#5211=AXIS2_PLACEMENT_3D('',#8120,#6329,#6330);
#5212=AXIS2_PLACEMENT_3D('',#8128,#6336,#6337);
#5213=AXIS2_PLACEMENT_3D('',#8132,#6340,#6341);
#5214=AXIS2_PLACEMENT_3D('',#8136,#6345,#6346);
#5215=AXIS2_PLACEMENT_3D('',#8141,#6348,#6349);
#5216=AXIS2_PLACEMENT_3D('',#8144,#6351,#6352);
#5217=AXIS2_PLACEMENT_3D('',#8145,#6353,#6354);
#5218=AXIS2_PLACEMENT_3D('',#8150,#6357,#6358);
#5219=AXIS2_PLACEMENT_3D('',#8151,#6359,#6360);
#5220=AXIS2_PLACEMENT_3D('',#8160,#6365,#6366);
#5221=AXIS2_PLACEMENT_3D('',#8169,#6371,#6372);
#5222=AXIS2_PLACEMENT_3D('',#8175,#6376,#6377);
#5223=AXIS2_PLACEMENT_3D('',#8184,#6382,#6383);
#5224=AXIS2_PLACEMENT_3D('',#8190,#6387,#6388);
#5225=AXIS2_PLACEMENT_3D('',#8198,#6393,#6394);
#5226=AXIS2_PLACEMENT_3D('',#8207,#6399,#6400);
#5227=AXIS2_PLACEMENT_3D('',#8213,#6404,#6405);
#5228=AXIS2_PLACEMENT_3D('',#8222,#6410,#6411);
#5229=AXIS2_PLACEMENT_3D('',#8227,#6415,#6416);
#5230=AXIS2_PLACEMENT_3D('',#8235,#6421,#6422);
#5231=AXIS2_PLACEMENT_3D('',#8241,#6426,#6427);
#5232=AXIS2_PLACEMENT_3D('',#8246,#6429,#6430);
#5233=AXIS2_PLACEMENT_3D('',#8250,#6432,#6433);
#5234=AXIS2_PLACEMENT_3D('',#8253,#6435,#6436);
#5235=AXIS2_PLACEMENT_3D('',#8254,#6437,#6438);
#5236=AXIS2_PLACEMENT_3D('',#8255,#6439,#6440);
#5237=AXIS2_PLACEMENT_3D('',#8261,#6444,#6445);
#5238=AXIS2_PLACEMENT_3D('',#8265,#6448,#6449);
#5239=AXIS2_PLACEMENT_3D('',#8269,#6452,#6453);
#5240=AXIS2_PLACEMENT_3D('',#8270,#6454,#6455);
#5241=AXIS2_PLACEMENT_3D('',#8271,#6456,#6457);
#5242=AXIS2_PLACEMENT_3D('',#8273,#6459,#6460);
#5243=AXIS2_PLACEMENT_3D('',#8275,#6462,#6463);
#5244=AXIS2_PLACEMENT_3D('',#8276,#6464,#6465);
#5245=AXIS2_PLACEMENT_3D('',#8277,#6466,#6467);
#5246=AXIS2_PLACEMENT_3D('',#8281,#6469,#6470);
#5247=AXIS2_PLACEMENT_3D('',#8283,#6472,#6473);
#5248=AXIS2_PLACEMENT_3D('',#8288,#6476,#6477);
#5249=AXIS2_PLACEMENT_3D('',#8289,#6478,#6479);
#5250=AXIS2_PLACEMENT_3D('',#8291,#6481,#6482);
#5251=AXIS2_PLACEMENT_3D('',#8302,#6489,#6490);
#5252=AXIS2_PLACEMENT_3D('',#8307,#6494,#6495);
#5253=AXIS2_PLACEMENT_3D('',#8313,#6499,#6500);
#5254=AXIS2_PLACEMENT_3D('',#8320,#6505,#6506);
#5255=AXIS2_PLACEMENT_3D('',#8324,#6509,#6510);
#5256=AXIS2_PLACEMENT_3D('',#8327,#6513,#6514);
#5257=AXIS2_PLACEMENT_3D('',#8331,#6517,#6518);
#5258=AXIS2_PLACEMENT_3D('',#8336,#6522,#6523);
#5259=AXIS2_PLACEMENT_3D('',#8338,#6524,#6525);
#5260=AXIS2_PLACEMENT_3D('',#8341,#6527,#6528);
#5261=AXIS2_PLACEMENT_3D('',#8342,#6529,#6530);
#5262=AXIS2_PLACEMENT_3D('',#8347,#6533,#6534);
#5263=AXIS2_PLACEMENT_3D('',#8348,#6535,#6536);
#5264=AXIS2_PLACEMENT_3D('',#8349,#6537,#6538);
#5265=AXIS2_PLACEMENT_3D('',#8351,#6540,#6541);
#5266=AXIS2_PLACEMENT_3D('',#8354,#6543,#6544);
#5267=AXIS2_PLACEMENT_3D('',#8355,#6545,#6546);
#5268=AXIS2_PLACEMENT_3D('',#8360,#6550,#6551);
#5269=AXIS2_PLACEMENT_3D('',#8361,#6552,#6553);
#5270=AXIS2_PLACEMENT_3D('',#8362,#6554,#6555);
#5271=AXIS2_PLACEMENT_3D('',#8363,#6556,#6557);
#5272=AXIS2_PLACEMENT_3D('',#8365,#6558,#6559);
#5273=AXIS2_PLACEMENT_3D('',#8366,#6560,#6561);
#5274=AXIS2_PLACEMENT_3D('',#8368,#6562,#6563);
#5275=AXIS2_PLACEMENT_3D('',#8370,#6565,#6566);
#5276=AXIS2_PLACEMENT_3D('',#8372,#6567,#6568);
#5277=AXIS2_PLACEMENT_3D('',#8375,#6570,#6571);
#5278=AXIS2_PLACEMENT_3D('',#8376,#6572,#6573);
#5279=AXIS2_PLACEMENT_3D('',#8377,#6574,#6575);
#5280=AXIS2_PLACEMENT_3D('',#8382,#6580,#6581);
#5281=AXIS2_PLACEMENT_3D('',#8383,#6582,#6583);
#5282=AXIS2_PLACEMENT_3D('',#8384,#6584,#6585);
#5283=AXIS2_PLACEMENT_3D('',#8385,#6586,#6587);
#5284=AXIS2_PLACEMENT_3D('',#8386,#6588,#6589);
#5285=AXIS2_PLACEMENT_3D('',#8387,#6590,#6591);
#5286=AXIS2_PLACEMENT_3D('',#8388,#6592,#6593);
#5287=AXIS2_PLACEMENT_3D('',#8390,#6594,#6595);
#5288=AXIS2_PLACEMENT_3D('',#8391,#6596,#6597);
#5289=AXIS2_PLACEMENT_3D('',#8394,#6599,#6600);
#5290=AXIS2_PLACEMENT_3D('',#8395,#6601,#6602);
#5291=AXIS2_PLACEMENT_3D('',#8397,#6603,#6604);
#5292=AXIS2_PLACEMENT_3D('',#8398,#6605,#6606);
#5293=AXIS2_PLACEMENT_3D('',#8401,#6608,#6609);
#5294=AXIS2_PLACEMENT_3D('',#8402,#6610,#6611);
#5295=AXIS2_PLACEMENT_3D('',#8405,#6612,#6613);
#5296=AXIS2_PLACEMENT_3D('',#8409,#6615,#6616);
#5297=AXIS2_PLACEMENT_3D('',#8411,#6618,#6619);
#5298=AXIS2_PLACEMENT_3D('',#8417,#6623,#6624);
#5299=AXIS2_PLACEMENT_3D('',#8419,#6625,#6626);
#5300=AXIS2_PLACEMENT_3D('',#8421,#6627,#6628);
#5301=AXIS2_PLACEMENT_3D('',#8423,#6630,#6631);
#5302=AXIS2_PLACEMENT_3D('',#8424,#6632,#6633);
#5303=AXIS2_PLACEMENT_3D('',#8428,#6636,#6637);
#5304=AXIS2_PLACEMENT_3D('',#8429,#6638,#6639);
#5305=AXIS2_PLACEMENT_3D('',#8432,#6641,#6642);
#5306=AXIS2_PLACEMENT_3D('',#8436,#6645,#6646);
#5307=AXIS2_PLACEMENT_3D('',#8437,#6647,#6648);
#5308=AXIS2_PLACEMENT_3D('',#8439,#6650,#6651);
#5309=AXIS2_PLACEMENT_3D('',#8441,#6653,#6654);
#5310=AXIS2_PLACEMENT_3D('',#8443,#6656,#6657);
#5311=AXIS2_PLACEMENT_3D('',#8445,#6659,#6660);
#5312=AXIS2_PLACEMENT_3D('',#8447,#6662,#6663);
#5313=AXIS2_PLACEMENT_3D('',#8449,#6665,#6666);
#5314=AXIS2_PLACEMENT_3D('',#8451,#6668,#6669);
#5315=AXIS2_PLACEMENT_3D('',#8453,#6671,#6672);
#5316=AXIS2_PLACEMENT_3D('',#8455,#6674,#6675);
#5317=AXIS2_PLACEMENT_3D('',#8457,#6677,#6678);
#5318=AXIS2_PLACEMENT_3D('',#8459,#6680,#6681);
#5319=AXIS2_PLACEMENT_3D('',#8461,#6683,#6684);
#5320=AXIS2_PLACEMENT_3D('',#8463,#6686,#6687);
#5321=AXIS2_PLACEMENT_3D('',#8465,#6689,#6690);
#5322=AXIS2_PLACEMENT_3D('',#8466,#6691,#6692);
#5323=AXIS2_PLACEMENT_3D('',#8468,#6694,#6695);
#5324=AXIS2_PLACEMENT_3D('',#8470,#6697,#6698);
#5325=DIRECTION('axis',(0.,0.,1.));
#5326=DIRECTION('refdir',(1.,0.,0.));
#5327=DIRECTION('center_axis',(-1.,0.,0.));
#5328=DIRECTION('ref_axis',(0.,0.707106781185131,0.707106781187964));
#5329=DIRECTION('',(1.,0.,0.));
#5330=DIRECTION('center_axis',(-0.707106781186549,0.,-0.707106781186546));
#5331=DIRECTION('ref_axis',(0.707106781186546,0.,-0.707106781186549));
#5332=DIRECTION('',(-1.,0.,0.));
#5333=DIRECTION('center_axis',(0.707106781186549,0.,-0.707106781186546));
#5334=DIRECTION('ref_axis',(0.707106781186546,0.,0.707106781186549));
#5335=DIRECTION('center_axis',(-1.0337640503786E-17,0.,-1.));
#5336=DIRECTION('ref_axis',(-0.707106781186547,0.707106781186547,0.));
#5337=DIRECTION('',(1.0337640503786E-17,0.,1.));
#5338=DIRECTION('center_axis',(0.,0.,-1.));
#5339=DIRECTION('ref_axis',(-1.,0.,0.));
#5340=DIRECTION('',(-1.0337640503786E-17,0.,-1.));
#5341=DIRECTION('center_axis',(1.0337640503786E-17,0.,-1.));
#5342=DIRECTION('ref_axis',(0.707106781186547,0.707106781186547,0.));
#5343=DIRECTION('',(-1.0337640503786E-17,0.,1.));
#5344=DIRECTION('center_axis',(0.,0.,-1.));
#5345=DIRECTION('ref_axis',(0.,1.,0.));
#5346=DIRECTION('',(1.0337640503786E-17,0.,-1.));
#5347=DIRECTION('center_axis',(-1.,1.57543100495035E-17,-8.51846903647914E-18));
#5348=DIRECTION('ref_axis',(0.,0.958324614222162,0.285681525086844));
#5349=DIRECTION('',(1.,-1.57543100495035E-17,8.51846903647914E-18));
#5350=DIRECTION('center_axis',(-0.70710678118654,-0.622003069654511,0.336321544567659));
#5351=DIRECTION('ref_axis',(0.707106781186555,-0.622003069654498,0.336321544567652));
#5352=DIRECTION('',(-1.,1.57543100495035E-17,-8.51846903647914E-18));
#5353=DIRECTION('center_axis',(0.70710678118654,-0.622003069654509,0.336321544567664));
#5354=DIRECTION('ref_axis',(0.707106781186555,0.622003069654495,-0.336321544567656));
#5355=DIRECTION('center_axis',(-2.50406503813291E-17,0.879645176943093,
-0.475630489645853));
#5356=DIRECTION('ref_axis',(-0.707106781186546,0.336321544567674,0.622003069654496));
#5357=DIRECTION('',(-2.50406503813291E-17,0.879645176943093,-0.475630489645853));
#5358=DIRECTION('center_axis',(0.,-0.879645176943096,0.475630489645849));
#5359=DIRECTION('ref_axis',(0.,0.475630489645849,0.879645176943096));
#5360=DIRECTION('',(2.50406503813291E-17,-0.879645176943093,0.475630489645853));
#5361=DIRECTION('center_axis',(2.50406503813291E-17,0.879645176943093,-0.475630489645853));
#5362=DIRECTION('ref_axis',(0.707106781186541,0.336321544567677,0.622003069654501));
#5363=DIRECTION('',(2.50406503813291E-17,0.879645176943093,-0.475630489645853));
#5364=DIRECTION('center_axis',(0.,-0.879645176943096,0.475630489645849));
#5365=DIRECTION('ref_axis',(1.,0.,0.));
#5366=DIRECTION('',(-2.50406503813291E-17,-0.879645176943093,0.475630489645853));
#5367=DIRECTION('center_axis',(0.,0.,1.));
#5368=DIRECTION('ref_axis',(-0.707106781186548,0.707106781186548,0.));
#5369=DIRECTION('center_axis',(-1.,0.,0.));
#5370=DIRECTION('ref_axis',(0.,0.858961724888214,0.51203979843081));
#5371=DIRECTION('center_axis',(0.,0.,1.));
#5372=DIRECTION('ref_axis',(1.,0.,0.));
#5373=DIRECTION('center_axis',(1.,0.,0.));
#5374=DIRECTION('ref_axis',(0.,0.858961724888207,0.512039798430822));
#5375=DIRECTION('center_axis',(-1.,0.,0.));
#5376=DIRECTION('ref_axis',(0.,0.858961724888214,0.51203979843081));
#5377=DIRECTION('',(1.,0.,0.));
#5378=DIRECTION('center_axis',(0.707106781186549,0.622003069654503,-0.336321544567655));
#5379=DIRECTION('ref_axis',(0.707106781186546,-0.622003069654501,0.336321544567667));
#5380=DIRECTION('',(-1.,0.,0.));
#5381=DIRECTION('center_axis',(0.,-0.475630489645853,-0.879645176943093));
#5382=DIRECTION('ref_axis',(0.,0.879645176943093,-0.475630489645853));
#5383=DIRECTION('',(1.,0.,0.));
#5384=DIRECTION('',(0.,-0.879645176943093,0.475630489645853));
#5385=DIRECTION('',(1.,0.,0.));
#5386=DIRECTION('',(0.,0.879645176943093,-0.475630489645853));
#5387=DIRECTION('',(-1.,0.,0.));
#5388=DIRECTION('',(0.,-0.879645176943093,0.475630489645853));
#5389=DIRECTION('',(-1.,0.,0.));
#5390=DIRECTION('',(0.,0.879645176943093,-0.475630489645853));
#5391=DIRECTION('center_axis',(-1.,2.28771257936795E-17,-1.0337640503786E-17));
#5392=DIRECTION('ref_axis',(-8.86675508414075E-18,-0.707106781278919,-0.707106781094176));
#5393=DIRECTION('',(9.6839831101924E-18,0.475630489645853,0.879645176943093));
#5394=DIRECTION('',(-1.50122594306183E-17,-0.214892846766236,0.976637632087103));
#5395=DIRECTION('',(-2.48961896994371E-17,-0.850801320005965,0.525487501160691));
#5396=DIRECTION('',(4.1368928774917E-29,-1.,-4.00177668780088E-12));
#5397=DIRECTION('center_axis',(1.79098464499655E-17,0.879645176943094,-0.475630489645853));
#5398=DIRECTION('ref_axis',(-1.,2.03603076779265E-17,-1.38666955995881E-32));
#5399=DIRECTION('',(-9.6839831101924E-18,0.475630489645853,0.879645176943093));
#5400=DIRECTION('',(-1.,0.,0.));
#5401=DIRECTION('center_axis',(0.,0.879645176943093,-0.475630489645853));
#5402=DIRECTION('ref_axis',(0.70710678118655,0.336321544567661,0.622003069654499));
#5403=DIRECTION('',(0.,0.879645176943093,-0.475630489645853));
#5404=DIRECTION('center_axis',(0.,-0.879645176943093,0.475630489645854));
#5405=DIRECTION('ref_axis',(1.,0.,0.));
#5406=DIRECTION('center_axis',(-0.707106781186541,0.622003069654507,-0.336321544567665));
#5407=DIRECTION('ref_axis',(-0.707106781186554,-0.622003069654497,0.336321544567656));
#5408=DIRECTION('center_axis',(0.,1.,0.));
#5409=DIRECTION('ref_axis',(-1.95320465788538E-16,0.,1.));
#5410=DIRECTION('center_axis',(1.,0.,0.));
#5411=DIRECTION('ref_axis',(0.,0.858961724888207,0.512039798430822));
#5412=DIRECTION('',(-1.,0.,0.));
#5413=DIRECTION('center_axis',(1.,0.,0.));
#5414=DIRECTION('ref_axis',(0.,0.,-1.));
#5415=DIRECTION('center_axis',(0.,0.,1.));
#5416=DIRECTION('ref_axis',(1.,0.,0.));
#5417=DIRECTION('center_axis',(1.,0.,0.));
#5418=DIRECTION('ref_axis',(0.,0.858961724888209,0.512039798430819));
#5419=DIRECTION('center_axis',(-1.,0.,0.));
#5420=DIRECTION('ref_axis',(0.,0.858961724888209,0.512039798430819));
#5421=DIRECTION('center_axis',(0.,0.,1.));
#5422=DIRECTION('ref_axis',(0.707106781186547,0.707106781186547,0.));
#5423=DIRECTION('center_axis',(0.,0.,1.));
#5424=DIRECTION('ref_axis',(1.,0.,0.));
#5425=DIRECTION('',(0.,0.,1.));
#5426=DIRECTION('',(0.,0.,-1.));
#5427=DIRECTION('center_axis',(1.,0.,0.));
#5428=DIRECTION('ref_axis',(0.,0.,-1.));
#5429=DIRECTION('center_axis',(1.,0.,0.));
#5430=DIRECTION('ref_axis',(0.,0.998208457398526,-0.059832061455845));
#5431=DIRECTION('center_axis',(-1.,0.,0.));
#5432=DIRECTION('ref_axis',(0.,0.998208457398525,-0.0598320614558449));
#5433=DIRECTION('center_axis',(0.,-1.,0.));
#5434=DIRECTION('ref_axis',(-1.,0.,0.));
#5435=DIRECTION('center_axis',(0.,1.,0.));
#5436=DIRECTION('ref_axis',(2.92980698682808E-16,0.,1.));
#5437=DIRECTION('',(0.,0.,1.));
#5438=DIRECTION('',(1.,0.,0.));
#5439=DIRECTION('',(0.,0.,-1.));
#5440=DIRECTION('',(1.,0.,0.));
#5441=DIRECTION('',(0.,0.,1.));
#5442=DIRECTION('',(-1.,0.,0.));
#5443=DIRECTION('',(0.,0.,1.));
#5444=DIRECTION('',(-1.,0.,0.));
#5445=DIRECTION('',(0.,0.,-1.));
#5446=DIRECTION('',(-1.,0.,0.));
#5447=DIRECTION('',(0.,0.,1.));
#5448=DIRECTION('center_axis',(0.,0.879645176943093,-0.475630489645853));
#5449=DIRECTION('ref_axis',(-0.707106781186546,0.336321544567659,0.622003069654505));
#5450=DIRECTION('center_axis',(0.,-0.879645176943096,0.475630489645848));
#5451=DIRECTION('ref_axis',(0.,0.475630489645848,0.879645176943096));
#5452=DIRECTION('',(0.,-0.879645176943093,0.475630489645853));
#5453=DIRECTION('center_axis',(1.,0.,0.));
#5454=DIRECTION('ref_axis',(0.,0.,-1.));
#5455=DIRECTION('center_axis',(0.,0.,1.));
#5456=DIRECTION('ref_axis',(0.,1.,0.));
#5457=DIRECTION('center_axis',(1.,0.,0.));
#5458=DIRECTION('ref_axis',(0.,0.858961724888209,0.512039798430819));
#5459=DIRECTION('center_axis',(-1.,0.,0.));
#5460=DIRECTION('ref_axis',(0.,0.858961724888209,0.512039798430819));
#5461=DIRECTION('center_axis',(0.,0.,1.));
#5462=DIRECTION('ref_axis',(-0.707106781186547,0.707106781186547,0.));
#5463=DIRECTION('center_axis',(0.,0.,1.));
#5464=DIRECTION('ref_axis',(0.,1.,0.));
#5465=DIRECTION('',(0.,0.,1.));
#5466=DIRECTION('',(0.,0.,-1.));
#5467=DIRECTION('center_axis',(1.,0.,0.));
#5468=DIRECTION('ref_axis',(0.,0.,-1.));
#5469=DIRECTION('center_axis',(1.,0.,0.));
#5470=DIRECTION('ref_axis',(0.,0.998208457398525,-0.0598320614558449));
#5471=DIRECTION('center_axis',(-1.,0.,0.));
#5472=DIRECTION('ref_axis',(0.,0.998208457398526,-0.059832061455845));
#5473=DIRECTION('center_axis',(1.,0.,0.));
#5474=DIRECTION('ref_axis',(0.,-5.68434188608084E-15,-1.));
#5475=DIRECTION('',(-1.,0.,0.));
#5476=DIRECTION('center_axis',(1.,0.,0.));
#5477=DIRECTION('ref_axis',(0.,0.998208457398526,-0.0598320614558451));
#5478=DIRECTION('',(1.,0.,0.));
#5479=DIRECTION('center_axis',(0.,-1.,0.));
#5480=DIRECTION('ref_axis',(0.,0.,1.));
#5481=DIRECTION('',(1.,0.,0.));
#5482=DIRECTION('',(0.,0.,1.));
#5483=DIRECTION('center_axis',(1.,0.,0.));
#5484=DIRECTION('ref_axis',(0.,0.858961724888209,0.512039798430818));
#5485=DIRECTION('center_axis',(1.,0.,0.));
#5486=DIRECTION('ref_axis',(0.,0.858961724888209,0.512039798430819));
#5487=DIRECTION('center_axis',(-0.541628129056606,-0.284000547313689,-0.791190659032427));
#5488=DIRECTION('ref_axis',(-0.700707059656543,-0.36741294953722,0.611569571724954));
#5489=DIRECTION('center_axis',(0.,-0.879645176943119,0.475630489645805));
#5490=DIRECTION('ref_axis',(0.,0.475630489645808,0.879645176943118));
#5491=DIRECTION('center_axis',(0.,-0.00685595169294369,0.999976497687013));
#5492=DIRECTION('ref_axis',(0.,0.999976497687013,0.00685595169294369));
#5493=DIRECTION('center_axis',(-1.,0.,0.));
#5494=DIRECTION('ref_axis',(0.,-0.514981307238829,0.857201407601846));
#5495=DIRECTION('center_axis',(0.,0.879645176943093,-0.475630489645853));
#5496=DIRECTION('ref_axis',(-0.707106781186545,0.336321544567679,0.622003069654495));
#5497=DIRECTION('center_axis',(0.,-0.879645176943096,0.475630489645849));
#5498=DIRECTION('ref_axis',(0.,0.475630489645849,0.879645176943096));
#5499=DIRECTION('',(0.,-0.879645176943093,0.475630489645853));
#5500=DIRECTION('center_axis',(1.,0.,0.));
#5501=DIRECTION('ref_axis',(0.,0.,-1.));
#5502=DIRECTION('center_axis',(0.,0.,1.));
#5503=DIRECTION('ref_axis',(0.,1.,0.));
#5504=DIRECTION('center_axis',(1.,0.,0.));
#5505=DIRECTION('ref_axis',(0.,0.858961724888209,0.512039798430819));
#5506=DIRECTION('center_axis',(-1.,0.,0.));
#5507=DIRECTION('ref_axis',(0.,0.858961724888209,0.512039798430819));
#5508=DIRECTION('center_axis',(0.,0.,1.));
#5509=DIRECTION('ref_axis',(-0.707106781186547,0.707106781186547,0.));
#5510=DIRECTION('center_axis',(0.,0.,1.));
#5511=DIRECTION('ref_axis',(0.,1.,0.));
#5512=DIRECTION('',(0.,0.,1.));
#5513=DIRECTION('',(0.,0.,-1.));
#5514=DIRECTION('center_axis',(1.,0.,0.));
#5515=DIRECTION('ref_axis',(0.,0.,-1.));
#5516=DIRECTION('center_axis',(1.,0.,0.));
#5517=DIRECTION('ref_axis',(0.,0.998208457398525,-0.0598320614558451));
#5518=DIRECTION('center_axis',(-1.,0.,0.));
#5519=DIRECTION('ref_axis',(0.,0.998208457398526,-0.0598320614558451));
#5520=DIRECTION('center_axis',(1.,0.,0.));
#5521=DIRECTION('ref_axis',(0.,-5.68434188608084E-15,-1.));
#5522=DIRECTION('',(-1.,0.,0.));
#5523=DIRECTION('',(1.,0.,0.));
#5524=DIRECTION('center_axis',(0.,1.,0.));
#5525=DIRECTION('ref_axis',(0.,0.,1.));
#5526=DIRECTION('',(-1.,0.,0.));
#5527=DIRECTION('center_axis',(1.,0.,0.));
#5528=DIRECTION('ref_axis',(0.,0.858961724888209,0.512039798430818));
#5529=DIRECTION('center_axis',(1.,0.,0.));
#5530=DIRECTION('ref_axis',(0.,-0.514981307238832,0.857201407601845));
#5531=DIRECTION('',(1.,0.,0.));
#5532=DIRECTION('center_axis',(1.,0.,0.));
#5533=DIRECTION('ref_axis',(0.,-0.514981307238829,0.857201407601846));
#5534=DIRECTION('center_axis',(-1.,0.,0.));
#5535=DIRECTION('ref_axis',(0.,0.,1.));
#5536=DIRECTION('center_axis',(-1.,0.,0.));
#5537=DIRECTION('ref_axis',(0.,0.964547758974551,-0.263908356550473));
#5538=DIRECTION('center_axis',(1.,0.,0.));
#5539=DIRECTION('ref_axis',(0.,0.964547758974551,-0.263908356550473));
#5540=DIRECTION('center_axis',(1.,0.,0.));
#5541=DIRECTION('ref_axis',(0.,0.,-1.));
#5542=DIRECTION('center_axis',(0.,3.5527136788005E-15,-1.));
#5543=DIRECTION('ref_axis',(0.,1.,3.5527136788005E-15));
#5544=DIRECTION('center_axis',(-1.,0.,0.));
#5545=DIRECTION('ref_axis',(0.,0.998208457398525,-0.0598320614558451));
#5546=DIRECTION('center_axis',(0.,0.,1.));
#5547=DIRECTION('ref_axis',(0.707106781186547,0.707106781186547,0.));
#5548=DIRECTION('center_axis',(0.,0.,-1.));
#5549=DIRECTION('ref_axis',(0.,1.,0.));
#5550=DIRECTION('',(0.,0.,-1.));
#5551=DIRECTION('center_axis',(1.,0.,0.));
#5552=DIRECTION('ref_axis',(0.,0.,-1.));
#5553=DIRECTION('center_axis',(0.,0.879645176943092,-0.475630489645857));
#5554=DIRECTION('ref_axis',(0.,0.475630489645857,0.879645176943092));
#5555=DIRECTION('center_axis',(-1.,0.,0.));
#5556=DIRECTION('ref_axis',(0.,0.858961724888209,0.512039798430819));
#5557=DIRECTION('center_axis',(0.,0.879645176943093,-0.475630489645853));
#5558=DIRECTION('ref_axis',(0.707106781186545,0.336321544567679,0.622003069654495));
#5559=DIRECTION('center_axis',(-6.68998287080599E-14,0.879645176943094,
-0.475630489645852));
#5560=DIRECTION('ref_axis',(0.,0.475630489645852,0.879645176943094));
#5561=DIRECTION('',(0.,0.879645176943093,-0.475630489645853));
#5562=DIRECTION('center_axis',(0.541628129056603,-0.28400054731369,-0.791190659032429));
#5563=DIRECTION('ref_axis',(0.700707059656544,-0.367412949537241,0.611569571724939));
#5564=DIRECTION('center_axis',(0.,-0.00685595169294369,0.999976497687013));
#5565=DIRECTION('ref_axis',(0.,0.999976497687013,0.00685595169294369));
#5566=DIRECTION('center_axis',(-1.,0.,0.));
#5567=DIRECTION('ref_axis',(0.,0.,1.));
#5568=DIRECTION('center_axis',(1.,0.,0.));
#5569=DIRECTION('ref_axis',(0.,0.960142508823753,-0.279510934937491));
#5570=DIRECTION('center_axis',(-1.,0.,0.));
#5571=DIRECTION('ref_axis',(0.,0.960142508823753,-0.279510934937491));
#5572=DIRECTION('center_axis',(0.,-0.784748293149594,-0.61981458227344));
#5573=DIRECTION('ref_axis',(0.707106781186538,-0.438275094203877,0.554900839610643));
#5574=DIRECTION('',(0.,-0.784748293149594,-0.61981458227344));
#5575=DIRECTION('center_axis',(0.,0.,-1.));
#5576=DIRECTION('ref_axis',(-6.88132420238397E-17,-1.,0.));
#5577=DIRECTION('',(0.,0.784748293149594,0.61981458227344));
#5578=DIRECTION('center_axis',(-1.,0.,0.));
#5579=DIRECTION('ref_axis',(0.,0.,1.));
#5580=DIRECTION('center_axis',(-1.,0.,0.));
#5581=DIRECTION('ref_axis',(0.,0.960142508823753,-0.279510934937491));
#5582=DIRECTION('center_axis',(1.,0.,0.));
#5583=DIRECTION('ref_axis',(0.,0.960142508823753,-0.279510934937491));
#5584=DIRECTION('center_axis',(1.,0.,0.));
#5585=DIRECTION('ref_axis',(0.,-0.861309948716342,-0.508079887657692));
#5586=DIRECTION('',(-1.,0.,0.));
#5587=DIRECTION('',(1.,0.,0.));
#5588=DIRECTION('center_axis',(0.,-0.784748293149594,-0.61981458227344));
#5589=DIRECTION('ref_axis',(-0.707106781186539,-0.438275094203878,0.554900839610642));
#5590=DIRECTION('',(0.,-0.784748293149594,-0.61981458227344));
#5591=DIRECTION('center_axis',(0.,0.,-1.));
#5592=DIRECTION('ref_axis',(-6.88132420238397E-17,-1.,0.));
#5593=DIRECTION('',(0.,0.784748293149594,0.61981458227344));
#5594=DIRECTION('center_axis',(1.,0.,0.));
#5595=DIRECTION('ref_axis',(0.,0.850911759064055,-0.525308650496558));
#5596=DIRECTION('',(1.,0.,0.));
#5597=DIRECTION('center_axis',(-1.,0.,0.));
#5598=DIRECTION('ref_axis',(0.,0.964547758974551,-0.263908356550473));
#5599=DIRECTION('',(-1.,0.,0.));
#5600=DIRECTION('center_axis',(0.,-0.61981458227344,0.784748293149594));
#5601=DIRECTION('ref_axis',(0.,-0.784748293149594,-0.61981458227344));
#5602=DIRECTION('',(1.,0.,0.));
#5603=DIRECTION('',(0.,0.784748293149594,0.61981458227344));
#5604=DIRECTION('',(1.,0.,0.));
#5605=DIRECTION('',(0.,-0.784748293149594,-0.61981458227344));
#5606=DIRECTION('center_axis',(-1.,0.,0.));
#5607=DIRECTION('ref_axis',(0.,0.,1.));
#5608=DIRECTION('center_axis',(1.,0.,0.));
#5609=DIRECTION('ref_axis',(0.,0.964547758974551,-0.263908356550473));
#5610=DIRECTION('center_axis',(0.,-0.784748293149594,-0.61981458227344));
#5611=DIRECTION('ref_axis',(0.707106781186538,-0.438275094203877,0.554900839610643));
#5612=DIRECTION('center_axis',(0.,0.,1.));
#5613=DIRECTION('ref_axis',(-6.88132420238397E-17,-1.,0.));
#5614=DIRECTION('',(0.,0.784748293149594,0.61981458227344));
#5615=DIRECTION('center_axis',(0.,-0.784748293149594,-0.61981458227344));
#5616=DIRECTION('ref_axis',(-0.707106781186539,-0.438275094203878,0.554900839610642));
#5617=DIRECTION('',(0.,-0.784748293149594,-0.61981458227344));
#5618=DIRECTION('center_axis',(0.,0.,1.));
#5619=DIRECTION('ref_axis',(-6.88132420238397E-17,-1.,0.));
#5620=DIRECTION('center_axis',(1.,0.,0.));
#5621=DIRECTION('ref_axis',(0.,1.,0.));
#5622=DIRECTION('',(0.,1.,0.));
#5623=DIRECTION('',(0.,0.,1.));
#5624=DIRECTION('',(0.,-1.,0.));
#5625=DIRECTION('',(0.,0.784748293149593,0.619814582273441));
#5626=DIRECTION('center_axis',(1.,0.,0.));
#5627=DIRECTION('ref_axis',(0.,0.8445896424983,-0.535414172192513));
#5628=DIRECTION('center_axis',(-1.,0.,0.));
#5629=DIRECTION('ref_axis',(0.,-0.376770215488511,0.92630675519546));
#5630=DIRECTION('',(0.,0.757235267767716,-0.653142212116746));
#5631=DIRECTION('',(0.,0.,-1.));
#5632=DIRECTION('center_axis',(-1.,0.,0.));
#5633=DIRECTION('ref_axis',(0.,-7.57912251477447E-15,-1.));
#5634=DIRECTION('',(0.,0.97012192882895,-0.24261789547599));
#5635=DIRECTION('center_axis',(0.,-0.879645176943093,0.475630489645853));
#5636=DIRECTION('ref_axis',(0.707106781186546,0.336321544567659,0.622003069654505));
#5637=DIRECTION('',(0.,-0.879645176943093,0.475630489645853));
#5638=DIRECTION('center_axis',(3.3795578932388E-15,-0.879645176943094,0.475630489645852));
#5639=DIRECTION('ref_axis',(1.,0.,-7.105427357601E-15));
#5640=DIRECTION('',(0.,0.879645176943093,-0.475630489645853));
#5641=DIRECTION('center_axis',(0.,-0.512039798430814,0.858961724888212));
#5642=DIRECTION('ref_axis',(0.,-0.858961724888212,-0.512039798430814));
#5643=DIRECTION('center_axis',(1.,0.,0.));
#5644=DIRECTION('ref_axis',(0.,0.976637632087101,0.214892846766243));
#5645=DIRECTION('center_axis',(0.,-0.475630489645853,-0.879645176943093));
#5646=DIRECTION('ref_axis',(8.40311145952874E-17,-0.879645176943093,0.475630489645853));
#5647=DIRECTION('center_axis',(0.,0.737482622681382,0.67536610904234));
#5648=DIRECTION('ref_axis',(0.,-0.67536610904234,0.737482622681382));
#5649=DIRECTION('center_axis',(1.,-2.31097593363656E-17,1.24956135006064E-17));
#5650=DIRECTION('ref_axis',(0.,0.798589124311955,0.601876574166718));
#5651=DIRECTION('center_axis',(1.,0.,0.));
#5652=DIRECTION('ref_axis',(0.,0.976637632087103,0.214892846766236));
#5653=DIRECTION('',(-1.,2.31097593363656E-17,-1.24956135006064E-17));
#5654=DIRECTION('',(1.,-2.31097593363656E-17,1.24956135006064E-17));
#5655=DIRECTION('center_axis',(0.,0.879645176943094,-0.475630489645852));
#5656=DIRECTION('ref_axis',(-1.,0.,0.));
#5657=DIRECTION('center_axis',(0.,-0.475630489645853,-0.879645176943093));
#5658=DIRECTION('ref_axis',(-8.40311145952874E-17,-0.879645176943093,0.475630489645853));
#5659=DIRECTION('center_axis',(0.,0.737482622681382,0.67536610904234));
#5660=DIRECTION('ref_axis',(0.,-0.67536610904234,0.737482622681382));
#5661=DIRECTION('center_axis',(0.,0.879645176943093,-0.475630489645853));
#5662=DIRECTION('ref_axis',(-0.707106781186546,0.336321544567659,0.622003069654505));
#5663=DIRECTION('',(0.,-0.879645176943093,0.475630489645853));
#5664=DIRECTION('',(0.,0.879645176943093,-0.475630489645853));
#5665=DIRECTION('center_axis',(0.,0.512039798430814,-0.858961724888212));
#5666=DIRECTION('ref_axis',(0.,-0.858961724888211,-0.512039798430814));
#5667=DIRECTION('center_axis',(0.,0.,-1.));
#5668=DIRECTION('ref_axis',(-0.707106781186547,0.707106781186547,0.));
#5669=DIRECTION('',(0.,0.,-1.));
#5670=DIRECTION('center_axis',(0.,0.,-1.));
#5671=DIRECTION('ref_axis',(-1.,0.,0.));
#5672=DIRECTION('',(0.,0.,1.));
#5673=DIRECTION('center_axis',(-1.,0.,0.));
#5674=DIRECTION('ref_axis',(0.,0.525487501160679,0.850801320005972));
#5675=DIRECTION('center_axis',(0.,-1.,0.));
#5676=DIRECTION('ref_axis',(2.36144803713025E-16,0.,-1.));
#5677=DIRECTION('center_axis',(0.,0.943757435211633,0.330638629749702));
#5678=DIRECTION('ref_axis',(0.,0.330638629749702,-0.943757435211633));
#5679=DIRECTION('center_axis',(1.,0.,-1.25753063058969E-17));
#5680=DIRECTION('ref_axis',(0.,0.873352019852444,0.487089570222619));
#5681=DIRECTION('center_axis',(-1.,0.,0.));
#5682=DIRECTION('ref_axis',(0.,0.525487501160694,0.850801320005963));
#5683=DIRECTION('',(1.,0.,-1.25753063058969E-17));
#5684=DIRECTION('',(-1.,0.,1.25753063058969E-17));
#5685=DIRECTION('center_axis',(0.,0.,1.));
#5686=DIRECTION('ref_axis',(1.,0.,0.));
#5687=DIRECTION('center_axis',(0.,-1.,0.));
#5688=DIRECTION('ref_axis',(-2.36144803713025E-16,0.,-1.));
#5689=DIRECTION('center_axis',(0.,0.943757435211633,0.330638629749702));
#5690=DIRECTION('ref_axis',(0.,0.330638629749702,-0.943757435211633));
#5691=DIRECTION('center_axis',(0.,0.,1.));
#5692=DIRECTION('ref_axis',(0.707106781186547,0.707106781186547,0.));
#5693=DIRECTION('',(0.,0.,-1.));
#5694=DIRECTION('',(0.,0.,1.));
#5695=DIRECTION('center_axis',(-1.,0.,0.));
#5696=DIRECTION('ref_axis',(0.,0.,1.));
#5697=DIRECTION('',(0.,-0.214892846766236,0.976637632087103));
#5698=DIRECTION('',(0.,-0.850801320005965,0.525487501160691));
#5699=DIRECTION('center_axis',(0.,-0.214892846766236,0.976637632087103));
#5700=DIRECTION('ref_axis',(0.707106781186552,-0.690587092410759,-0.151952189176886));
#5701=DIRECTION('',(0.,0.214892846766236,-0.976637632087103));
#5702=DIRECTION('center_axis',(-2.77577109979775E-14,0.214892846766236,
-0.976637632087103));
#5703=DIRECTION('ref_axis',(0.,-0.976637632087103,-0.214892846766236));
#5704=DIRECTION('center_axis',(-1.9884642679135E-17,-0.976637632087103,
-0.214892846766236));
#5705=DIRECTION('ref_axis',(-1.50122594306183E-17,-0.214892846766236,0.976637632087103));
#5706=DIRECTION('',(0.,-0.214892846766236,0.976637632087103));
#5707=DIRECTION('',(-1.,2.03603076779265E-17,-6.14035581920363E-33));
#5708=DIRECTION('center_axis',(0.,0.214892846766236,-0.976637632087103));
#5709=DIRECTION('ref_axis',(-0.707106781186552,-0.690587092410759,-0.151952189176886));
#5710=DIRECTION('',(0.,0.214892846766236,-0.976637632087103));
#5711=DIRECTION('center_axis',(0.,0.214892846766209,-0.976637632087109));
#5712=DIRECTION('ref_axis',(-1.,0.,0.));
#5713=DIRECTION('center_axis',(0.,-1.,0.));
#5714=DIRECTION('ref_axis',(-1.,0.,0.));
#5715=DIRECTION('',(-1.,0.,0.));
#5716=DIRECTION('',(0.,0.,1.));
#5717=DIRECTION('',(-1.,0.,0.));
#5718=DIRECTION('',(0.,0.,1.));
#5719=DIRECTION('',(1.,0.,0.));
#5720=DIRECTION('center_axis',(0.,0.,1.));
#5721=DIRECTION('ref_axis',(1.,0.,0.));
#5722=DIRECTION('center_axis',(-3.53826677006874E-14,-0.850801320005968,
0.525487501160686));
#5723=DIRECTION('ref_axis',(0.,-0.525487501160686,-0.850801320005969));
#5724=DIRECTION('center_axis',(-1.,0.,0.));
#5725=DIRECTION('ref_axis',(0.,-0.976637632087103,-0.214892846766235));
#5726=DIRECTION('center_axis',(0.,0.,1.));
#5727=DIRECTION('ref_axis',(1.,0.,0.));
#5728=DIRECTION('center_axis',(0.,-0.85080132000595,0.525487501160716));
#5729=DIRECTION('ref_axis',(1.,0.,0.));
#5730=DIRECTION('center_axis',(1.,0.,0.));
#5731=DIRECTION('ref_axis',(0.,-0.525487501160689,-0.850801320005967));
#5732=DIRECTION('center_axis',(1.,-2.03603076779265E-17,6.43763914252637E-33));
#5733=DIRECTION('ref_axis',(0.,-0.815591733386367,-0.578627794382383));
#5734=DIRECTION('',(1.,-2.03603076779265E-17,7.02113905754885E-33));
#5735=DIRECTION('center_axis',(0.,-0.850801320005965,0.525487501160691));
#5736=DIRECTION('ref_axis',(0.707106781186549,-0.371575775499494,-0.601607382818684));
#5737=DIRECTION('',(0.,0.850801320005965,-0.525487501160691));
#5738=DIRECTION('center_axis',(0.,0.850801320005965,-0.525487501160691));
#5739=DIRECTION('ref_axis',(-0.707106781186549,-0.371575775499494,-0.601607382818684));
#5740=DIRECTION('',(0.,-0.850801320005965,0.525487501160691));
#5741=DIRECTION('',(0.,0.850801320005965,-0.525487501160691));
#5742=DIRECTION('center_axis',(-1.06990872045364E-17,-0.525487501160691,
-0.850801320005965));
#5743=DIRECTION('ref_axis',(-2.48961896994371E-17,-0.850801320005965,0.525487501160691));
#5744=DIRECTION('center_axis',(1.,0.,0.));
#5745=DIRECTION('ref_axis',(0.,0.,-1.));
#5746=DIRECTION('center_axis',(0.,-1.,0.));
#5747=DIRECTION('ref_axis',(0.,0.,-1.));
#5748=DIRECTION('',(0.,0.,-1.));
#5749=DIRECTION('',(1.,0.,0.));
#5750=DIRECTION('',(0.,0.,-1.));
#5751=DIRECTION('',(1.,0.,0.));
#5752=DIRECTION('',(0.,0.,-1.));
#5753=DIRECTION('',(-1.,0.,0.));
#5754=DIRECTION('',(0.,0.,1.));
#5755=DIRECTION('',(1.,0.,0.));
#5756=DIRECTION('center_axis',(1.,0.,0.));
#5757=DIRECTION('ref_axis',(0.,1.,0.));
#5758=DIRECTION('',(0.,-0.879645176943093,0.475630489645853));
#5759=DIRECTION('',(0.,0.757235267767716,-0.653142212116746));
#5760=DIRECTION('',(0.,0.,-1.));
#5761=DIRECTION('center_axis',(-1.,0.,0.));
#5762=DIRECTION('ref_axis',(0.,-5.68434188608084E-15,-1.));
#5763=DIRECTION('',(0.,-1.,0.));
#5764=DIRECTION('center_axis',(0.,1.,0.));
#5765=DIRECTION('ref_axis',(0.,0.,1.));
#5766=DIRECTION('',(1.,0.,0.));
#5767=DIRECTION('',(0.,0.,1.));
#5768=DIRECTION('',(-1.,0.,0.));
#5769=DIRECTION('center_axis',(0.,-1.,0.));
#5770=DIRECTION('ref_axis',(0.,0.,-1.));
#5771=DIRECTION('',(1.,0.,0.));
#5772=DIRECTION('',(0.,0.,1.));
#5773=DIRECTION('',(1.,0.,0.));
#5774=DIRECTION('center_axis',(0.,0.,1.));
#5775=DIRECTION('ref_axis',(0.,1.,0.));
#5776=DIRECTION('',(-1.,0.,0.));
#5777=DIRECTION('',(0.,1.,0.));
#5778=DIRECTION('',(1.,0.,0.));
#5779=DIRECTION('',(0.,-1.,0.));
#5780=DIRECTION('center_axis',(1.,0.,0.));
#5781=DIRECTION('ref_axis',(0.,0.,-1.));
#5782=DIRECTION('',(0.,0.,-1.));
#5783=DIRECTION('',(0.,-1.,0.));
#5784=DIRECTION('',(0.,0.,1.));
#5785=DIRECTION('center_axis',(1.,0.,0.));
#5786=DIRECTION('ref_axis',(0.,-7.57912251477447E-15,-1.));
#5787=DIRECTION('',(-1.,0.,0.));
#5788=DIRECTION('center_axis',(1.,0.,0.));
#5789=DIRECTION('ref_axis',(0.,-7.57912251477447E-15,-1.));
#5790=DIRECTION('',(1.,0.,0.));
#5791=DIRECTION('center_axis',(-1.,0.,0.));
#5792=DIRECTION('ref_axis',(0.,-7.57912251477447E-15,-1.));
#5793=DIRECTION('center_axis',(1.,0.,0.));
#5794=DIRECTION('ref_axis',(0.,-7.57912251477447E-15,-1.));
#5795=DIRECTION('',(1.,0.,0.));
#5796=DIRECTION('center_axis',(1.,0.,0.));
#5797=DIRECTION('ref_axis',(0.,-7.57912251477447E-15,-1.));
#5798=DIRECTION('center_axis',(-1.,0.,0.));
#5799=DIRECTION('ref_axis',(0.,-8.74514136320133E-15,-1.));
#5800=DIRECTION('',(1.,0.,0.));
#5801=DIRECTION('center_axis',(1.,0.,0.));
#5802=DIRECTION('ref_axis',(0.,-8.74514136320133E-15,-1.));
#5803=DIRECTION('',(1.,0.,0.));
#5804=DIRECTION('center_axis',(-1.,0.,0.));
#5805=DIRECTION('ref_axis',(0.,-8.74514136320133E-15,-1.));
#5806=DIRECTION('center_axis',(1.,0.,0.));
#5807=DIRECTION('ref_axis',(0.,1.,0.));
#5808=DIRECTION('',(0.,0.506632322131423,-0.862162218014523));
#5809=DIRECTION('',(0.,-0.862162218014524,-0.506632322131422));
#5810=DIRECTION('',(0.,-0.506632322131423,0.862162218014523));
#5811=DIRECTION('center_axis',(0.,0.,1.));
#5812=DIRECTION('ref_axis',(0.,-1.,0.));
#5813=DIRECTION('',(0.,-1.,0.));
#5814=DIRECTION('',(0.,1.,0.));
#5815=DIRECTION('center_axis',(1.,0.,0.));
#5816=DIRECTION('ref_axis',(0.,1.,0.));
#5817=DIRECTION('',(0.,1.,0.));
#5818=DIRECTION('center_axis',(1.,0.,0.));
#5819=DIRECTION('ref_axis',(0.,-5.68434188608084E-15,-1.));
#5820=DIRECTION('',(0.,-0.506632322131423,0.862162218014523));
#5821=DIRECTION('center_axis',(0.,0.,1.));
#5822=DIRECTION('ref_axis',(0.,1.,0.));
#5823=DIRECTION('',(0.,1.,0.));
#5824=DIRECTION('',(1.,0.,0.));
#5825=DIRECTION('',(0.,-1.,0.));
#5826=DIRECTION('center_axis',(1.,0.,0.));
#5827=DIRECTION('ref_axis',(0.,0.,-1.));
#5828=DIRECTION('',(0.,0.,-1.));
#5829=DIRECTION('',(0.,-1.,0.));
#5830=DIRECTION('center_axis',(1.,0.,0.));
#5831=DIRECTION('ref_axis',(0.,1.,0.));
#5832=DIRECTION('',(0.,0.,1.));
#5833=DIRECTION('',(0.,-1.,0.));
#5834=DIRECTION('',(0.,0.,-1.));
#5835=DIRECTION('',(0.,1.,0.));
#5836=DIRECTION('center_axis',(0.,0.,1.));
#5837=DIRECTION('ref_axis',(0.,-1.,0.));
#5838=DIRECTION('',(-1.,0.,0.));
#5839=DIRECTION('',(0.,1.,0.));
#5840=DIRECTION('',(1.,0.,0.));
#5841=DIRECTION('center_axis',(0.,0.,1.));
#5842=DIRECTION('ref_axis',(0.,1.,0.));
#5843=DIRECTION('',(-1.,0.,0.));
#5844=DIRECTION('',(0.,1.,0.));
#5845=DIRECTION('',(1.,0.,0.));
#5846=DIRECTION('',(0.,-1.,0.));
#5847=DIRECTION('center_axis',(1.,0.,0.));
#5848=DIRECTION('ref_axis',(0.,0.,-1.));
#5849=DIRECTION('',(0.,0.,-1.));
#5850=DIRECTION('',(0.,-1.,0.));
#5851=DIRECTION('',(0.,0.,1.));
#5852=DIRECTION('center_axis',(0.,0.,1.));
#5853=DIRECTION('ref_axis',(0.,-1.,0.));
#5854=DIRECTION('',(1.,0.,0.));
#5855=DIRECTION('',(-1.,0.,0.));
#5856=DIRECTION('',(0.,1.,0.));
#5857=DIRECTION('center_axis',(0.,0.,1.));
#5858=DIRECTION('ref_axis',(0.,-1.,0.));
#5859=DIRECTION('',(1.,0.,0.));
#5860=DIRECTION('',(0.,-1.,0.));
#5861=DIRECTION('',(-1.,0.,0.));
#5862=DIRECTION('',(0.,1.,0.));
#5863=DIRECTION('center_axis',(1.,0.,0.));
#5864=DIRECTION('ref_axis',(0.,1.,0.));
#5865=DIRECTION('',(0.,0.,-1.));
#5866=DIRECTION('',(0.,1.,0.));
#5867=DIRECTION('',(0.,0.,1.));
#5868=DIRECTION('center_axis',(0.,0.,1.));
#5869=DIRECTION('ref_axis',(0.,1.,0.));
#5870=DIRECTION('',(-1.,0.,0.));
#5871=DIRECTION('',(0.,1.,0.));
#5872=DIRECTION('',(1.,0.,0.));
#5873=DIRECTION('',(0.,-1.,0.));
#5874=DIRECTION('center_axis',(1.,0.,0.));
#5875=DIRECTION('ref_axis',(0.,0.,-1.));
#5876=DIRECTION('',(0.,0.,-1.));
#5877=DIRECTION('',(0.,-1.,0.));
#5878=DIRECTION('',(0.,0.,1.));
#5879=DIRECTION('center_axis',(1.,0.,0.));
#5880=DIRECTION('ref_axis',(0.,1.,0.));
#5881=DIRECTION('',(0.,-0.97012192882895,0.24261789547599));
#5882=DIRECTION('center_axis',(-1.,0.,0.));
#5883=DIRECTION('ref_axis',(0.,-7.57912251477447E-15,-1.));
#5884=DIRECTION('',(0.,0.506632322131423,-0.862162218014523));
#5885=DIRECTION('center_axis',(1.,0.,0.));
#5886=DIRECTION('ref_axis',(0.,-5.68434188608084E-15,-1.));
#5887=DIRECTION('center_axis',(1.,0.,0.));
#5888=DIRECTION('ref_axis',(0.,-7.57912251477447E-15,-1.));
#5889=DIRECTION('',(-1.,0.,0.));
#5890=DIRECTION('center_axis',(1.,0.,0.));
#5891=DIRECTION('ref_axis',(0.,-7.57912251477447E-15,-1.));
#5892=DIRECTION('',(1.,0.,0.));
#5893=DIRECTION('center_axis',(0.,0.,1.));
#5894=DIRECTION('ref_axis',(0.,-1.,0.));
#5895=DIRECTION('',(1.,0.,0.));
#5896=DIRECTION('',(0.,-1.,0.));
#5897=DIRECTION('',(-1.,0.,0.));
#5898=DIRECTION('',(0.,1.,0.));
#5899=DIRECTION('center_axis',(0.,0.,1.));
#5900=DIRECTION('ref_axis',(0.,-1.,0.));
#5901=DIRECTION('',(1.,0.,0.));
#5902=DIRECTION('',(0.,-1.,0.));
#5903=DIRECTION('',(-1.,0.,0.));
#5904=DIRECTION('',(0.,1.,0.));
#5905=DIRECTION('center_axis',(1.,0.,0.));
#5906=DIRECTION('ref_axis',(0.,1.,0.));
#5907=DIRECTION('',(0.,0.,-1.));
#5908=DIRECTION('',(0.,1.,0.));
#5909=DIRECTION('',(0.,0.,1.));
#5910=DIRECTION('center_axis',(0.,0.,1.));
#5911=DIRECTION('ref_axis',(0.,1.,0.));
#5912=DIRECTION('',(-1.,0.,0.));
#5913=DIRECTION('',(0.,1.,0.));
#5914=DIRECTION('',(1.,0.,0.));
#5915=DIRECTION('',(0.,-1.,0.));
#5916=DIRECTION('center_axis',(1.,0.,0.));
#5917=DIRECTION('ref_axis',(0.,0.,-1.));
#5918=DIRECTION('',(0.,0.,-1.));
#5919=DIRECTION('',(0.,-1.,0.));
#5920=DIRECTION('',(0.,0.,1.));
#5921=DIRECTION('center_axis',(1.,0.,0.));
#5922=DIRECTION('ref_axis',(0.,1.,0.));
#5923=DIRECTION('',(0.,0.,-1.));
#5924=DIRECTION('',(0.,1.,0.));
#5925=DIRECTION('',(0.,1.,0.));
#5926=DIRECTION('',(0.,0.,1.));
#5927=DIRECTION('center_axis',(1.,0.,0.));
#5928=DIRECTION('ref_axis',(0.,1.,0.));
#5929=DIRECTION('',(0.,0.,1.));
#5930=DIRECTION('',(0.,-1.,0.));
#5931=DIRECTION('',(0.,0.,-1.));
#5932=DIRECTION('',(0.,1.,0.));
#5933=DIRECTION('center_axis',(0.,0.,1.));
#5934=DIRECTION('ref_axis',(0.,-1.,0.));
#5935=DIRECTION('',(-1.,0.,0.));
#5936=DIRECTION('',(0.,1.,0.));
#5937=DIRECTION('',(1.,0.,0.));
#5938=DIRECTION('center_axis',(0.,0.,1.));
#5939=DIRECTION('ref_axis',(0.,1.,0.));
#5940=DIRECTION('',(-1.,0.,0.));
#5941=DIRECTION('',(0.,1.,0.));
#5942=DIRECTION('',(1.,0.,0.));
#5943=DIRECTION('',(0.,-1.,0.));
#5944=DIRECTION('center_axis',(0.,1.,0.));
#5945=DIRECTION('ref_axis',(0.,0.,-1.));
#5946=DIRECTION('',(0.,0.,-1.));
#5947=DIRECTION('',(0.,0.,1.));
#5948=DIRECTION('',(1.,0.,0.));
#5949=DIRECTION('center_axis',(1.,0.,0.));
#5950=DIRECTION('ref_axis',(0.,0.,-1.));
#5951=DIRECTION('',(0.,0.,-1.));
#5952=DIRECTION('',(0.,-1.,0.));
#5953=DIRECTION('',(0.,0.,-1.));
#5954=DIRECTION('',(0.,1.,0.));
#5955=DIRECTION('center_axis',(0.,0.619814582273441,-0.784748293149593));
#5956=DIRECTION('ref_axis',(0.,0.784748293149593,0.619814582273441));
#5957=DIRECTION('',(0.,-0.784748293149593,-0.619814582273441));
#5958=DIRECTION('',(1.,0.,0.));
#5959=DIRECTION('center_axis',(1.,0.,0.));
#5960=DIRECTION('ref_axis',(0.,0.8445896424983,-0.535414172192513));
#5961=DIRECTION('',(1.,0.,0.));
#5962=DIRECTION('center_axis',(-1.,0.,0.));
#5963=DIRECTION('ref_axis',(0.,0.8445896424983,-0.535414172192513));
#5964=DIRECTION('',(1.,0.,0.));
#5965=DIRECTION('center_axis',(1.,0.,0.));
#5966=DIRECTION('ref_axis',(0.,0.8445896424983,-0.535414172192513));
#5967=DIRECTION('',(-1.,0.,0.));
#5968=DIRECTION('center_axis',(-1.,0.,0.));
#5969=DIRECTION('ref_axis',(0.,0.8445896424983,-0.535414172192513));
#5970=DIRECTION('center_axis',(1.,0.,0.));
#5971=DIRECTION('ref_axis',(0.,1.,0.));
#5972=DIRECTION('',(0.,0.837641821941891,0.546219899064351));
#5973=DIRECTION('',(0.,0.757235267767716,-0.653142212116746));
#5974=DIRECTION('',(0.,-0.837641821941891,-0.546219899064351));
#5975=DIRECTION('center_axis',(0.,0.546219899064351,-0.837641821941891));
#5976=DIRECTION('ref_axis',(0.,0.837641821941891,0.546219899064351));
#5977=DIRECTION('',(0.,-0.837641821941891,-0.546219899064351));
#5978=DIRECTION('',(-1.,0.,0.));
#5979=DIRECTION('center_axis',(0.,-0.546219899064351,0.837641821941891));
#5980=DIRECTION('ref_axis',(0.,-0.837641821941891,-0.546219899064351));
#5981=DIRECTION('',(0.,0.837641821941891,0.546219899064351));
#5982=DIRECTION('',(1.,0.,0.));
#5983=DIRECTION('center_axis',(0.,0.,-1.));
#5984=DIRECTION('ref_axis',(0.,1.,0.));
#5985=DIRECTION('',(1.,0.,0.));
#5986=DIRECTION('center_axis',(1.,0.,0.));
#5987=DIRECTION('ref_axis',(0.,-5.68434188608084E-15,-1.));
#5988=DIRECTION('',(-1.,0.,0.));
#5989=DIRECTION('',(-1.,0.,0.));
#5990=DIRECTION('center_axis',(-1.,0.,0.));
#5991=DIRECTION('ref_axis',(0.,-5.68434188608084E-15,-1.));
#5992=DIRECTION('center_axis',(1.,0.,0.));
#5993=DIRECTION('ref_axis',(0.,-5.68434188608084E-15,-1.));
#5994=DIRECTION('',(1.,0.,0.));
#5995=DIRECTION('center_axis',(-1.,0.,0.));
#5996=DIRECTION('ref_axis',(0.,-5.68434188608084E-15,-1.));
#5997=DIRECTION('',(-1.,0.,0.));
#5998=DIRECTION('center_axis',(0.,0.,1.));
#5999=DIRECTION('ref_axis',(0.,1.,0.));
#6000=DIRECTION('',(0.,1.,0.));
#6001=DIRECTION('center_axis',(0.,0.24261789547599,0.97012192882895));
#6002=DIRECTION('ref_axis',(0.,0.97012192882895,-0.24261789547599));
#6003=DIRECTION('',(0.,-0.97012192882895,0.24261789547599));
#6004=DIRECTION('',(1.,0.,0.));
#6005=DIRECTION('',(0.,0.97012192882895,-0.24261789547599));
#6006=DIRECTION('',(0.,0.97012192882895,-0.24261789547599));
#6007=DIRECTION('',(1.,0.,0.));
#6008=DIRECTION('center_axis',(0.,0.862162218014523,0.506632322131423));
#6009=DIRECTION('ref_axis',(0.,0.506632322131423,-0.862162218014523));
#6010=DIRECTION('',(0.,0.506632322131423,-0.862162218014523));
#6011=DIRECTION('',(0.,0.506632322131423,-0.862162218014523));
#6012=DIRECTION('',(1.,0.,0.));
#6013=DIRECTION('center_axis',(0.,-0.97012192882895,0.24261789547599));
#6014=DIRECTION('ref_axis',(0.,-0.24261789547599,-0.97012192882895));
#6015=DIRECTION('',(0.,0.24261789547599,0.97012192882895));
#6016=DIRECTION('',(0.,-0.24261789547599,-0.97012192882895));
#6017=DIRECTION('',(1.,0.,0.));
#6018=DIRECTION('center_axis',(0.,-0.24261789547599,-0.97012192882895));
#6019=DIRECTION('ref_axis',(0.,-0.97012192882895,0.24261789547599));
#6020=DIRECTION('',(0.,0.97012192882895,-0.24261789547599));
#6021=DIRECTION('',(0.,0.97012192882895,-0.24261789547599));
#6022=DIRECTION('',(1.,0.,0.));
#6023=DIRECTION('',(0.,-0.97012192882895,0.24261789547599));
#6024=DIRECTION('center_axis',(0.,-0.506632322131422,0.862162218014524));
#6025=DIRECTION('ref_axis',(0.,-0.862162218014524,-0.506632322131422));
#6026=DIRECTION('',(0.,0.862162218014524,0.506632322131422));
#6027=DIRECTION('',(1.,0.,0.));
#6028=DIRECTION('center_axis',(0.,-0.862162218014523,-0.506632322131423));
#6029=DIRECTION('ref_axis',(0.,-0.506632322131423,0.862162218014523));
#6030=DIRECTION('',(0.,0.506632322131423,-0.862162218014523));
#6031=DIRECTION('',(0.,-0.506632322131423,0.862162218014523));
#6032=DIRECTION('center_axis',(0.,0.,1.));
#6033=DIRECTION('ref_axis',(0.,-1.,0.));
#6034=DIRECTION('',(0.,1.,0.));
#6035=DIRECTION('',(1.,0.,0.));
#6036=DIRECTION('center_axis',(0.,1.,0.));
#6037=DIRECTION('ref_axis',(0.,0.,1.));
#6038=DIRECTION('',(0.,0.,-1.));
#6039=DIRECTION('',(0.,0.,1.));
#6040=DIRECTION('',(-1.,0.,0.));
#6041=DIRECTION('center_axis',(1.,0.,0.));
#6042=DIRECTION('ref_axis',(0.,-1.,0.));
#6043=DIRECTION('center_axis',(-1.,0.,0.));
#6044=DIRECTION('ref_axis',(0.,-1.,0.));
#6045=DIRECTION('',(-1.,0.,0.));
#6046=DIRECTION('center_axis',(1.,0.,0.));
#6047=DIRECTION('ref_axis',(0.,-1.,0.));
#6048=DIRECTION('center_axis',(0.,-0.653142212116746,-0.757235267767716));
#6049=DIRECTION('ref_axis',(0.,-0.757235267767716,0.653142212116746));
#6050=DIRECTION('',(1.,0.,0.));
#6051=DIRECTION('center_axis',(0.,-0.653142212116746,-0.757235267767716));
#6052=DIRECTION('ref_axis',(0.,-0.757235267767716,0.653142212116746));
#6053=DIRECTION('',(0.,-0.757235267767716,0.653142212116746));
#6054=DIRECTION('center_axis',(0.,0.,1.));
#6055=DIRECTION('ref_axis',(0.707106781186547,-0.707106781186547,0.));
#6056=DIRECTION('center_axis',(0.,0.475630489645853,0.879645176943093));
#6057=DIRECTION('ref_axis',(0.,-0.879645176943093,0.475630489645853));
#6058=DIRECTION('center_axis',(0.,0.,1.));
#6059=DIRECTION('ref_axis',(0.707106781186547,-0.707106781186547,0.));
#6060=DIRECTION('',(0.,0.,-1.));
#6061=DIRECTION('center_axis',(0.,-0.653142212116746,-0.757235267767716));
#6062=DIRECTION('ref_axis',(0.,0.757235267767716,-0.653142212116746));
#6063=DIRECTION('',(-1.,0.,0.));
#6064=DIRECTION('',(0.,0.757235267767716,-0.653142212116746));
#6065=DIRECTION('',(0.,0.757235267767716,-0.653142212116746));
#6066=DIRECTION('center_axis',(1.,0.,0.));
#6067=DIRECTION('ref_axis',(0.,1.,0.));
#6068=DIRECTION('center_axis',(-1.,0.,0.));
#6069=DIRECTION('ref_axis',(0.,-0.376770215488511,0.92630675519546));
#6070=DIRECTION('center_axis',(1.,0.,0.));
#6071=DIRECTION('ref_axis',(0.,-0.376770215488511,0.92630675519546));
#6072=DIRECTION('center_axis',(-1.,0.,0.));
#6073=DIRECTION('ref_axis',(0.,-1.,0.));
#6074=DIRECTION('center_axis',(-1.,0.,0.));
#6075=DIRECTION('ref_axis',(0.,-1.,0.));
#6076=DIRECTION('center_axis',(-1.,0.,0.));
#6077=DIRECTION('ref_axis',(0.,-1.,0.));
#6078=DIRECTION('center_axis',(1.,0.,0.));
#6079=DIRECTION('ref_axis',(0.,-1.,0.));
#6080=DIRECTION('',(1.,0.,0.));
#6081=DIRECTION('center_axis',(-1.,0.,0.));
#6082=DIRECTION('ref_axis',(0.,-1.,0.));
#6083=DIRECTION('center_axis',(1.,0.,0.));
#6084=DIRECTION('ref_axis',(0.,-1.,0.));
#6085=DIRECTION('',(1.,0.,0.));
#6086=DIRECTION('center_axis',(-1.,0.,0.));
#6087=DIRECTION('ref_axis',(0.,1.,0.));
#6088=DIRECTION('center_axis',(1.,0.,0.));
#6089=DIRECTION('ref_axis',(0.,1.,0.));
#6090=DIRECTION('',(0.,0.,1.));
#6091=DIRECTION('',(0.,0.,-1.));
#6092=DIRECTION('',(0.,0.,1.));
#6093=DIRECTION('',(0.,0.,-1.));
#6094=DIRECTION('',(0.,0.,1.));
#6095=DIRECTION('',(0.,0.,-1.));
#6096=DIRECTION('',(0.,0.,1.));
#6097=DIRECTION('',(0.,0.,1.));
#6098=DIRECTION('',(0.,0.,-1.));
#6099=DIRECTION('center_axis',(1.,0.,0.));
#6100=DIRECTION('ref_axis',(0.,-8.74514136320133E-15,-1.));
#6101=DIRECTION('center_axis',(-1.,0.,0.));
#6102=DIRECTION('ref_axis',(0.,-8.74514136320133E-15,-1.));
#6103=DIRECTION('center_axis',(-1.,0.,0.));
#6104=DIRECTION('ref_axis',(0.,-8.74514136320133E-15,-1.));
#6105=DIRECTION('center_axis',(1.,0.,0.));
#6106=DIRECTION('ref_axis',(0.,1.,0.));
#6107=DIRECTION('center_axis',(1.,0.,0.));
#6108=DIRECTION('ref_axis',(0.,-1.,0.));
#6109=DIRECTION('',(0.,-1.,0.));
#6110=DIRECTION('center_axis',(1.,0.,0.));
#6111=DIRECTION('ref_axis',(0.,-5.68434188608084E-15,-1.));
#6112=DIRECTION('center_axis',(1.,0.,0.));
#6113=DIRECTION('ref_axis',(0.,-5.68434188608084E-15,-1.));
#6114=DIRECTION('',(-1.,0.,0.));
#6115=DIRECTION('center_axis',(-1.,0.,0.));
#6116=DIRECTION('ref_axis',(0.,-1.,0.));
#6117=DIRECTION('center_axis',(-1.,0.,0.));
#6118=DIRECTION('ref_axis',(0.,-1.,0.));
#6119=DIRECTION('center_axis',(-1.,0.,0.));
#6120=DIRECTION('ref_axis',(0.,-1.,0.));
#6121=DIRECTION('',(1.,0.,0.));
#6122=DIRECTION('center_axis',(-1.,0.,0.));
#6123=DIRECTION('ref_axis',(0.,-1.,0.));
#6124=DIRECTION('center_axis',(1.,0.,0.));
#6125=DIRECTION('ref_axis',(0.,1.,0.));
#6126=DIRECTION('center_axis',(1.,0.,0.));
#6127=DIRECTION('ref_axis',(0.,1.,0.));
#6128=DIRECTION('center_axis',(1.,0.,0.));
#6129=DIRECTION('ref_axis',(0.,1.,0.));
#6130=DIRECTION('',(-1.,0.,0.));
#6131=DIRECTION('center_axis',(1.,0.,0.));
#6132=DIRECTION('ref_axis',(0.,1.,0.));
#6133=DIRECTION('center_axis',(-1.,0.,0.));
#6134=DIRECTION('ref_axis',(0.,-1.,0.));
#6135=DIRECTION('center_axis',(-1.,0.,0.));
#6136=DIRECTION('ref_axis',(0.,-1.,0.));
#6137=DIRECTION('',(-1.,0.,0.));
#6138=DIRECTION('center_axis',(1.,0.,0.));
#6139=DIRECTION('ref_axis',(0.,-1.,0.));
#6140=DIRECTION('',(-1.,0.,0.));
#6141=DIRECTION('center_axis',(0.,0.99007963132774,-0.140507379272145));
#6142=DIRECTION('ref_axis',(0.,0.140507379272145,0.99007963132774));
#6143=DIRECTION('',(0.,-0.140507379272145,-0.99007963132774));
#6144=DIRECTION('',(1.,0.,0.));
#6145=DIRECTION('',(0.,-0.140507379272145,-0.99007963132774));
#6146=DIRECTION('center_axis',(-1.,0.,0.));
#6147=DIRECTION('ref_axis',(0.,1.,0.));
#6148=DIRECTION('center_axis',(-1.,0.,0.));
#6149=DIRECTION('ref_axis',(0.,1.,0.));
#6150=DIRECTION('',(1.,0.,0.));
#6151=DIRECTION('center_axis',(-1.,0.,0.));
#6152=DIRECTION('ref_axis',(0.,1.,0.));
#6153=DIRECTION('center_axis',(-1.,0.,0.));
#6154=DIRECTION('ref_axis',(0.,-1.,0.));
#6155=DIRECTION('',(0.,-0.999827945676544,0.0185493677579865));
#6156=DIRECTION('center_axis',(-1.,0.,0.));
#6157=DIRECTION('ref_axis',(0.,-5.68434188608084E-15,-1.));
#6158=DIRECTION('',(0.,-1.,0.));
#6159=DIRECTION('center_axis',(-1.,0.,0.));
#6160=DIRECTION('ref_axis',(0.,-1.,0.));
#6161=DIRECTION('',(0.,0.999827945676544,-0.0185493677579865));
#6162=DIRECTION('',(0.,-1.,0.));
#6163=DIRECTION('',(0.,0.,1.));
#6164=DIRECTION('center_axis',(-1.,0.,0.));
#6165=DIRECTION('ref_axis',(0.,1.,0.));
#6166=DIRECTION('center_axis',(0.,0.0185493677579865,0.999827945676544));
#6167=DIRECTION('ref_axis',(8.70696703823618E-26,-0.999827945676544,0.0185493677579865));
#6168=DIRECTION('center_axis',(-1.,0.,0.));
#6169=DIRECTION('ref_axis',(0.,-1.,0.));
#6170=DIRECTION('',(0.,1.,0.));
#6171=DIRECTION('center_axis',(-1.,-2.28771257936795E-17,1.0337640503786E-17));
#6172=DIRECTION('ref_axis',(8.86675508414075E-18,-0.707106781278919,-0.707106781094176));
#6173=DIRECTION('',(-4.1368928774917E-29,-1.,-4.00177668780088E-12));
#6174=DIRECTION('',(2.48961896994371E-17,-0.850801320005965,0.525487501160691));
#6175=DIRECTION('',(1.50122594306183E-17,-0.214892846766236,0.976637632087103));
#6176=DIRECTION('center_axis',(0.,1.,0.));
#6177=DIRECTION('ref_axis',(0.,0.,-1.));
#6178=DIRECTION('',(0.,0.,-1.));
#6179=DIRECTION('',(-1.,0.,0.));
#6180=DIRECTION('',(0.,0.,1.));
#6181=DIRECTION('',(1.,0.,0.));
#6182=DIRECTION('',(0.,0.,-1.));
#6183=DIRECTION('',(-1.,0.,0.));
#6184=DIRECTION('',(0.,0.,-1.));
#6185=DIRECTION('',(-1.,0.,0.));
#6186=DIRECTION('center_axis',(0.,0.,-1.));
#6187=DIRECTION('ref_axis',(0.,1.,0.));
#6188=DIRECTION('center_axis',(0.,0.,-1.));
#6189=DIRECTION('ref_axis',(-0.707106781186547,-0.707106781186547,0.));
#6190=DIRECTION('',(0.,-1.,0.));
#6191=DIRECTION('',(1.,0.,0.));
#6192=DIRECTION('',(0.,-1.,0.));
#6193=DIRECTION('center_axis',(1.,0.,0.));
#6194=DIRECTION('ref_axis',(0.,1.,0.));
#6195=DIRECTION('center_axis',(-1.,0.,0.));
#6196=DIRECTION('ref_axis',(0.,-5.68434188608084E-15,-1.));
#6197=DIRECTION('',(0.,0.,-1.));
#6198=DIRECTION('',(0.,0.757235267767716,-0.653142212116746));
#6199=DIRECTION('',(0.,-0.879645176943093,0.475630489645853));
#6200=DIRECTION('center_axis',(0.,-1.,0.));
#6201=DIRECTION('ref_axis',(0.,0.,1.));
#6202=DIRECTION('',(1.,0.,0.));
#6203=DIRECTION('',(0.,0.,1.));
#6204=DIRECTION('',(-1.,0.,0.));
#6205=DIRECTION('center_axis',(0.,1.,0.));
#6206=DIRECTION('ref_axis',(0.,0.,-1.));
#6207=DIRECTION('',(0.,0.,-1.));
#6208=DIRECTION('',(-1.,0.,0.));
#6209=DIRECTION('',(0.,0.,1.));
#6210=DIRECTION('',(-1.,0.,0.));
#6211=DIRECTION('center_axis',(0.,0.,-1.));
#6212=DIRECTION('ref_axis',(0.,1.,0.));
#6213=DIRECTION('',(1.,0.,0.));
#6214=DIRECTION('',(0.,-1.,0.));
#6215=DIRECTION('',(-1.,0.,0.));
#6216=DIRECTION('',(0.,1.,0.));
#6217=DIRECTION('center_axis',(0.,1.,0.));
#6218=DIRECTION('ref_axis',(0.,0.,1.));
#6219=DIRECTION('',(-1.,0.,0.));
#6220=DIRECTION('',(0.,0.,1.));
#6221=DIRECTION('',(1.,0.,0.));
#6222=DIRECTION('',(0.,0.,1.));
#6223=DIRECTION('',(0.,0.,-1.));
#6224=DIRECTION('',(1.,0.,0.));
#6225=DIRECTION('center_axis',(1.,0.,0.));
#6226=DIRECTION('ref_axis',(0.,0.,-1.));
#6227=DIRECTION('',(0.,0.,1.));
#6228=DIRECTION('',(0.,-1.,0.));
#6229=DIRECTION('center_axis',(0.,-1.,0.));
#6230=DIRECTION('ref_axis',(0.,0.,-1.));
#6231=DIRECTION('',(1.,0.,0.));
#6232=DIRECTION('',(0.,0.,-1.));
#6233=DIRECTION('',(-1.,0.,0.));
#6234=DIRECTION('',(0.,0.,-1.));
#6235=DIRECTION('',(1.,0.,0.));
#6236=DIRECTION('center_axis',(1.,0.,0.));
#6237=DIRECTION('ref_axis',(0.,-7.57912251477447E-15,-1.));
#6238=DIRECTION('',(1.,0.,0.));
#6239=DIRECTION('center_axis',(-1.,0.,0.));
#6240=DIRECTION('ref_axis',(0.,-7.57912251477447E-15,-1.));
#6241=DIRECTION('',(-1.,0.,0.));
#6242=DIRECTION('center_axis',(1.,0.,0.));
#6243=DIRECTION('ref_axis',(0.,-7.57912251477447E-15,-1.));
#6244=DIRECTION('center_axis',(1.,0.,0.));
#6245=DIRECTION('ref_axis',(0.,-7.57912251477447E-15,-1.));
#6246=DIRECTION('',(-1.,0.,0.));
#6247=DIRECTION('center_axis',(1.,0.,0.));
#6248=DIRECTION('ref_axis',(0.,-7.57912251477447E-15,-1.));
#6249=DIRECTION('center_axis',(-1.,0.,0.));
#6250=DIRECTION('ref_axis',(0.,-7.57912251477447E-15,-1.));
#6251=DIRECTION('center_axis',(-1.,0.,0.));
#6252=DIRECTION('ref_axis',(0.,-8.74514136320133E-15,-1.));
#6253=DIRECTION('',(-1.,0.,0.));
#6254=DIRECTION('center_axis',(-1.,0.,0.));
#6255=DIRECTION('ref_axis',(0.,-8.74514136320133E-15,-1.));
#6256=DIRECTION('',(-1.,0.,0.));
#6257=DIRECTION('center_axis',(1.,0.,0.));
#6258=DIRECTION('ref_axis',(0.,-8.74514136320133E-15,-1.));
#6259=DIRECTION('center_axis',(1.,0.,0.));
#6260=DIRECTION('ref_axis',(0.,1.,0.));
#6261=DIRECTION('',(0.,0.506632322131423,-0.862162218014523));
#6262=DIRECTION('',(0.,-0.506632322131423,0.862162218014523));
#6263=DIRECTION('',(0.,-0.862162218014524,-0.506632322131422));
#6264=DIRECTION('center_axis',(0.,0.,-1.));
#6265=DIRECTION('ref_axis',(0.,-1.,0.));
#6266=DIRECTION('',(0.,1.,0.));
#6267=DIRECTION('',(0.,-1.,0.));
#6268=DIRECTION('center_axis',(1.,0.,0.));
#6269=DIRECTION('ref_axis',(0.,1.,0.));
#6270=DIRECTION('',(0.,-0.506632322131423,0.862162218014523));
#6271=DIRECTION('center_axis',(1.,0.,0.));
#6272=DIRECTION('ref_axis',(0.,-5.68434188608084E-15,-1.));
#6273=DIRECTION('',(0.,1.,0.));
#6274=DIRECTION('center_axis',(0.,0.,-1.));
#6275=DIRECTION('ref_axis',(0.,1.,0.));
#6276=DIRECTION('',(0.,-1.,0.));
#6277=DIRECTION('',(-1.,0.,0.));
#6278=DIRECTION('',(0.,1.,0.));
#6279=DIRECTION('center_axis',(1.,0.,0.));
#6280=DIRECTION('ref_axis',(0.,0.,-1.));
#6281=DIRECTION('',(0.,-1.,0.));
#6282=DIRECTION('',(0.,0.,-1.));
#6283=DIRECTION('center_axis',(1.,0.,0.));
#6284=DIRECTION('ref_axis',(0.,1.,0.));
#6285=DIRECTION('',(0.,0.,1.));
#6286=DIRECTION('',(0.,1.,0.));
#6287=DIRECTION('',(0.,-1.,0.));
#6288=DIRECTION('center_axis',(0.,0.,-1.));
#6289=DIRECTION('ref_axis',(0.,-1.,0.));
#6290=DIRECTION('',(1.,0.,0.));
#6291=DIRECTION('',(0.,1.,0.));
#6292=DIRECTION('center_axis',(0.,0.,-1.));
#6293=DIRECTION('ref_axis',(0.,1.,0.));
#6294=DIRECTION('',(1.,0.,0.));
#6295=DIRECTION('',(0.,-1.,0.));
#6296=DIRECTION('',(-1.,0.,0.));
#6297=DIRECTION('',(0.,1.,0.));
#6298=DIRECTION('center_axis',(1.,0.,0.));
#6299=DIRECTION('ref_axis',(0.,0.,-1.));
#6300=DIRECTION('',(0.,0.,1.));
#6301=DIRECTION('',(0.,-1.,0.));
#6302=DIRECTION('',(0.,0.,-1.));
#6303=DIRECTION('center_axis',(0.,1.,0.));
#6304=DIRECTION('ref_axis',(0.,0.,1.));
#6305=DIRECTION('',(-1.,0.,0.));
#6306=DIRECTION('',(0.,0.,1.));
#6307=DIRECTION('',(1.,0.,0.));
#6308=DIRECTION('center_axis',(0.,0.,-1.));
#6309=DIRECTION('ref_axis',(0.,-1.,0.));
#6310=DIRECTION('',(-1.,0.,0.));
#6311=DIRECTION('',(0.,1.,0.));
#6312=DIRECTION('',(1.,0.,0.));
#6313=DIRECTION('',(0.,-1.,0.));
#6314=DIRECTION('center_axis',(0.,0.,-1.));
#6315=DIRECTION('ref_axis',(0.,-1.,0.));
#6316=DIRECTION('',(-1.,0.,0.));
#6317=DIRECTION('',(0.,1.,0.));
#6318=DIRECTION('',(0.,-1.,0.));
#6319=DIRECTION('center_axis',(1.,0.,0.));
#6320=DIRECTION('ref_axis',(0.,1.,0.));
#6321=DIRECTION('',(0.,0.,-1.));
#6322=DIRECTION('',(0.,1.,0.));
#6323=DIRECTION('center_axis',(0.,0.,-1.));
#6324=DIRECTION('ref_axis',(0.,1.,0.));
#6325=DIRECTION('',(1.,0.,0.));
#6326=DIRECTION('',(0.,-1.,0.));
#6327=DIRECTION('',(-1.,0.,0.));
#6328=DIRECTION('',(0.,1.,0.));
#6329=DIRECTION('center_axis',(0.,1.,0.));
#6330=DIRECTION('ref_axis',(0.,0.,1.));
#6331=DIRECTION('',(-1.,0.,0.));
#6332=DIRECTION('',(0.,0.,1.));
#6333=DIRECTION('',(0.,0.,1.));
#6334=DIRECTION('',(0.,0.,-1.));
#6335=DIRECTION('',(1.,0.,0.));
#6336=DIRECTION('center_axis',(1.,0.,0.));
#6337=DIRECTION('ref_axis',(0.,0.,-1.));
#6338=DIRECTION('',(0.,0.,1.));
#6339=DIRECTION('',(0.,-1.,0.));
#6340=DIRECTION('center_axis',(0.,-1.,0.));
#6341=DIRECTION('ref_axis',(0.,0.,-1.));
#6342=DIRECTION('',(1.,0.,0.));
#6343=DIRECTION('',(0.,0.,-1.));
#6344=DIRECTION('',(1.,0.,0.));
#6345=DIRECTION('center_axis',(1.,0.,0.));
#6346=DIRECTION('ref_axis',(0.,1.,0.));
#6347=DIRECTION('',(0.,-0.97012192882895,0.24261789547599));
#6348=DIRECTION('center_axis',(1.,0.,0.));
#6349=DIRECTION('ref_axis',(0.,-5.68434188608084E-15,-1.));
#6350=DIRECTION('',(0.,0.506632322131423,-0.862162218014523));
#6351=DIRECTION('center_axis',(-1.,0.,0.));
#6352=DIRECTION('ref_axis',(0.,-7.57912251477447E-15,-1.));
#6353=DIRECTION('center_axis',(1.,0.,0.));
#6354=DIRECTION('ref_axis',(0.,-7.57912251477447E-15,-1.));
#6355=DIRECTION('',(1.,0.,0.));
#6356=DIRECTION('',(-1.,0.,0.));
#6357=DIRECTION('center_axis',(1.,0.,0.));
#6358=DIRECTION('ref_axis',(0.,-7.57912251477447E-15,-1.));
#6359=DIRECTION('center_axis',(0.,0.,-1.));
#6360=DIRECTION('ref_axis',(0.,-1.,0.));
#6361=DIRECTION('',(-1.,0.,0.));
#6362=DIRECTION('',(0.,1.,0.));
#6363=DIRECTION('',(1.,0.,0.));
#6364=DIRECTION('',(0.,-1.,0.));
#6365=DIRECTION('center_axis',(0.,0.,-1.));
#6366=DIRECTION('ref_axis',(0.,-1.,0.));
#6367=DIRECTION('',(-1.,0.,0.));
#6368=DIRECTION('',(0.,1.,0.));
#6369=DIRECTION('',(1.,0.,0.));
#6370=DIRECTION('',(0.,-1.,0.));
#6371=DIRECTION('center_axis',(1.,0.,0.));
#6372=DIRECTION('ref_axis',(0.,1.,0.));
#6373=DIRECTION('',(0.,0.,-1.));
#6374=DIRECTION('',(0.,0.,1.));
#6375=DIRECTION('',(0.,1.,0.));
#6376=DIRECTION('center_axis',(0.,0.,-1.));
#6377=DIRECTION('ref_axis',(0.,1.,0.));
#6378=DIRECTION('',(1.,0.,0.));
#6379=DIRECTION('',(0.,-1.,0.));
#6380=DIRECTION('',(-1.,0.,0.));
#6381=DIRECTION('',(0.,1.,0.));
#6382=DIRECTION('center_axis',(1.,0.,0.));
#6383=DIRECTION('ref_axis',(0.,0.,-1.));
#6384=DIRECTION('',(0.,0.,1.));
#6385=DIRECTION('',(0.,-1.,0.));
#6386=DIRECTION('',(0.,0.,-1.));
#6387=DIRECTION('center_axis',(1.,0.,0.));
#6388=DIRECTION('ref_axis',(0.,1.,0.));
#6389=DIRECTION('',(0.,0.,-1.));
#6390=DIRECTION('',(0.,0.,1.));
#6391=DIRECTION('',(0.,1.,0.));
#6392=DIRECTION('',(0.,1.,0.));
#6393=DIRECTION('center_axis',(1.,0.,0.));
#6394=DIRECTION('ref_axis',(0.,1.,0.));
#6395=DIRECTION('',(0.,0.,1.));
#6396=DIRECTION('',(0.,1.,0.));
#6397=DIRECTION('',(0.,0.,-1.));
#6398=DIRECTION('',(0.,-1.,0.));
#6399=DIRECTION('center_axis',(0.,0.,-1.));
#6400=DIRECTION('ref_axis',(0.,-1.,0.));
#6401=DIRECTION('',(1.,0.,0.));
#6402=DIRECTION('',(-1.,0.,0.));
#6403=DIRECTION('',(0.,1.,0.));
#6404=DIRECTION('center_axis',(0.,0.,-1.));
#6405=DIRECTION('ref_axis',(0.,1.,0.));
#6406=DIRECTION('',(1.,0.,0.));
#6407=DIRECTION('',(0.,-1.,0.));
#6408=DIRECTION('',(-1.,0.,0.));
#6409=DIRECTION('',(0.,1.,0.));
#6410=DIRECTION('center_axis',(0.,-1.,0.));
#6411=DIRECTION('ref_axis',(0.,0.,-1.));
#6412=DIRECTION('',(-1.,0.,0.));
#6413=DIRECTION('',(0.,0.,1.));
#6414=DIRECTION('',(0.,0.,-1.));
#6415=DIRECTION('center_axis',(1.,0.,0.));
#6416=DIRECTION('ref_axis',(0.,0.,-1.));
#6417=DIRECTION('',(0.,1.,0.));
#6418=DIRECTION('',(0.,0.,-1.));
#6419=DIRECTION('',(0.,-1.,0.));
#6420=DIRECTION('',(0.,0.,-1.));
#6421=DIRECTION('center_axis',(0.,-0.619814582273441,0.784748293149593));
#6422=DIRECTION('ref_axis',(0.,0.784748293149593,0.619814582273441));
#6423=DIRECTION('',(0.,-0.784748293149593,-0.619814582273441));
#6424=DIRECTION('',(0.,0.784748293149593,0.619814582273441));
#6425=DIRECTION('',(-1.,0.,0.));
#6426=DIRECTION('center_axis',(1.,0.,0.));
#6427=DIRECTION('ref_axis',(0.,0.8445896424983,-0.535414172192513));
#6428=DIRECTION('',(-1.,0.,0.));
#6429=DIRECTION('center_axis',(-1.,0.,0.));
#6430=DIRECTION('ref_axis',(0.,0.8445896424983,-0.535414172192513));
#6431=DIRECTION('',(1.,0.,0.));
#6432=DIRECTION('center_axis',(1.,0.,0.));
#6433=DIRECTION('ref_axis',(0.,0.8445896424983,-0.535414172192513));
#6434=DIRECTION('',(-1.,0.,0.));
#6435=DIRECTION('center_axis',(-1.,0.,0.));
#6436=DIRECTION('ref_axis',(0.,0.8445896424983,-0.535414172192513));
#6437=DIRECTION('center_axis',(1.,0.,0.));
#6438=DIRECTION('ref_axis',(0.,0.8445896424983,-0.535414172192513));
#6439=DIRECTION('center_axis',(1.,0.,0.));
#6440=DIRECTION('ref_axis',(0.,1.,0.));
#6441=DIRECTION('',(0.,-0.837641821941891,-0.546219899064351));
#6442=DIRECTION('',(0.,0.757235267767716,-0.653142212116746));
#6443=DIRECTION('',(0.,0.837641821941891,0.546219899064351));
#6444=DIRECTION('center_axis',(0.,-0.546219899064351,0.837641821941891));
#6445=DIRECTION('ref_axis',(0.,0.837641821941891,0.546219899064351));
#6446=DIRECTION('',(0.,-0.837641821941891,-0.546219899064351));
#6447=DIRECTION('',(1.,0.,0.));
#6448=DIRECTION('center_axis',(0.,0.546219899064351,-0.837641821941891));
#6449=DIRECTION('ref_axis',(0.,-0.837641821941891,-0.546219899064351));
#6450=DIRECTION('',(0.,0.837641821941891,0.546219899064351));
#6451=DIRECTION('',(-1.,0.,0.));
#6452=DIRECTION('center_axis',(0.,0.,-1.));
#6453=DIRECTION('ref_axis',(0.,1.,0.));
#6454=DIRECTION('center_axis',(0.,0.,-1.));
#6455=DIRECTION('ref_axis',(0.,-1.,0.));
#6456=DIRECTION('center_axis',(0.,0.,1.));
#6457=DIRECTION('ref_axis',(0.,1.,0.));
#6458=DIRECTION('',(-1.,0.,0.));
#6459=DIRECTION('center_axis',(0.,0.,-1.));
#6460=DIRECTION('ref_axis',(0.,1.,0.));
#6461=DIRECTION('',(0.,1.,0.));
#6462=DIRECTION('center_axis',(0.,0.,-1.));
#6463=DIRECTION('ref_axis',(0.,1.,0.));
#6464=DIRECTION('center_axis',(0.,0.,-1.));
#6465=DIRECTION('ref_axis',(0.,-1.,0.));
#6466=DIRECTION('center_axis',(1.,0.,0.));
#6467=DIRECTION('ref_axis',(0.,-5.68434188608084E-15,-1.));
#6468=DIRECTION('',(1.,0.,0.));
#6469=DIRECTION('center_axis',(-1.,0.,0.));
#6470=DIRECTION('ref_axis',(0.,-5.68434188608084E-15,-1.));
#6471=DIRECTION('',(1.,0.,0.));
#6472=DIRECTION('center_axis',(1.,0.,0.));
#6473=DIRECTION('ref_axis',(0.,-5.68434188608084E-15,-1.));
#6474=DIRECTION('',(-1.,0.,0.));
#6475=DIRECTION('',(1.,0.,0.));
#6476=DIRECTION('center_axis',(-1.,0.,0.));
#6477=DIRECTION('ref_axis',(0.,-5.68434188608084E-15,-1.));
#6478=DIRECTION('center_axis',(0.,0.,-1.));
#6479=DIRECTION('ref_axis',(0.,1.,0.));
#6480=DIRECTION('',(0.,1.,0.));
#6481=DIRECTION('center_axis',(0.,-0.24261789547599,-0.97012192882895));
#6482=DIRECTION('ref_axis',(0.,0.97012192882895,-0.24261789547599));
#6483=DIRECTION('',(0.,-0.97012192882895,0.24261789547599));
#6484=DIRECTION('',(-1.,0.,0.));
#6485=DIRECTION('',(0.,0.97012192882895,-0.24261789547599));
#6486=DIRECTION('',(0.,0.97012192882895,-0.24261789547599));
#6487=DIRECTION('',(0.,0.97012192882895,-0.24261789547599));
#6488=DIRECTION('',(-1.,0.,0.));
#6489=DIRECTION('center_axis',(0.,-0.862162218014523,-0.506632322131423));
#6490=DIRECTION('ref_axis',(0.,0.506632322131423,-0.862162218014523));
#6491=DIRECTION('',(0.,0.506632322131423,-0.862162218014523));
#6492=DIRECTION('',(-1.,0.,0.));
#6493=DIRECTION('',(0.,0.506632322131423,-0.862162218014523));
#6494=DIRECTION('center_axis',(0.,0.97012192882895,-0.24261789547599));
#6495=DIRECTION('ref_axis',(0.,-0.24261789547599,-0.97012192882895));
#6496=DIRECTION('',(0.,0.24261789547599,0.97012192882895));
#6497=DIRECTION('',(-1.,0.,0.));
#6498=DIRECTION('',(0.,-0.24261789547599,-0.97012192882895));
#6499=DIRECTION('center_axis',(0.,0.24261789547599,0.97012192882895));
#6500=DIRECTION('ref_axis',(0.,-0.97012192882895,0.24261789547599));
#6501=DIRECTION('',(0.,0.97012192882895,-0.24261789547599));
#6502=DIRECTION('',(0.,-0.97012192882895,0.24261789547599));
#6503=DIRECTION('',(-1.,0.,0.));
#6504=DIRECTION('',(0.,0.97012192882895,-0.24261789547599));
#6505=DIRECTION('center_axis',(0.,0.506632322131422,-0.862162218014524));
#6506=DIRECTION('ref_axis',(0.,-0.862162218014524,-0.506632322131422));
#6507=DIRECTION('',(0.,0.862162218014524,0.506632322131422));
#6508=DIRECTION('',(-1.,0.,0.));
#6509=DIRECTION('center_axis',(0.,0.862162218014523,0.506632322131423));
#6510=DIRECTION('ref_axis',(0.,-0.506632322131423,0.862162218014523));
#6511=DIRECTION('',(0.,0.506632322131423,-0.862162218014523));
#6512=DIRECTION('',(0.,-0.506632322131423,0.862162218014523));
#6513=DIRECTION('center_axis',(0.,0.,-1.));
#6514=DIRECTION('ref_axis',(0.,-1.,0.));
#6515=DIRECTION('',(0.,1.,0.));
#6516=DIRECTION('',(-1.,0.,0.));
#6517=DIRECTION('center_axis',(0.,-1.,0.));
#6518=DIRECTION('ref_axis',(0.,0.,1.));
#6519=DIRECTION('',(0.,0.,-1.));
#6520=DIRECTION('',(1.,0.,0.));
#6521=DIRECTION('',(0.,0.,1.));
#6522=DIRECTION('center_axis',(1.,0.,0.));
#6523=DIRECTION('ref_axis',(0.,-1.,0.));
#6524=DIRECTION('center_axis',(-1.,0.,0.));
#6525=DIRECTION('ref_axis',(0.,-1.,0.));
#6526=DIRECTION('',(1.,0.,0.));
#6527=DIRECTION('center_axis',(1.,0.,0.));
#6528=DIRECTION('ref_axis',(0.,-1.,0.));
#6529=DIRECTION('center_axis',(0.,0.653142212116746,0.757235267767716));
#6530=DIRECTION('ref_axis',(0.,-0.757235267767716,0.653142212116746));
#6531=DIRECTION('',(-1.,0.,0.));
#6532=DIRECTION('',(0.,-0.757235267767716,0.653142212116746));
#6533=DIRECTION('center_axis',(0.,0.653142212116746,0.757235267767716));
#6534=DIRECTION('ref_axis',(0.,-0.757235267767716,0.653142212116746));
#6535=DIRECTION('center_axis',(0.,0.,-1.));
#6536=DIRECTION('ref_axis',(-0.707106781186547,-0.707106781186547,0.));
#6537=DIRECTION('center_axis',(0.,-0.475630489645853,-0.879645176943093));
#6538=DIRECTION('ref_axis',(0.,-0.879645176943093,0.475630489645853));
#6539=DIRECTION('',(0.,0.,-1.));
#6540=DIRECTION('center_axis',(1.,0.,0.));
#6541=DIRECTION('ref_axis',(0.,1.,0.));
#6542=DIRECTION('',(0.,0.757235267767716,-0.653142212116746));
#6543=DIRECTION('center_axis',(-1.,0.,0.));
#6544=DIRECTION('ref_axis',(0.,-0.376770215488511,0.92630675519546));
#6545=DIRECTION('center_axis',(0.,0.653142212116746,0.757235267767716));
#6546=DIRECTION('ref_axis',(0.,0.757235267767716,-0.653142212116746));
#6547=DIRECTION('',(1.,0.,0.));
#6548=DIRECTION('',(0.,0.757235267767716,-0.653142212116746));
#6549=DIRECTION('',(0.,0.757235267767716,-0.653142212116746));
#6550=DIRECTION('center_axis',(1.,0.,0.));
#6551=DIRECTION('ref_axis',(0.,1.,0.));
#6552=DIRECTION('center_axis',(-1.,0.,0.));
#6553=DIRECTION('ref_axis',(0.,-0.376770215488511,0.92630675519546));
#6554=DIRECTION('center_axis',(1.,0.,0.));
#6555=DIRECTION('ref_axis',(0.,-0.376770215488511,0.92630675519546));
#6556=DIRECTION('center_axis',(-1.,0.,0.));
#6557=DIRECTION('ref_axis',(0.,-1.,0.));
#6558=DIRECTION('center_axis',(-1.,0.,0.));
#6559=DIRECTION('ref_axis',(0.,-1.,0.));
#6560=DIRECTION('center_axis',(-1.,0.,0.));
#6561=DIRECTION('ref_axis',(0.,-1.,0.));
#6562=DIRECTION('center_axis',(1.,0.,0.));
#6563=DIRECTION('ref_axis',(0.,-1.,0.));
#6564=DIRECTION('',(-1.,0.,0.));
#6565=DIRECTION('center_axis',(-1.,0.,0.));
#6566=DIRECTION('ref_axis',(0.,-1.,0.));
#6567=DIRECTION('center_axis',(1.,0.,0.));
#6568=DIRECTION('ref_axis',(0.,-1.,0.));
#6569=DIRECTION('',(-1.,0.,0.));
#6570=DIRECTION('center_axis',(-1.,0.,0.));
#6571=DIRECTION('ref_axis',(0.,1.,0.));
#6572=DIRECTION('center_axis',(1.,0.,0.));
#6573=DIRECTION('ref_axis',(0.,1.,0.));
#6574=DIRECTION('center_axis',(1.,0.,0.));
#6575=DIRECTION('ref_axis',(0.,-8.74514136320133E-15,-1.));
#6576=DIRECTION('',(0.,0.,-1.));
#6577=DIRECTION('',(0.,0.,1.));
#6578=DIRECTION('',(0.,0.,1.));
#6579=DIRECTION('',(0.,0.,-1.));
#6580=DIRECTION('center_axis',(-1.,0.,0.));
#6581=DIRECTION('ref_axis',(0.,-8.74514136320133E-15,-1.));
#6582=DIRECTION('center_axis',(-1.,0.,0.));
#6583=DIRECTION('ref_axis',(0.,-8.74514136320133E-15,-1.));
#6584=DIRECTION('center_axis',(1.,0.,0.));
#6585=DIRECTION('ref_axis',(0.,1.,0.));
#6586=DIRECTION('center_axis',(1.,0.,0.));
#6587=DIRECTION('ref_axis',(0.,-1.,0.));
#6588=DIRECTION('center_axis',(1.,0.,0.));
#6589=DIRECTION('ref_axis',(0.,-5.68434188608084E-15,-1.));
#6590=DIRECTION('center_axis',(1.,0.,0.));
#6591=DIRECTION('ref_axis',(0.,-5.68434188608084E-15,-1.));
#6592=DIRECTION('center_axis',(-1.,0.,0.));
#6593=DIRECTION('ref_axis',(0.,-1.,0.));
#6594=DIRECTION('center_axis',(-1.,0.,0.));
#6595=DIRECTION('ref_axis',(0.,-1.,0.));
#6596=DIRECTION('center_axis',(-1.,0.,0.));
#6597=DIRECTION('ref_axis',(0.,-1.,0.));
#6598=DIRECTION('',(-1.,0.,0.));
#6599=DIRECTION('center_axis',(-1.,0.,0.));
#6600=DIRECTION('ref_axis',(0.,-1.,0.));
#6601=DIRECTION('center_axis',(1.,0.,0.));
#6602=DIRECTION('ref_axis',(0.,1.,0.));
#6603=DIRECTION('center_axis',(1.,0.,0.));
#6604=DIRECTION('ref_axis',(0.,1.,0.));
#6605=DIRECTION('center_axis',(1.,0.,0.));
#6606=DIRECTION('ref_axis',(0.,1.,0.));
#6607=DIRECTION('',(1.,0.,0.));
#6608=DIRECTION('center_axis',(1.,0.,0.));
#6609=DIRECTION('ref_axis',(0.,1.,0.));
#6610=DIRECTION('center_axis',(-1.,0.,0.));
#6611=DIRECTION('ref_axis',(0.,-1.,0.));
#6612=DIRECTION('center_axis',(-1.,0.,0.));
#6613=DIRECTION('ref_axis',(0.,-1.,0.));
#6614=DIRECTION('',(1.,0.,0.));
#6615=DIRECTION('center_axis',(1.,0.,0.));
#6616=DIRECTION('ref_axis',(0.,-1.,0.));
#6617=DIRECTION('',(1.,0.,0.));
#6618=DIRECTION('center_axis',(0.,-0.99007963132774,0.140507379272145));
#6619=DIRECTION('ref_axis',(0.,0.140507379272145,0.99007963132774));
#6620=DIRECTION('',(0.,-0.140507379272145,-0.99007963132774));
#6621=DIRECTION('',(0.,-0.140507379272145,-0.99007963132774));
#6622=DIRECTION('',(-1.,0.,0.));
#6623=DIRECTION('center_axis',(-1.,0.,0.));
#6624=DIRECTION('ref_axis',(0.,1.,0.));
#6625=DIRECTION('center_axis',(-1.,0.,0.));
#6626=DIRECTION('ref_axis',(0.,1.,0.));
#6627=DIRECTION('center_axis',(-1.,0.,0.));
#6628=DIRECTION('ref_axis',(0.,1.,0.));
#6629=DIRECTION('',(-1.,0.,0.));
#6630=DIRECTION('center_axis',(0.,-0.475630489645853,-0.879645176943093));
#6631=DIRECTION('ref_axis',(0.,-0.879645176943093,0.475630489645853));
#6632=DIRECTION('center_axis',(-1.,0.,0.));
#6633=DIRECTION('ref_axis',(0.,-1.,0.));
#6634=DIRECTION('',(0.,-0.999827945676544,0.0185493677579865));
#6635=DIRECTION('',(0.,-1.,0.));
#6636=DIRECTION('center_axis',(-1.,0.,0.));
#6637=DIRECTION('ref_axis',(0.,-5.68434188608084E-15,-1.));
#6638=DIRECTION('center_axis',(-1.,0.,0.));
#6639=DIRECTION('ref_axis',(0.,-1.,0.));
#6640=DIRECTION('',(0.,0.999827945676544,-0.0185493677579865));
#6641=DIRECTION('center_axis',(-1.,0.,0.));
#6642=DIRECTION('ref_axis',(0.,1.,0.));
#6643=DIRECTION('',(0.,0.,1.));
#6644=DIRECTION('',(0.,-1.,0.));
#6645=DIRECTION('center_axis',(0.,-0.0185493677579865,-0.999827945676544));
#6646=DIRECTION('ref_axis',(-8.70696703823618E-26,-0.999827945676544,0.0185493677579865));
#6647=DIRECTION('center_axis',(-1.,0.,0.));
#6648=DIRECTION('ref_axis',(0.,-1.,0.));
#6649=DIRECTION('',(0.,1.,0.));
#6650=DIRECTION('center_axis',(0.,0.,-1.));
#6651=DIRECTION('ref_axis',(0.,-1.,0.));
#6652=DIRECTION('',(1.,0.,0.));
#6653=DIRECTION('center_axis',(0.,-1.,0.));
#6654=DIRECTION('ref_axis',(0.,0.,-1.));
#6655=DIRECTION('',(-1.,0.,0.));
#6656=DIRECTION('center_axis',(0.,0.,-1.));
#6657=DIRECTION('ref_axis',(0.,1.,0.));
#6658=DIRECTION('',(-1.,0.,0.));
#6659=DIRECTION('center_axis',(0.,1.,0.));
#6660=DIRECTION('ref_axis',(0.,0.,1.));
#6661=DIRECTION('',(-1.,0.,0.));
#6662=DIRECTION('center_axis',(0.,0.,-1.));
#6663=DIRECTION('ref_axis',(0.,-1.,0.));
#6664=DIRECTION('',(-1.,0.,0.));
#6665=DIRECTION('center_axis',(0.,1.,0.));
#6666=DIRECTION('ref_axis',(0.,0.,-1.));
#6667=DIRECTION('',(-1.,0.,0.));
#6668=DIRECTION('center_axis',(0.,0.,-1.));
#6669=DIRECTION('ref_axis',(0.,1.,0.));
#6670=DIRECTION('',(-1.,0.,0.));
#6671=DIRECTION('center_axis',(0.,1.,0.));
#6672=DIRECTION('ref_axis',(0.,0.,1.));
#6673=DIRECTION('',(-1.,0.,0.));
#6674=DIRECTION('center_axis',(0.,0.,-1.));
#6675=DIRECTION('ref_axis',(0.,-1.,0.));
#6676=DIRECTION('',(1.,0.,0.));
#6677=DIRECTION('center_axis',(0.,-1.,0.));
#6678=DIRECTION('ref_axis',(0.,0.,-1.));
#6679=DIRECTION('',(-1.,0.,0.));
#6680=DIRECTION('center_axis',(0.,0.,-1.));
#6681=DIRECTION('ref_axis',(0.,1.,0.));
#6682=DIRECTION('',(-1.,0.,0.));
#6683=DIRECTION('center_axis',(0.,1.,0.));
#6684=DIRECTION('ref_axis',(0.,0.,-1.));
#6685=DIRECTION('',(-1.,0.,0.));
#6686=DIRECTION('center_axis',(1.,0.,0.));
#6687=DIRECTION('ref_axis',(0.,-5.68434188608084E-15,-1.));
#6688=DIRECTION('',(-1.,0.,0.));
#6689=DIRECTION('center_axis',(0.,0.,-1.));
#6690=DIRECTION('ref_axis',(-1.,0.,0.));
#6691=DIRECTION('center_axis',(0.,4.00177668780088E-12,-1.));
#6692=DIRECTION('ref_axis',(-1.,0.,0.));
#6693=DIRECTION('',(1.,0.,0.));
#6694=DIRECTION('center_axis',(1.06990872045364E-17,0.525487501160691,0.850801320005965));
#6695=DIRECTION('ref_axis',(2.48961896994371E-17,0.850801320005965,-0.525487501160691));
#6696=DIRECTION('',(1.,2.03603076779265E-17,-1.38666955995881E-32));
#6697=DIRECTION('center_axis',(1.9884642679135E-17,0.976637632087103,0.214892846766236));
#6698=DIRECTION('ref_axis',(1.50122594306183E-17,0.214892846766236,-0.976637632087103));
#6699=CARTESIAN_POINT('',(0.,0.,0.));
#6700=CARTESIAN_POINT('Origin',(-666.,-2276.68999998487,485.668609549765));
#6701=CARTESIAN_POINT('',(-1624.5,-2276.68999998495,505.668609549765));
#6702=CARTESIAN_POINT('',(-1284.5,-2276.68999998487,505.668609549765));
#6703=CARTESIAN_POINT('',(-666.,-2276.68999998495,505.668609549765));
#6704=CARTESIAN_POINT('',(-1264.5,-2256.68999998487,485.668609549765));
#6705=CARTESIAN_POINT('Origin',(-1264.5,-2276.68999998487,485.668609549765));
#6706=CARTESIAN_POINT('',(-1644.5,-2256.68999998487,485.668609549765));
#6707=CARTESIAN_POINT('',(-666.,-2256.68999998487,485.668609549765));
#6708=CARTESIAN_POINT('Origin',(-1644.5,-2276.68999998487,485.668609549765));
#6709=CARTESIAN_POINT('Origin',(-1264.5,-2276.68999998487,678.890710278373));
#6710=CARTESIAN_POINT('',(-1284.5,-2276.68999998487,824.845114592848));
#6711=CARTESIAN_POINT('',(-1284.5,-2276.68999998487,678.890710278373));
#6712=CARTESIAN_POINT('',(-1264.5,-2256.68999998487,824.845114592848));
#6713=CARTESIAN_POINT('Origin',(-1264.5,-2276.68999998487,824.845114592848));
#6714=CARTESIAN_POINT('',(-1264.5,-2256.68999998487,678.890710278373));
#6715=CARTESIAN_POINT('Origin',(-1644.5,-2276.68999998487,678.890710278373));
#6716=CARTESIAN_POINT('',(-1644.5,-2256.68999998487,824.845114592847));
#6717=CARTESIAN_POINT('',(-1644.5,-2256.68999998487,678.890710278373));
#6718=CARTESIAN_POINT('',(-1624.5,-2276.68999998487,824.845114592847));
#6719=CARTESIAN_POINT('Origin',(-1644.5,-2276.68999998487,824.845114592847));
#6720=CARTESIAN_POINT('',(-1624.5,-2276.68999998487,678.890710278373));
#6721=CARTESIAN_POINT('Origin',(-1832.5,-2783.43786596463,1098.84733951329));
#6722=CARTESIAN_POINT('',(-1644.5,-2773.92525617171,1116.44024305215));
#6723=CARTESIAN_POINT('',(-1264.5,-2773.92525617171,1116.44024305215));
#6724=CARTESIAN_POINT('',(-1832.5,-2773.92525617171,1116.44024305215));
#6725=CARTESIAN_POINT('',(-1284.5,-2765.84496242577,1089.33472972037));
#6726=CARTESIAN_POINT('Origin',(-1264.5,-2783.43786596463,1098.84733951329));
#6727=CARTESIAN_POINT('',(-1624.5,-2765.84496242577,1089.33472972037));
#6728=CARTESIAN_POINT('',(-1832.5,-2765.84496242577,1089.33472972037));
#6729=CARTESIAN_POINT('Origin',(-1644.5,-2783.43786596463,1098.84733951329));
#6730=CARTESIAN_POINT('Origin',(-1264.5,-2735.71299470688,1073.04215751537));
#6731=CARTESIAN_POINT('',(-1264.5,-2267.17739019196,842.43801813171));
#6732=CARTESIAN_POINT('',(-1264.5,-2726.20038491396,1090.63506105423));
#6733=CARTESIAN_POINT('Origin',(-1264.5,-2276.68999998487,824.845114592848));
#6734=CARTESIAN_POINT('',(-1284.5,-2735.71299470688,1073.04215751537));
#6735=CARTESIAN_POINT('Origin',(-1644.5,-2735.71299470688,1073.04215751537));
#6736=CARTESIAN_POINT('',(-1624.5,-2735.71299470688,1073.04215751537));
#6737=CARTESIAN_POINT('',(-1644.5,-2267.17739019196,842.438018131709));
#6738=CARTESIAN_POINT('Origin',(-1644.5,-2276.68999998487,824.845114592847));
#6739=CARTESIAN_POINT('',(-1644.5,-2726.20038491396,1090.63506105423));
#6740=CARTESIAN_POINT('Origin',(-1264.5,-2276.68999998487,824.845114592848));
#6741=CARTESIAN_POINT('Origin',(-1264.5,-2276.68999998487,824.845114592848));
#6742=CARTESIAN_POINT('Origin',(-1644.5,-2276.68999998487,824.845114592847));
#6743=CARTESIAN_POINT('Origin',(-1644.5,-2276.68999998487,824.845114592847));
#6744=CARTESIAN_POINT('Origin',(-1782.5,-2276.68999998487,824.845114592848));
#6745=CARTESIAN_POINT('',(-696.,-2267.17739019196,842.438018131709));
#6746=CARTESIAN_POINT('',(-1782.5,-2267.17739019196,842.43801813171));
#6747=CARTESIAN_POINT('',(-713.592903538862,-2256.68999998487,824.845114592848));
#6748=CARTESIAN_POINT('Origin',(-696.,-2276.68999998487,824.845114592847));
#6749=CARTESIAN_POINT('',(-1782.5,-2256.68999998487,824.845114592848));
#6750=CARTESIAN_POINT('Origin',(-2949.,-2981.70997687155,1228.79093971696));
#6751=CARTESIAN_POINT('',(-2213.,-2267.17739019196,842.438018131709));
#6752=CARTESIAN_POINT('',(-1782.5,-2267.17739019196,842.438018131709));
#6753=CARTESIAN_POINT('',(-2213.,-1777.12695102029,577.464212279234));
#6754=CARTESIAN_POINT('',(-2213.,-2265.32982025775,841.43902374682));
#6755=CARTESIAN_POINT('',(-2929.,-1777.12695102029,577.464212279234));
#6756=CARTESIAN_POINT('',(-1832.5,-1777.12695102029,577.464212279234));
#6757=CARTESIAN_POINT('',(-2929.,-2951.76036556573,1212.59696893934));
#6758=CARTESIAN_POINT('',(-2929.,-2770.71474737312,1114.70429779614));
#6759=CARTESIAN_POINT('',(20.,-2951.76036556573,1212.59696893934));
#6760=CARTESIAN_POINT('',(-716.,-2951.76036556573,1212.59696893934));
#6761=CARTESIAN_POINT('',(20.,-1777.12695102029,577.464212279234));
#6762=CARTESIAN_POINT('',(20.,-2770.71474737312,1114.70429779614));
#6763=CARTESIAN_POINT('',(-696.,-1777.12695102029,577.464212279234));
#6764=CARTESIAN_POINT('',(-1076.5,-1777.12695102029,577.464212279234));
#6765=CARTESIAN_POINT('',(-696.,-2265.32982025775,841.43902374682));
#6766=CARTESIAN_POINT('Origin',(-1624.5,-2560.77624763595,785.872462581307));
#6767=CARTESIAN_POINT('',(-1624.5,-2794.38279180452,1036.55601910379));
#6768=CARTESIAN_POINT('',(-1624.5,-2794.38279180452,1036.55601910379));
#6769=CARTESIAN_POINT('',(-1624.5,-2728.03618663863,735.026245817659));
#6770=CARTESIAN_POINT('',(-1624.5,-2762.68315606084,892.488602916526));
#6771=CARTESIAN_POINT('',(-1624.5,-2356.68999998447,505.668609549445));
#6772=CARTESIAN_POINT('',(-1624.5,-2678.86585764515,704.656766238279));
#6773=CARTESIAN_POINT('',(-1624.5,-2306.68999998511,505.668609549645));
#6774=CARTESIAN_POINT('Origin',(-716.,-2794.38279180452,1036.55601910379));
#6775=CARTESIAN_POINT('',(-1284.5,-2794.38279180452,1036.55601910379));
#6776=CARTESIAN_POINT('',(-1284.5,-2794.38279180452,1036.55601910379));
#6777=CARTESIAN_POINT('',(-1604.5,-2794.38279180452,1036.55601910379));
#6778=CARTESIAN_POINT('Origin',(-2213.,-2274.84243005067,823.846120207959));
#6779=CARTESIAN_POINT('',(-2193.,-2256.68999998487,814.030970387596));
#6780=CARTESIAN_POINT('',(-2193.,-1786.6395608132,559.871308740372));
#6781=CARTESIAN_POINT('',(-2193.,-2274.84243005067,823.846120207959));
#6782=CARTESIAN_POINT('Origin',(-2213.,-1786.6395608132,559.871308740372));
#6783=CARTESIAN_POINT('',(-2195.40709646114,-2256.68999998487,824.845114592847));
#6784=CARTESIAN_POINT('Origin',(-2213.,-2276.68999998487,824.845114592848));
#6785=CARTESIAN_POINT('Origin',(-2213.,-2256.68999998487,814.030970387596));
#6786=CARTESIAN_POINT('Origin',(-1782.5,-2276.68999998487,824.845114592847));
#6787=CARTESIAN_POINT('',(-1782.5,-2256.68999998487,824.845114592847));
#6788=CARTESIAN_POINT('Origin',(-2213.,-1824.68999998487,489.499694584925));
#6789=CARTESIAN_POINT('',(-2193.,-1744.68999998487,489.499694584925));
#6790=CARTESIAN_POINT('',(-2213.,-1724.68999998487,489.499694584925));
#6791=CARTESIAN_POINT('Origin',(-2213.,-1744.68999998487,489.499694584925));
#6792=CARTESIAN_POINT('Origin',(-2213.,-1824.68999998487,489.499694584925));
#6793=CARTESIAN_POINT('Origin',(-2193.,-1824.68999998487,489.499694584925));
#6794=CARTESIAN_POINT('Origin',(-2213.,-1744.68999998487,-395.));
#6795=CARTESIAN_POINT('',(-2193.,-1744.68999998487,-490.000000000001));
#6796=CARTESIAN_POINT('',(-2213.,-1724.68999998487,-490.000000000001));
#6797=CARTESIAN_POINT('Origin',(-2213.,-1744.68999998487,-490.000000000001));
#6798=CARTESIAN_POINT('',(-2213.,-1724.68999998487,-395.));
#6799=CARTESIAN_POINT('',(-2193.,-1744.68999998487,-395.));
#6800=CARTESIAN_POINT('Origin',(-2213.,-2124.68999998487,-490.000000000003));
#6801=CARTESIAN_POINT('',(-2193.,-1747.11789597328,-532.887134111028));
#6802=CARTESIAN_POINT('',(-2213.,-1727.55390044732,-537.779895815054));
#6803=CARTESIAN_POINT('Ctrl Pts',(-2213.,-1727.55390044732,-537.779895815054));
#6804=CARTESIAN_POINT('Ctrl Pts',(-2211.76906806853,-1727.55390044732,-537.779895815054));
#6805=CARTESIAN_POINT('Ctrl Pts',(-2210.42483963676,-1727.67235815345,-537.750270714836));
#6806=CARTESIAN_POINT('Ctrl Pts',(-2207.79272187132,-1728.18285510799,-537.622600477646));
#6807=CARTESIAN_POINT('Ctrl Pts',(-2206.50482823883,-1728.57487349618,-537.524560557608));
#6808=CARTESIAN_POINT('Ctrl Pts',(-2204.22729615353,-1729.49425427245,-537.294632522324));
#6809=CARTESIAN_POINT('Ctrl Pts',(-2203.02836172779,-1730.10714487157,-537.141354647765));
#6810=CARTESIAN_POINT('Ctrl Pts',(-2200.79107956761,-1731.56503069651,-536.776751828078));
#6811=CARTESIAN_POINT('Ctrl Pts',(-2199.75270103088,-1732.40998143487,-536.565438008825));
#6812=CARTESIAN_POINT('Ctrl Pts',(-2198.00462033673,-1734.11408560346,-536.139258417612));
#6813=CARTESIAN_POINT('Ctrl Pts',(-2197.13477344083,-1735.1310964442,-535.884914069212));
#6814=CARTESIAN_POINT('Ctrl Pts',(-2195.63526092304,-1737.32008896267,-535.337468699447));
#6815=CARTESIAN_POINT('Ctrl Pts',(-2195.00554489025,-1738.49203814004,-535.044375806102));
#6816=CARTESIAN_POINT('Ctrl Pts',(-2194.05640843471,-1740.72572614822,-534.485752536603));
#6817=CARTESIAN_POINT('Ctrl Pts',(-2193.65055861717,-1741.99382542691,-534.16861345428));
#6818=CARTESIAN_POINT('Ctrl Pts',(-2193.12237013268,-1744.58447953722,-533.520716494659));
#6819=CARTESIAN_POINT('Ctrl Pts',(-2193.,-1745.90702833107,-533.189960127348));
#6820=CARTESIAN_POINT('Ctrl Pts',(-2193.,-1747.11789597328,-532.887134111028));
#6821=CARTESIAN_POINT('Origin',(-2213.,-2124.68999998487,-490.000000000003));
#6822=CARTESIAN_POINT('Origin',(-2193.,-2124.68999998487,-490.000000000003));
#6823=CARTESIAN_POINT('Origin',(-616.,-2256.68999998487,571.90895797544));
#6824=CARTESIAN_POINT('',(-716.,-2256.68999998487,814.030970387595));
#6825=CARTESIAN_POINT('Origin',(-696.,-2256.68999998487,814.030970387595));
#6826=CARTESIAN_POINT('',(-716.,-2256.68999998487,-890.));
#6827=CARTESIAN_POINT('',(-716.,-2256.68999998487,571.90895797544));
#6828=CARTESIAN_POINT('',(-1266.,-2256.68999998487,-890.));
#6829=CARTESIAN_POINT('',(-716.,-2256.68999998487,-890.));
#6830=CARTESIAN_POINT('',(-1266.,-2256.68999998469,391.18270337971));
#6831=CARTESIAN_POINT('',(-1266.,-2256.68999998487,226.750708127675));
#6832=CARTESIAN_POINT('',(-1364.5,-2256.68999998469,391.18270337971));
#6833=CARTESIAN_POINT('',(-1643.,-2256.68999998469,391.18270337971));
#6834=CARTESIAN_POINT('',(-1364.5,-2256.68999998487,-628.09104202456));
#6835=CARTESIAN_POINT('',(-1364.5,-2256.68999998487,468.340412814683));
#6836=CARTESIAN_POINT('',(-1544.5,-2256.68999998487,-628.09104202456));
#6837=CARTESIAN_POINT('',(-1504.5,-2256.68999998487,-628.09104202456));
#6838=CARTESIAN_POINT('',(-1544.5,-2256.68999998469,391.18270337971));
#6839=CARTESIAN_POINT('',(-1544.5,-2256.68999998487,468.340412814683));
#6840=CARTESIAN_POINT('',(-1643.,-2256.68999998469,391.18270337971));
#6841=CARTESIAN_POINT('',(-1266.,-2256.68999998469,391.18270337971));
#6842=CARTESIAN_POINT('',(-1643.,-2256.68999998487,-890.));
#6843=CARTESIAN_POINT('',(-1643.,-2256.68999998487,226.750708127675));
#6844=CARTESIAN_POINT('',(-2193.,-2256.68999998487,-890.));
#6845=CARTESIAN_POINT('',(-2193.,-2256.68999998487,-890.));
#6846=CARTESIAN_POINT('',(-2193.,-2256.68999998487,571.90895797544));
#6847=CARTESIAN_POINT('Origin',(-696.,-2274.84243005067,823.846120207958));
#6848=CARTESIAN_POINT('',(-716.,-1786.6395608132,559.871308740372));
#6849=CARTESIAN_POINT('Origin',(-696.,-1786.6395608132,559.871308740372));
#6850=CARTESIAN_POINT('',(-716.,-2274.84243005067,823.846120207958));
#6851=CARTESIAN_POINT('Origin',(-696.,-1824.68999998487,489.499694584925));
#6852=CARTESIAN_POINT('',(-696.,-1724.68999998487,489.499694584925));
#6853=CARTESIAN_POINT('',(-716.,-1744.68999998487,489.499694584925));
#6854=CARTESIAN_POINT('Origin',(-696.,-1744.68999998487,489.499694584925));
#6855=CARTESIAN_POINT('Origin',(-716.,-1824.68999998487,489.499694584925));
#6856=CARTESIAN_POINT('Origin',(-696.,-1824.68999998487,489.499694584925));
#6857=CARTESIAN_POINT('Origin',(-696.,-1744.68999998487,-395.));
#6858=CARTESIAN_POINT('',(-696.,-1724.68999998487,-490.000000000001));
#6859=CARTESIAN_POINT('',(-716.,-1744.68999998487,-490.000000000001));
#6860=CARTESIAN_POINT('Origin',(-696.,-1744.68999998487,-490.000000000001));
#6861=CARTESIAN_POINT('',(-716.,-1744.68999998487,-395.));
#6862=CARTESIAN_POINT('',(-696.,-1724.68999998487,-395.));
#6863=CARTESIAN_POINT('Origin',(-696.,-2124.68999998487,-490.000000000003));
#6864=CARTESIAN_POINT('',(-696.,-1727.55390044732,-537.779895815054));
#6865=CARTESIAN_POINT('',(-716.,-1747.11789597328,-532.887134111028));
#6866=CARTESIAN_POINT('Ctrl Pts',(-716.,-1747.11789597328,-532.887134111028));
#6867=CARTESIAN_POINT('Ctrl Pts',(-716.,-1745.90702833107,-533.189960127348));
#6868=CARTESIAN_POINT('Ctrl Pts',(-715.877629867318,-1744.58447953722,-533.520716494659));
#6869=CARTESIAN_POINT('Ctrl Pts',(-715.349441382828,-1741.99382542691,-534.168613454279));
#6870=CARTESIAN_POINT('Ctrl Pts',(-714.943591565289,-1740.72572614822,-534.485752536603));
#6871=CARTESIAN_POINT('Ctrl Pts',(-713.994455109747,-1738.49203814004,-535.044375806102));
#6872=CARTESIAN_POINT('Ctrl Pts',(-713.364739076956,-1737.32008896267,-535.337468699447));
#6873=CARTESIAN_POINT('Ctrl Pts',(-711.865226559173,-1735.1310964442,-535.884914069212));
#6874=CARTESIAN_POINT('Ctrl Pts',(-710.995379663271,-1734.11408560346,-536.139258417612));
#6875=CARTESIAN_POINT('Ctrl Pts',(-709.247298969119,-1732.40998143487,-536.565438008825));
#6876=CARTESIAN_POINT('Ctrl Pts',(-708.208920432391,-1731.56503069651,-536.776751828078));
#6877=CARTESIAN_POINT('Ctrl Pts',(-705.971638272209,-1730.10714487157,-537.141354647765));
#6878=CARTESIAN_POINT('Ctrl Pts',(-704.772703846469,-1729.49425427245,-537.294632522324));
#6879=CARTESIAN_POINT('Ctrl Pts',(-702.495171761166,-1728.57487349618,-537.524560557608));
#6880=CARTESIAN_POINT('Ctrl Pts',(-701.207278128679,-1728.18285510799,-537.622600477646));
#6881=CARTESIAN_POINT('Ctrl Pts',(-698.575160363245,-1727.67235815345,-537.750270714836));
#6882=CARTESIAN_POINT('Ctrl Pts',(-697.230931931475,-1727.55390044732,-537.779895815054));
#6883=CARTESIAN_POINT('Ctrl Pts',(-696.,-1727.55390044732,-537.779895815054));
#6884=CARTESIAN_POINT('Origin',(-716.,-2124.68999998487,-490.000000000003));
#6885=CARTESIAN_POINT('Origin',(-696.,-2124.68999998487,-490.000000000003));
#6886=CARTESIAN_POINT('Origin',(-716.,-2124.68999998487,-490.000000000003));
#6887=CARTESIAN_POINT('',(20.,-1724.68999998487,-490.000000000001));
#6888=CARTESIAN_POINT('',(-616.,-1724.68999998487,-490.000000000001));
#6889=CARTESIAN_POINT('',(20.,-1727.55390044732,-537.779895815054));
#6890=CARTESIAN_POINT('Origin',(20.,-2124.68999998487,-490.000000000003));
#6891=CARTESIAN_POINT('',(-716.,-1727.55390044732,-537.779895815054));
#6892=CARTESIAN_POINT('Origin',(-2193.,-1724.68999998487,-490.000000000001));
#6893=CARTESIAN_POINT('',(20.,-1724.68999998487,489.499694584925));
#6894=CARTESIAN_POINT('',(-1076.5,-1724.68999998487,489.499694584925));
#6895=CARTESIAN_POINT('',(20.,-1724.68999998487,-92.5000000000003));
#6896=CARTESIAN_POINT('Origin',(-1076.5,-1824.68999998487,489.499694584925));
#6897=CARTESIAN_POINT('Origin',(20.,-1824.68999998487,489.499694584925));
#6898=CARTESIAN_POINT('Origin',(-2929.,-2961.27297535865,1195.00406540047));
#6899=CARTESIAN_POINT('',(-2949.,-2961.27297535865,1195.00406540047));
#6900=CARTESIAN_POINT('Origin',(-2929.,-2961.27297535865,1195.00406540047));
#6901=CARTESIAN_POINT('',(-2929.,-2981.27250531239,1194.86694636662));
#6902=CARTESIAN_POINT('Origin',(-2929.,-2961.27297535865,1195.00406540047));
#6903=CARTESIAN_POINT('Origin',(-2929.,-2961.27297535865,1195.00406540047));
#6904=CARTESIAN_POINT('Origin',(-2929.,-2780.22735716603,1097.11139425728));
#6905=CARTESIAN_POINT('',(-2949.,-1786.6395608132,559.871308740372));
#6906=CARTESIAN_POINT('Origin',(-2929.,-1786.6395608132,559.871308740372));
#6907=CARTESIAN_POINT('',(-2949.,-2780.22735716603,1097.11139425728));
#6908=CARTESIAN_POINT('Origin',(-2929.,-1824.68999998487,489.499694584925));
#6909=CARTESIAN_POINT('',(-2929.,-1724.68999998487,489.499694584925));
#6910=CARTESIAN_POINT('',(-2949.,-1744.68999998487,489.499694584925));
#6911=CARTESIAN_POINT('Origin',(-2929.,-1744.68999998487,489.499694584925));
#6912=CARTESIAN_POINT('Origin',(-2949.,-1824.68999998487,489.499694584925));
#6913=CARTESIAN_POINT('Origin',(-2929.,-1824.68999998487,489.499694584925));
#6914=CARTESIAN_POINT('Origin',(-2929.,-1744.68999998487,-92.5000000000003));
#6915=CARTESIAN_POINT('',(-2929.,-1724.68999998487,-490.000000000001));
#6916=CARTESIAN_POINT('',(-2949.,-1744.68999998487,-490.000000000001));
#6917=CARTESIAN_POINT('Origin',(-2929.,-1744.68999998487,-490.000000000001));
#6918=CARTESIAN_POINT('',(-2949.,-1744.68999998487,-92.5000000000003));
#6919=CARTESIAN_POINT('',(-2929.,-1724.68999998487,-92.5000000000003));
#6920=CARTESIAN_POINT('Origin',(-2929.,-2124.68999998487,-490.000000000003));
#6921=CARTESIAN_POINT('',(-2929.,-1727.55390044732,-537.779895815054));
#6922=CARTESIAN_POINT('',(-2949.,-1747.11789597328,-532.887134111028));
#6923=CARTESIAN_POINT('Ctrl Pts',(-2949.,-1747.11789597328,-532.887134111028));
#6924=CARTESIAN_POINT('Ctrl Pts',(-2949.,-1745.90702833107,-533.189960127348));
#6925=CARTESIAN_POINT('Ctrl Pts',(-2948.87762986732,-1744.58447953722,-533.520716494659));
#6926=CARTESIAN_POINT('Ctrl Pts',(-2948.34944138283,-1741.99382542691,-534.16861345428));
#6927=CARTESIAN_POINT('Ctrl Pts',(-2947.94359156529,-1740.72572614822,-534.485752536603));
#6928=CARTESIAN_POINT('Ctrl Pts',(-2946.99445510975,-1738.49203814004,-535.044375806102));
#6929=CARTESIAN_POINT('Ctrl Pts',(-2946.36473907696,-1737.32008896267,-535.337468699447));
#6930=CARTESIAN_POINT('Ctrl Pts',(-2944.86522655917,-1735.1310964442,-535.884914069211));
#6931=CARTESIAN_POINT('Ctrl Pts',(-2943.99537966327,-1734.11408560346,-536.139258417612));
#6932=CARTESIAN_POINT('Ctrl Pts',(-2942.24729896912,-1732.40998143487,-536.565438008825));
#6933=CARTESIAN_POINT('Ctrl Pts',(-2941.20892043239,-1731.56503069651,-536.776751828078));
#6934=CARTESIAN_POINT('Ctrl Pts',(-2938.97163827221,-1730.10714487157,-537.141354647765));
#6935=CARTESIAN_POINT('Ctrl Pts',(-2937.77270384647,-1729.49425427245,-537.294632522324));
#6936=CARTESIAN_POINT('Ctrl Pts',(-2935.49517176117,-1728.57487349618,-537.524560557608));
#6937=CARTESIAN_POINT('Ctrl Pts',(-2934.20727812868,-1728.18285510799,-537.622600477646));
#6938=CARTESIAN_POINT('Ctrl Pts',(-2931.57516036325,-1727.67235815345,-537.750270714836));
#6939=CARTESIAN_POINT('Ctrl Pts',(-2930.23093193148,-1727.55390044732,-537.779895815054));
#6940=CARTESIAN_POINT('Ctrl Pts',(-2929.,-1727.55390044732,-537.779895815054));
#6941=CARTESIAN_POINT('Origin',(-2949.,-2124.68999998487,-490.000000000003));
#6942=CARTESIAN_POINT('Origin',(-2929.,-2124.68999998487,-490.000000000003));
#6943=CARTESIAN_POINT('Origin',(-2193.,-2124.68999998487,-490.000000000003));
#6944=CARTESIAN_POINT('',(-2193.,-1727.55390044732,-537.779895815054));
#6945=CARTESIAN_POINT('',(-2293.,-1724.68999998487,-490.000000000001));
#6946=CARTESIAN_POINT('Origin',(-716.,-1724.68999998487,-490.000000000001));
#6947=CARTESIAN_POINT('',(-1832.5,-1724.68999998487,489.499694584925));
#6948=CARTESIAN_POINT('Origin',(-1832.5,-1824.68999998487,489.499694584925));
#6949=CARTESIAN_POINT('Origin',(-716.,-2961.27297535865,1195.00406540047));
#6950=CARTESIAN_POINT('',(20.,-2981.27250531239,1194.86694636662));
#6951=CARTESIAN_POINT('',(-716.,-2981.27250531239,1194.86694636662));
#6952=CARTESIAN_POINT('Origin',(20.,-2961.27297535865,1195.00406540047));
#6953=CARTESIAN_POINT('Origin',(-2929.,-5790.23764013258,1175.60836447391));
#6954=CARTESIAN_POINT('',(-2949.,-3384.84014172455,-313.512229167294));
#6955=CARTESIAN_POINT('Origin',(-2949.,-5790.23764013258,1175.60836447391));
#6956=CARTESIAN_POINT('',(-2929.,-3400.,-300.));
#6957=CARTESIAN_POINT('Ctrl Pts',(-2949.,-3384.84014172455,-313.512229167294));
#6958=CARTESIAN_POINT('Ctrl Pts',(-2949.,-3384.84523541772,-313.507686225093));
#6959=CARTESIAN_POINT('Ctrl Pts',(-2948.99999661089,-3384.85032911293,-313.503143284556));
#6960=CARTESIAN_POINT('Ctrl Pts',(-2948.99732609362,-3386.85716899785,-311.713293342987));
#6961=CARTESIAN_POINT('Ctrl Pts',(-2948.47128091436,-3388.8412175437,-309.944229183925));
#6962=CARTESIAN_POINT('Ctrl Pts',(-2946.43524324219,-3392.52817985253,-306.657507160415));
#6963=CARTESIAN_POINT('Ctrl Pts',(-2944.95142144561,-3394.20003562685,-305.167521939403));
#6964=CARTESIAN_POINT('Ctrl Pts',(-2941.23086591991,-3396.99448960541,-302.677437675355));
#6965=CARTESIAN_POINT('Ctrl Pts',(-2939.04202106855,-3398.09851297914,-301.693872257312));
#6966=CARTESIAN_POINT('Ctrl Pts',(-2934.24935129777,-3399.59784957143,-300.358202981627));
#6967=CARTESIAN_POINT('Ctrl Pts',(-2931.70061475615,-3399.98782651022,-300.010843597983));
#6968=CARTESIAN_POINT('Ctrl Pts',(-2929.08108350725,-3399.99990654398,-300.00008324642));
#6969=CARTESIAN_POINT('Ctrl Pts',(-2929.04053852988,-3400.,-299.999999999998));
#6970=CARTESIAN_POINT('Ctrl Pts',(-2929.,-3400.,-299.999999999998));
#6971=CARTESIAN_POINT('Origin',(-2929.,-5790.23764013258,1175.60836447391));
#6972=CARTESIAN_POINT('Origin',(20.,-2124.68999998487,-490.000000000003));
#6973=CARTESIAN_POINT('',(40.,-1744.68999998487,-490.000000000001));
#6974=CARTESIAN_POINT('Origin',(20.,-1744.68999998487,-490.000000000001));
#6975=CARTESIAN_POINT('',(40.,-1747.11789597328,-532.887134111028));
#6976=CARTESIAN_POINT('Origin',(40.,-2124.68999998487,-490.000000000003));
#6977=CARTESIAN_POINT('Ctrl Pts',(20.,-1727.55390044732,-537.779895815054));
#6978=CARTESIAN_POINT('Ctrl Pts',(21.230931931475,-1727.55390044732,-537.779895815054));
#6979=CARTESIAN_POINT('Ctrl Pts',(22.575160363245,-1727.67235815345,-537.750270714836));
#6980=CARTESIAN_POINT('Ctrl Pts',(25.2072781286791,-1728.18285510799,-537.622600477646));
#6981=CARTESIAN_POINT('Ctrl Pts',(26.4951717611655,-1728.57487349618,-537.524560557608));
#6982=CARTESIAN_POINT('Ctrl Pts',(28.7727038464682,-1729.49425427245,-537.294632522324));
#6983=CARTESIAN_POINT('Ctrl Pts',(29.9716382722096,-1730.10714487157,-537.141354647765));
#6984=CARTESIAN_POINT('Ctrl Pts',(32.2089204323914,-1731.56503069651,-536.776751828078));
#6985=CARTESIAN_POINT('Ctrl Pts',(33.2472989691187,-1732.40998143487,-536.565438008825));
#6986=CARTESIAN_POINT('Ctrl Pts',(34.9953796632705,-1734.11408560346,-536.139258417612));
#6987=CARTESIAN_POINT('Ctrl Pts',(35.8652265591729,-1735.1310964442,-535.884914069212));
#6988=CARTESIAN_POINT('Ctrl Pts',(37.3647390769566,-1737.32008896267,-535.337468699447));
#6989=CARTESIAN_POINT('Ctrl Pts',(37.9944551097463,-1738.49203814004,-535.044375806102));
#6990=CARTESIAN_POINT('Ctrl Pts',(38.943591565289,-1740.72572614822,-534.485752536603));
#6991=CARTESIAN_POINT('Ctrl Pts',(39.3494413828282,-1741.99382542691,-534.16861345428));
#6992=CARTESIAN_POINT('Ctrl Pts',(39.8776298673181,-1744.58447953722,-533.520716494659));
#6993=CARTESIAN_POINT('Ctrl Pts',(40.,-1745.90702833107,-533.189960127348));
#6994=CARTESIAN_POINT('Ctrl Pts',(40.,-1747.11789597328,-532.887134111028));
#6995=CARTESIAN_POINT('Origin',(20.,-1744.68999998487,-92.5000000000003));
#6996=CARTESIAN_POINT('',(40.,-1744.68999998487,489.499694584925));
#6997=CARTESIAN_POINT('Origin',(20.,-1744.68999998487,489.499694584925));
#6998=CARTESIAN_POINT('',(40.,-1744.68999998487,-92.5000000000003));
#6999=CARTESIAN_POINT('Origin',(20.,-1824.68999998487,489.499694584925));
#7000=CARTESIAN_POINT('',(40.,-1786.6395608132,559.871308740372));
#7001=CARTESIAN_POINT('Origin',(20.,-1786.6395608132,559.871308740372));
#7002=CARTESIAN_POINT('Origin',(40.,-1824.68999998487,489.499694584925));
#7003=CARTESIAN_POINT('Origin',(20.,-2780.22735716603,1097.11139425728));
#7004=CARTESIAN_POINT('',(40.,-2961.27297535865,1195.00406540047));
#7005=CARTESIAN_POINT('Origin',(20.,-2961.27297535865,1195.00406540048));
#7006=CARTESIAN_POINT('',(40.,-2780.22735716603,1097.11139425728));
#7007=CARTESIAN_POINT('Origin',(20.,-2961.27297535865,1195.00406540047));
#7008=CARTESIAN_POINT('Origin',(20.,-2961.27297535865,1195.00406540047));
#7009=CARTESIAN_POINT('Origin',(-80.,-5790.23764013258,1175.60836447391));
#7010=CARTESIAN_POINT('',(-80.,-3400.,-300.));
#7011=CARTESIAN_POINT('',(-80.,-2981.32556105503,1149.74422667344));
#7012=CARTESIAN_POINT('Origin',(-80.,-5790.23764013258,1175.60836447391));
#7013=CARTESIAN_POINT('',(-97.7089473021162,-2970.8390186454,1131.96717325238));
#7014=CARTESIAN_POINT('Ctrl Pts',(-80.,-2981.32556105503,1149.74422667344));
#7015=CARTESIAN_POINT('Ctrl Pts',(-80.0066589793594,-2981.32562215043,1149.73759155512));
#7016=CARTESIAN_POINT('Ctrl Pts',(-80.0133179570714,-2981.32567994384,1149.73095640661));
#7017=CARTESIAN_POINT('Ctrl Pts',(-83.6026539857367,-2981.35505200345,1146.15444940106));
#7018=CARTESIAN_POINT('Ctrl Pts',(-87.1190722840882,-2980.42896187195,1142.64158389598));
#7019=CARTESIAN_POINT('Ctrl Pts',(-92.6269266988284,-2977.23290727753,1137.11495707498));
#7020=CARTESIAN_POINT('Ctrl Pts',(-94.7084030062503,-2975.33837796048,1135.01679759182));
#7021=CARTESIAN_POINT('Ctrl Pts',(-96.8275194062151,-2972.37405280176,1132.86598764108));
#7022=CARTESIAN_POINT('Ctrl Pts',(-97.2908639781238,-2971.62905694306,1132.39435265631));
#7023=CARTESIAN_POINT('Ctrl Pts',(-97.7089473021162,-2970.8390186454,1131.96717325238));
#7024=CARTESIAN_POINT('',(-100.,-2961.62437358358,1126.98474822745));
#7025=CARTESIAN_POINT('Ctrl Pts',(-97.7089473021162,-2970.8390186454,1131.96717325238));
#7026=CARTESIAN_POINT('Ctrl Pts',(-97.9415270235996,-2970.39952040022,1131.72953338232));
#7027=CARTESIAN_POINT('Ctrl Pts',(-98.1518189924296,-2969.96176623978,1131.49283655144));
#7028=CARTESIAN_POINT('Ctrl Pts',(-98.8593679515942,-2968.34898199837,1130.62079248352));
#7029=CARTESIAN_POINT('Ctrl Pts',(-99.2987863686095,-2967.01060548381,1129.89712265205));
#7030=CARTESIAN_POINT('Ctrl Pts',(-99.8689346846107,-2964.28337502681,1128.4224894799));
#7031=CARTESIAN_POINT('Ctrl Pts',(-100.,-2962.89457535081,1127.67155548148));
#7032=CARTESIAN_POINT('Ctrl Pts',(-100.,-2961.62437358358,1126.98474822745));
#7033=CARTESIAN_POINT('',(-100.,-3384.84014172456,-313.512229167296));
#7034=CARTESIAN_POINT('Origin',(-100.,-5790.23764013258,1175.60836447391));
#7035=CARTESIAN_POINT('Ctrl Pts',(-100.,-3384.84014172456,-313.512229167296));
#7036=CARTESIAN_POINT('Ctrl Pts',(-100.,-3384.84523616469,-313.507685558892));
#7037=CARTESIAN_POINT('Ctrl Pts',(-99.9999966098964,-3384.85033060595,-313.503141952345));
#7038=CARTESIAN_POINT('Ctrl Pts',(-99.99732569995,-3386.85717139773,-311.713291263517));
#7039=CARTESIAN_POINT('Ctrl Pts',(-99.4712800771535,-3388.84121993432,-309.944227052453));
#7040=CARTESIAN_POINT('Ctrl Pts',(-97.4352414326246,-3392.52818226181,-306.657505012977));
#7041=CARTESIAN_POINT('Ctrl Pts',(-95.9514190688796,-3394.20003799752,-305.167519826715));
#7042=CARTESIAN_POINT('Ctrl Pts',(-92.2308623746283,-3396.99449169197,-302.677435816294));
#7043=CARTESIAN_POINT('Ctrl Pts',(-90.0420169337543,-3398.09851481255,-301.693870623953));
#7044=CARTESIAN_POINT('Ctrl Pts',(-85.2493462389366,-3399.59785062194,-300.358202045869));
#7045=CARTESIAN_POINT('Ctrl Pts',(-82.7006094004597,-3399.98782707431,-300.010843095517));
#7046=CARTESIAN_POINT('Ctrl Pts',(-80.0810798301982,-3399.99990655246,-300.000083238872));
#7047=CARTESIAN_POINT('Ctrl Pts',(-80.0405366916357,-3400.,-300.));
#7048=CARTESIAN_POINT('Ctrl Pts',(-80.,-3400.,-300.));
#7049=CARTESIAN_POINT('Origin',(-2829.,-3097.54792179948,-86.6013727338358));
#7050=CARTESIAN_POINT('',(-2829.,-3400.,-300.));
#7051=CARTESIAN_POINT('',(-2829.,-4020.38983050847,-790.));
#7052=CARTESIAN_POINT('',(-2829.,-3109.94421344495,-70.9064068708439));
#7053=CARTESIAN_POINT('',(-2809.,-3988.12211598223,-790.));
#7054=CARTESIAN_POINT('Origin',(-2829.,-3988.12211598223,-790.));
#7055=CARTESIAN_POINT('',(-2809.,-3384.84014172456,-313.512229167296));
#7056=CARTESIAN_POINT('',(-2809.,-3097.54792179948,-86.6013727338358));
#7057=CARTESIAN_POINT('Ctrl Pts',(-2809.,-3384.84014172456,-313.512229167296));
#7058=CARTESIAN_POINT('Ctrl Pts',(-2809.,-3384.84523616458,-313.507685558988));
#7059=CARTESIAN_POINT('Ctrl Pts',(-2809.0000033901,-3384.85033060676,-313.503141952255));
#7060=CARTESIAN_POINT('Ctrl Pts',(-2809.00267430001,-3386.85717128902,-311.713291298543));
#7061=CARTESIAN_POINT('Ctrl Pts',(-2809.52871989352,-3388.84121982944,-309.944227146008));
#7062=CARTESIAN_POINT('Ctrl Pts',(-2811.5647584665,-3392.52818213052,-306.657505130014));
#7063=CARTESIAN_POINT('Ctrl Pts',(-2813.0485808087,-3394.20003787774,-305.167519933462));
#7064=CARTESIAN_POINT('Ctrl Pts',(-2816.76913746741,-3396.99449160072,-302.677435897596));
#7065=CARTESIAN_POINT('Ctrl Pts',(-2818.95798289464,-3398.09851473795,-301.693870690411));
#7066=CARTESIAN_POINT('Ctrl Pts',(-2823.75065357133,-3399.5978505832,-300.358202080382));
#7067=CARTESIAN_POINT('Ctrl Pts',(-2826.29939040535,-3399.98782705448,-300.010843113183));
#7068=CARTESIAN_POINT('Ctrl Pts',(-2828.91892004072,-3399.99990655216,-300.000083239139));
#7069=CARTESIAN_POINT('Ctrl Pts',(-2828.95946324383,-3400.,-299.999999999999));
#7070=CARTESIAN_POINT('Ctrl Pts',(-2829.,-3400.,-299.999999999999));
#7071=CARTESIAN_POINT('Origin',(-2829.,-5790.23764013258,1175.60836447391));
#7072=CARTESIAN_POINT('',(-2829.,-2981.32556105503,1149.74422667344));
#7073=CARTESIAN_POINT('Origin',(-2829.,-5790.23764013258,1175.60836447391));
#7074=CARTESIAN_POINT('',(-2809.,-2961.62437358358,1126.98474822745));
#7075=CARTESIAN_POINT('Origin',(-2809.,-5790.23764013258,1175.60836447391));
#7076=CARTESIAN_POINT('',(-2811.29105269788,-2970.8390186454,1131.96717325238));
#7077=CARTESIAN_POINT('Ctrl Pts',(-2809.,-2961.62437358358,1126.98474822745));
#7078=CARTESIAN_POINT('Ctrl Pts',(-2809.,-2962.89457535081,1127.67155548148));
#7079=CARTESIAN_POINT('Ctrl Pts',(-2809.13106531539,-2964.28337502681,1128.4224894799));
#7080=CARTESIAN_POINT('Ctrl Pts',(-2809.70121363139,-2967.01060548381,1129.89712265205));
#7081=CARTESIAN_POINT('Ctrl Pts',(-2810.14063204841,-2968.34898199837,1130.62079248352));
#7082=CARTESIAN_POINT('Ctrl Pts',(-2810.84818100757,-2969.96176623978,1131.49283655144));
#7083=CARTESIAN_POINT('Ctrl Pts',(-2811.0584729764,-2970.39952040022,1131.72953338232));
#7084=CARTESIAN_POINT('Ctrl Pts',(-2811.29105269788,-2970.8390186454,1131.96717325238));
#7085=CARTESIAN_POINT('Ctrl Pts',(-2811.29105269788,-2970.8390186454,1131.96717325238));
#7086=CARTESIAN_POINT('Ctrl Pts',(-2812.38876426398,-2972.91332806468,1133.08876731171));
#7087=CARTESIAN_POINT('Ctrl Pts',(-2813.78749523572,-2974.6604577038,1134.50556287415));
#7088=CARTESIAN_POINT('Ctrl Pts',(-2817.24941707341,-2977.85396506983,1137.99591764398));
#7089=CARTESIAN_POINT('Ctrl Pts',(-2819.41495711939,-2979.14512961126,1140.16912043164));
#7090=CARTESIAN_POINT('Ctrl Pts',(-2824.01749645727,-2980.91190036604,1144.77533419801));
#7091=CARTESIAN_POINT('Ctrl Pts',(-2826.50967198429,-2981.34594967807,1147.26279968984));
#7092=CARTESIAN_POINT('Ctrl Pts',(-2828.98668204306,-2981.32567994383,1149.73095640674));
#7093=CARTESIAN_POINT('Ctrl Pts',(-2828.99334102107,-2981.32562215043,1149.73759155555));
#7094=CARTESIAN_POINT('Ctrl Pts',(-2829.,-2981.32556105503,1149.74422667344));
#7095=CARTESIAN_POINT('Origin',(-716.,-2961.32640885248,1149.56007679124));
#7096=CARTESIAN_POINT('',(-716.,-2981.32556105503,1149.74422667344));
#7097=CARTESIAN_POINT('',(-716.,-2970.8390186454,1131.96717325238));
#7098=CARTESIAN_POINT('Origin',(-80.,-3097.54792179948,-86.6013727338357));
#7099=CARTESIAN_POINT('',(-100.,-3988.12211598223,-790.));
#7100=CARTESIAN_POINT('',(-100.,-3097.54792179948,-86.6013727338357));
#7101=CARTESIAN_POINT('',(-80.,-4020.38983050847,-790.));
#7102=CARTESIAN_POINT('Origin',(-80.,-3988.12211598223,-790.));
#7103=CARTESIAN_POINT('',(-80.,-3109.94421344495,-70.9064068708439));
#7104=CARTESIAN_POINT('Origin',(-716.,-5790.23764013258,1175.60836447391));
#7105=CARTESIAN_POINT('',(20.,-3400.,-300.));
#7106=CARTESIAN_POINT('',(-716.,-3400.,-300.));
#7107=CARTESIAN_POINT('Origin',(20.,-5790.23764013258,1175.60836447391));
#7108=CARTESIAN_POINT('',(-2193.,-3400.,-300.));
#7109=CARTESIAN_POINT('Origin',(-716.,-3400.,-300.));
#7110=CARTESIAN_POINT('',(-2193.,-4020.38983050847,-790.));
#7111=CARTESIAN_POINT('',(-2929.,-4147.,-890.));
#7112=CARTESIAN_POINT('',(-2929.,-3109.94421344495,-70.9064068708439));
#7113=CARTESIAN_POINT('',(20.,-4147.,-890.));
#7114=CARTESIAN_POINT('',(-716.,-4147.,-890.));
#7115=CARTESIAN_POINT('',(20.,-3109.94421344495,-70.9064068708439));
#7116=CARTESIAN_POINT('Origin',(20.,-5790.23764013258,1175.60836447391));
#7117=CARTESIAN_POINT('',(40.,-3384.84014172456,-313.512229167295));
#7118=CARTESIAN_POINT('Ctrl Pts',(20.,-3400.,-299.999999999997));
#7119=CARTESIAN_POINT('Ctrl Pts',(22.5671644384744,-3400.,-299.999999999998));
#7120=CARTESIAN_POINT('Ctrl Pts',(25.1075776814994,-3399.62525322256,-300.33379320196));
#7121=CARTESIAN_POINT('Ctrl Pts',(29.8780745426305,-3398.16587737875,-301.633858980302));
#7122=CARTESIAN_POINT('Ctrl Pts',(32.0566948120977,-3397.09063597857,-302.591776950999));
#7123=CARTESIAN_POINT('Ctrl Pts',(35.7798728043981,-3394.36096677499,-305.024106840436));
#7124=CARTESIAN_POINT('Ctrl Pts',(37.2777736700626,-3392.72417620403,-306.482819779518));
#7125=CARTESIAN_POINT('Ctrl Pts',(38.871397880205,-3389.96660866669,-308.940991316473));
#7126=CARTESIAN_POINT('Ctrl Pts',(39.2912808779616,-3388.97216824984,-309.827564891395));
#7127=CARTESIAN_POINT('Ctrl Pts',(39.8557152804627,-3386.93460009894,-311.64435541097));
#7128=CARTESIAN_POINT('Ctrl Pts',(39.9986047908134,-3385.8962538518,-312.57030938625));
#7129=CARTESIAN_POINT('Ctrl Pts',(39.9999966108902,-3384.85032911247,-313.503143284373));
#7130=CARTESIAN_POINT('Ctrl Pts',(40.,-3384.84523541793,-313.507686224909));
#7131=CARTESIAN_POINT('Ctrl Pts',(40.,-3384.84014172456,-313.512229167295));
#7132=CARTESIAN_POINT('Origin',(40.,-5790.23764013258,1175.60836447391));
#7133=CARTESIAN_POINT('Origin',(20.,-3097.54792179948,-86.6013727338358));
#7134=CARTESIAN_POINT('',(40.,-4114.73228547376,-890.));
#7135=CARTESIAN_POINT('Origin',(20.,-4114.73228547376,-890.));
#7136=CARTESIAN_POINT('',(40.,-3097.54792179948,-86.6013727338358));
#7137=CARTESIAN_POINT('Origin',(-2929.,-3097.54792179948,-86.6013727338357));
#7138=CARTESIAN_POINT('',(-2949.,-4114.73228547376,-890.));
#7139=CARTESIAN_POINT('',(-2949.,-3097.54792179948,-86.6013727338357));
#7140=CARTESIAN_POINT('Origin',(-2929.,-4114.73228547376,-890.));
#7141=CARTESIAN_POINT('Origin',(40.,-2935.84499999244,305.));
#7142=CARTESIAN_POINT('',(40.,-3450.,-890.));
#7143=CARTESIAN_POINT('',(40.,-4147.,-890.));
#7144=CARTESIAN_POINT('',(40.,-3450.,-790.));
#7145=CARTESIAN_POINT('',(40.,-3450.,-292.5));
#7146=CARTESIAN_POINT('',(40.,-3697.71268524608,-790.));
#7147=CARTESIAN_POINT('',(40.,-3859.05125787728,-790.));
#7148=CARTESIAN_POINT('',(40.,-3248.84109388991,-435.469559705307));
#7149=CARTESIAN_POINT('',(40.,-3248.84109388991,-435.469559705307));
#7150=CARTESIAN_POINT('',(40.,-2792.44507423596,915.784934262717));
#7151=CARTESIAN_POINT('Origin',(40.,-5790.23764013257,1175.60836447391));
#7152=CARTESIAN_POINT('',(40.,-2660.49249344597,969.45592610172));
#7153=CARTESIAN_POINT('Origin',(40.,-2712.74387041531,908.877104680303));
#7154=CARTESIAN_POINT('',(40.,-1824.68999998487,248.546701837578));
#7155=CARTESIAN_POINT('',(40.,-2712.31878139679,1014.15793325702));
#7156=CARTESIAN_POINT('',(40.,-1824.68999998487,-490.000000000001));
#7157=CARTESIAN_POINT('',(40.,-1824.68999998487,-490.000000000001));
#7158=CARTESIAN_POINT('',(40.,-1825.59316869675,-513.261244880739));
#7159=CARTESIAN_POINT('Origin',(40.,-2124.68999998487,-490.000000000003));
#7160=CARTESIAN_POINT('',(40.,-2464.06021315375,-353.5869544089));
#7161=CARTESIAN_POINT('Origin',(-1713.,-2438.64346742614,821.468761196146));
#7162=CARTESIAN_POINT('',(-1693.,-2376.68999998487,787.970074649881));
#7163=CARTESIAN_POINT('',(-1693.,-2823.57018299916,1029.60141172918));
#7164=CARTESIAN_POINT('',(-1693.,-2438.64346742614,821.468761196146));
#7165=CARTESIAN_POINT('',(-1713.,-2814.05757320624,1047.19431526804));
#7166=CARTESIAN_POINT('Origin',(-1713.,-2823.57018299916,1029.60141172918));
#7167=CARTESIAN_POINT('',(-1713.,-2356.68999998487,799.892370686936));
#7168=CARTESIAN_POINT('',(-1713.,-2429.13085763323,839.061664735008));
#7169=CARTESIAN_POINT('Origin',(-1713.,-2376.68999998487,787.970074649881));
#7170=CARTESIAN_POINT('Ctrl Pts',(-1673.,-2850.52508358664,1059.03547795373));
#7171=CARTESIAN_POINT('Ctrl Pts',(-1674.49599650171,-2850.52508358664,1059.03547795373));
#7172=CARTESIAN_POINT('Ctrl Pts',(-1678.98475350792,-2849.84965551865,1058.29792767345));
#7173=CARTESIAN_POINT('Ctrl Pts',(-1685.89559487801,-2845.36640476013,1053.40233181328));
#7174=CARTESIAN_POINT('Ctrl Pts',(-1691.63333654023,-2835.66446026891,1042.80805506072));
#7175=CARTESIAN_POINT('Ctrl Pts',(-1693.,-2827.60262669744,1034.00473773948));
#7176=CARTESIAN_POINT('Ctrl Pts',(-1693.,-2823.57018299916,1029.60141172918));
#7177=CARTESIAN_POINT('Ctrl Pts',(-1673.,-2850.87649829582,1060.63257545894));
#7178=CARTESIAN_POINT('Ctrl Pts',(-1674.60159674188,-2850.87649829582,1060.63257545894));
#7179=CARTESIAN_POINT('Ctrl Pts',(-1679.40798452503,-2850.13472358767,1059.9207008273));
#7180=CARTESIAN_POINT('Ctrl Pts',(-1686.71700954562,-2845.21424463112,1055.19510828627));
#7181=CARTESIAN_POINT('Ctrl Pts',(-1692.39005402736,-2834.72650182773,1044.96657638425));
#7182=CARTESIAN_POINT('Ctrl Pts',(-1693.29318902799,-2826.26761399036,1036.47308254469));
#7183=CARTESIAN_POINT('Ctrl Pts',(-1693.,-2822.14709990192,1032.23330394408));
#7184=CARTESIAN_POINT('Ctrl Pts',(-1673.,-2851.97315335417,1063.73999655921));
#7185=CARTESIAN_POINT('Ctrl Pts',(-1674.8430058824,-2851.97315335417,1063.73999655921));
#7186=CARTESIAN_POINT('Ctrl Pts',(-1680.37364481897,-2851.10848619255,1063.07699747706));
#7187=CARTESIAN_POINT('Ctrl Pts',(-1688.68783792251,-2845.37464135045,1058.67749938682));
#7188=CARTESIAN_POINT('Ctrl Pts',(-1694.69603876249,-2833.2926008341,1049.18507799451));
#7189=CARTESIAN_POINT('Ctrl Pts',(-1695.0713675886,-2823.79944739055,1041.36348875604));
#7190=CARTESIAN_POINT('Ctrl Pts',(-1694.36672694195,-2819.30200948099,1037.49509880632));
#7191=CARTESIAN_POINT('Ctrl Pts',(-1673.,-2854.70050926768,1067.86244943276));
#7192=CARTESIAN_POINT('Ctrl Pts',(-1675.2738740837,-2854.70050926768,1067.86244943276));
#7193=CARTESIAN_POINT('Ctrl Pts',(-1682.09710214372,-2853.68652559493,1067.24833484388));
#7194=CARTESIAN_POINT('Ctrl Pts',(-1692.4077148985,-2846.96168756709,1063.17286775498));
#7195=CARTESIAN_POINT('Ctrl Pts',(-1700.08453070754,-2832.69005623165,1054.42890653298));
#7196=CARTESIAN_POINT('Ctrl Pts',(-1700.83620449721,-2821.3233171924,1047.30892987278));
#7197=CARTESIAN_POINT('Ctrl Pts',(-1700.10444256195,-2815.8781115958,1043.82735741171));
#7198=CARTESIAN_POINT('Ctrl Pts',(-1673.,-2857.73968659281,1070.64275997629));
#7199=CARTESIAN_POINT('Ctrl Pts',(-1675.66876862608,-2857.73968659281,1070.64275997629));
#7200=CARTESIAN_POINT('Ctrl Pts',(-1683.67659141619,-2856.63219533392,1070.03511342973));
#7201=CARTESIAN_POINT('Ctrl Pts',(-1695.90838544219,-2849.28304622034,1066.00368917319));
#7202=CARTESIAN_POINT('Ctrl Pts',(-1705.62044687998,-2833.50649825507,1057.33873674592));
#7203=CARTESIAN_POINT('Ctrl Pts',(-1707.38806561918,-2820.62497521147,1050.24586326647));
#7204=CARTESIAN_POINT('Ctrl Pts',(-1707.01527087087,-2814.29593530881,1046.75348130458));
#7205=CARTESIAN_POINT('Ctrl Pts',(-1673.,-2859.8259836624,1071.94162480394));
#7206=CARTESIAN_POINT('Ctrl Pts',(-1675.91118864114,-2859.8259836624,1071.94162480394));
#7207=CARTESIAN_POINT('Ctrl Pts',(-1684.64623617068,-2858.67440210934,1071.31927584731));
#7208=CARTESIAN_POINT('Ctrl Pts',(-1698.07039077935,-2851.03192323137,1067.18730379042));
#7209=CARTESIAN_POINT('Ctrl Pts',(-1709.10504188482,-2834.52446171521,1058.26154018649));
#7210=CARTESIAN_POINT('Ctrl Pts',(-1711.59703417986,-2820.86289049981,1050.87456765797));
#7211=CARTESIAN_POINT('Ctrl Pts',(-1711.50400349829,-2814.05757320624,1047.19431526804));
#7212=CARTESIAN_POINT('Ctrl Pts',(-1673.,-2860.54522643546,1072.33052455727));
#7213=CARTESIAN_POINT('Ctrl Pts',(-1675.99199300342,-2860.54522643546,1072.33052455727));
#7214=CARTESIAN_POINT('Ctrl Pts',(-1684.96950701584,-2859.38035232643,1071.70066872746));
#7215=CARTESIAN_POINT('Ctrl Pts',(-1698.79118975601,-2851.64833321083,1067.51991024177));
#7216=CARTESIAN_POINT('Ctrl Pts',(-1710.26667308045,-2834.91591642104,1058.47257183841));
#7217=CARTESIAN_POINT('Ctrl Pts',(-1713.,-2821.0121098666,1050.95468338433));
#7218=CARTESIAN_POINT('Ctrl Pts',(-1713.,-2814.05757320624,1047.19431526804));
#7219=CARTESIAN_POINT('',(-1673.,-2850.52508358664,1059.03547795373));
#7220=CARTESIAN_POINT('',(-1673.,-2860.54522643546,1072.33052455727));
#7221=CARTESIAN_POINT('Origin',(-1673.,-2870.05783622838,1054.7376210184));
#7222=CARTESIAN_POINT('Origin',(-1673.,-2814.05757320624,1047.19431526804));
#7223=CARTESIAN_POINT('Origin',(-1673.,-2823.57018299916,1029.60141172918));
#7224=CARTESIAN_POINT('Origin',(-852.25,-2870.05783622838,1054.7376210184));
#7225=CARTESIAN_POINT('',(-1236.,-2850.52508358664,1059.03547795373));
#7226=CARTESIAN_POINT('',(-1236.,-2860.54522643546,1072.33052455726));
#7227=CARTESIAN_POINT('Origin',(-1236.,-2870.05783622838,1054.7376210184));
#7228=CARTESIAN_POINT('',(-852.25,-2860.54522643546,1072.33052455726));
#7229=CARTESIAN_POINT('',(-852.25,-2850.52508358664,1059.03547795373));
#7230=CARTESIAN_POINT('Ctrl Pts',(-1216.,-2823.57018299916,1029.60141172918));
#7231=CARTESIAN_POINT('Ctrl Pts',(-1216.,-2827.60262669744,1034.00473773948));
#7232=CARTESIAN_POINT('Ctrl Pts',(-1217.02782806153,-2833.64469627456,1040.60252412304));
#7233=CARTESIAN_POINT('Ctrl Pts',(-1220.23376493792,-2840.51629433478,1048.10613452281));
#7234=CARTESIAN_POINT('Ctrl Pts',(-1223.42660813978,-2844.81875293694,1052.80430994414));
#7235=CARTESIAN_POINT('Ctrl Pts',(-1228.52504690567,-2849.1396686866,1057.52264010134));
#7236=CARTESIAN_POINT('Ctrl Pts',(-1233.00800699658,-2850.52508358664,1059.03547795373));
#7237=CARTESIAN_POINT('Ctrl Pts',(-1236.,-2850.52508358664,1059.03547795373));
#7238=CARTESIAN_POINT('Ctrl Pts',(-1216.,-2822.14709990192,1032.23330394408));
#7239=CARTESIAN_POINT('Ctrl Pts',(-1215.70681097201,-2826.26761399036,1036.47308254469));
#7240=CARTESIAN_POINT('Ctrl Pts',(-1216.38862453176,-2832.60656375539,1042.83852067891));
#7241=CARTESIAN_POINT('Ctrl Pts',(-1219.44377812606,-2839.97133332447,1050.0818333152));
#7242=CARTESIAN_POINT('Ctrl Pts',(-1222.67436176387,-2844.63220576197,1054.61753322988));
#7243=CARTESIAN_POINT('Ctrl Pts',(-1227.9984528221,-2849.34980327947,1059.17247971103));
#7244=CARTESIAN_POINT('Ctrl Pts',(-1232.79680651623,-2850.87649829582,1060.63257545894));
#7245=CARTESIAN_POINT('Ctrl Pts',(-1236.,-2850.87649829582,1060.63257545894));
#7246=CARTESIAN_POINT('Ctrl Pts',(-1214.63327505952,-2819.30200954318,1037.49509869129));
#7247=CARTESIAN_POINT('Ctrl Pts',(-1213.92863441287,-2823.79944745275,1041.36348864102));
#7248=CARTESIAN_POINT('Ctrl Pts',(-1214.21586995288,-2830.91237416127,1047.22523698242));
#7249=CARTESIAN_POINT('Ctrl Pts',(-1217.30445464801,-2839.33498113481,1053.93227497758));
#7250=CARTESIAN_POINT('Ctrl Pts',(-1220.81388319058,-2844.71271755226,1058.14331647904));
#7251=CARTESIAN_POINT('Ctrl Pts',(-1226.79496745347,-2850.18903727604,1062.3791679935));
#7252=CARTESIAN_POINT('Ctrl Pts',(-1232.3139882352,-2851.97315318807,1063.73999658819));
#7253=CARTESIAN_POINT('Ctrl Pts',(-1236.,-2851.97315318807,1063.73999658819));
#7254=CARTESIAN_POINT('Ctrl Pts',(-1208.89555863087,-2815.87811167494,1043.82735726536));
#7255=CARTESIAN_POINT('Ctrl Pts',(-1208.16379669561,-2821.32331727154,1047.30892972642));
#7256=CARTESIAN_POINT('Ctrl Pts',(-1208.73367598603,-2829.84056187061,1052.64440721035));
#7257=CARTESIAN_POINT('Ctrl Pts',(-1212.74997245396,-2839.82752739289,1058.80189082438));
#7258=CARTESIAN_POINT('Ctrl Pts',(-1217.18534685297,-2846.17327586475,1062.6838176626));
#7259=CARTESIAN_POINT('Ctrl Pts',(-1224.64179812163,-2852.61158571638,1066.60037211));
#7260=CARTESIAN_POINT('Ctrl Pts',(-1231.45225183259,-2854.70050917125,1067.86244944429));
#7261=CARTESIAN_POINT('Ctrl Pts',(-1236.,-2854.70050917125,1067.86244944429));
#7262=CARTESIAN_POINT('Ctrl Pts',(-1201.9847299056,-2814.29593537521,1046.75348118177));
#7263=CARTESIAN_POINT('Ctrl Pts',(-1201.61193515729,-2820.62497527787,1050.24586314366));
#7264=CARTESIAN_POINT('Ctrl Pts',(-1202.94352491811,-2830.27832250138,1055.56141681996));
#7265=CARTESIAN_POINT('Ctrl Pts',(-1208.23185631902,-2841.39640518257,1061.67206823015));
#7266=CARTESIAN_POINT('Ctrl Pts',(-1213.71822517044,-2848.40024018126,1065.51818245942));
#7267=CARTESIAN_POINT('Ctrl Pts',(-1222.66694921656,-2855.4639356452,1069.39446250139));
#7268=CARTESIAN_POINT('Ctrl Pts',(-1230.66246274785,-2857.73968652989,1070.64275998247));
#7269=CARTESIAN_POINT('Ctrl Pts',(-1236.,-2857.73968652989,1070.64275998247));
#7270=CARTESIAN_POINT('Ctrl Pts',(-1197.49599650171,-2814.05757320624,1047.19431526804));
#7271=CARTESIAN_POINT('Ctrl Pts',(-1197.40296582014,-2820.86289049981,1050.87456765797));
#7272=CARTESIAN_POINT('Ctrl Pts',(-1199.27764132387,-2831.10165720098,1056.41055984406));
#7273=CARTESIAN_POINT('Ctrl Pts',(-1205.40870624731,-2842.77968554848,1062.72529347642));
#7274=CARTESIAN_POINT('Ctrl Pts',(-1211.56955085982,-2850.10202779329,1066.68441108025));
#7275=CARTESIAN_POINT('Ctrl Pts',(-1221.45440459222,-2857.46288880209,1070.66457668207));
#7276=CARTESIAN_POINT('Ctrl Pts',(-1230.17762271771,-2859.8259836624,1071.94162480394));
#7277=CARTESIAN_POINT('Ctrl Pts',(-1236.,-2859.8259836624,1071.94162480394));
#7278=CARTESIAN_POINT('Ctrl Pts',(-1196.,-2814.05757320624,1047.19431526804));
#7279=CARTESIAN_POINT('Ctrl Pts',(-1196.,-2821.0121098666,1050.95468338433));
#7280=CARTESIAN_POINT('Ctrl Pts',(-1198.05565612305,-2831.43253914537,1056.58908462939));
#7281=CARTESIAN_POINT('Ctrl Pts',(-1204.46752987584,-2843.28361115052,1062.99704471192));
#7282=CARTESIAN_POINT('Ctrl Pts',(-1210.85321627956,-2850.70382785217,1067.00920938421));
#7283=CARTESIAN_POINT('Ctrl Pts',(-1221.05009381134,-2858.15587659377,1071.03858587002));
#7284=CARTESIAN_POINT('Ctrl Pts',(-1230.01601399316,-2860.54522643546,1072.33052455727));
#7285=CARTESIAN_POINT('Ctrl Pts',(-1236.,-2860.54522643546,1072.33052455727));
#7286=CARTESIAN_POINT('',(-1216.,-2823.57018299916,1029.60141172918));
#7287=CARTESIAN_POINT('',(-1196.,-2814.05757320624,1047.19431526804));
#7288=CARTESIAN_POINT('Origin',(-1196.,-2823.57018299916,1029.60141172918));
#7289=CARTESIAN_POINT('Origin',(-1236.,-2814.05757320624,1047.19431526804));
#7290=CARTESIAN_POINT('Origin',(-1236.,-2823.57018299916,1029.60141172918));
#7291=CARTESIAN_POINT('Origin',(-1196.,-2438.64346742614,821.468761196146));
#7292=CARTESIAN_POINT('',(-1196.,-2356.68999998487,799.892370686936));
#7293=CARTESIAN_POINT('',(-1196.,-2429.13085763323,839.061664735008));
#7294=CARTESIAN_POINT('',(-1216.,-2376.68999998487,787.970074649881));
#7295=CARTESIAN_POINT('',(-1216.,-2438.64346742614,821.468761196146));
#7296=CARTESIAN_POINT('Origin',(-1196.,-2376.68999998487,787.970074649881));
#7297=CARTESIAN_POINT('Origin',(-1196.,-2376.68999998487,648.144736758192));
#7298=CARTESIAN_POINT('',(-1216.,-2376.68999998487,482.760499843598));
#7299=CARTESIAN_POINT('',(-1216.,-2376.68999998487,648.144736758192));
#7300=CARTESIAN_POINT('',(-1196.,-2356.68999998487,482.760499843598));
#7301=CARTESIAN_POINT('Origin',(-1196.,-2376.68999998487,482.760499843598));
#7302=CARTESIAN_POINT('',(-1196.,-2356.68999998487,648.144736758192));
#7303=CARTESIAN_POINT('Ctrl Pts',(-1236.,-2366.18024996166,452.762024668051));
#7304=CARTESIAN_POINT('Ctrl Pts',(-1234.50400349829,-2366.18024996166,452.762024668051));
#7305=CARTESIAN_POINT('Ctrl Pts',(-1230.01524529587,-2366.44360034037,453.513718074714));
#7306=CARTESIAN_POINT('Ctrl Pts',(-1223.10440328557,-2368.19162553406,458.503188829351));
#7307=CARTESIAN_POINT('Ctrl Pts',(-1217.36666030949,-2371.97442599977,469.300614611504));
#7308=CARTESIAN_POINT('Ctrl Pts',(-1216.,-2375.11774505802,478.272738451674));
#7309=CARTESIAN_POINT('Ctrl Pts',(-1216.,-2376.68999998487,482.760499843598));
#7310=CARTESIAN_POINT('Ctrl Pts',(-1236.,-2364.53130248445,451.743571512223));
#7311=CARTESIAN_POINT('Ctrl Pts',(-1234.41450297711,-2364.53130248445,451.743571512223));
#7312=CARTESIAN_POINT('Ctrl Pts',(-1229.65639531289,-2364.75389573047,452.540089443798));
#7313=CARTESIAN_POINT('Ctrl Pts',(-1222.41170089289,-2366.23294321765,457.824398494161));
#7314=CARTESIAN_POINT('Ctrl Pts',(-1216.74140273532,-2369.48918856244,469.115944757443));
#7315=CARTESIAN_POINT('Ctrl Pts',(-1215.76426039381,-2372.27510708862,478.273095281174));
#7316=CARTESIAN_POINT('Ctrl Pts',(-1216.,-2373.69800698145,482.760499843598));
#7317=CARTESIAN_POINT('Ctrl Pts',(-1236.,-2361.53193502728,449.22384088103));
#7318=CARTESIAN_POINT('Ctrl Pts',(-1234.19295307997,-2361.53193502728,449.22384088103));
#7319=CARTESIAN_POINT('Ctrl Pts',(-1228.77011622872,-2361.67490136368,450.107571941475));
#7320=CARTESIAN_POINT('Ctrl Pts',(-1220.6023370433,-2362.62483120885,455.968152104099));
#7321=CARTESIAN_POINT('Ctrl Pts',(-1214.60969266039,-2364.77415699751,468.33575982159));
#7322=CARTESIAN_POINT('Ctrl Pts',(-1214.06670828353,-2366.7002073121,478.098957499013));
#7323=CARTESIAN_POINT('Ctrl Pts',(-1214.63327692249,-2367.7162830112,482.760499843598));
#7324=CARTESIAN_POINT('Ctrl Pts',(-1236.,-2358.3042228095,444.313513226427));
#7325=CARTESIAN_POINT('Ctrl Pts',(-1233.76125124149,-2358.3042228095,444.313513226427));
#7326=CARTESIAN_POINT('Ctrl Pts',(-1227.04329745467,-2358.3531864401,445.319592432508));
#7327=CARTESIAN_POINT('Ctrl Pts',(-1216.87794768103,-2358.67979767427,451.992406202301));
#7328=CARTESIAN_POINT('Ctrl Pts',(-1209.22434768099,-2359.4355981521,466.13036823373));
#7329=CARTESIAN_POINT('Ctrl Pts',(-1208.3071841398,-2360.13760225201,477.368621771219));
#7330=CARTESIAN_POINT('Ctrl Pts',(-1208.89555974044,-2360.51763211102,482.760499843598));
#7331=CARTESIAN_POINT('Ctrl Pts',(-1236.,-2356.90090500221,439.622289262539));
#7332=CARTESIAN_POINT('Ctrl Pts',(-1233.34880118497,-2356.90090500221,439.622289262539));
#7333=CARTESIAN_POINT('Ctrl Pts',(-1225.39363303955,-2356.90747714233,440.724626210946));
#7334=CARTESIAN_POINT('Ctrl Pts',(-1213.23483393644,-2356.95039711033,448.038992250747));
#7335=CARTESIAN_POINT('Ctrl Pts',(-1203.53560937548,-2357.04936524953,463.717218801419));
#7336=CARTESIAN_POINT('Ctrl Pts',(-1201.68498377937,-2357.14148154402,476.488912506607));
#7337=CARTESIAN_POINT('Ctrl Pts',(-1201.98473062788,-2357.1911500078,482.760499843598));
#7338=CARTESIAN_POINT('Ctrl Pts',(-1236.,-2356.68999998487,436.715053814998));
#7339=CARTESIAN_POINT('Ctrl Pts',(-1233.09320173616,-2356.68999998487,436.715053814998));
#7340=CARTESIAN_POINT('Ctrl Pts',(-1224.371310116,-2356.68974827688,437.874189092286));
#7341=CARTESIAN_POINT('Ctrl Pts',(-1210.96539026849,-2356.68948225105,445.567495733957));
#7342=CARTESIAN_POINT('Ctrl Pts',(-1199.93392522923,-2356.68957250178,462.178556875456));
#7343=CARTESIAN_POINT('Ctrl Pts',(-1197.42119487496,-2356.68959806419,475.917527770242));
#7344=CARTESIAN_POINT('Ctrl Pts',(-1197.49599650171,-2356.68999998487,482.760499843598));
#7345=CARTESIAN_POINT('Ctrl Pts',(-1236.,-2356.68999998487,435.745998267931));
#7346=CARTESIAN_POINT('Ctrl Pts',(-1233.00800699658,-2356.68999998487,435.745998267931));
#7347=CARTESIAN_POINT('Ctrl Pts',(-1224.03049059175,-2356.68999998487,436.924074508312));
#7348=CARTESIAN_POINT('Ctrl Pts',(-1210.20880657115,-2356.68999998487,444.743721316456));
#7349=CARTESIAN_POINT('Ctrl Pts',(-1198.73332061899,-2356.68999998487,461.66576780307));
#7350=CARTESIAN_POINT('Ctrl Pts',(-1196.,-2356.68999998487,475.727146854917));
#7351=CARTESIAN_POINT('Ctrl Pts',(-1196.,-2356.68999998487,482.760499843598));
#7352=CARTESIAN_POINT('',(-1236.,-2366.18024996166,452.762024668051));
#7353=CARTESIAN_POINT('',(-1236.,-2356.68999998487,435.745998267931));
#7354=CARTESIAN_POINT('Origin',(-1236.,-2376.68999998487,435.745998267931));
#7355=CARTESIAN_POINT('Origin',(-1236.,-2356.68999998487,482.760499843598));
#7356=CARTESIAN_POINT('Origin',(-1236.,-2376.68999998487,482.760499843598));
#7357=CARTESIAN_POINT('Origin',(-1110.25,-2376.68999998487,435.745998267931));
#7358=CARTESIAN_POINT('',(-1673.,-2366.18024996166,452.762024668051));
#7359=CARTESIAN_POINT('',(-1673.,-2356.68999998487,435.745998267931));
#7360=CARTESIAN_POINT('Origin',(-1673.,-2376.68999998487,435.745998267931));
#7361=CARTESIAN_POINT('',(-1110.25,-2356.68999998487,435.745998267931));
#7362=CARTESIAN_POINT('',(-1110.25,-2366.18024996166,452.762024668051));
#7363=CARTESIAN_POINT('Ctrl Pts',(-1693.,-2376.68999998487,482.760499843598));
#7364=CARTESIAN_POINT('Ctrl Pts',(-1693.,-2375.11774505802,478.272738451674));
#7365=CARTESIAN_POINT('Ctrl Pts',(-1691.97077744935,-2372.76247362816,471.549976124863));
#7366=CARTESIAN_POINT('Ctrl Pts',(-1687.96720204605,-2369.41186136563,461.986165514861));
#7367=CARTESIAN_POINT('Ctrl Pts',(-1681.9748873395,-2366.89835424235,454.811743585254));
#7368=CARTESIAN_POINT('Ctrl Pts',(-1675.99199300342,-2366.18024996166,452.762024668051));
#7369=CARTESIAN_POINT('Ctrl Pts',(-1673.,-2366.18024996166,452.762024668051));
#7370=CARTESIAN_POINT('Ctrl Pts',(-1693.,-2373.69800698145,482.760499843598));
#7371=CARTESIAN_POINT('Ctrl Pts',(-1693.23573960619,-2372.27510708862,478.273095281174));
#7372=CARTESIAN_POINT('Ctrl Pts',(-1692.49651773034,-2370.1874991879,471.412441584919));
#7373=CARTESIAN_POINT('Ctrl Pts',(-1688.66165102853,-2367.27824488291,461.480558497468));
#7374=CARTESIAN_POINT('Ctrl Pts',(-1682.51225589546,-2365.13593545849,453.92151766169));
#7375=CARTESIAN_POINT('Ctrl Pts',(-1676.17099404579,-2364.53130248445,451.743571512223));
#7376=CARTESIAN_POINT('Ctrl Pts',(-1673.,-2364.53130248445,451.743571512223));
#7377=CARTESIAN_POINT('Ctrl Pts',(-1694.36672590241,-2367.71628282676,482.760499843598));
#7378=CARTESIAN_POINT('Ctrl Pts',(-1694.93329454136,-2366.70020712766,478.098957499013));
#7379=CARTESIAN_POINT('Ctrl Pts',(-1694.51730120445,-2365.25660298992,470.785481239187));
#7380=CARTESIAN_POINT('Ctrl Pts',(-1690.62211638862,-2363.30950719162,459.988578592697));
#7381=CARTESIAN_POINT('Ctrl Pts',(-1683.8405954902,-2361.91757526984,451.64647935607));
#7382=CARTESIAN_POINT('Ctrl Pts',(-1676.61409384005,-2361.53193525604,449.223840465298));
#7383=CARTESIAN_POINT('Ctrl Pts',(-1673.,-2361.53193525604,449.223840465298));
#7384=CARTESIAN_POINT('Ctrl Pts',(-1700.10444194231,-2360.51763187623,482.760499843598));
#7385=CARTESIAN_POINT('Ctrl Pts',(-1700.69281754294,-2360.13760201722,477.368621771219));
#7386=CARTESIAN_POINT('Ctrl Pts',(-1699.9952988803,-2359.61143132242,468.950096614488));
#7387=CARTESIAN_POINT('Ctrl Pts',(-1694.94715848646,-2358.91896735723,456.583344279894));
#7388=CARTESIAN_POINT('Ctrl Pts',(-1686.43055671573,-2358.43578538321,447.068921478171));
#7389=CARTESIAN_POINT('Ctrl Pts',(-1677.47749751702,-2358.30422292743,444.313512977473));
#7390=CARTESIAN_POINT('Ctrl Pts',(-1673.,-2358.30422292743,444.313512977473));
#7391=CARTESIAN_POINT('Ctrl Pts',(-1707.01527046752,-2357.19114981073,482.760499843598));
#7392=CARTESIAN_POINT('Ctrl Pts',(-1707.31501731602,-2357.14148134695,476.488912506607));
#7393=CARTESIAN_POINT('Ctrl Pts',(-1705.91795004802,-2357.07236866751,466.920312731208));
#7394=CARTESIAN_POINT('Ctrl Pts',(-1699.29831279016,-2356.98178537087,453.111611552416));
#7395=CARTESIAN_POINT('Ctrl Pts',(-1688.90504145908,-2356.91840400144,442.634083974842));
#7396=CARTESIAN_POINT('Ctrl Pts',(-1678.30239763006,-2356.90090507496,439.622289098433));
#7397=CARTESIAN_POINT('Ctrl Pts',(-1673.,-2356.90090507496,439.622289098433));
#7398=CARTESIAN_POINT('Ctrl Pts',(-1711.50400349829,-2356.68999998487,482.760499843598));
#7399=CARTESIAN_POINT('Ctrl Pts',(-1711.57880512504,-2356.68959806419,475.917527770242));
#7400=CARTESIAN_POINT('Ctrl Pts',(-1709.68566071797,-2356.68968428674,465.623284796138));
#7401=CARTESIAN_POINT('Ctrl Pts',(-1702.02529334015,-2356.68938839537,450.92960534872));
#7402=CARTESIAN_POINT('Ctrl Pts',(-1690.43852558074,-2356.68956182989,439.877275546247));
#7403=CARTESIAN_POINT('Ctrl Pts',(-1678.81359652768,-2356.68999998487,436.715053814998));
#7404=CARTESIAN_POINT('Ctrl Pts',(-1673.,-2356.68999998487,436.715053814998));
#7405=CARTESIAN_POINT('Ctrl Pts',(-1713.,-2356.68999998487,482.760499843598));
#7406=CARTESIAN_POINT('Ctrl Pts',(-1713.,-2356.68999998487,475.727146854917));
#7407=CARTESIAN_POINT('Ctrl Pts',(-1710.94155489869,-2356.68999998487,465.191033997276));
#7408=CARTESIAN_POINT('Ctrl Pts',(-1702.93440409211,-2356.68999998487,450.202345860226));
#7409=CARTESIAN_POINT('Ctrl Pts',(-1690.949774679,-2356.68999998487,438.958378653888));
#7410=CARTESIAN_POINT('Ctrl Pts',(-1678.98398600684,-2356.68999998487,435.745998267931));
#7411=CARTESIAN_POINT('Ctrl Pts',(-1673.,-2356.68999998487,435.745998267931));
#7412=CARTESIAN_POINT('',(-1693.,-2376.68999998487,482.760499843598));
#7413=CARTESIAN_POINT('',(-1713.,-2356.68999998487,482.760499843598));
#7414=CARTESIAN_POINT('Origin',(-1713.,-2376.68999998487,482.760499843598));
#7415=CARTESIAN_POINT('Origin',(-1673.,-2356.68999998487,482.760499843598));
#7416=CARTESIAN_POINT('Origin',(-1673.,-2376.68999998487,482.760499843598));
#7417=CARTESIAN_POINT('Origin',(-1713.,-2376.68999998487,648.144736758192));
#7418=CARTESIAN_POINT('',(-1713.,-2356.68999998487,648.144736758192));
#7419=CARTESIAN_POINT('',(-1693.,-2376.68999998487,648.144736758192));
#7420=CARTESIAN_POINT('Origin',(-1216.,-2637.64904527837,724.380515540945));
#7421=CARTESIAN_POINT('',(-1216.,-2754.60613853591,716.175990188736));
#7422=CARTESIAN_POINT('',(-1216.,-2751.85688769076,703.681289337451));
#7423=CARTESIAN_POINT('',(-1216.,-2509.89680670384,565.034128661962));
#7424=CARTESIAN_POINT('Origin',(-1236.,-2751.85688769076,703.681289337451));
#7425=CARTESIAN_POINT('',(-1236.,-2774.13889117765,711.878133253412));
#7426=CARTESIAN_POINT('',(-1236.,-2771.3896403325,699.383432402126));
#7427=CARTESIAN_POINT('Origin',(-1236.,-2754.60613853591,716.175990188737));
#7428=CARTESIAN_POINT('Origin',(-1604.5,-2772.31943980077,703.609153102787));
#7429=CARTESIAN_POINT('',(-1673.,-2774.13889117765,711.878133253412));
#7430=CARTESIAN_POINT('',(-1673.,-2771.3896403325,699.383432402126));
#7431=CARTESIAN_POINT('',(-1604.5,-2774.13889117765,711.878133253412));
#7432=CARTESIAN_POINT('Origin',(-1673.,-2751.85688769076,703.681289337451));
#7433=CARTESIAN_POINT('',(-1693.,-2754.60613853591,716.175990188736));
#7434=CARTESIAN_POINT('',(-1693.,-2751.85688769076,703.681289337451));
#7435=CARTESIAN_POINT('Origin',(-1673.,-2754.60613853591,716.175990188736));
#7436=CARTESIAN_POINT('Origin',(-616.,-2356.68999998487,571.90895797544));
#7437=CARTESIAN_POINT('',(-2293.,-2356.68999998487,799.892370686936));
#7438=CARTESIAN_POINT('',(-358.,-2356.68999998487,799.892370686936));
#7439=CARTESIAN_POINT('',(-2293.,-2356.68999998487,-790.));
#7440=CARTESIAN_POINT('',(-2293.,-2356.68999998487,571.90895797544));
#7441=CARTESIAN_POINT('',(-616.,-2356.68999998487,-790.));
#7442=CARTESIAN_POINT('',(-616.,-2356.68999998487,-790.));
#7443=CARTESIAN_POINT('',(-616.,-2356.68999998487,799.892370686936));
#7444=CARTESIAN_POINT('',(-616.,-2356.68999998487,571.90895797544));
#7445=CARTESIAN_POINT('',(-2551.,-2356.68999998487,799.892370686936));
#7446=CARTESIAN_POINT('Origin',(-1673.,-2754.60613853591,716.175990188737));
#7447=CARTESIAN_POINT('',(-1673.,-2765.11588855913,699.159963788617));
#7448=CARTESIAN_POINT('Origin',(-1673.,-2754.60613853591,716.175990188737));
#7449=CARTESIAN_POINT('Origin',(-1673.,-2754.60613853591,716.175990188737));
#7450=CARTESIAN_POINT('Origin',(-1236.,-2754.60613853591,716.175990188737));
#7451=CARTESIAN_POINT('',(-1236.,-2765.11588855913,699.159963788617));
#7452=CARTESIAN_POINT('Origin',(-1236.,-2754.60613853591,716.175990188736));
#7453=CARTESIAN_POINT('Origin',(-1236.,-2754.60613853591,716.175990188737));
#7454=CARTESIAN_POINT('Origin',(-1604.5,-2754.60613853591,716.175990188737));
#7455=CARTESIAN_POINT('',(-1604.5,-2765.11588855913,699.159963788617));
#7456=CARTESIAN_POINT('Origin',(-1236.,-2509.89680670384,565.034128661962));
#7457=CARTESIAN_POINT('',(-1236.,-2520.40655672705,548.018102261842));
#7458=CARTESIAN_POINT('Origin',(-1673.,-2509.89680670384,565.034128661962));
#7459=CARTESIAN_POINT('',(-1673.,-2520.40655672705,548.018102261842));
#7460=CARTESIAN_POINT('',(-1693.,-2509.89680670384,565.034128661962));
#7461=CARTESIAN_POINT('Origin',(-1604.5,-2356.68999998487,446.900482580108));
#7462=CARTESIAN_POINT('Origin',(-1693.,-2637.64904527837,724.380515540945));
#7463=CARTESIAN_POINT('Origin',(-2949.,-2150.,-750.));
#7464=CARTESIAN_POINT('',(-716.,-2150.,-890.));
#7465=CARTESIAN_POINT('',(-716.,-2150.,-910.));
#7466=CARTESIAN_POINT('',(-716.,-2150.,-525.));
#7467=CARTESIAN_POINT('',(40.,-2150.,-890.));
#7468=CARTESIAN_POINT('',(-2586.,-2150.,-890.));
#7469=CARTESIAN_POINT('',(40.,-2150.,-790.));
#7470=CARTESIAN_POINT('',(40.,-2150.,-222.5));
#7471=CARTESIAN_POINT('',(0.,-2150.,-790.));
#7472=CARTESIAN_POINT('',(20.,-2150.,-790.));
#7473=CARTESIAN_POINT('',(0.,-2150.,-750.));
#7474=CARTESIAN_POINT('',(0.,-2150.,-222.5));
#7475=CARTESIAN_POINT('',(70.,-2150.,-750.));
#7476=CARTESIAN_POINT('',(40.,-2150.,-750.));
#7477=CARTESIAN_POINT('',(70.,-2150.,-910.));
#7478=CARTESIAN_POINT('',(70.,-2150.,-750.));
#7479=CARTESIAN_POINT('',(-2979.,-2150.,-910.));
#7480=CARTESIAN_POINT('Origin',(-100.,-2935.84499999244,305.));
#7481=CARTESIAN_POINT('',(-100.,-2315.76555897681,777.764230357911));
#7482=CARTESIAN_POINT('',(-100.,-2456.76775801158,854.005136038893));
#7483=CARTESIAN_POINT('',(-100.,-1824.68999998487,354.194184733924));
#7484=CARTESIAN_POINT('',(-100.,-2113.7528793361,603.521146243347));
#7485=CARTESIAN_POINT('',(-100.,-1824.68999998487,-490.000000000003));
#7486=CARTESIAN_POINT('',(-100.,-1824.68999998487,-92.5000000000003));
#7487=CARTESIAN_POINT('',(-100.,-2124.68999998487,-790.));
#7488=CARTESIAN_POINT('Origin',(-100.,-2124.68999998487,-490.000000000003));
#7489=CARTESIAN_POINT('',(-100.,-3541.42249999622,-790.));
#7490=CARTESIAN_POINT('Origin',(-716.,-1824.68999998487,-490.000000000001));
#7491=CARTESIAN_POINT('',(-516.,-1824.68999998487,354.194184733924));
#7492=CARTESIAN_POINT('',(-716.,-1824.68999998487,354.194184733924));
#7493=CARTESIAN_POINT('',(-516.,-1824.68999998487,-490.000000000003));
#7494=CARTESIAN_POINT('',(-516.,-1824.68999998487,40.9544789877194));
#7495=CARTESIAN_POINT('',(-716.,-1824.68999998487,-490.000000000003));
#7496=CARTESIAN_POINT('Origin',(0.,-1824.68999998487,354.194184733924));
#7497=CARTESIAN_POINT('',(0.,-1824.68999998487,248.546701837578));
#7498=CARTESIAN_POINT('',(0.,-1824.68999998487,248.546701837577));
#7499=CARTESIAN_POINT('',(0.,-1824.68999998487,-490.000000000001));
#7500=CARTESIAN_POINT('',(0.,-1824.68999998487,329.597092366962));
#7501=CARTESIAN_POINT('',(0.,-1824.68999998487,-490.000000000001));
#7502=CARTESIAN_POINT('Origin',(40.,-3210.,-750.));
#7503=CARTESIAN_POINT('',(70.,-3110.,-750.));
#7504=CARTESIAN_POINT('',(0.,-3110.,-750.));
#7505=CARTESIAN_POINT('',(40.,-3110.,-750.));
#7506=CARTESIAN_POINT('',(0.,-3210.,-750.));
#7507=CARTESIAN_POINT('',(0.,-3072.92249999622,-750.));
#7508=CARTESIAN_POINT('',(70.,-3210.,-750.));
#7509=CARTESIAN_POINT('',(40.,-3210.,-750.));
#7510=CARTESIAN_POINT('',(70.,-3110.,-750.));
#7511=CARTESIAN_POINT('Origin',(70.,-3160.,-820.));
#7512=CARTESIAN_POINT('',(70.,-3210.,-910.));
#7513=CARTESIAN_POINT('',(70.,-3210.,-750.));
#7514=CARTESIAN_POINT('',(70.,-3110.,-910.));
#7515=CARTESIAN_POINT('',(70.,-3110.,-910.));
#7516=CARTESIAN_POINT('',(70.,-3110.,-750.));
#7517=CARTESIAN_POINT('Origin',(0.,-2124.68999998487,-490.000000000003));
#7518=CARTESIAN_POINT('',(40.,-2017.93424896427,-770.362639493974));
#7519=CARTESIAN_POINT('',(0.,-2017.93424896427,-770.362639493974));
#7520=CARTESIAN_POINT('',(0.,-2017.93424896427,-770.362639493974));
#7521=CARTESIAN_POINT('',(0.,-2124.68999998487,-790.));
#7522=CARTESIAN_POINT('Origin',(0.,-2124.68999998487,-490.000000000003));
#7523=CARTESIAN_POINT('',(40.,-2124.68999998487,-790.));
#7524=CARTESIAN_POINT('',(0.,-2124.68999998487,-790.));
#7525=CARTESIAN_POINT('Origin',(40.,-2124.68999998487,-490.000000000003));
#7526=CARTESIAN_POINT('Origin',(0.,-2124.68999998487,-490.000000000003));
#7527=CARTESIAN_POINT('',(0.,-1825.59316869675,-513.261244880739));
#7528=CARTESIAN_POINT('',(0.,-1825.59316869675,-513.261244880739));
#7529=CARTESIAN_POINT('Origin',(0.,-2124.68999998487,-490.000000000003));
#7530=CARTESIAN_POINT('Origin',(40.,-2124.68999998487,-490.000000000003));
#7531=CARTESIAN_POINT('',(0.,-1952.31616365849,-684.646501510112));
#7532=CARTESIAN_POINT('',(70.,-1952.31616365849,-684.646501510112));
#7533=CARTESIAN_POINT('',(40.,-1952.31616365849,-684.646501510112));
#7534=CARTESIAN_POINT('',(0.,-2038.53238545994,-735.309733723254));
#7535=CARTESIAN_POINT('Origin',(0.,-2124.68999998487,-490.000000000003));
#7536=CARTESIAN_POINT('',(70.,-2038.53238545994,-735.309733723254));
#7537=CARTESIAN_POINT('',(40.,-2038.53238545994,-735.309733723254));
#7538=CARTESIAN_POINT('Origin',(70.,-2124.68999998487,-490.000000000003));
#7539=CARTESIAN_POINT('Origin',(70.,-1959.52540248403,-771.069070208013));
#7540=CARTESIAN_POINT('',(70.,-1956.60199486693,-874.734883266204));
#7541=CARTESIAN_POINT('',(70.,-2167.7981108856,-515.331616106574));
#7542=CARTESIAN_POINT('',(70.,-1870.38577306548,-824.071651053062));
#7543=CARTESIAN_POINT('',(70.,-1870.38577306548,-824.071651053062));
#7544=CARTESIAN_POINT('',(70.,-2081.58188908414,-464.668383893432));
#7545=CARTESIAN_POINT('Origin',(0.,-2124.68999998487,-790.));
#7546=CARTESIAN_POINT('',(40.,-3859.05125787728,-790.));
#7547=CARTESIAN_POINT('',(0.,-2530.26749998865,-790.));
#7548=CARTESIAN_POINT('Origin',(40.,-2935.84499999244,305.));
#7549=CARTESIAN_POINT('',(40.,-2124.68999998487,-890.));
#7550=CARTESIAN_POINT('',(40.,-4147.,-890.));
#7551=CARTESIAN_POINT('',(40.,-1966.73464130956,-857.491638905914));
#7552=CARTESIAN_POINT('Origin',(40.,-2124.68999998487,-490.000000000003));
#7553=CARTESIAN_POINT('',(40.,-2344.99621265818,-213.784514236934));
#7554=CARTESIAN_POINT('Origin',(40.,-2250.,-750.));
#7555=CARTESIAN_POINT('',(0.,-2250.,-750.));
#7556=CARTESIAN_POINT('',(0.,-2592.92249999622,-750.));
#7557=CARTESIAN_POINT('',(70.,-2250.,-750.));
#7558=CARTESIAN_POINT('',(40.,-2250.,-750.));
#7559=CARTESIAN_POINT('',(70.,-2150.,-750.));
#7560=CARTESIAN_POINT('Origin',(70.,-2200.,-820.));
#7561=CARTESIAN_POINT('',(70.,-2250.,-910.));
#7562=CARTESIAN_POINT('',(70.,-2250.,-750.));
#7563=CARTESIAN_POINT('',(70.,-2150.,-910.));
#7564=CARTESIAN_POINT('Origin',(40.,-2935.84499999244,305.));
#7565=CARTESIAN_POINT('',(40.,-2970.,-890.));
#7566=CARTESIAN_POINT('',(40.,-2970.,-790.));
#7567=CARTESIAN_POINT('',(40.,-2970.,-292.5));
#7568=CARTESIAN_POINT('',(40.,-3110.,-790.));
#7569=CARTESIAN_POINT('',(40.,-3859.05125787728,-790.));
#7570=CARTESIAN_POINT('',(40.,-3110.,-890.));
#7571=CARTESIAN_POINT('',(40.,-3110.,-222.5));
#7572=CARTESIAN_POINT('',(40.,-4147.,-890.));
#7573=CARTESIAN_POINT('Origin',(0.,-2124.68999998487,-790.));
#7574=CARTESIAN_POINT('',(0.,-2970.,-790.));
#7575=CARTESIAN_POINT('',(20.,-2970.,-790.));
#7576=CARTESIAN_POINT('',(0.,-3110.,-790.));
#7577=CARTESIAN_POINT('',(0.,-2530.26749998865,-790.));
#7578=CARTESIAN_POINT('',(20.,-3110.,-790.));
#7579=CARTESIAN_POINT('Origin',(40.,-2970.,-750.));
#7580=CARTESIAN_POINT('',(70.,-2870.,-750.));
#7581=CARTESIAN_POINT('',(0.,-2870.,-750.));
#7582=CARTESIAN_POINT('',(40.,-2870.,-750.));
#7583=CARTESIAN_POINT('',(0.,-2970.,-750.));
#7584=CARTESIAN_POINT('',(0.,-2952.92249999622,-750.));
#7585=CARTESIAN_POINT('',(70.,-2970.,-750.));
#7586=CARTESIAN_POINT('',(40.,-2970.,-750.));
#7587=CARTESIAN_POINT('',(70.,-2870.,-750.));
#7588=CARTESIAN_POINT('Origin',(70.,-2920.,-820.));
#7589=CARTESIAN_POINT('',(70.,-2970.,-910.));
#7590=CARTESIAN_POINT('',(70.,-2970.,-750.));
#7591=CARTESIAN_POINT('',(70.,-2870.,-910.));
#7592=CARTESIAN_POINT('',(70.,-2870.,-910.));
#7593=CARTESIAN_POINT('',(70.,-2870.,-750.));
#7594=CARTESIAN_POINT('Origin',(0.,-2124.68999998487,-790.));
#7595=CARTESIAN_POINT('',(0.,-3697.71268524608,-790.));
#7596=CARTESIAN_POINT('',(0.,-3697.71268524608,-790.));
#7597=CARTESIAN_POINT('',(0.,-3450.,-790.));
#7598=CARTESIAN_POINT('',(20.,-3450.,-790.));
#7599=CARTESIAN_POINT('',(0.,-2530.26749998865,-790.));
#7600=CARTESIAN_POINT('Origin',(0.,-2124.68999998487,-790.));
#7601=CARTESIAN_POINT('',(0.,-3350.,-790.));
#7602=CARTESIAN_POINT('',(40.,-3350.,-790.));
#7603=CARTESIAN_POINT('',(20.,-3350.,-790.));
#7604=CARTESIAN_POINT('',(40.,-3210.,-790.));
#7605=CARTESIAN_POINT('',(40.,-3859.05125787728,-790.));
#7606=CARTESIAN_POINT('',(0.,-3210.,-790.));
#7607=CARTESIAN_POINT('',(20.,-3210.,-790.));
#7608=CARTESIAN_POINT('',(0.,-2530.26749998865,-790.));
#7609=CARTESIAN_POINT('Origin',(40.,-2935.84499999244,305.));
#7610=CARTESIAN_POINT('',(40.,-3350.,-890.));
#7611=CARTESIAN_POINT('',(40.,-3350.,-222.5));
#7612=CARTESIAN_POINT('',(40.,-3210.,-890.));
#7613=CARTESIAN_POINT('',(40.,-4147.,-890.));
#7614=CARTESIAN_POINT('',(40.,-3210.,-292.5));
#7615=CARTESIAN_POINT('Origin',(40.,-3450.,-750.));
#7616=CARTESIAN_POINT('',(70.,-3350.,-750.));
#7617=CARTESIAN_POINT('',(0.,-3350.,-750.));
#7618=CARTESIAN_POINT('',(40.,-3350.,-750.));
#7619=CARTESIAN_POINT('',(0.,-3450.,-750.));
#7620=CARTESIAN_POINT('',(0.,-3192.92249999622,-750.));
#7621=CARTESIAN_POINT('',(70.,-3450.,-750.));
#7622=CARTESIAN_POINT('',(40.,-3450.,-750.));
#7623=CARTESIAN_POINT('',(70.,-3350.,-750.));
#7624=CARTESIAN_POINT('Origin',(70.,-3400.,-820.));
#7625=CARTESIAN_POINT('',(70.,-3450.,-910.));
#7626=CARTESIAN_POINT('',(70.,-3450.,-750.));
#7627=CARTESIAN_POINT('',(70.,-3350.,-910.));
#7628=CARTESIAN_POINT('',(70.,-3350.,-910.));
#7629=CARTESIAN_POINT('',(70.,-3350.,-750.));
#7630=CARTESIAN_POINT('Origin',(40.,-2935.84499999244,305.));
#7631=CARTESIAN_POINT('',(40.,-1751.81568999492,-634.792088697949));
#7632=CARTESIAN_POINT('',(40.,-1849.85495824434,-610.273437763634));
#7633=CARTESIAN_POINT('',(40.,-2419.58125818301,-467.7905273368));
#7634=CARTESIAN_POINT('',(40.,-1931.71802716282,-719.699407280831));
#7635=CARTESIAN_POINT('Origin',(40.,-2124.68999998487,-490.000000000003));
#7636=CARTESIAN_POINT('',(40.,-1880.51841950811,-806.828406692771));
#7637=CARTESIAN_POINT('',(40.,-2294.67886293192,-102.030329432462));
#7638=CARTESIAN_POINT('Origin',(40.,-2124.68999998487,-490.000000000003));
#7639=CARTESIAN_POINT('Origin',(0.,-2124.68999998487,-490.000000000003));
#7640=CARTESIAN_POINT('',(0.,-1849.85495824434,-610.273437763634));
#7641=CARTESIAN_POINT('',(0.,-1849.85495824434,-610.273437763634));
#7642=CARTESIAN_POINT('',(0.,-1931.71802716282,-719.699407280831));
#7643=CARTESIAN_POINT('Origin',(0.,-2124.68999998487,-490.000000000003));
#7644=CARTESIAN_POINT('',(0.,-1931.71802716282,-719.699407280831));
#7645=CARTESIAN_POINT('Origin',(0.,-2124.68999998487,-790.));
#7646=CARTESIAN_POINT('',(0.,-2630.,-790.));
#7647=CARTESIAN_POINT('',(40.,-2630.,-790.));
#7648=CARTESIAN_POINT('',(20.,-2630.,-790.));
#7649=CARTESIAN_POINT('',(40.,-2490.,-790.));
#7650=CARTESIAN_POINT('',(40.,-3859.05125787728,-790.));
#7651=CARTESIAN_POINT('',(0.,-2490.,-790.));
#7652=CARTESIAN_POINT('',(20.,-2490.,-790.));
#7653=CARTESIAN_POINT('',(0.,-2530.26749998865,-790.));
#7654=CARTESIAN_POINT('Origin',(0.,-2124.68999998487,-790.));
#7655=CARTESIAN_POINT('',(0.,-2390.,-790.));
#7656=CARTESIAN_POINT('',(40.,-2390.,-790.));
#7657=CARTESIAN_POINT('',(20.,-2390.,-790.));
#7658=CARTESIAN_POINT('',(40.,-2250.,-790.));
#7659=CARTESIAN_POINT('',(40.,-3859.05125787728,-790.));
#7660=CARTESIAN_POINT('',(0.,-2250.,-790.));
#7661=CARTESIAN_POINT('',(20.,-2250.,-790.));
#7662=CARTESIAN_POINT('',(0.,-2530.26749998865,-790.));
#7663=CARTESIAN_POINT('Origin',(40.,-2935.84499999244,305.));
#7664=CARTESIAN_POINT('',(40.,-2390.,-890.));
#7665=CARTESIAN_POINT('',(40.,-2390.,-222.5));
#7666=CARTESIAN_POINT('',(40.,-2250.,-890.));
#7667=CARTESIAN_POINT('',(40.,-4147.,-890.));
#7668=CARTESIAN_POINT('',(40.,-2250.,-292.5));
#7669=CARTESIAN_POINT('Origin',(40.,-2490.,-750.));
#7670=CARTESIAN_POINT('',(70.,-2390.,-750.));
#7671=CARTESIAN_POINT('',(0.,-2390.,-750.));
#7672=CARTESIAN_POINT('',(40.,-2390.,-750.));
#7673=CARTESIAN_POINT('',(0.,-2490.,-750.));
#7674=CARTESIAN_POINT('',(0.,-2712.92249999622,-750.));
#7675=CARTESIAN_POINT('',(70.,-2490.,-750.));
#7676=CARTESIAN_POINT('',(40.,-2490.,-750.));
#7677=CARTESIAN_POINT('',(70.,-2390.,-750.));
#7678=CARTESIAN_POINT('Origin',(70.,-2440.,-820.));
#7679=CARTESIAN_POINT('',(70.,-2490.,-910.));
#7680=CARTESIAN_POINT('',(70.,-2490.,-750.));
#7681=CARTESIAN_POINT('',(70.,-2390.,-910.));
#7682=CARTESIAN_POINT('',(70.,-2390.,-910.));
#7683=CARTESIAN_POINT('',(70.,-2390.,-750.));
#7684=CARTESIAN_POINT('Origin',(40.,-2935.84499999244,305.));
#7685=CARTESIAN_POINT('',(40.,-2630.,-890.));
#7686=CARTESIAN_POINT('',(40.,-2630.,-222.5));
#7687=CARTESIAN_POINT('',(40.,-2623.68166750641,-890.));
#7688=CARTESIAN_POINT('',(40.,-4147.,-890.));
#7689=CARTESIAN_POINT('',(40.,-2490.,-890.));
#7690=CARTESIAN_POINT('',(40.,-4147.,-890.));
#7691=CARTESIAN_POINT('',(40.,-2490.,-292.5));
#7692=CARTESIAN_POINT('Origin',(40.,-2935.84499999244,305.));
#7693=CARTESIAN_POINT('',(40.,-2730.,-890.));
#7694=CARTESIAN_POINT('',(40.,-2730.,-790.));
#7695=CARTESIAN_POINT('',(40.,-2730.,-292.5));
#7696=CARTESIAN_POINT('',(40.,-2870.,-790.));
#7697=CARTESIAN_POINT('',(40.,-3859.05125787728,-790.));
#7698=CARTESIAN_POINT('',(40.,-2870.,-890.));
#7699=CARTESIAN_POINT('',(40.,-2870.,-222.5));
#7700=CARTESIAN_POINT('',(40.,-4147.,-890.));
#7701=CARTESIAN_POINT('Origin',(0.,-2124.68999998487,-790.));
#7702=CARTESIAN_POINT('',(0.,-2730.,-790.));
#7703=CARTESIAN_POINT('',(20.,-2730.,-790.));
#7704=CARTESIAN_POINT('',(0.,-2870.,-790.));
#7705=CARTESIAN_POINT('',(0.,-2530.26749998865,-790.));
#7706=CARTESIAN_POINT('',(20.,-2870.,-790.));
#7707=CARTESIAN_POINT('Origin',(40.,-2730.,-750.));
#7708=CARTESIAN_POINT('',(70.,-2630.,-750.));
#7709=CARTESIAN_POINT('',(0.,-2630.,-750.));
#7710=CARTESIAN_POINT('',(40.,-2630.,-750.));
#7711=CARTESIAN_POINT('',(0.,-2730.,-750.));
#7712=CARTESIAN_POINT('',(0.,-2832.92249999622,-750.));
#7713=CARTESIAN_POINT('',(70.,-2730.,-750.));
#7714=CARTESIAN_POINT('',(40.,-2730.,-750.));
#7715=CARTESIAN_POINT('',(70.,-2630.,-750.));
#7716=CARTESIAN_POINT('Origin',(40.,-2630.,-750.));
#7717=CARTESIAN_POINT('',(0.,-2630.,-222.5));
#7718=CARTESIAN_POINT('',(70.,-2630.,-890.));
#7719=CARTESIAN_POINT('',(70.,-2630.,-750.));
#7720=CARTESIAN_POINT('',(40.,-2630.,-890.));
#7721=CARTESIAN_POINT('Origin',(70.,-2680.,-820.));
#7722=CARTESIAN_POINT('',(70.,-2730.,-910.));
#7723=CARTESIAN_POINT('',(70.,-2730.,-750.));
#7724=CARTESIAN_POINT('',(70.,-2623.68166750641,-910.));
#7725=CARTESIAN_POINT('',(70.,-2623.68166750641,-910.));
#7726=CARTESIAN_POINT('',(70.,-2623.68166750641,-890.));
#7727=CARTESIAN_POINT('',(70.,-2623.68166750641,-890.));
#7728=CARTESIAN_POINT('',(70.,-2730.,-890.));
#7729=CARTESIAN_POINT('Origin',(0.,-3697.71268524608,-790.));
#7730=CARTESIAN_POINT('',(0.,-3248.84109388991,-435.469559705307));
#7731=CARTESIAN_POINT('',(0.,-3196.81909784064,-394.381236185802));
#7732=CARTESIAN_POINT('',(0.,-3248.84109388991,-435.469559705307));
#7733=CARTESIAN_POINT('Origin',(0.,-5790.23764013257,1175.60836447391));
#7734=CARTESIAN_POINT('',(0.,-2792.44507423596,915.784934262717));
#7735=CARTESIAN_POINT('',(0.,-2792.44507423596,915.784934262717));
#7736=CARTESIAN_POINT('',(0.,-3004.75421307248,37.4736797351904));
#7737=CARTESIAN_POINT('Origin',(0.,-5790.23764013257,1175.60836447391));
#7738=CARTESIAN_POINT('',(20.,-3004.75421307248,37.4736797351904));
#7739=CARTESIAN_POINT('',(0.,-3004.75421307248,37.4736797351913));
#7740=CARTESIAN_POINT('',(20.,-2886.62970164441,386.096222337872));
#7741=CARTESIAN_POINT('Origin',(20.,-5790.23764013257,1175.60836447391));
#7742=CARTESIAN_POINT('',(0.,-2886.62970164441,386.096222337872));
#7743=CARTESIAN_POINT('',(0.,-2886.62970164441,386.096222337873));
#7744=CARTESIAN_POINT('Origin',(0.,-5790.23764013257,1175.60836447391));
#7745=CARTESIAN_POINT('Origin',(20.,-2564.19461705462,402.091729662989));
#7746=CARTESIAN_POINT('',(20.,-2193.38646841662,566.560451647517));
#7747=CARTESIAN_POINT('',(20.,-3004.75421307248,37.4736797351904));
#7748=CARTESIAN_POINT('',(20.,-2372.70077762213,721.225388112944));
#7749=CARTESIAN_POINT('',(20.,-2629.77556723864,942.9614903742));
#7750=CARTESIAN_POINT('',(20.,-2899.97540079035,377.393592825488));
#7751=CARTESIAN_POINT('Origin',(0.,-3004.75421307248,37.4736797351904));
#7752=CARTESIAN_POINT('',(0.,-2193.38646841662,566.560451647517));
#7753=CARTESIAN_POINT('',(0.,-2919.37780556201,93.1469895810816));
#7754=CARTESIAN_POINT('',(0.,-2193.38646841662,566.560451647517));
#7755=CARTESIAN_POINT('Origin',(0.,-2302.94933024228,766.709779590787));
#7756=CARTESIAN_POINT('',(0.,-2372.70077762213,721.225388112944));
#7757=CARTESIAN_POINT('',(0.,-2630.60756715215,553.046320574851));
#7758=CARTESIAN_POINT('',(0.,-2372.70077762213,721.225388112944));
#7759=CARTESIAN_POINT('Origin',(-2979.,-2730.,-890.));
#7760=CARTESIAN_POINT('',(-2979.,-2623.68166750641,-890.));
#7761=CARTESIAN_POINT('Origin',(-716.,-2124.68999998487,-490.000000000003));
#7762=CARTESIAN_POINT('',(-716.,-1966.73464130956,-857.491638905914));
#7763=CARTESIAN_POINT('',(-716.,-1966.73464130956,-857.491638905914));
#7764=CARTESIAN_POINT('',(-716.,-2124.68999998487,-890.));
#7765=CARTESIAN_POINT('',(-2193.,-2124.68999998487,-890.));
#7766=CARTESIAN_POINT('Origin',(-716.,-2124.68999998487,-490.000000000003));
#7767=CARTESIAN_POINT('Origin',(-716.,-2124.68999998487,-490.000000000003));
#7768=CARTESIAN_POINT('',(-716.,-1880.51841950811,-806.828406692771));
#7769=CARTESIAN_POINT('',(-716.,-1880.51841950811,-806.828406692771));
#7770=CARTESIAN_POINT('',(-716.,-1751.81568999492,-634.792088697949));
#7771=CARTESIAN_POINT('Origin',(-716.,-2124.68999998487,-490.000000000003));
#7772=CARTESIAN_POINT('',(-716.,-1751.81568999492,-634.792088697949));
#7773=CARTESIAN_POINT('Origin',(-2193.,-4147.,-890.));
#7774=CARTESIAN_POINT('',(-716.,-2948.1412013411,-890.));
#7775=CARTESIAN_POINT('Origin',(40.,-1865.03538948399,-503.397135725045));
#7776=CARTESIAN_POINT('',(70.,-1708.15146187074,-542.632253724574));
#7777=CARTESIAN_POINT('',(70.,-1865.03538948399,-503.397135725045));
#7778=CARTESIAN_POINT('',(70.,-2112.55910521107,-441.493903558555));
#7779=CARTESIAN_POINT('',(-716.,-1708.15146187074,-542.632253724574));
#7780=CARTESIAN_POINT('',(-2979.,-1708.15146187074,-542.632253724574));
#7781=CARTESIAN_POINT('',(-716.,-1932.10182594589,-486.624483558423));
#7782=CARTESIAN_POINT('',(0.,-1865.03538948399,-503.397135725045));
#7783=CARTESIAN_POINT('',(0.,-2464.06021315375,-353.5869544089));
#7784=CARTESIAN_POINT('',(40.,-1865.03538948399,-503.397135725045));
#7785=CARTESIAN_POINT('Origin',(40.,-1952.31616365849,-684.646501510112));
#7786=CARTESIAN_POINT('',(-716.,-1870.38577306548,-824.071651053062));
#7787=CARTESIAN_POINT('',(-716.,-2036.88414476958,-540.732828847057));
#7788=CARTESIAN_POINT('',(0.,-2294.67886293192,-102.030329432462));
#7789=CARTESIAN_POINT('',(-2979.,-1870.38577306548,-824.071651053062));
#7790=CARTESIAN_POINT('Origin',(-2979.,-1708.15146187074,-542.632253724574));
#7791=CARTESIAN_POINT('',(-716.,-1732.41325141834,-639.644446607469));
#7792=CARTESIAN_POINT('',(-716.,-1686.91233065928,-457.706338028673));
#7793=CARTESIAN_POINT('',(70.,-1732.41325141834,-639.644446607469));
#7794=CARTESIAN_POINT('',(70.,-1732.41325141834,-639.644446607469));
#7795=CARTESIAN_POINT('',(-2979.,-1732.41325141834,-639.644446607469));
#7796=CARTESIAN_POINT('Origin',(40.,-1751.81568999492,-634.792088697949));
#7797=CARTESIAN_POINT('',(-716.,-1887.62287097515,-600.828056486323));
#7798=CARTESIAN_POINT('',(70.,-1889.29717903159,-600.40932860794));
#7799=CARTESIAN_POINT('',(70.,-2136.82089475867,-538.50609644145));
#7800=CARTESIAN_POINT('',(0.,-1889.29717903159,-600.40932860794));
#7801=CARTESIAN_POINT('',(40.,-1889.29717903159,-600.40932860794));
#7802=CARTESIAN_POINT('',(0.,-2419.58125818301,-467.7905273368));
#7803=CARTESIAN_POINT('Origin',(-2979.,-1870.38577306548,-824.071651053062));
#7804=CARTESIAN_POINT('',(-716.,-1956.60199486693,-874.734883266204));
#7805=CARTESIAN_POINT('',(-716.,-1788.00471011759,-775.662072961061));
#7806=CARTESIAN_POINT('',(-2979.,-1956.60199486693,-874.734883266204));
#7807=CARTESIAN_POINT('Origin',(40.,-1966.73464130956,-857.491638905914));
#7808=CARTESIAN_POINT('',(-716.,-2087.20149449584,-652.487013651529));
#7809=CARTESIAN_POINT('',(0.,-2344.99621265818,-213.784514236934));
#7810=CARTESIAN_POINT('Origin',(-2979.,-2150.,-910.));
#7811=CARTESIAN_POINT('',(-716.,-2250.,-910.));
#7812=CARTESIAN_POINT('',(-716.,-2053.34499999244,-910.));
#7813=CARTESIAN_POINT('',(-2979.,-2250.,-910.));
#7814=CARTESIAN_POINT('Origin',(-2949.,-2250.,-890.));
#7815=CARTESIAN_POINT('',(-716.,-2250.,-890.));
#7816=CARTESIAN_POINT('',(-716.,-2250.,-595.));
#7817=CARTESIAN_POINT('',(0.,-2250.,-292.5));
#7818=CARTESIAN_POINT('',(-2586.,-2250.,-890.));
#7819=CARTESIAN_POINT('Origin',(-1166.,-1712.25821745715,281.064891780895));
#7820=CARTESIAN_POINT('',(-1266.,-1662.25821745715,281.064891780895));
#7821=CARTESIAN_POINT('Origin',(-1266.,-1712.25821745715,281.064891780895));
#7822=CARTESIAN_POINT('',(-1364.5,-1662.25821745715,281.064891780895));
#7823=CARTESIAN_POINT('',(-1166.,-1662.25821745715,281.064891780895));
#7824=CARTESIAN_POINT('Origin',(-1364.5,-1712.25821745715,281.064891780895));
#7825=CARTESIAN_POINT('Origin',(-2193.,-1790.00422119655,324.276473223228));
#7826=CARTESIAN_POINT('',(-535.314943578196,-2315.76555897681,777.764230357911));
#7827=CARTESIAN_POINT('',(-2501.,-2315.76555897681,777.764230357912));
#7828=CARTESIAN_POINT('',(-516.,-2256.68999998487,726.809470424747));
#7829=CARTESIAN_POINT('Origin',(-616.,-2256.68999998487,726.809470424747));
#7830=CARTESIAN_POINT('',(-516.,-1832.51578664669,360.944202633802));
#7831=CARTESIAN_POINT('Origin',(-616.,-2256.68999998487,571.90895797544));
#7832=CARTESIAN_POINT('Origin',(-616.,-2256.68999998487,745.821649660675));
#7833=CARTESIAN_POINT('',(-516.,-2256.68999998487,-790.));
#7834=CARTESIAN_POINT('Origin',(-616.,-2256.68999998487,-790.));
#7835=CARTESIAN_POINT('',(-516.,-2256.68999998487,571.90895797544));
#7836=CARTESIAN_POINT('Origin',(0.,-2934.88464834858,1206.12886867199));
#7837=CARTESIAN_POINT('',(0.,-2660.49249344597,969.45592610172));
#7838=CARTESIAN_POINT('',(0.,-2660.49249344597,969.45592610172));
#7839=CARTESIAN_POINT('',(0.,-2712.31878139679,1014.15793325702));
#7840=CARTESIAN_POINT('',(0.,-2712.31878139679,1014.15793325702));
#7841=CARTESIAN_POINT('Origin',(0.,-2935.84499999244,305.));
#7842=CARTESIAN_POINT('Origin',(0.,-2712.74387041531,908.877104680303));
#7843=CARTESIAN_POINT('Origin',(0.,-2712.74387041531,908.877104680303));
#7844=CARTESIAN_POINT('Origin',(-686.,-1956.68999998487,-400.));
#7845=CARTESIAN_POINT('',(-686.,-1856.68999998487,-400.));
#7846=CARTESIAN_POINT('Origin',(-686.,-1956.68999998487,-400.));
#7847=CARTESIAN_POINT('Origin',(-2243.,-1956.68999998487,-400.));
#7848=CARTESIAN_POINT('',(-866.,-1856.68999998487,-400.));
#7849=CARTESIAN_POINT('Origin',(-866.,-1956.68999998487,-400.));
#7850=CARTESIAN_POINT('',(-2243.,-1856.68999998487,-400.));
#7851=CARTESIAN_POINT('Origin',(-2243.,-1956.68999998487,-400.));
#7852=CARTESIAN_POINT('',(-1364.5,-1856.68999998487,-400.));
#7853=CARTESIAN_POINT('Origin',(-1364.5,-1956.68999998487,-400.));
#7854=CARTESIAN_POINT('',(-966.,-1856.68999998487,-400.));
#7855=CARTESIAN_POINT('',(-2243.,-1856.68999998487,-400.));
#7856=CARTESIAN_POINT('Origin',(-966.,-1956.68999998487,-400.));
#7857=CARTESIAN_POINT('Origin',(0.,-2935.84499999244,305.));
#7858=CARTESIAN_POINT('',(0.,-3450.,-292.5));
#7859=CARTESIAN_POINT('',(0.,-3350.,-222.5));
#7860=CARTESIAN_POINT('',(0.,-3210.,-292.5));
#7861=CARTESIAN_POINT('',(0.,-3110.,-222.5));
#7862=CARTESIAN_POINT('',(0.,-2970.,-292.5));
#7863=CARTESIAN_POINT('',(0.,-2870.,-222.5));
#7864=CARTESIAN_POINT('',(0.,-2730.,-292.5));
#7865=CARTESIAN_POINT('',(0.,-2490.,-292.5));
#7866=CARTESIAN_POINT('',(0.,-2390.,-222.5));
#7867=CARTESIAN_POINT('Origin',(0.,-2124.68999998487,-490.000000000003));
#7868=CARTESIAN_POINT('Origin',(40.,-2124.68999998487,-490.000000000003));
#7869=CARTESIAN_POINT('Origin',(70.,-2124.68999998487,-490.000000000003));
#7870=CARTESIAN_POINT('Origin',(70.,-1808.42553973945,-569.094612211497));
#7871=CARTESIAN_POINT('Origin',(-516.,-1724.68999998487,571.90895797544));
#7872=CARTESIAN_POINT('',(-516.,-2124.68999998487,-790.));
#7873=CARTESIAN_POINT('',(-516.,-3044.58622547231,-790.));
#7874=CARTESIAN_POINT('Origin',(-516.,-2124.68999998487,-490.000000000003));
#7875=CARTESIAN_POINT('Origin',(-716.,-2124.68999998487,-490.000000000003));
#7876=CARTESIAN_POINT('',(-2193.,-2124.68999998487,-790.));
#7877=CARTESIAN_POINT('Origin',(-866.,-1956.68999998487,-400.));
#7878=CARTESIAN_POINT('',(-866.,-1781.68999998487,-400.));
#7879=CARTESIAN_POINT('Origin',(-866.,-1956.68999998487,-400.));
#7880=CARTESIAN_POINT('Origin',(-716.,-1956.68999998487,-400.));
#7881=CARTESIAN_POINT('',(-716.,-1781.68999998487,-400.));
#7882=CARTESIAN_POINT('',(-716.,-1781.68999998487,-400.));
#7883=CARTESIAN_POINT('Origin',(-716.,-1956.68999998487,-400.));
#7884=CARTESIAN_POINT('Origin',(-966.,-1956.68999998487,-400.));
#7885=CARTESIAN_POINT('',(-966.,-2131.68999998487,-400.));
#7886=CARTESIAN_POINT('Origin',(-966.,-1956.68999998487,-400.));
#7887=CARTESIAN_POINT('Origin',(-1266.,-1956.68999998487,-400.));
#7888=CARTESIAN_POINT('',(-1266.,-2131.68999998487,-400.));
#7889=CARTESIAN_POINT('',(-1266.,-2131.68999998487,-400.));
#7890=CARTESIAN_POINT('Origin',(-1266.,-1956.68999998487,-400.));
#7891=CARTESIAN_POINT('Origin',(-966.,-1956.68999998487,-300.));
#7892=CARTESIAN_POINT('',(-1364.5,-1719.85023229499,-484.138329634551));
#7893=CARTESIAN_POINT('',(-1364.5,-1724.69004996278,-490.199955809006));
#7894=CARTESIAN_POINT('Origin',(-1364.5,-1956.68999998487,-300.));
#7895=CARTESIAN_POINT('',(-1266.,-1719.85023229499,-484.138329634551));
#7896=CARTESIAN_POINT('',(-966.,-1719.85023229499,-484.13832963455));
#7897=CARTESIAN_POINT('',(-1266.,-1724.69004996278,-490.199955809006));
#7898=CARTESIAN_POINT('Origin',(-1266.,-1956.68999998487,-300.));
#7899=CARTESIAN_POINT('',(-1404.5,-1724.69004996278,-490.199955809006));
#7900=CARTESIAN_POINT('Origin',(-1643.,-1719.85023229499,-484.138329634551));
#7901=CARTESIAN_POINT('',(-1364.5,-1613.25025432437,267.01415385368));
#7902=CARTESIAN_POINT('',(-1364.5,-1698.13026025891,-331.08941492754));
#7903=CARTESIAN_POINT('',(-1266.,-1613.25025432437,267.01415385368));
#7904=CARTESIAN_POINT('',(-1643.,-1613.25025432437,267.01415385368));
#7905=CARTESIAN_POINT('',(-1266.,-1698.13026025891,-331.08941492754));
#7906=CARTESIAN_POINT('Origin',(-1643.,-1712.25821745715,281.064891780895));
#7907=CARTESIAN_POINT('',(-1364.5,-1710.40328068135,381.047686348549));
#7908=CARTESIAN_POINT('Origin',(-1364.5,-1712.25821745715,281.064891780895));
#7909=CARTESIAN_POINT('',(-1266.,-1710.40328068135,381.047686348549));
#7910=CARTESIAN_POINT('',(-1643.,-1710.40328068135,381.047686348549));
#7911=CARTESIAN_POINT('Origin',(-1266.,-1712.25821745715,281.064891780895));
#7912=CARTESIAN_POINT('Origin',(-1364.5,-1884.47410872101,-148.513075138222));
#7913=CARTESIAN_POINT('',(-1364.5,-1792.4980840279,382.570755097407));
#7914=CARTESIAN_POINT('',(-1364.5,-1749.28240268219,-628.09104202456));
#7915=CARTESIAN_POINT('Origin',(-1364.5,-2124.68999998487,-490.000000000003));
#7916=CARTESIAN_POINT('',(-1364.5,-1868.20413051514,-628.09104202456));
#7917=CARTESIAN_POINT('Origin',(-1266.,-1884.47410872101,-148.513075138222));
#7918=CARTESIAN_POINT('',(-1266.,-1792.4980840279,382.570755097407));
#7919=CARTESIAN_POINT('',(-1266.,-2150.,-890.));
#7920=CARTESIAN_POINT('',(-1266.,-2067.2370543605,-890.));
#7921=CARTESIAN_POINT('',(-1266.,-2150.,-889.198451774596));
#7922=CARTESIAN_POINT('',(-1266.,-2150.,-525.));
#7923=CARTESIAN_POINT('Origin',(-1266.,-2124.68999998487,-490.));
#7924=CARTESIAN_POINT('Origin',(-1643.,-1710.40328068135,381.047686348549));
#7925=CARTESIAN_POINT('Origin',(-716.,-1956.68999998487,-300.));
#7926=CARTESIAN_POINT('',(-716.,-2948.1412013411,-890.));
#7927=CARTESIAN_POINT('Origin',(-1284.5,-2560.77624763595,785.872462581307));
#7928=CARTESIAN_POINT('',(-1284.5,-2356.68999998447,505.668609549445));
#7929=CARTESIAN_POINT('',(-1284.5,-2306.68999998511,505.668609549645));
#7930=CARTESIAN_POINT('',(-1284.5,-2728.03618663863,735.026245817659));
#7931=CARTESIAN_POINT('',(-1284.5,-2678.86585764515,704.656766238279));
#7932=CARTESIAN_POINT('',(-1284.5,-2762.68315606084,892.488602916526));
#7933=CARTESIAN_POINT('Origin',(39.9999999999999,-2150.,-750.));
#7934=CARTESIAN_POINT('',(-2193.,-2150.,-890.));
#7935=CARTESIAN_POINT('',(-2193.,-2150.,-910.));
#7936=CARTESIAN_POINT('',(-2193.,-2150.,-525.));
#7937=CARTESIAN_POINT('',(-2979.,-2150.,-910.));
#7938=CARTESIAN_POINT('',(69.9999999999999,-2150.,-910.));
#7939=CARTESIAN_POINT('',(-2979.,-2150.,-750.));
#7940=CARTESIAN_POINT('',(-2979.,-2150.,-750.));
#7941=CARTESIAN_POINT('',(-2909.,-2150.,-750.));
#7942=CARTESIAN_POINT('',(-2949.,-2150.,-750.));
#7943=CARTESIAN_POINT('',(-2909.,-2150.,-790.));
#7944=CARTESIAN_POINT('',(-2909.,-2150.,-222.5));
#7945=CARTESIAN_POINT('',(-2949.,-2150.,-790.));
#7946=CARTESIAN_POINT('',(-2929.,-2150.,-790.));
#7947=CARTESIAN_POINT('',(-2949.,-2150.,-890.));
#7948=CARTESIAN_POINT('',(-2949.,-2150.,-222.5));
#7949=CARTESIAN_POINT('',(-323.,-2150.,-890.));
#7950=CARTESIAN_POINT('Origin',(-716.,-4147.,-790.));
#7951=CARTESIAN_POINT('',(-2393.,-2256.68999998487,-790.));
#7952=CARTESIAN_POINT('Origin',(-2293.,-2256.68999998487,-790.));
#7953=CARTESIAN_POINT('',(-2393.,-2124.68999998487,-790.));
#7954=CARTESIAN_POINT('',(-2393.,-3044.58622547231,-790.));
#7955=CARTESIAN_POINT('',(-2809.,-2124.68999998487,-790.));
#7956=CARTESIAN_POINT('',(-716.,-2124.68999998487,-790.));
#7957=CARTESIAN_POINT('',(-2809.,-3541.42249999622,-790.));
#7958=CARTESIAN_POINT('Origin',(-2809.,-2935.84499999244,305.));
#7959=CARTESIAN_POINT('',(-2809.,-1824.68999998487,-490.000000000003));
#7960=CARTESIAN_POINT('Origin',(-2809.,-2124.68999998487,-490.000000000003));
#7961=CARTESIAN_POINT('',(-2809.,-1824.68999998487,354.194184733924));
#7962=CARTESIAN_POINT('',(-2809.,-1824.68999998487,-92.5000000000003));
#7963=CARTESIAN_POINT('',(-2809.,-2315.76555897681,777.764230357911));
#7964=CARTESIAN_POINT('',(-2809.,-2113.7528793361,603.521146243347));
#7965=CARTESIAN_POINT('',(-2809.,-2456.76775801158,854.005136038893));
#7966=CARTESIAN_POINT('Origin',(-2193.,-1824.68999998487,-490.000000000001));
#7967=CARTESIAN_POINT('',(-2393.,-1824.68999998487,-490.000000000003));
#7968=CARTESIAN_POINT('',(-2193.,-1824.68999998487,-490.000000000003));
#7969=CARTESIAN_POINT('',(-2393.,-1824.68999998487,354.194184733924));
#7970=CARTESIAN_POINT('',(-2393.,-1824.68999998487,40.9544789877194));
#7971=CARTESIAN_POINT('',(-2193.,-1824.68999998487,354.194184733924));
#7972=CARTESIAN_POINT('Origin',(-2909.,-1824.68999998487,354.194184733924));
#7973=CARTESIAN_POINT('',(-2949.,-1824.68999998487,248.546701837578));
#7974=CARTESIAN_POINT('',(-2949.,-1824.68999998487,-490.000000000001));
#7975=CARTESIAN_POINT('',(-2949.,-1824.68999998487,-490.000000000001));
#7976=CARTESIAN_POINT('',(-2909.,-1824.68999998487,-490.000000000001));
#7977=CARTESIAN_POINT('',(-2909.,-1824.68999998487,-490.000000000001));
#7978=CARTESIAN_POINT('',(-2909.,-1824.68999998487,248.546701837578));
#7979=CARTESIAN_POINT('',(-2909.,-1824.68999998487,329.597092366962));
#7980=CARTESIAN_POINT('',(-2909.,-1824.68999998487,248.546701837577));
#7981=CARTESIAN_POINT('Origin',(-2949.,-3210.,-750.));
#7982=CARTESIAN_POINT('',(-2979.,-3110.,-750.));
#7983=CARTESIAN_POINT('',(-2909.,-3110.,-750.));
#7984=CARTESIAN_POINT('',(-2949.,-3110.,-750.));
#7985=CARTESIAN_POINT('',(-2979.,-3210.,-750.));
#7986=CARTESIAN_POINT('',(-2979.,-3110.,-750.));
#7987=CARTESIAN_POINT('',(-2909.,-3210.,-750.));
#7988=CARTESIAN_POINT('',(-2949.,-3210.,-750.));
#7989=CARTESIAN_POINT('',(-2909.,-3072.92249999622,-750.));
#7990=CARTESIAN_POINT('Origin',(-2949.,-3210.,-890.));
#7991=CARTESIAN_POINT('',(-2949.,-3210.,-890.));
#7992=CARTESIAN_POINT('',(-2586.,-3210.,-890.));
#7993=CARTESIAN_POINT('',(-2949.,-3210.,-790.));
#7994=CARTESIAN_POINT('',(-2949.,-3210.,-292.5));
#7995=CARTESIAN_POINT('',(-2909.,-3210.,-790.));
#7996=CARTESIAN_POINT('',(-2929.,-3210.,-790.));
#7997=CARTESIAN_POINT('',(-2909.,-3210.,-292.5));
#7998=CARTESIAN_POINT('',(-2979.,-3210.,-910.));
#7999=CARTESIAN_POINT('',(-2979.,-3210.,-750.));
#8000=CARTESIAN_POINT('',(-2979.,-3210.,-910.));
#8001=CARTESIAN_POINT('Origin',(-2979.,-3160.,-820.));
#8002=CARTESIAN_POINT('',(-2979.,-3110.,-910.));
#8003=CARTESIAN_POINT('',(-2979.,-3110.,-750.));
#8004=CARTESIAN_POINT('',(-2979.,-3110.,-910.));
#8005=CARTESIAN_POINT('Origin',(-2949.,-3110.,-750.));
#8006=CARTESIAN_POINT('',(-2979.,-3110.,-910.));
#8007=CARTESIAN_POINT('',(-2909.,-3110.,-790.));
#8008=CARTESIAN_POINT('',(-2909.,-3110.,-222.5));
#8009=CARTESIAN_POINT('',(-2949.,-3110.,-790.));
#8010=CARTESIAN_POINT('',(-2929.,-3110.,-790.));
#8011=CARTESIAN_POINT('',(-2949.,-3110.,-890.));
#8012=CARTESIAN_POINT('',(-2949.,-3110.,-222.5));
#8013=CARTESIAN_POINT('',(-2586.,-3110.,-890.));
#8014=CARTESIAN_POINT('Origin',(-2909.,-2124.68999998487,-490.000000000003));
#8015=CARTESIAN_POINT('',(-2949.,-2017.93424896427,-770.362639493974));
#8016=CARTESIAN_POINT('',(-2909.,-2017.93424896427,-770.362639493974));
#8017=CARTESIAN_POINT('',(-2909.,-2017.93424896427,-770.362639493974));
#8018=CARTESIAN_POINT('',(-2949.,-2124.68999998487,-790.));
#8019=CARTESIAN_POINT('Origin',(-2949.,-2124.68999998487,-490.000000000003));
#8020=CARTESIAN_POINT('',(-2909.,-2124.68999998487,-790.));
#8021=CARTESIAN_POINT('',(-2909.,-2124.68999998487,-790.));
#8022=CARTESIAN_POINT('Origin',(-2909.,-2124.68999998487,-490.000000000003));
#8023=CARTESIAN_POINT('Origin',(-2909.,-2124.68999998487,-490.000000000003));
#8024=CARTESIAN_POINT('',(-2909.,-1825.59316869675,-513.261244880739));
#8025=CARTESIAN_POINT('',(-2949.,-1825.59316869675,-513.261244880739));
#8026=CARTESIAN_POINT('',(-2909.,-1825.59316869675,-513.261244880739));
#8027=CARTESIAN_POINT('Origin',(-2909.,-2124.68999998487,-490.000000000003));
#8028=CARTESIAN_POINT('Origin',(-2949.,-2124.68999998487,-490.000000000003));
#8029=CARTESIAN_POINT('Origin',(-2949.,-2124.68999998487,-490.000000000003));
#8030=CARTESIAN_POINT('',(-2909.,-1952.31616365849,-684.646501510112));
#8031=CARTESIAN_POINT('',(-2979.,-1952.31616365849,-684.646501510112));
#8032=CARTESIAN_POINT('',(-2949.,-1952.31616365849,-684.646501510112));
#8033=CARTESIAN_POINT('',(-2979.,-2038.53238545994,-735.309733723254));
#8034=CARTESIAN_POINT('Origin',(-2979.,-2124.68999998487,-490.000000000003));
#8035=CARTESIAN_POINT('',(-2909.,-2038.53238545994,-735.309733723254));
#8036=CARTESIAN_POINT('',(-2949.,-2038.53238545994,-735.309733723254));
#8037=CARTESIAN_POINT('Origin',(-2909.,-2124.68999998487,-490.000000000003));
#8038=CARTESIAN_POINT('Origin',(-2979.,-1959.52540248403,-771.069070208013));
#8039=CARTESIAN_POINT('',(-2979.,-1956.60199486693,-874.734883266204));
#8040=CARTESIAN_POINT('',(-2979.,-2167.7981108856,-515.331616106574));
#8041=CARTESIAN_POINT('',(-2979.,-1870.38577306548,-824.071651053062));
#8042=CARTESIAN_POINT('',(-2979.,-2081.58188908414,-464.668383893432));
#8043=CARTESIAN_POINT('',(-2979.,-1870.38577306548,-824.071651053062));
#8044=CARTESIAN_POINT('Origin',(-2909.,-2124.68999998487,-790.));
#8045=CARTESIAN_POINT('',(-2909.,-2530.26749998865,-790.));
#8046=CARTESIAN_POINT('',(-2949.,-3859.05125787728,-790.));
#8047=CARTESIAN_POINT('Origin',(-2949.,-2935.84499999244,305.));
#8048=CARTESIAN_POINT('',(-2949.,-1966.73464130956,-857.491638905914));
#8049=CARTESIAN_POINT('',(-2949.,-2344.99621265818,-213.784514236934));
#8050=CARTESIAN_POINT('',(-2949.,-2124.68999998487,-890.));
#8051=CARTESIAN_POINT('Origin',(-2949.,-2124.68999998487,-490.000000000003));
#8052=CARTESIAN_POINT('',(-2949.,-4147.,-890.));
#8053=CARTESIAN_POINT('Origin',(-2949.,-2250.,-750.));
#8054=CARTESIAN_POINT('',(-2979.,-2250.,-750.));
#8055=CARTESIAN_POINT('',(-2979.,-2150.,-750.));
#8056=CARTESIAN_POINT('',(-2909.,-2250.,-750.));
#8057=CARTESIAN_POINT('',(-2949.,-2250.,-750.));
#8058=CARTESIAN_POINT('',(-2909.,-2592.92249999622,-750.));
#8059=CARTESIAN_POINT('Origin',(-2979.,-2200.,-820.));
#8060=CARTESIAN_POINT('',(-2979.,-2250.,-910.));
#8061=CARTESIAN_POINT('',(-2979.,-2150.,-910.));
#8062=CARTESIAN_POINT('',(-2979.,-2250.,-750.));
#8063=CARTESIAN_POINT('Origin',(-2949.,-2935.84499999244,305.));
#8064=CARTESIAN_POINT('',(-2949.,-2970.,-890.));
#8065=CARTESIAN_POINT('',(-2949.,-2970.,-790.));
#8066=CARTESIAN_POINT('',(-2949.,-2970.,-292.5));
#8067=CARTESIAN_POINT('',(-2949.,-4147.,-890.));
#8068=CARTESIAN_POINT('',(-2949.,-3859.05125787728,-790.));
#8069=CARTESIAN_POINT('Origin',(-2909.,-2124.68999998487,-790.));
#8070=CARTESIAN_POINT('',(-2909.,-2970.,-790.));
#8071=CARTESIAN_POINT('',(-2929.,-2970.,-790.));
#8072=CARTESIAN_POINT('',(-2909.,-2530.26749998865,-790.));
#8073=CARTESIAN_POINT('Origin',(-2949.,-2970.,-750.));
#8074=CARTESIAN_POINT('',(-2979.,-2870.,-750.));
#8075=CARTESIAN_POINT('',(-2909.,-2870.,-750.));
#8076=CARTESIAN_POINT('',(-2949.,-2870.,-750.));
#8077=CARTESIAN_POINT('',(-2979.,-2970.,-750.));
#8078=CARTESIAN_POINT('',(-2979.,-2870.,-750.));
#8079=CARTESIAN_POINT('',(-2909.,-2970.,-750.));
#8080=CARTESIAN_POINT('',(-2949.,-2970.,-750.));
#8081=CARTESIAN_POINT('',(-2909.,-2952.92249999622,-750.));
#8082=CARTESIAN_POINT('Origin',(-2979.,-2920.,-820.));
#8083=CARTESIAN_POINT('',(-2979.,-2870.,-910.));
#8084=CARTESIAN_POINT('',(-2979.,-2870.,-750.));
#8085=CARTESIAN_POINT('',(-2979.,-2970.,-910.));
#8086=CARTESIAN_POINT('',(-2979.,-2870.,-910.));
#8087=CARTESIAN_POINT('',(-2979.,-2970.,-750.));
#8088=CARTESIAN_POINT('Origin',(-2949.,-2970.,-890.));
#8089=CARTESIAN_POINT('',(-2586.,-2970.,-890.));
#8090=CARTESIAN_POINT('',(-2909.,-2970.,-292.5));
#8091=CARTESIAN_POINT('',(-2979.,-2970.,-910.));
#8092=CARTESIAN_POINT('Origin',(-2909.,-2124.68999998487,-790.));
#8093=CARTESIAN_POINT('',(-2909.,-3697.71268524608,-790.));
#8094=CARTESIAN_POINT('',(-2949.,-3697.71268524608,-790.));
#8095=CARTESIAN_POINT('',(-2909.,-3697.71268524608,-790.));
#8096=CARTESIAN_POINT('',(-2909.,-3450.,-790.));
#8097=CARTESIAN_POINT('',(-2909.,-2530.26749998865,-790.));
#8098=CARTESIAN_POINT('',(-2949.,-3450.,-790.));
#8099=CARTESIAN_POINT('',(-2929.,-3450.,-790.));
#8100=CARTESIAN_POINT('',(-2949.,-3859.05125787728,-790.));
#8101=CARTESIAN_POINT('Origin',(-2909.,-2124.68999998487,-790.));
#8102=CARTESIAN_POINT('',(-2909.,-3350.,-790.));
#8103=CARTESIAN_POINT('',(-2949.,-3350.,-790.));
#8104=CARTESIAN_POINT('',(-2929.,-3350.,-790.));
#8105=CARTESIAN_POINT('',(-2909.,-2530.26749998865,-790.));
#8106=CARTESIAN_POINT('',(-2949.,-3859.05125787728,-790.));
#8107=CARTESIAN_POINT('Origin',(-2949.,-2935.84499999244,305.));
#8108=CARTESIAN_POINT('',(-2949.,-3350.,-890.));
#8109=CARTESIAN_POINT('',(-2949.,-3350.,-222.5));
#8110=CARTESIAN_POINT('',(-2949.,-4147.,-890.));
#8111=CARTESIAN_POINT('Origin',(-2949.,-3450.,-750.));
#8112=CARTESIAN_POINT('',(-2979.,-3350.,-750.));
#8113=CARTESIAN_POINT('',(-2909.,-3350.,-750.));
#8114=CARTESIAN_POINT('',(-2949.,-3350.,-750.));
#8115=CARTESIAN_POINT('',(-2979.,-3450.,-750.));
#8116=CARTESIAN_POINT('',(-2979.,-3350.,-750.));
#8117=CARTESIAN_POINT('',(-2909.,-3450.,-750.));
#8118=CARTESIAN_POINT('',(-2949.,-3450.,-750.));
#8119=CARTESIAN_POINT('',(-2909.,-3192.92249999622,-750.));
#8120=CARTESIAN_POINT('Origin',(-2949.,-3450.,-890.));
#8121=CARTESIAN_POINT('',(-2949.,-3450.,-890.));
#8122=CARTESIAN_POINT('',(-2586.,-3450.,-890.));
#8123=CARTESIAN_POINT('',(-2949.,-3450.,-292.5));
#8124=CARTESIAN_POINT('',(-2909.,-3450.,-292.5));
#8125=CARTESIAN_POINT('',(-2979.,-3450.,-910.));
#8126=CARTESIAN_POINT('',(-2979.,-3450.,-750.));
#8127=CARTESIAN_POINT('',(-2979.,-3450.,-910.));
#8128=CARTESIAN_POINT('Origin',(-2979.,-3400.,-820.));
#8129=CARTESIAN_POINT('',(-2979.,-3350.,-910.));
#8130=CARTESIAN_POINT('',(-2979.,-3350.,-750.));
#8131=CARTESIAN_POINT('',(-2979.,-3350.,-910.));
#8132=CARTESIAN_POINT('Origin',(-2949.,-3350.,-750.));
#8133=CARTESIAN_POINT('',(-2979.,-3350.,-910.));
#8134=CARTESIAN_POINT('',(-2909.,-3350.,-222.5));
#8135=CARTESIAN_POINT('',(-2586.,-3350.,-890.));
#8136=CARTESIAN_POINT('Origin',(-2949.,-2935.84499999244,305.));
#8137=CARTESIAN_POINT('',(-2949.,-1751.81568999492,-634.792088697949));
#8138=CARTESIAN_POINT('',(-2949.,-1849.85495824434,-610.273437763634));
#8139=CARTESIAN_POINT('',(-2949.,-2419.58125818301,-467.7905273368));
#8140=CARTESIAN_POINT('',(-2949.,-1880.51841950811,-806.828406692771));
#8141=CARTESIAN_POINT('Origin',(-2949.,-2124.68999998487,-490.000000000003));
#8142=CARTESIAN_POINT('',(-2949.,-1931.71802716282,-719.699407280831));
#8143=CARTESIAN_POINT('',(-2949.,-2294.67886293192,-102.030329432462));
#8144=CARTESIAN_POINT('Origin',(-2949.,-2124.68999998487,-490.000000000003));
#8145=CARTESIAN_POINT('Origin',(-2909.,-2124.68999998487,-490.000000000003));
#8146=CARTESIAN_POINT('',(-2909.,-1849.85495824434,-610.273437763634));
#8147=CARTESIAN_POINT('',(-2909.,-1849.85495824434,-610.273437763634));
#8148=CARTESIAN_POINT('',(-2909.,-1931.71802716282,-719.699407280831));
#8149=CARTESIAN_POINT('',(-2909.,-1931.71802716282,-719.699407280831));
#8150=CARTESIAN_POINT('Origin',(-2909.,-2124.68999998487,-490.000000000003));
#8151=CARTESIAN_POINT('Origin',(-2909.,-2124.68999998487,-790.));
#8152=CARTESIAN_POINT('',(-2909.,-2630.,-790.));
#8153=CARTESIAN_POINT('',(-2949.,-2630.,-790.));
#8154=CARTESIAN_POINT('',(-2929.,-2630.,-790.));
#8155=CARTESIAN_POINT('',(-2909.,-2490.,-790.));
#8156=CARTESIAN_POINT('',(-2909.,-2530.26749998865,-790.));
#8157=CARTESIAN_POINT('',(-2949.,-2490.,-790.));
#8158=CARTESIAN_POINT('',(-2929.,-2490.,-790.));
#8159=CARTESIAN_POINT('',(-2949.,-3859.05125787728,-790.));
#8160=CARTESIAN_POINT('Origin',(-2909.,-2124.68999998487,-790.));
#8161=CARTESIAN_POINT('',(-2909.,-2390.,-790.));
#8162=CARTESIAN_POINT('',(-2949.,-2390.,-790.));
#8163=CARTESIAN_POINT('',(-2929.,-2390.,-790.));
#8164=CARTESIAN_POINT('',(-2909.,-2250.,-790.));
#8165=CARTESIAN_POINT('',(-2909.,-2530.26749998865,-790.));
#8166=CARTESIAN_POINT('',(-2949.,-2250.,-790.));
#8167=CARTESIAN_POINT('',(-2929.,-2250.,-790.));
#8168=CARTESIAN_POINT('',(-2949.,-3859.05125787728,-790.));
#8169=CARTESIAN_POINT('Origin',(-2949.,-2935.84499999244,305.));
#8170=CARTESIAN_POINT('',(-2949.,-2390.,-890.));
#8171=CARTESIAN_POINT('',(-2949.,-2390.,-222.5));
#8172=CARTESIAN_POINT('',(-2949.,-2250.,-890.));
#8173=CARTESIAN_POINT('',(-2949.,-2250.,-292.5));
#8174=CARTESIAN_POINT('',(-2949.,-4147.,-890.));
#8175=CARTESIAN_POINT('Origin',(-2949.,-2490.,-750.));
#8176=CARTESIAN_POINT('',(-2979.,-2390.,-750.));
#8177=CARTESIAN_POINT('',(-2909.,-2390.,-750.));
#8178=CARTESIAN_POINT('',(-2949.,-2390.,-750.));
#8179=CARTESIAN_POINT('',(-2979.,-2490.,-750.));
#8180=CARTESIAN_POINT('',(-2979.,-2390.,-750.));
#8181=CARTESIAN_POINT('',(-2909.,-2490.,-750.));
#8182=CARTESIAN_POINT('',(-2949.,-2490.,-750.));
#8183=CARTESIAN_POINT('',(-2909.,-2712.92249999622,-750.));
#8184=CARTESIAN_POINT('Origin',(-2979.,-2440.,-820.));
#8185=CARTESIAN_POINT('',(-2979.,-2390.,-910.));
#8186=CARTESIAN_POINT('',(-2979.,-2390.,-750.));
#8187=CARTESIAN_POINT('',(-2979.,-2490.,-910.));
#8188=CARTESIAN_POINT('',(-2979.,-2390.,-910.));
#8189=CARTESIAN_POINT('',(-2979.,-2490.,-750.));
#8190=CARTESIAN_POINT('Origin',(-2949.,-2935.84499999244,305.));
#8191=CARTESIAN_POINT('',(-2949.,-2630.,-890.));
#8192=CARTESIAN_POINT('',(-2949.,-2630.,-222.5));
#8193=CARTESIAN_POINT('',(-2949.,-2490.,-890.));
#8194=CARTESIAN_POINT('',(-2949.,-2490.,-292.5));
#8195=CARTESIAN_POINT('',(-2949.,-2623.68166750641,-890.));
#8196=CARTESIAN_POINT('',(-2949.,-4147.,-890.));
#8197=CARTESIAN_POINT('',(-2949.,-4147.,-890.));
#8198=CARTESIAN_POINT('Origin',(-2949.,-2935.84499999244,305.));
#8199=CARTESIAN_POINT('',(-2949.,-2730.,-890.));
#8200=CARTESIAN_POINT('',(-2949.,-2730.,-790.));
#8201=CARTESIAN_POINT('',(-2949.,-2730.,-292.5));
#8202=CARTESIAN_POINT('',(-2949.,-2870.,-890.));
#8203=CARTESIAN_POINT('',(-2949.,-4147.,-890.));
#8204=CARTESIAN_POINT('',(-2949.,-2870.,-790.));
#8205=CARTESIAN_POINT('',(-2949.,-2870.,-222.5));
#8206=CARTESIAN_POINT('',(-2949.,-3859.05125787728,-790.));
#8207=CARTESIAN_POINT('Origin',(-2909.,-2124.68999998487,-790.));
#8208=CARTESIAN_POINT('',(-2909.,-2730.,-790.));
#8209=CARTESIAN_POINT('',(-2929.,-2730.,-790.));
#8210=CARTESIAN_POINT('',(-2909.,-2870.,-790.));
#8211=CARTESIAN_POINT('',(-2929.,-2870.,-790.));
#8212=CARTESIAN_POINT('',(-2909.,-2530.26749998865,-790.));
#8213=CARTESIAN_POINT('Origin',(-2949.,-2730.,-750.));
#8214=CARTESIAN_POINT('',(-2979.,-2630.,-750.));
#8215=CARTESIAN_POINT('',(-2909.,-2630.,-750.));
#8216=CARTESIAN_POINT('',(-2949.,-2630.,-750.));
#8217=CARTESIAN_POINT('',(-2979.,-2730.,-750.));
#8218=CARTESIAN_POINT('',(-2979.,-2630.,-750.));
#8219=CARTESIAN_POINT('',(-2909.,-2730.,-750.));
#8220=CARTESIAN_POINT('',(-2949.,-2730.,-750.));
#8221=CARTESIAN_POINT('',(-2909.,-2832.92249999622,-750.));
#8222=CARTESIAN_POINT('Origin',(-2949.,-2630.,-750.));
#8223=CARTESIAN_POINT('',(-2979.,-2630.,-890.));
#8224=CARTESIAN_POINT('',(-2949.,-2630.,-890.));
#8225=CARTESIAN_POINT('',(-2979.,-2630.,-750.));
#8226=CARTESIAN_POINT('',(-2909.,-2630.,-222.5));
#8227=CARTESIAN_POINT('Origin',(-2979.,-2680.,-820.));
#8228=CARTESIAN_POINT('',(-2979.,-2623.68166750641,-890.));
#8229=CARTESIAN_POINT('',(-2979.,-2730.,-890.));
#8230=CARTESIAN_POINT('',(-2979.,-2623.68166750641,-910.));
#8231=CARTESIAN_POINT('',(-2979.,-2623.68166750641,-890.));
#8232=CARTESIAN_POINT('',(-2979.,-2730.,-910.));
#8233=CARTESIAN_POINT('',(-2979.,-2623.68166750641,-910.));
#8234=CARTESIAN_POINT('',(-2979.,-2730.,-750.));
#8235=CARTESIAN_POINT('Origin',(-2909.,-3697.71268524608,-790.));
#8236=CARTESIAN_POINT('',(-2909.,-3248.84109388991,-435.469559705307));
#8237=CARTESIAN_POINT('',(-2909.,-3196.81909784064,-394.381236185802));
#8238=CARTESIAN_POINT('',(-2949.,-3248.84109388991,-435.469559705307));
#8239=CARTESIAN_POINT('',(-2949.,-3248.84109388991,-435.469559705307));
#8240=CARTESIAN_POINT('',(-2909.,-3248.84109388991,-435.469559705307));
#8241=CARTESIAN_POINT('Origin',(-2909.,-5790.23764013257,1175.60836447391));
#8242=CARTESIAN_POINT('',(-2909.,-2792.44507423596,915.784934262717));
#8243=CARTESIAN_POINT('',(-2949.,-2792.44507423596,915.784934262717));
#8244=CARTESIAN_POINT('',(-2909.,-2792.44507423596,915.784934262717));
#8245=CARTESIAN_POINT('',(-2909.,-2886.62970164441,386.096222337872));
#8246=CARTESIAN_POINT('Origin',(-2909.,-5790.23764013257,1175.60836447391));
#8247=CARTESIAN_POINT('',(-2929.,-2886.62970164441,386.096222337872));
#8248=CARTESIAN_POINT('',(-2909.,-2886.62970164441,386.096222337873));
#8249=CARTESIAN_POINT('',(-2929.,-3004.75421307248,37.4736797351904));
#8250=CARTESIAN_POINT('Origin',(-2929.,-5790.23764013257,1175.60836447391));
#8251=CARTESIAN_POINT('',(-2909.,-3004.75421307248,37.4736797351904));
#8252=CARTESIAN_POINT('',(-2909.,-3004.75421307248,37.4736797351913));
#8253=CARTESIAN_POINT('Origin',(-2909.,-5790.23764013257,1175.60836447391));
#8254=CARTESIAN_POINT('Origin',(-2949.,-5790.23764013257,1175.60836447391));
#8255=CARTESIAN_POINT('Origin',(-2929.,-2564.19461705462,402.091729662989));
#8256=CARTESIAN_POINT('',(-2929.,-2372.70077762213,721.225388112944));
#8257=CARTESIAN_POINT('',(-2929.,-2899.97540079035,377.393592825488));
#8258=CARTESIAN_POINT('',(-2929.,-2193.38646841662,566.560451647517));
#8259=CARTESIAN_POINT('',(-2929.,-2629.77556723864,942.9614903742));
#8260=CARTESIAN_POINT('',(-2929.,-3004.75421307248,37.4736797351904));
#8261=CARTESIAN_POINT('Origin',(-2909.,-3004.75421307248,37.4736797351904));
#8262=CARTESIAN_POINT('',(-2909.,-2193.38646841662,566.560451647517));
#8263=CARTESIAN_POINT('',(-2909.,-2919.37780556201,93.1469895810816));
#8264=CARTESIAN_POINT('',(-2909.,-2193.38646841662,566.560451647517));
#8265=CARTESIAN_POINT('Origin',(-2909.,-2302.94933024228,766.709779590787));
#8266=CARTESIAN_POINT('',(-2909.,-2372.70077762213,721.225388112944));
#8267=CARTESIAN_POINT('',(-2909.,-2630.60756715215,553.046320574851));
#8268=CARTESIAN_POINT('',(-2909.,-2372.70077762213,721.225388112944));
#8269=CARTESIAN_POINT('Origin',(-716.,-4147.,-890.));
#8270=CARTESIAN_POINT('Origin',(69.9999999999999,-3110.,-910.));
#8271=CARTESIAN_POINT('Origin',(69.9999999999999,-2730.,-890.));
#8272=CARTESIAN_POINT('',(69.9999999999999,-2623.68166750641,-890.));
#8273=CARTESIAN_POINT('Origin',(-716.,-4147.,-890.));
#8274=CARTESIAN_POINT('',(-2949.,-4147.,-890.));
#8275=CARTESIAN_POINT('Origin',(-716.,-4147.,-890.));
#8276=CARTESIAN_POINT('Origin',(69.9999999999999,-3350.,-910.));
#8277=CARTESIAN_POINT('Origin',(-2193.,-2124.68999998487,-490.000000000003));
#8278=CARTESIAN_POINT('',(-2193.,-1966.73464130956,-857.491638905914));
#8279=CARTESIAN_POINT('',(-2193.,-1966.73464130956,-857.491638905914));
#8280=CARTESIAN_POINT('',(-2193.,-2124.68999998487,-890.));
#8281=CARTESIAN_POINT('Origin',(-2193.,-2124.68999998487,-490.000000000003));
#8282=CARTESIAN_POINT('',(-716.,-2124.68999998487,-890.));
#8283=CARTESIAN_POINT('Origin',(-2193.,-2124.68999998487,-490.000000000003));
#8284=CARTESIAN_POINT('',(-2193.,-1880.51841950811,-806.828406692771));
#8285=CARTESIAN_POINT('',(-2193.,-1880.51841950811,-806.828406692771));
#8286=CARTESIAN_POINT('',(-2193.,-1751.81568999492,-634.792088697949));
#8287=CARTESIAN_POINT('',(-2193.,-1751.81568999492,-634.792088697949));
#8288=CARTESIAN_POINT('Origin',(-2193.,-2124.68999998487,-490.000000000003));
#8289=CARTESIAN_POINT('Origin',(-716.,-4147.,-890.));
#8290=CARTESIAN_POINT('',(-2193.,-2948.1412013411,-890.));
#8291=CARTESIAN_POINT('Origin',(-2949.,-1865.03538948399,-503.397135725045));
#8292=CARTESIAN_POINT('',(-2979.,-1708.15146187074,-542.632253724574));
#8293=CARTESIAN_POINT('',(-2979.,-1865.03538948399,-503.397135725045));
#8294=CARTESIAN_POINT('',(-2979.,-2112.55910521107,-441.493903558555));
#8295=CARTESIAN_POINT('',(-2909.,-1865.03538948399,-503.397135725045));
#8296=CARTESIAN_POINT('',(-2949.,-1865.03538948399,-503.397135725045));
#8297=CARTESIAN_POINT('',(-2909.,-2464.06021315375,-353.5869544089));
#8298=CARTESIAN_POINT('',(-2949.,-2464.06021315375,-353.5869544089));
#8299=CARTESIAN_POINT('',(-2193.,-1708.15146187074,-542.632253724574));
#8300=CARTESIAN_POINT('',(-2193.,-1932.10182594589,-486.624483558423));
#8301=CARTESIAN_POINT('',(69.9999999999999,-1708.15146187074,-542.632253724574));
#8302=CARTESIAN_POINT('Origin',(-2949.,-1952.31616365849,-684.646501510112));
#8303=CARTESIAN_POINT('',(-2193.,-1870.38577306548,-824.071651053062));
#8304=CARTESIAN_POINT('',(-2193.,-2036.88414476958,-540.732828847057));
#8305=CARTESIAN_POINT('',(69.9999999999999,-1870.38577306548,-824.071651053062));
#8306=CARTESIAN_POINT('',(-2909.,-2294.67886293192,-102.030329432462));
#8307=CARTESIAN_POINT('Origin',(69.9999999999999,-1708.15146187074,-542.632253724574));
#8308=CARTESIAN_POINT('',(-2193.,-1732.41325141834,-639.644446607469));
#8309=CARTESIAN_POINT('',(-2193.,-1686.91233065928,-457.706338028673));
#8310=CARTESIAN_POINT('',(-2979.,-1732.41325141834,-639.644446607469));
#8311=CARTESIAN_POINT('',(69.9999999999999,-1732.41325141834,-639.644446607469));
#8312=CARTESIAN_POINT('',(-2979.,-1732.41325141834,-639.644446607469));
#8313=CARTESIAN_POINT('Origin',(-2949.,-1751.81568999492,-634.792088697949));
#8314=CARTESIAN_POINT('',(-2193.,-1887.62287097515,-600.828056486323));
#8315=CARTESIAN_POINT('',(-2909.,-1889.29717903159,-600.40932860794));
#8316=CARTESIAN_POINT('',(-2909.,-2419.58125818301,-467.7905273368));
#8317=CARTESIAN_POINT('',(-2979.,-1889.29717903159,-600.40932860794));
#8318=CARTESIAN_POINT('',(-2949.,-1889.29717903159,-600.40932860794));
#8319=CARTESIAN_POINT('',(-2979.,-2136.82089475867,-538.50609644145));
#8320=CARTESIAN_POINT('Origin',(69.9999999999999,-1870.38577306548,-824.071651053062));
#8321=CARTESIAN_POINT('',(-2193.,-1956.60199486693,-874.734883266204));
#8322=CARTESIAN_POINT('',(-2193.,-1788.00471011759,-775.662072961061));
#8323=CARTESIAN_POINT('',(69.9999999999999,-1956.60199486693,-874.734883266204));
#8324=CARTESIAN_POINT('Origin',(-2949.,-1966.73464130956,-857.491638905914));
#8325=CARTESIAN_POINT('',(-2193.,-2087.20149449584,-652.487013651529));
#8326=CARTESIAN_POINT('',(-2909.,-2344.99621265818,-213.784514236934));
#8327=CARTESIAN_POINT('Origin',(69.9999999999999,-2150.,-910.));
#8328=CARTESIAN_POINT('',(-2193.,-2250.,-910.));
#8329=CARTESIAN_POINT('',(-2193.,-2053.34499999244,-910.));
#8330=CARTESIAN_POINT('',(69.9999999999999,-2250.,-910.));
#8331=CARTESIAN_POINT('Origin',(39.9999999999999,-2250.,-890.));
#8332=CARTESIAN_POINT('',(-2193.,-2250.,-890.));
#8333=CARTESIAN_POINT('',(-2193.,-2250.,-595.));
#8334=CARTESIAN_POINT('',(-323.,-2250.,-890.));
#8335=CARTESIAN_POINT('',(-2909.,-2250.,-292.5));
#8336=CARTESIAN_POINT('Origin',(-1743.,-1712.25821745715,281.064891780895));
#8337=CARTESIAN_POINT('',(-1643.,-1662.25821745715,281.064891780895));
#8338=CARTESIAN_POINT('Origin',(-1643.,-1712.25821745715,281.064891780895));
#8339=CARTESIAN_POINT('',(-1544.5,-1662.25821745715,281.064891780895));
#8340=CARTESIAN_POINT('',(-1743.,-1662.25821745715,281.064891780895));
#8341=CARTESIAN_POINT('Origin',(-1544.5,-1712.25821745715,281.064891780895));
#8342=CARTESIAN_POINT('Origin',(-716.,-1790.00422119655,324.276473223228));
#8343=CARTESIAN_POINT('',(-2373.6850564218,-2315.76555897681,777.764230357911));
#8344=CARTESIAN_POINT('',(-408.,-2315.76555897681,777.764230357912));
#8345=CARTESIAN_POINT('',(-2393.,-2256.68999998487,726.809470424747));
#8346=CARTESIAN_POINT('',(-2393.,-1832.51578664669,360.944202633802));
#8347=CARTESIAN_POINT('Origin',(-2293.,-2256.68999998487,726.809470424747));
#8348=CARTESIAN_POINT('Origin',(-2293.,-2256.68999998487,571.90895797544));
#8349=CARTESIAN_POINT('Origin',(-2293.,-2256.68999998487,745.821649660675));
#8350=CARTESIAN_POINT('',(-2393.,-2256.68999998487,571.90895797544));
#8351=CARTESIAN_POINT('Origin',(-2949.,-2935.84499999244,305.));
#8352=CARTESIAN_POINT('',(-2949.,-2660.49249344597,969.45592610172));
#8353=CARTESIAN_POINT('',(-2949.,-2712.31878139679,1014.15793325702));
#8354=CARTESIAN_POINT('Origin',(-2949.,-2712.74387041531,908.877104680303));
#8355=CARTESIAN_POINT('Origin',(-2909.,-2934.88464834858,1206.12886867199));
#8356=CARTESIAN_POINT('',(-2909.,-2660.49249344597,969.45592610172));
#8357=CARTESIAN_POINT('',(-2909.,-2660.49249344597,969.45592610172));
#8358=CARTESIAN_POINT('',(-2909.,-2712.31878139679,1014.15793325702));
#8359=CARTESIAN_POINT('',(-2909.,-2712.31878139679,1014.15793325702));
#8360=CARTESIAN_POINT('Origin',(-2909.,-2935.84499999244,305.));
#8361=CARTESIAN_POINT('Origin',(-2909.,-2712.74387041531,908.877104680303));
#8362=CARTESIAN_POINT('Origin',(-2909.,-2712.74387041531,908.877104680303));
#8363=CARTESIAN_POINT('Origin',(-2223.,-1956.68999998487,-400.));
#8364=CARTESIAN_POINT('',(-2223.,-1856.68999998487,-400.));
#8365=CARTESIAN_POINT('Origin',(-2223.,-1956.68999998487,-400.));
#8366=CARTESIAN_POINT('Origin',(-666.,-1956.68999998487,-400.));
#8367=CARTESIAN_POINT('',(-2043.,-1856.68999998487,-400.));
#8368=CARTESIAN_POINT('Origin',(-2043.,-1956.68999998487,-400.));
#8369=CARTESIAN_POINT('',(-666.,-1856.68999998487,-400.));
#8370=CARTESIAN_POINT('Origin',(-666.,-1956.68999998487,-400.));
#8371=CARTESIAN_POINT('',(-1544.5,-1856.68999998487,-400.));
#8372=CARTESIAN_POINT('Origin',(-1544.5,-1956.68999998487,-400.));
#8373=CARTESIAN_POINT('',(-1943.,-1856.68999998487,-400.));
#8374=CARTESIAN_POINT('',(-666.,-1856.68999998487,-400.));
#8375=CARTESIAN_POINT('Origin',(-1943.,-1956.68999998487,-400.));
#8376=CARTESIAN_POINT('Origin',(-2909.,-2935.84499999244,305.));
#8377=CARTESIAN_POINT('Origin',(-2909.,-2124.68999998487,-490.000000000003));
#8378=CARTESIAN_POINT('',(-2909.,-2390.,-222.5));
#8379=CARTESIAN_POINT('',(-2909.,-2490.,-292.5));
#8380=CARTESIAN_POINT('',(-2909.,-2730.,-292.5));
#8381=CARTESIAN_POINT('',(-2909.,-2870.,-222.5));
#8382=CARTESIAN_POINT('Origin',(-2949.,-2124.68999998487,-490.000000000003));
#8383=CARTESIAN_POINT('Origin',(-2979.,-2124.68999998487,-490.000000000003));
#8384=CARTESIAN_POINT('Origin',(-2979.,-1808.42553973945,-569.094612211497));
#8385=CARTESIAN_POINT('Origin',(-2393.,-1724.68999998487,571.90895797544));
#8386=CARTESIAN_POINT('Origin',(-2393.,-2124.68999998487,-490.000000000003));
#8387=CARTESIAN_POINT('Origin',(-2193.,-2124.68999998487,-490.000000000003));
#8388=CARTESIAN_POINT('Origin',(-2043.,-1956.68999998487,-400.));
#8389=CARTESIAN_POINT('',(-2043.,-1781.68999998487,-400.));
#8390=CARTESIAN_POINT('Origin',(-2043.,-1956.68999998487,-400.));
#8391=CARTESIAN_POINT('Origin',(-2193.,-1956.68999998487,-400.));
#8392=CARTESIAN_POINT('',(-2193.,-1781.68999998487,-400.));
#8393=CARTESIAN_POINT('',(-2193.,-1781.68999998487,-400.));
#8394=CARTESIAN_POINT('Origin',(-2193.,-1956.68999998487,-400.));
#8395=CARTESIAN_POINT('Origin',(-1943.,-1956.68999998487,-400.));
#8396=CARTESIAN_POINT('',(-1943.,-2131.68999998487,-400.));
#8397=CARTESIAN_POINT('Origin',(-1943.,-1956.68999998487,-400.));
#8398=CARTESIAN_POINT('Origin',(-1643.,-1956.68999998487,-400.));
#8399=CARTESIAN_POINT('',(-1643.,-2131.68999998487,-400.));
#8400=CARTESIAN_POINT('',(-1643.,-2131.68999998487,-400.));
#8401=CARTESIAN_POINT('Origin',(-1643.,-1956.68999998487,-400.));
#8402=CARTESIAN_POINT('Origin',(-1943.,-1956.68999998487,-300.));
#8403=CARTESIAN_POINT('',(-1544.5,-1719.85023229499,-484.138329634551));
#8404=CARTESIAN_POINT('',(-1544.5,-1724.69004996278,-490.199955809006));
#8405=CARTESIAN_POINT('Origin',(-1544.5,-1956.68999998487,-300.));
#8406=CARTESIAN_POINT('',(-1643.,-1724.69004996278,-490.199955809006));
#8407=CARTESIAN_POINT('',(-1504.5,-1724.69004996278,-490.199955809006));
#8408=CARTESIAN_POINT('',(-1643.,-1719.85023229499,-484.138329634551));
#8409=CARTESIAN_POINT('Origin',(-1643.,-1956.68999998487,-300.));
#8410=CARTESIAN_POINT('',(-1943.,-1719.85023229499,-484.13832963455));
#8411=CARTESIAN_POINT('Origin',(-1266.,-1719.85023229499,-484.138329634551));
#8412=CARTESIAN_POINT('',(-1544.5,-1613.25025432437,267.01415385368));
#8413=CARTESIAN_POINT('',(-1544.5,-1698.13026025891,-331.08941492754));
#8414=CARTESIAN_POINT('',(-1643.,-1613.25025432437,267.01415385368));
#8415=CARTESIAN_POINT('',(-1643.,-1698.13026025891,-331.08941492754));
#8416=CARTESIAN_POINT('',(-1266.,-1613.25025432437,267.01415385368));
#8417=CARTESIAN_POINT('Origin',(-1266.,-1712.25821745715,281.064891780895));
#8418=CARTESIAN_POINT('',(-1544.5,-1710.40328068135,381.047686348549));
#8419=CARTESIAN_POINT('Origin',(-1544.5,-1712.25821745715,281.064891780895));
#8420=CARTESIAN_POINT('',(-1643.,-1710.40328068135,381.047686348549));
#8421=CARTESIAN_POINT('Origin',(-1643.,-1712.25821745715,281.064891780895));
#8422=CARTESIAN_POINT('',(-1266.,-1710.40328068135,381.047686348549));
#8423=CARTESIAN_POINT('Origin',(-100.,-2315.76555897681,777.764230357911));
#8424=CARTESIAN_POINT('Origin',(-1544.5,-1884.47410872101,-148.513075138222));
#8425=CARTESIAN_POINT('',(-1544.5,-1792.4980840279,382.570755097407));
#8426=CARTESIAN_POINT('',(-1544.5,-1749.28240268219,-628.09104202456));
#8427=CARTESIAN_POINT('',(-1544.5,-1868.20413051514,-628.09104202456));
#8428=CARTESIAN_POINT('Origin',(-1544.5,-2124.68999998487,-490.000000000003));
#8429=CARTESIAN_POINT('Origin',(-1643.,-1884.47410872101,-148.513075138222));
#8430=CARTESIAN_POINT('',(-1643.,-1792.4980840279,382.570755097407));
#8431=CARTESIAN_POINT('',(-1643.,-2150.,-889.198451774596));
#8432=CARTESIAN_POINT('Origin',(-1643.,-2124.68999998487,-490.));
#8433=CARTESIAN_POINT('',(-1643.,-2150.,-890.));
#8434=CARTESIAN_POINT('',(-1643.,-2150.,-525.));
#8435=CARTESIAN_POINT('',(-1643.,-2067.2370543605,-890.));
#8436=CARTESIAN_POINT('Origin',(-1266.,-1710.40328068135,381.047686348549));
#8437=CARTESIAN_POINT('Origin',(-2193.,-1956.68999998487,-300.));
#8438=CARTESIAN_POINT('',(-2193.,-2948.1412013411,-890.));
#8439=CARTESIAN_POINT('Origin',(69.9999999999999,-2870.,-910.));
#8440=CARTESIAN_POINT('',(-2979.,-2870.,-910.));
#8441=CARTESIAN_POINT('Origin',(-2949.,-2870.,-750.));
#8442=CARTESIAN_POINT('',(-323.,-2870.,-890.));
#8443=CARTESIAN_POINT('Origin',(-716.,-4147.,-890.));
#8444=CARTESIAN_POINT('',(-2586.,-2730.,-890.));
#8445=CARTESIAN_POINT('Origin',(-2949.,-2730.,-890.));
#8446=CARTESIAN_POINT('',(69.9999999999999,-2730.,-910.));
#8447=CARTESIAN_POINT('Origin',(69.9999999999999,-2623.68166750641,-910.));
#8448=CARTESIAN_POINT('',(69.9999999999999,-2623.68166750641,-910.));
#8449=CARTESIAN_POINT('Origin',(69.9999999999999,-2623.68166750641,-890.));
#8450=CARTESIAN_POINT('',(-323.,-2623.68166750641,-890.));
#8451=CARTESIAN_POINT('Origin',(-716.,-4147.,-890.));
#8452=CARTESIAN_POINT('',(-2586.,-2490.,-890.));
#8453=CARTESIAN_POINT('Origin',(-2949.,-2490.,-890.));
#8454=CARTESIAN_POINT('',(69.9999999999999,-2490.,-910.));
#8455=CARTESIAN_POINT('Origin',(69.9999999999999,-2390.,-910.));
#8456=CARTESIAN_POINT('',(-2979.,-2390.,-910.));
#8457=CARTESIAN_POINT('Origin',(-2949.,-2390.,-750.));
#8458=CARTESIAN_POINT('',(-323.,-2390.,-890.));
#8459=CARTESIAN_POINT('Origin',(-716.,-4147.,-890.));
#8460=CARTESIAN_POINT('',(-801.5,-2150.,-890.));
#8461=CARTESIAN_POINT('Origin',(39.9999999999999,-2150.,-750.));
#8462=CARTESIAN_POINT('',(-716.,-2150.,-889.198451774596));
#8463=CARTESIAN_POINT('Origin',(-716.,-2124.68999998487,-490.000000000003));
#8464=CARTESIAN_POINT('',(-2193.,-1749.28240268219,-628.09104202456));
#8465=CARTESIAN_POINT('Origin',(-1454.5,-1990.68999998487,-628.09104202456));
#8466=CARTESIAN_POINT('Origin',(-716.,-2256.6899999869,505.668609549845));
#8467=CARTESIAN_POINT('',(-2243.,-2356.68999998487,505.668609549444));
#8468=CARTESIAN_POINT('Origin',(-1604.5,-2728.03618663863,735.026245817659));
#8469=CARTESIAN_POINT('',(-1304.5,-2728.03618663863,735.026245817659));
#8470=CARTESIAN_POINT('Origin',(-1604.5,-2794.38279180452,1036.55601910379));
#8471=UNCERTAINTY_MEASURE_WITH_UNIT(LENGTH_MEASURE(0.01),#8475,
'DISTANCE_ACCURACY_VALUE',
'Maximum model space distance between geometric entities at asserted c
onnectivities');
#8472=UNCERTAINTY_MEASURE_WITH_UNIT(LENGTH_MEASURE(0.01),#8475,
'DISTANCE_ACCURACY_VALUE',
'Maximum model space distance between geometric entities at asserted c
onnectivities');
#8473=(
GEOMETRIC_REPRESENTATION_CONTEXT(3)
GLOBAL_UNCERTAINTY_ASSIGNED_CONTEXT((#8471))
GLOBAL_UNIT_ASSIGNED_CONTEXT((#8475,#8477,#8478))
REPRESENTATION_CONTEXT('','3D')
);
#8474=(
GEOMETRIC_REPRESENTATION_CONTEXT(3)
GLOBAL_UNCERTAINTY_ASSIGNED_CONTEXT((#8472))
GLOBAL_UNIT_ASSIGNED_CONTEXT((#8475,#8477,#8478))
REPRESENTATION_CONTEXT('','3D')
);
#8475=(
LENGTH_UNIT()
NAMED_UNIT(*)
SI_UNIT(.MILLI.,.METRE.)
);
#8476=(
LENGTH_UNIT()
NAMED_UNIT(*)
SI_UNIT($,.METRE.)
);
#8477=(
NAMED_UNIT(*)
PLANE_ANGLE_UNIT()
SI_UNIT($,.RADIAN.)
);
#8478=(
NAMED_UNIT(*)
SI_UNIT($,.STERADIAN.)
SOLID_ANGLE_UNIT()
);
#8479=SHAPE_DEFINITION_REPRESENTATION(#8480,#8481);
#8480=PRODUCT_DEFINITION_SHAPE('',$,#8483);
#8481=SHAPE_REPRESENTATION('',(#4902),#8473);
#8482=PRODUCT_DEFINITION_CONTEXT('part definition',#8487,'design');
#8483=PRODUCT_DEFINITION('Bucket','Bucket',#8484,#8482);
#8484=PRODUCT_DEFINITION_FORMATION('',$,#8489);
#8485=PRODUCT_RELATED_PRODUCT_CATEGORY('Bucket','Bucket',(#8489));
#8486=APPLICATION_PROTOCOL_DEFINITION('international standard',
'automotive_design',2009,#8487);
#8487=APPLICATION_CONTEXT(
'Core Data for Automotive Mechanical Design Process');
#8488=PRODUCT_CONTEXT('part definition',#8487,'mechanical');
#8489=PRODUCT('Bucket','Bucket',$,(#8488));
#8490=PRESENTATION_STYLE_ASSIGNMENT((#8491));
#8491=SURFACE_STYLE_USAGE(.BOTH.,#8492);
#8492=SURFACE_SIDE_STYLE('',(#8493));
#8493=SURFACE_STYLE_FILL_AREA(#8494);
#8494=FILL_AREA_STYLE('Steel - Satin',(#8495));
#8495=FILL_AREA_STYLE_COLOUR('Steel - Satin',#8496);
#8496=COLOUR_RGB('Steel - Satin',0.627450980392157,0.627450980392157,0.627450980392157);
ENDSEC;
END-ISO-10303-21;
