ISO-10303-21;
HEADER;
/* Generated by software containing ST-Developer
 * from STEP Tools, Inc. (www.steptools.com) 
 */

FILE_DESCRIPTION(
/* description */ (''),
/* implementation_level */ '2;1');

FILE_NAME(
/* name */ 'FrontChassis.step',
/* time_stamp */ '2026-03-29T20:34:31-04:00',
/* author */ (''),
/* organization */ (''),
/* preprocessor_version */ 'ST-DEVELOPER v20.1',
/* originating_system */ 'Autodesk Translation Framework v14.24.0.0',
/* authorisation */ '');

FILE_SCHEMA (('AUTOMOTIVE_DESIGN { 1 0 10303 214 3 1 1 }'));
ENDSEC;

DATA;
#10=MECHANICAL_DESIGN_GEOMETRIC_PRESENTATION_REPRESENTATION('',(#13),#2464);
#11=SHAPE_REPRESENTATION_RELATIONSHIP('SRR','None',#2471,#12);
#12=ADVANCED_BREP_SHAPE_REPRESENTATION('',(#14),#2463);
#13=STYLED_ITEM('',(#2480),#14);
#14=MANIFOLD_SOLID_BREP('FrontChassis',#1463);
#15=FACE_BOUND('',#165,.T.);
#16=FACE_BOUND('',#166,.T.);
#17=FACE_BOUND('',#167,.T.);
#18=FACE_BOUND('',#168,.T.);
#19=FACE_BOUND('',#172,.T.);
#20=FACE_BOUND('',#174,.T.);
#21=FACE_BOUND('',#183,.T.);
#22=FACE_BOUND('',#186,.T.);
#23=FACE_BOUND('',#189,.T.);
#24=FACE_BOUND('',#191,.T.);
#25=FACE_BOUND('',#193,.T.);
#26=FACE_BOUND('',#196,.T.);
#27=FACE_BOUND('',#216,.T.);
#28=FACE_BOUND('',#226,.T.);
#29=FACE_BOUND('',#243,.T.);
#30=FACE_BOUND('',#245,.T.);
#31=B_SPLINE_CURVE_WITH_KNOTS('',3,(#2063,#2064,#2065,#2066,#2067,#2068,
#2069,#2070,#2071,#2072),.UNSPECIFIED.,.F.,.F.,(4,2,2,2,4),(14.2133232558278,
16.0601988742225,17.9070744926171,19.7539501110117,21.6008257294064),
 .UNSPECIFIED.);
#32=TOROIDAL_SURFACE('',#1486,190.,10.);
#33=ELLIPSE('',#1483,14.142135623731,10.);
#34=PLANE('',#1480);
#35=PLANE('',#1491);
#36=PLANE('',#1494);
#37=PLANE('',#1495);
#38=PLANE('',#1515);
#39=PLANE('',#1516);
#40=PLANE('',#1517);
#41=PLANE('',#1521);
#42=PLANE('',#1523);
#43=PLANE('',#1526);
#44=PLANE('',#1527);
#45=PLANE('',#1528);
#46=PLANE('',#1531);
#47=PLANE('',#1532);
#48=PLANE('',#1535);
#49=PLANE('',#1536);
#50=PLANE('',#1539);
#51=PLANE('',#1544);
#52=PLANE('',#1551);
#53=PLANE('',#1556);
#54=PLANE('',#1562);
#55=PLANE('',#1564);
#56=PLANE('',#1565);
#57=PLANE('',#1568);
#58=PLANE('',#1571);
#59=PLANE('',#1577);
#60=PLANE('',#1579);
#61=PLANE('',#1580);
#62=PLANE('',#1582);
#63=PLANE('',#1584);
#64=PLANE('',#1586);
#65=PLANE('',#1588);
#66=PLANE('',#1589);
#67=PLANE('',#1590);
#68=PLANE('',#1592);
#69=PLANE('',#1593);
#70=PLANE('',#1595);
#71=PLANE('',#1597);
#72=PLANE('',#1598);
#73=PLANE('',#1600);
#74=PLANE('',#1601);
#75=PLANE('',#1608);
#76=PLANE('',#1609);
#77=PLANE('',#1610);
#78=PLANE('',#1611);
#79=FACE_OUTER_BOUND('',#155,.T.);
#80=FACE_OUTER_BOUND('',#156,.T.);
#81=FACE_OUTER_BOUND('',#157,.T.);
#82=FACE_OUTER_BOUND('',#158,.T.);
#83=FACE_OUTER_BOUND('',#159,.T.);
#84=FACE_OUTER_BOUND('',#160,.T.);
#85=FACE_OUTER_BOUND('',#161,.T.);
#86=FACE_OUTER_BOUND('',#162,.T.);
#87=FACE_OUTER_BOUND('',#163,.T.);
#88=FACE_OUTER_BOUND('',#164,.T.);
#89=FACE_OUTER_BOUND('',#169,.T.);
#90=FACE_OUTER_BOUND('',#170,.T.);
#91=FACE_OUTER_BOUND('',#171,.T.);
#92=FACE_OUTER_BOUND('',#173,.T.);
#93=FACE_OUTER_BOUND('',#175,.T.);
#94=FACE_OUTER_BOUND('',#176,.T.);
#95=FACE_OUTER_BOUND('',#177,.T.);
#96=FACE_OUTER_BOUND('',#178,.T.);
#97=FACE_OUTER_BOUND('',#179,.T.);
#98=FACE_OUTER_BOUND('',#180,.T.);
#99=FACE_OUTER_BOUND('',#181,.T.);
#100=FACE_OUTER_BOUND('',#182,.T.);
#101=FACE_OUTER_BOUND('',#184,.T.);
#102=FACE_OUTER_BOUND('',#185,.T.);
#103=FACE_OUTER_BOUND('',#187,.T.);
#104=FACE_OUTER_BOUND('',#188,.T.);
#105=FACE_OUTER_BOUND('',#190,.T.);
#106=FACE_OUTER_BOUND('',#192,.T.);
#107=FACE_OUTER_BOUND('',#194,.T.);
#108=FACE_OUTER_BOUND('',#195,.T.);
#109=FACE_OUTER_BOUND('',#197,.T.);
#110=FACE_OUTER_BOUND('',#198,.T.);
#111=FACE_OUTER_BOUND('',#199,.T.);
#112=FACE_OUTER_BOUND('',#200,.T.);
#113=FACE_OUTER_BOUND('',#201,.T.);
#114=FACE_OUTER_BOUND('',#202,.T.);
#115=FACE_OUTER_BOUND('',#203,.T.);
#116=FACE_OUTER_BOUND('',#204,.T.);
#117=FACE_OUTER_BOUND('',#205,.T.);
#118=FACE_OUTER_BOUND('',#206,.T.);
#119=FACE_OUTER_BOUND('',#207,.T.);
#120=FACE_OUTER_BOUND('',#208,.T.);
#121=FACE_OUTER_BOUND('',#209,.T.);
#122=FACE_OUTER_BOUND('',#210,.T.);
#123=FACE_OUTER_BOUND('',#211,.T.);
#124=FACE_OUTER_BOUND('',#212,.T.);
#125=FACE_OUTER_BOUND('',#213,.T.);
#126=FACE_OUTER_BOUND('',#214,.T.);
#127=FACE_OUTER_BOUND('',#215,.T.);
#128=FACE_OUTER_BOUND('',#217,.T.);
#129=FACE_OUTER_BOUND('',#218,.T.);
#130=FACE_OUTER_BOUND('',#219,.T.);
#131=FACE_OUTER_BOUND('',#220,.T.);
#132=FACE_OUTER_BOUND('',#221,.T.);
#133=FACE_OUTER_BOUND('',#222,.T.);
#134=FACE_OUTER_BOUND('',#223,.T.);
#135=FACE_OUTER_BOUND('',#224,.T.);
#136=FACE_OUTER_BOUND('',#225,.T.);
#137=FACE_OUTER_BOUND('',#227,.T.);
#138=FACE_OUTER_BOUND('',#228,.T.);
#139=FACE_OUTER_BOUND('',#229,.T.);
#140=FACE_OUTER_BOUND('',#230,.T.);
#141=FACE_OUTER_BOUND('',#231,.T.);
#142=FACE_OUTER_BOUND('',#232,.T.);
#143=FACE_OUTER_BOUND('',#233,.T.);
#144=FACE_OUTER_BOUND('',#234,.T.);
#145=FACE_OUTER_BOUND('',#235,.T.);
#146=FACE_OUTER_BOUND('',#236,.T.);
#147=FACE_OUTER_BOUND('',#237,.T.);
#148=FACE_OUTER_BOUND('',#238,.T.);
#149=FACE_OUTER_BOUND('',#239,.T.);
#150=FACE_OUTER_BOUND('',#240,.T.);
#151=FACE_OUTER_BOUND('',#241,.T.);
#152=FACE_OUTER_BOUND('',#242,.T.);
#153=FACE_OUTER_BOUND('',#244,.T.);
#154=FACE_OUTER_BOUND('',#246,.T.);
#155=EDGE_LOOP('',(#943,#944,#945,#946));
#156=EDGE_LOOP('',(#947));
#157=EDGE_LOOP('',(#948,#949,#950,#951));
#158=EDGE_LOOP('',(#952,#953,#954,#955));
#159=EDGE_LOOP('',(#956,#957,#958,#959));
#160=EDGE_LOOP('',(#960,#961,#962,#963));
#161=EDGE_LOOP('',(#964,#965,#966,#967,#968,#969));
#162=EDGE_LOOP('',(#970,#971,#972,#973));
#163=EDGE_LOOP('',(#974,#975,#976,#977,#978,#979));
#164=EDGE_LOOP('',(#980,#981,#982,#983,#984,#985,#986,#987,#988,#989,#990,
#991,#992,#993,#994,#995,#996,#997,#998,#999,#1000,#1001,#1002,#1003,#1004,
#1005,#1006,#1007,#1008,#1009,#1010,#1011,#1012,#1013,#1014,#1015,#1016,
#1017,#1018,#1019,#1020,#1021,#1022,#1023));
#165=EDGE_LOOP('',(#1024));
#166=EDGE_LOOP('',(#1025));
#167=EDGE_LOOP('',(#1026));
#168=EDGE_LOOP('',(#1027));
#169=EDGE_LOOP('',(#1028,#1029,#1030,#1031));
#170=EDGE_LOOP('',(#1032,#1033,#1034,#1035));
#171=EDGE_LOOP('',(#1036,#1037,#1038,#1039,#1040,#1041,#1042,#1043));
#172=EDGE_LOOP('',(#1044,#1045,#1046,#1047));
#173=EDGE_LOOP('',(#1048,#1049,#1050,#1051));
#174=EDGE_LOOP('',(#1052));
#175=EDGE_LOOP('',(#1053,#1054,#1055,#1056));
#176=EDGE_LOOP('',(#1057,#1058,#1059,#1060));
#177=EDGE_LOOP('',(#1061,#1062,#1063,#1064));
#178=EDGE_LOOP('',(#1065,#1066,#1067,#1068));
#179=EDGE_LOOP('',(#1069,#1070,#1071,#1072,#1073));
#180=EDGE_LOOP('',(#1074,#1075,#1076,#1077,#1078,#1079));
#181=EDGE_LOOP('',(#1080,#1081,#1082,#1083));
#182=EDGE_LOOP('',(#1084,#1085,#1086,#1087));
#183=EDGE_LOOP('',(#1088));
#184=EDGE_LOOP('',(#1089,#1090,#1091,#1092));
#185=EDGE_LOOP('',(#1093,#1094,#1095,#1096));
#186=EDGE_LOOP('',(#1097));
#187=EDGE_LOOP('',(#1098,#1099,#1100,#1101));
#188=EDGE_LOOP('',(#1102,#1103,#1104,#1105));
#189=EDGE_LOOP('',(#1106));
#190=EDGE_LOOP('',(#1107,#1108,#1109,#1110,#1111,#1112));
#191=EDGE_LOOP('',(#1113));
#192=EDGE_LOOP('',(#1114,#1115,#1116,#1117,#1118,#1119));
#193=EDGE_LOOP('',(#1120));
#194=EDGE_LOOP('',(#1121,#1122,#1123,#1124));
#195=EDGE_LOOP('',(#1125,#1126,#1127,#1128,#1129,#1130));
#196=EDGE_LOOP('',(#1131));
#197=EDGE_LOOP('',(#1132,#1133,#1134,#1135));
#198=EDGE_LOOP('',(#1136,#1137,#1138,#1139));
#199=EDGE_LOOP('',(#1140,#1141,#1142,#1143));
#200=EDGE_LOOP('',(#1144,#1145,#1146,#1147));
#201=EDGE_LOOP('',(#1148,#1149,#1150,#1151));
#202=EDGE_LOOP('',(#1152,#1153,#1154,#1155));
#203=EDGE_LOOP('',(#1156,#1157,#1158,#1159));
#204=EDGE_LOOP('',(#1160,#1161,#1162,#1163));
#205=EDGE_LOOP('',(#1164,#1165,#1166,#1167));
#206=EDGE_LOOP('',(#1168,#1169,#1170,#1171));
#207=EDGE_LOOP('',(#1172,#1173,#1174,#1175));
#208=EDGE_LOOP('',(#1176,#1177,#1178,#1179));
#209=EDGE_LOOP('',(#1180,#1181,#1182,#1183));
#210=EDGE_LOOP('',(#1184,#1185,#1186,#1187));
#211=EDGE_LOOP('',(#1188,#1189,#1190,#1191,#1192,#1193,#1194,#1195,#1196,
#1197,#1198,#1199,#1200,#1201,#1202,#1203,#1204,#1205,#1206,#1207,#1208,
#1209,#1210,#1211,#1212,#1213,#1214));
#212=EDGE_LOOP('',(#1215,#1216,#1217,#1218));
#213=EDGE_LOOP('',(#1219,#1220,#1221,#1222));
#214=EDGE_LOOP('',(#1223,#1224,#1225,#1226));
#215=EDGE_LOOP('',(#1227,#1228,#1229,#1230,#1231,#1232,#1233,#1234));
#216=EDGE_LOOP('',(#1235,#1236,#1237,#1238));
#217=EDGE_LOOP('',(#1239,#1240,#1241,#1242));
#218=EDGE_LOOP('',(#1243,#1244,#1245,#1246));
#219=EDGE_LOOP('',(#1247,#1248,#1249,#1250));
#220=EDGE_LOOP('',(#1251,#1252,#1253,#1254));
#221=EDGE_LOOP('',(#1255,#1256,#1257,#1258));
#222=EDGE_LOOP('',(#1259,#1260,#1261,#1262));
#223=EDGE_LOOP('',(#1263,#1264,#1265,#1266));
#224=EDGE_LOOP('',(#1267,#1268,#1269,#1270));
#225=EDGE_LOOP('',(#1271,#1272,#1273,#1274,#1275,#1276,#1277,#1278));
#226=EDGE_LOOP('',(#1279,#1280,#1281,#1282));
#227=EDGE_LOOP('',(#1283,#1284,#1285,#1286));
#228=EDGE_LOOP('',(#1287,#1288,#1289,#1290));
#229=EDGE_LOOP('',(#1291,#1292,#1293,#1294));
#230=EDGE_LOOP('',(#1295,#1296,#1297,#1298));
#231=EDGE_LOOP('',(#1299,#1300,#1301,#1302));
#232=EDGE_LOOP('',(#1303,#1304,#1305,#1306));
#233=EDGE_LOOP('',(#1307,#1308,#1309,#1310));
#234=EDGE_LOOP('',(#1311,#1312,#1313,#1314));
#235=EDGE_LOOP('',(#1315,#1316,#1317,#1318));
#236=EDGE_LOOP('',(#1319,#1320,#1321,#1322));
#237=EDGE_LOOP('',(#1323,#1324,#1325,#1326));
#238=EDGE_LOOP('',(#1327,#1328,#1329,#1330));
#239=EDGE_LOOP('',(#1331,#1332,#1333,#1334));
#240=EDGE_LOOP('',(#1335,#1336,#1337,#1338));
#241=EDGE_LOOP('',(#1339,#1340,#1341,#1342));
#242=EDGE_LOOP('',(#1343,#1344,#1345,#1346));
#243=EDGE_LOOP('',(#1347));
#244=EDGE_LOOP('',(#1348,#1349,#1350,#1351));
#245=EDGE_LOOP('',(#1352));
#246=EDGE_LOOP('',(#1353,#1354,#1355,#1356));
#247=LINE('',#2036,#394);
#248=LINE('',#2042,#395);
#249=LINE('',#2046,#396);
#250=LINE('',#2050,#397);
#251=LINE('',#2053,#398);
#252=LINE('',#2073,#399);
#253=LINE('',#2074,#400);
#254=LINE('',#2077,#401);
#255=LINE('',#2079,#402);
#256=LINE('',#2081,#403);
#257=LINE('',#2083,#404);
#258=LINE('',#2084,#405);
#259=LINE('',#2087,#406);
#260=LINE('',#2091,#407);
#261=LINE('',#2093,#408);
#262=LINE('',#2094,#409);
#263=LINE('',#2100,#410);
#264=LINE('',#2104,#411);
#265=LINE('',#2108,#412);
#266=LINE('',#2110,#413);
#267=LINE('',#2114,#414);
#268=LINE('',#2116,#415);
#269=LINE('',#2118,#416);
#270=LINE('',#2122,#417);
#271=LINE('',#2124,#418);
#272=LINE('',#2126,#419);
#273=LINE('',#2130,#420);
#274=LINE('',#2134,#421);
#275=LINE('',#2136,#422);
#276=LINE('',#2140,#423);
#277=LINE('',#2141,#424);
#278=LINE('',#2143,#425);
#279=LINE('',#2145,#426);
#280=LINE('',#2150,#427);
#281=LINE('',#2154,#428);
#282=LINE('',#2158,#429);
#283=LINE('',#2160,#430);
#284=LINE('',#2162,#431);
#285=LINE('',#2166,#432);
#286=LINE('',#2168,#433);
#287=LINE('',#2170,#434);
#288=LINE('',#2174,#435);
#289=LINE('',#2175,#436);
#290=LINE('',#2185,#437);
#291=LINE('',#2188,#438);
#292=LINE('',#2189,#439);
#293=LINE('',#2192,#440);
#294=LINE('',#2194,#441);
#295=LINE('',#2195,#442);
#296=LINE('',#2197,#443);
#297=LINE('',#2199,#444);
#298=LINE('',#2200,#445);
#299=LINE('',#2203,#446);
#300=LINE('',#2205,#447);
#301=LINE('',#2207,#448);
#302=LINE('',#2208,#449);
#303=LINE('',#2211,#450);
#304=LINE('',#2214,#451);
#305=LINE('',#2218,#452);
#306=LINE('',#2219,#453);
#307=LINE('',#2222,#454);
#308=LINE('',#2225,#455);
#309=LINE('',#2227,#456);
#310=LINE('',#2228,#457);
#311=LINE('',#2231,#458);
#312=LINE('',#2235,#459);
#313=LINE('',#2236,#460);
#314=LINE('',#2238,#461);
#315=LINE('',#2244,#462);
#316=LINE('',#2246,#463);
#317=LINE('',#2247,#464);
#318=LINE('',#2252,#465);
#319=LINE('',#2254,#466);
#320=LINE('',#2255,#467);
#321=LINE('',#2260,#468);
#322=LINE('',#2261,#469);
#323=LINE('',#2265,#470);
#324=LINE('',#2266,#471);
#325=LINE('',#2272,#472);
#326=LINE('',#2274,#473);
#327=LINE('',#2275,#474);
#328=LINE('',#2281,#475);
#329=LINE('',#2285,#476);
#330=LINE('',#2289,#477);
#331=LINE('',#2296,#478);
#332=LINE('',#2300,#479);
#333=LINE('',#2304,#480);
#334=LINE('',#2312,#481);
#335=LINE('',#2313,#482);
#336=LINE('',#2316,#483);
#337=LINE('',#2320,#484);
#338=LINE('',#2323,#485);
#339=LINE('',#2327,#486);
#340=LINE('',#2328,#487);
#341=LINE('',#2331,#488);
#342=LINE('',#2334,#489);
#343=LINE('',#2336,#490);
#344=LINE('',#2338,#491);
#345=LINE('',#2340,#492);
#346=LINE('',#2342,#493);
#347=LINE('',#2349,#494);
#348=LINE('',#2350,#495);
#349=LINE('',#2355,#496);
#350=LINE('',#2357,#497);
#351=LINE('',#2361,#498);
#352=LINE('',#2363,#499);
#353=LINE('',#2367,#500);
#354=LINE('',#2371,#501);
#355=LINE('',#2373,#502);
#356=LINE('',#2375,#503);
#357=LINE('',#2379,#504);
#358=LINE('',#2381,#505);
#359=LINE('',#2383,#506);
#360=LINE('',#2386,#507);
#361=LINE('',#2388,#508);
#362=LINE('',#2390,#509);
#363=LINE('',#2392,#510);
#364=LINE('',#2394,#511);
#365=LINE('',#2395,#512);
#366=LINE('',#2396,#513);
#367=LINE('',#2398,#514);
#368=LINE('',#2400,#515);
#369=LINE('',#2402,#516);
#370=LINE('',#2404,#517);
#371=LINE('',#2407,#518);
#372=LINE('',#2409,#519);
#373=LINE('',#2411,#520);
#374=LINE('',#2413,#521);
#375=LINE('',#2414,#522);
#376=LINE('',#2415,#523);
#377=LINE('',#2417,#524);
#378=LINE('',#2419,#525);
#379=LINE('',#2422,#526);
#380=LINE('',#2424,#527);
#381=LINE('',#2426,#528);
#382=LINE('',#2428,#529);
#383=LINE('',#2430,#530);
#384=LINE('',#2432,#531);
#385=LINE('',#2434,#532);
#386=LINE('',#2436,#533);
#387=LINE('',#2443,#534);
#388=LINE('',#2446,#535);
#389=LINE('',#2451,#536);
#390=LINE('',#2454,#537);
#391=LINE('',#2455,#538);
#392=LINE('',#2457,#539);
#393=LINE('',#2459,#540);
#394=VECTOR('',#1618,100.);
#395=VECTOR('',#1625,10.);
#396=VECTOR('',#1628,10.);
#397=VECTOR('',#1633,10.);
#398=VECTOR('',#1636,10.);
#399=VECTOR('',#1647,10.);
#400=VECTOR('',#1648,10.);
#401=VECTOR('',#1651,10.);
#402=VECTOR('',#1652,10.);
#403=VECTOR('',#1653,10.);
#404=VECTOR('',#1654,10.);
#405=VECTOR('',#1655,10.);
#406=VECTOR('',#1658,10.);
#407=VECTOR('',#1663,10.);
#408=VECTOR('',#1664,10.);
#409=VECTOR('',#1665,10.);
#410=VECTOR('',#1670,10.);
#411=VECTOR('',#1673,10.);
#412=VECTOR('',#1676,10.);
#413=VECTOR('',#1677,10.);
#414=VECTOR('',#1680,10.);
#415=VECTOR('',#1681,10.);
#416=VECTOR('',#1682,10.);
#417=VECTOR('',#1685,10.);
#418=VECTOR('',#1686,10.);
#419=VECTOR('',#1687,10.);
#420=VECTOR('',#1690,10.);
#421=VECTOR('',#1693,10.);
#422=VECTOR('',#1694,10.);
#423=VECTOR('',#1697,10.);
#424=VECTOR('',#1698,10.);
#425=VECTOR('',#1699,10.);
#426=VECTOR('',#1700,10.);
#427=VECTOR('',#1705,10.);
#428=VECTOR('',#1708,10.);
#429=VECTOR('',#1711,10.);
#430=VECTOR('',#1712,10.);
#431=VECTOR('',#1713,10.);
#432=VECTOR('',#1716,10.);
#433=VECTOR('',#1717,10.);
#434=VECTOR('',#1718,10.);
#435=VECTOR('',#1721,10.);
#436=VECTOR('',#1722,10.);
#437=VECTOR('',#1733,10.);
#438=VECTOR('',#1736,10.);
#439=VECTOR('',#1737,10.);
#440=VECTOR('',#1740,10.);
#441=VECTOR('',#1741,10.);
#442=VECTOR('',#1742,10.);
#443=VECTOR('',#1743,10.);
#444=VECTOR('',#1744,10.);
#445=VECTOR('',#1745,10.);
#446=VECTOR('',#1746,10.);
#447=VECTOR('',#1747,10.);
#448=VECTOR('',#1748,10.);
#449=VECTOR('',#1749,10.);
#450=VECTOR('',#1752,10.);
#451=VECTOR('',#1755,10.);
#452=VECTOR('',#1760,10.);
#453=VECTOR('',#1761,10.);
#454=VECTOR('',#1766,50.);
#455=VECTOR('',#1769,10.);
#456=VECTOR('',#1770,10.);
#457=VECTOR('',#1771,10.);
#458=VECTOR('',#1774,10.);
#459=VECTOR('',#1779,10.);
#460=VECTOR('',#1780,10.);
#461=VECTOR('',#1783,10.);
#462=VECTOR('',#1788,10.);
#463=VECTOR('',#1789,10.);
#464=VECTOR('',#1790,10.);
#465=VECTOR('',#1795,10.);
#466=VECTOR('',#1796,10.);
#467=VECTOR('',#1797,10.);
#468=VECTOR('',#1802,10.);
#469=VECTOR('',#1803,10.);
#470=VECTOR('',#1808,10.);
#471=VECTOR('',#1809,10.);
#472=VECTOR('',#1814,10.);
#473=VECTOR('',#1815,10.);
#474=VECTOR('',#1816,10.);
#475=VECTOR('',#1821,10.);
#476=VECTOR('',#1824,10.);
#477=VECTOR('',#1827,10.);
#478=VECTOR('',#1834,10.);
#479=VECTOR('',#1837,10.);
#480=VECTOR('',#1840,10.);
#481=VECTOR('',#1849,10.);
#482=VECTOR('',#1850,10.);
#483=VECTOR('',#1853,10.);
#484=VECTOR('',#1856,10.);
#485=VECTOR('',#1859,10.);
#486=VECTOR('',#1864,10.);
#487=VECTOR('',#1865,10.);
#488=VECTOR('',#1870,50.0000000000001);
#489=VECTOR('',#1875,50.0000000000001);
#490=VECTOR('',#1878,100.);
#491=VECTOR('',#1881,100.);
#492=VECTOR('',#1884,10.);
#493=VECTOR('',#1887,10.);
#494=VECTOR('',#1898,10.);
#495=VECTOR('',#1899,10.);
#496=VECTOR('',#1906,10.);
#497=VECTOR('',#1907,10.);
#498=VECTOR('',#1910,10.);
#499=VECTOR('',#1911,10.);
#500=VECTOR('',#1914,10.);
#501=VECTOR('',#1917,10.);
#502=VECTOR('',#1918,10.);
#503=VECTOR('',#1919,10.);
#504=VECTOR('',#1922,10.);
#505=VECTOR('',#1923,10.);
#506=VECTOR('',#1924,10.);
#507=VECTOR('',#1927,10.);
#508=VECTOR('',#1930,10.);
#509=VECTOR('',#1933,10.);
#510=VECTOR('',#1936,10.);
#511=VECTOR('',#1939,10.);
#512=VECTOR('',#1940,10.);
#513=VECTOR('',#1941,10.);
#514=VECTOR('',#1944,10.);
#515=VECTOR('',#1947,10.);
#516=VECTOR('',#1950,10.);
#517=VECTOR('',#1953,10.);
#518=VECTOR('',#1958,10.);
#519=VECTOR('',#1961,10.);
#520=VECTOR('',#1964,10.);
#521=VECTOR('',#1967,10.);
#522=VECTOR('',#1968,10.);
#523=VECTOR('',#1969,10.);
#524=VECTOR('',#1972,10.);
#525=VECTOR('',#1975,10.);
#526=VECTOR('',#1980,10.);
#527=VECTOR('',#1983,10.);
#528=VECTOR('',#1986,10.);
#529=VECTOR('',#1989,10.);
#530=VECTOR('',#1992,10.);
#531=VECTOR('',#1995,10.);
#532=VECTOR('',#1998,10.);
#533=VECTOR('',#2001,10.);
#534=VECTOR('',#2008,10.);
#535=VECTOR('',#2011,10.);
#536=VECTOR('',#2016,50.);
#537=VECTOR('',#2021,10.);
#538=VECTOR('',#2022,10.);
#539=VECTOR('',#2025,10.);
#540=VECTOR('',#2028,10.);
#541=CIRCLE('',#1478,100.);
#542=CIRCLE('',#1479,100.);
#543=CIRCLE('',#1482,10.);
#544=CIRCLE('',#1485,10.);
#545=CIRCLE('',#1487,9.99999999999995);
#546=CIRCLE('',#1488,190.);
#547=CIRCLE('',#1489,200.);
#548=CIRCLE('',#1493,200.);
#549=CIRCLE('',#1496,50.);
#550=CIRCLE('',#1497,200.);
#551=CIRCLE('',#1498,50.);
#552=CIRCLE('',#1499,70.);
#553=CIRCLE('',#1500,100.124921972504);
#554=CIRCLE('',#1501,50.);
#555=CIRCLE('',#1502,50.);
#556=CIRCLE('',#1503,1917.561930507);
#557=CIRCLE('',#1504,300.);
#558=CIRCLE('',#1505,50.);
#559=CIRCLE('',#1506,50.);
#560=CIRCLE('',#1507,50.);
#561=CIRCLE('',#1508,100.);
#562=CIRCLE('',#1509,70.0000000000002);
#563=CIRCLE('',#1510,50.0000000000001);
#564=CIRCLE('',#1511,50.);
#565=CIRCLE('',#1512,100.);
#566=CIRCLE('',#1514,50.);
#567=CIRCLE('',#1518,100.);
#568=CIRCLE('',#1519,50.);
#569=CIRCLE('',#1525,300.);
#570=CIRCLE('',#1529,100.124921972504);
#571=CIRCLE('',#1530,50.0000000000001);
#572=CIRCLE('',#1533,100.124921972504);
#573=CIRCLE('',#1534,50.0000000000001);
#574=CIRCLE('',#1537,100.124921972504);
#575=CIRCLE('',#1538,50.0000000000001);
#576=CIRCLE('',#1540,50.);
#577=CIRCLE('',#1541,50.);
#578=CIRCLE('',#1542,200.);
#579=CIRCLE('',#1543,100.);
#580=CIRCLE('',#1545,50.);
#581=CIRCLE('',#1546,200.);
#582=CIRCLE('',#1547,50.);
#583=CIRCLE('',#1548,100.);
#584=CIRCLE('',#1550,50.);
#585=CIRCLE('',#1552,200.);
#586=CIRCLE('',#1553,50.);
#587=CIRCLE('',#1554,100.);
#588=CIRCLE('',#1567,50.);
#589=CIRCLE('',#1570,50.);
#590=CIRCLE('',#1572,1917.561930507);
#591=CIRCLE('',#1573,50.);
#592=CIRCLE('',#1574,50.);
#593=CIRCLE('',#1575,70.);
#594=CIRCLE('',#1576,70.0000000000002);
#595=CIRCLE('',#1603,100.);
#596=CIRCLE('',#1604,100.);
#597=CIRCLE('',#1606,50.);
#598=CIRCLE('',#1607,50.);
#599=VERTEX_POINT('',#2033);
#600=VERTEX_POINT('',#2035);
#601=VERTEX_POINT('',#2040);
#602=VERTEX_POINT('',#2041);
#603=VERTEX_POINT('',#2043);
#604=VERTEX_POINT('',#2045);
#605=VERTEX_POINT('',#2049);
#606=VERTEX_POINT('',#2051);
#607=VERTEX_POINT('',#2055);
#608=VERTEX_POINT('',#2056);
#609=VERTEX_POINT('',#2061);
#610=VERTEX_POINT('',#2062);
#611=VERTEX_POINT('',#2076);
#612=VERTEX_POINT('',#2078);
#613=VERTEX_POINT('',#2080);
#614=VERTEX_POINT('',#2082);
#615=VERTEX_POINT('',#2086);
#616=VERTEX_POINT('',#2090);
#617=VERTEX_POINT('',#2092);
#618=VERTEX_POINT('',#2096);
#619=VERTEX_POINT('',#2097);
#620=VERTEX_POINT('',#2099);
#621=VERTEX_POINT('',#2101);
#622=VERTEX_POINT('',#2103);
#623=VERTEX_POINT('',#2105);
#624=VERTEX_POINT('',#2107);
#625=VERTEX_POINT('',#2109);
#626=VERTEX_POINT('',#2111);
#627=VERTEX_POINT('',#2113);
#628=VERTEX_POINT('',#2115);
#629=VERTEX_POINT('',#2117);
#630=VERTEX_POINT('',#2119);
#631=VERTEX_POINT('',#2121);
#632=VERTEX_POINT('',#2123);
#633=VERTEX_POINT('',#2125);
#634=VERTEX_POINT('',#2127);
#635=VERTEX_POINT('',#2129);
#636=VERTEX_POINT('',#2131);
#637=VERTEX_POINT('',#2133);
#638=VERTEX_POINT('',#2135);
#639=VERTEX_POINT('',#2137);
#640=VERTEX_POINT('',#2139);
#641=VERTEX_POINT('',#2142);
#642=VERTEX_POINT('',#2144);
#643=VERTEX_POINT('',#2147);
#644=VERTEX_POINT('',#2149);
#645=VERTEX_POINT('',#2151);
#646=VERTEX_POINT('',#2153);
#647=VERTEX_POINT('',#2155);
#648=VERTEX_POINT('',#2157);
#649=VERTEX_POINT('',#2159);
#650=VERTEX_POINT('',#2161);
#651=VERTEX_POINT('',#2163);
#652=VERTEX_POINT('',#2165);
#653=VERTEX_POINT('',#2167);
#654=VERTEX_POINT('',#2169);
#655=VERTEX_POINT('',#2171);
#656=VERTEX_POINT('',#2173);
#657=VERTEX_POINT('',#2176);
#658=VERTEX_POINT('',#2178);
#659=VERTEX_POINT('',#2180);
#660=VERTEX_POINT('',#2183);
#661=VERTEX_POINT('',#2187);
#662=VERTEX_POINT('',#2191);
#663=VERTEX_POINT('',#2193);
#664=VERTEX_POINT('',#2196);
#665=VERTEX_POINT('',#2198);
#666=VERTEX_POINT('',#2201);
#667=VERTEX_POINT('',#2202);
#668=VERTEX_POINT('',#2204);
#669=VERTEX_POINT('',#2206);
#670=VERTEX_POINT('',#2210);
#671=VERTEX_POINT('',#2212);
#672=VERTEX_POINT('',#2215);
#673=VERTEX_POINT('',#2224);
#674=VERTEX_POINT('',#2226);
#675=VERTEX_POINT('',#2230);
#676=VERTEX_POINT('',#2234);
#677=VERTEX_POINT('',#2240);
#678=VERTEX_POINT('',#2241);
#679=VERTEX_POINT('',#2243);
#680=VERTEX_POINT('',#2245);
#681=VERTEX_POINT('',#2248);
#682=VERTEX_POINT('',#2251);
#683=VERTEX_POINT('',#2253);
#684=VERTEX_POINT('',#2257);
#685=VERTEX_POINT('',#2259);
#686=VERTEX_POINT('',#2262);
#687=VERTEX_POINT('',#2268);
#688=VERTEX_POINT('',#2269);
#689=VERTEX_POINT('',#2271);
#690=VERTEX_POINT('',#2273);
#691=VERTEX_POINT('',#2276);
#692=VERTEX_POINT('',#2279);
#693=VERTEX_POINT('',#2280);
#694=VERTEX_POINT('',#2282);
#695=VERTEX_POINT('',#2284);
#696=VERTEX_POINT('',#2286);
#697=VERTEX_POINT('',#2288);
#698=VERTEX_POINT('',#2291);
#699=VERTEX_POINT('',#2294);
#700=VERTEX_POINT('',#2295);
#701=VERTEX_POINT('',#2297);
#702=VERTEX_POINT('',#2299);
#703=VERTEX_POINT('',#2301);
#704=VERTEX_POINT('',#2303);
#705=VERTEX_POINT('',#2306);
#706=VERTEX_POINT('',#2309);
#707=VERTEX_POINT('',#2310);
#708=VERTEX_POINT('',#2315);
#709=VERTEX_POINT('',#2317);
#710=VERTEX_POINT('',#2319);
#711=VERTEX_POINT('',#2321);
#712=VERTEX_POINT('',#2324);
#713=VERTEX_POINT('',#2348);
#714=VERTEX_POINT('',#2354);
#715=VERTEX_POINT('',#2356);
#716=VERTEX_POINT('',#2358);
#717=VERTEX_POINT('',#2360);
#718=VERTEX_POINT('',#2362);
#719=VERTEX_POINT('',#2364);
#720=VERTEX_POINT('',#2366);
#721=VERTEX_POINT('',#2368);
#722=VERTEX_POINT('',#2370);
#723=VERTEX_POINT('',#2372);
#724=VERTEX_POINT('',#2374);
#725=VERTEX_POINT('',#2376);
#726=VERTEX_POINT('',#2378);
#727=VERTEX_POINT('',#2380);
#728=VERTEX_POINT('',#2382);
#729=VERTEX_POINT('',#2384);
#730=VERTEX_POINT('',#2439);
#731=VERTEX_POINT('',#2440);
#732=VERTEX_POINT('',#2442);
#733=VERTEX_POINT('',#2444);
#734=VERTEX_POINT('',#2448);
#735=VERTEX_POINT('',#2450);
#736=EDGE_CURVE('',#599,#599,#541,.T.);
#737=EDGE_CURVE('',#599,#600,#247,.T.);
#738=EDGE_CURVE('',#600,#600,#542,.T.);
#739=EDGE_CURVE('',#601,#602,#248,.T.);
#740=EDGE_CURVE('',#602,#603,#543,.T.);
#741=EDGE_CURVE('',#603,#604,#249,.T.);
#742=EDGE_CURVE('',#604,#601,#33,.T.);
#743=EDGE_CURVE('',#604,#605,#250,.T.);
#744=EDGE_CURVE('',#605,#606,#544,.T.);
#745=EDGE_CURVE('',#606,#601,#251,.T.);
#746=EDGE_CURVE('',#607,#608,#545,.T.);
#747=EDGE_CURVE('',#608,#606,#546,.T.);
#748=EDGE_CURVE('',#605,#607,#547,.T.);
#749=EDGE_CURVE('',#609,#610,#31,.F.);
#750=EDGE_CURVE('',#610,#608,#252,.T.);
#751=EDGE_CURVE('',#607,#609,#253,.T.);
#752=EDGE_CURVE('',#609,#611,#254,.T.);
#753=EDGE_CURVE('',#612,#607,#255,.T.);
#754=EDGE_CURVE('',#613,#612,#256,.T.);
#755=EDGE_CURVE('',#614,#613,#257,.T.);
#756=EDGE_CURVE('',#614,#611,#258,.T.);
#757=EDGE_CURVE('',#605,#615,#259,.T.);
#758=EDGE_CURVE('',#615,#612,#548,.T.);
#759=EDGE_CURVE('',#603,#616,#260,.T.);
#760=EDGE_CURVE('',#617,#616,#261,.T.);
#761=EDGE_CURVE('',#617,#615,#262,.T.);
#762=EDGE_CURVE('',#618,#619,#549,.T.);
#763=EDGE_CURVE('',#620,#618,#263,.T.);
#764=EDGE_CURVE('',#621,#620,#550,.T.);
#765=EDGE_CURVE('',#622,#621,#264,.T.);
#766=EDGE_CURVE('',#623,#622,#551,.T.);
#767=EDGE_CURVE('',#624,#623,#265,.T.);
#768=EDGE_CURVE('',#625,#624,#266,.T.);
#769=EDGE_CURVE('',#626,#625,#552,.T.);
#770=EDGE_CURVE('',#627,#626,#267,.T.);
#771=EDGE_CURVE('',#628,#627,#268,.T.);
#772=EDGE_CURVE('',#629,#628,#269,.T.);
#773=EDGE_CURVE('',#630,#629,#553,.T.);
#774=EDGE_CURVE('',#631,#630,#270,.T.);
#775=EDGE_CURVE('',#632,#631,#271,.T.);
#776=EDGE_CURVE('',#633,#632,#272,.T.);
#777=EDGE_CURVE('',#634,#633,#554,.T.);
#778=EDGE_CURVE('',#635,#634,#273,.T.);
#779=EDGE_CURVE('',#636,#635,#555,.T.);
#780=EDGE_CURVE('',#637,#636,#274,.T.);
#781=EDGE_CURVE('',#638,#637,#275,.T.);
#782=EDGE_CURVE('',#639,#638,#556,.T.);
#783=EDGE_CURVE('',#640,#639,#276,.T.);
#784=EDGE_CURVE('',#616,#640,#277,.T.);
#785=EDGE_CURVE('',#641,#602,#278,.T.);
#786=EDGE_CURVE('',#642,#641,#279,.T.);
#787=EDGE_CURVE('',#611,#642,#557,.T.);
#788=EDGE_CURVE('',#643,#614,#558,.T.);
#789=EDGE_CURVE('',#644,#643,#280,.T.);
#790=EDGE_CURVE('',#645,#644,#559,.T.);
#791=EDGE_CURVE('',#646,#645,#281,.T.);
#792=EDGE_CURVE('',#647,#646,#560,.T.);
#793=EDGE_CURVE('',#648,#647,#282,.T.);
#794=EDGE_CURVE('',#649,#648,#283,.T.);
#795=EDGE_CURVE('',#650,#649,#284,.T.);
#796=EDGE_CURVE('',#651,#650,#561,.T.);
#797=EDGE_CURVE('',#652,#651,#285,.T.);
#798=EDGE_CURVE('',#653,#652,#286,.T.);
#799=EDGE_CURVE('',#654,#653,#287,.T.);
#800=EDGE_CURVE('',#655,#654,#562,.T.);
#801=EDGE_CURVE('',#656,#655,#288,.T.);
#802=EDGE_CURVE('',#619,#656,#289,.T.);
#803=EDGE_CURVE('',#657,#657,#563,.T.);
#804=EDGE_CURVE('',#658,#658,#564,.T.);
#805=EDGE_CURVE('',#659,#659,#565,.T.);
#806=EDGE_CURVE('',#613,#660,#566,.T.);
#807=EDGE_CURVE('',#660,#643,#290,.T.);
#808=EDGE_CURVE('',#661,#660,#291,.T.);
#809=EDGE_CURVE('',#644,#661,#292,.T.);
#810=EDGE_CURVE('',#662,#648,#293,.T.);
#811=EDGE_CURVE('',#663,#662,#294,.T.);
#812=EDGE_CURVE('',#663,#653,#295,.T.);
#813=EDGE_CURVE('',#664,#652,#296,.T.);
#814=EDGE_CURVE('',#664,#665,#297,.T.);
#815=EDGE_CURVE('',#649,#665,#298,.T.);
#816=EDGE_CURVE('',#666,#667,#299,.T.);
#817=EDGE_CURVE('',#667,#668,#300,.T.);
#818=EDGE_CURVE('',#668,#669,#301,.T.);
#819=EDGE_CURVE('',#669,#666,#302,.T.);
#820=EDGE_CURVE('',#670,#664,#303,.T.);
#821=EDGE_CURVE('',#670,#671,#567,.T.);
#822=EDGE_CURVE('',#671,#665,#304,.T.);
#823=EDGE_CURVE('',#672,#672,#568,.T.);
#824=EDGE_CURVE('',#650,#671,#305,.T.);
#825=EDGE_CURVE('',#651,#670,#306,.T.);
#826=EDGE_CURVE('',#672,#658,#307,.T.);
#827=EDGE_CURVE('',#673,#645,#308,.T.);
#828=EDGE_CURVE('',#673,#674,#309,.T.);
#829=EDGE_CURVE('',#646,#674,#310,.T.);
#830=EDGE_CURVE('',#642,#675,#311,.T.);
#831=EDGE_CURVE('',#675,#610,#569,.F.);
#832=EDGE_CURVE('',#675,#676,#312,.T.);
#833=EDGE_CURVE('',#601,#676,#313,.T.);
#834=EDGE_CURVE('',#676,#641,#314,.T.);
#835=EDGE_CURVE('',#677,#678,#570,.T.);
#836=EDGE_CURVE('',#678,#679,#315,.T.);
#837=EDGE_CURVE('',#679,#680,#316,.T.);
#838=EDGE_CURVE('',#680,#677,#317,.T.);
#839=EDGE_CURVE('',#681,#681,#571,.T.);
#840=EDGE_CURVE('',#678,#682,#318,.T.);
#841=EDGE_CURVE('',#682,#683,#319,.T.);
#842=EDGE_CURVE('',#683,#679,#320,.T.);
#843=EDGE_CURVE('',#682,#684,#572,.T.);
#844=EDGE_CURVE('',#684,#685,#321,.T.);
#845=EDGE_CURVE('',#685,#683,#322,.T.);
#846=EDGE_CURVE('',#686,#686,#573,.T.);
#847=EDGE_CURVE('',#684,#677,#323,.T.);
#848=EDGE_CURVE('',#680,#685,#324,.T.);
#849=EDGE_CURVE('',#687,#688,#574,.T.);
#850=EDGE_CURVE('',#689,#688,#325,.T.);
#851=EDGE_CURVE('',#689,#690,#326,.T.);
#852=EDGE_CURVE('',#687,#690,#327,.T.);
#853=EDGE_CURVE('',#691,#691,#575,.T.);
#854=EDGE_CURVE('',#692,#693,#328,.T.);
#855=EDGE_CURVE('',#694,#693,#576,.T.);
#856=EDGE_CURVE('',#695,#694,#329,.T.);
#857=EDGE_CURVE('',#696,#695,#577,.T.);
#858=EDGE_CURVE('',#697,#696,#330,.T.);
#859=EDGE_CURVE('',#697,#692,#578,.T.);
#860=EDGE_CURVE('',#698,#698,#579,.T.);
#861=EDGE_CURVE('',#699,#700,#331,.T.);
#862=EDGE_CURVE('',#701,#699,#580,.T.);
#863=EDGE_CURVE('',#702,#701,#332,.T.);
#864=EDGE_CURVE('',#703,#702,#581,.T.);
#865=EDGE_CURVE('',#704,#703,#333,.T.);
#866=EDGE_CURVE('',#700,#704,#582,.T.);
#867=EDGE_CURVE('',#705,#705,#583,.T.);
#868=EDGE_CURVE('',#706,#707,#584,.T.);
#869=EDGE_CURVE('',#707,#700,#334,.T.);
#870=EDGE_CURVE('',#704,#706,#335,.T.);
#871=EDGE_CURVE('',#708,#706,#336,.T.);
#872=EDGE_CURVE('',#708,#709,#585,.T.);
#873=EDGE_CURVE('',#709,#710,#337,.T.);
#874=EDGE_CURVE('',#711,#710,#586,.T.);
#875=EDGE_CURVE('',#707,#711,#338,.T.);
#876=EDGE_CURVE('',#712,#712,#587,.T.);
#877=EDGE_CURVE('',#710,#701,#339,.T.);
#878=EDGE_CURVE('',#699,#711,#340,.T.);
#879=EDGE_CURVE('',#686,#681,#341,.T.);
#880=EDGE_CURVE('',#691,#657,#342,.T.);
#881=EDGE_CURVE('',#698,#659,#343,.T.);
#882=EDGE_CURVE('',#712,#705,#344,.T.);
#883=EDGE_CURVE('',#702,#709,#345,.T.);
#884=EDGE_CURVE('',#703,#708,#346,.T.);
#885=EDGE_CURVE('',#661,#673,#588,.T.);
#886=EDGE_CURVE('',#713,#647,#347,.T.);
#887=EDGE_CURVE('',#662,#713,#348,.T.);
#888=EDGE_CURVE('',#674,#713,#589,.T.);
#889=EDGE_CURVE('',#714,#617,#349,.T.);
#890=EDGE_CURVE('',#715,#714,#350,.T.);
#891=EDGE_CURVE('',#715,#716,#590,.T.);
#892=EDGE_CURVE('',#716,#717,#351,.T.);
#893=EDGE_CURVE('',#717,#718,#352,.T.);
#894=EDGE_CURVE('',#719,#718,#591,.T.);
#895=EDGE_CURVE('',#719,#720,#353,.T.);
#896=EDGE_CURVE('',#721,#720,#592,.T.);
#897=EDGE_CURVE('',#721,#722,#354,.T.);
#898=EDGE_CURVE('',#722,#723,#355,.T.);
#899=EDGE_CURVE('',#723,#724,#356,.T.);
#900=EDGE_CURVE('',#725,#724,#593,.T.);
#901=EDGE_CURVE('',#726,#725,#357,.T.);
#902=EDGE_CURVE('',#727,#726,#358,.T.);
#903=EDGE_CURVE('',#727,#728,#359,.T.);
#904=EDGE_CURVE('',#728,#729,#594,.T.);
#905=EDGE_CURVE('',#729,#663,#360,.T.);
#906=EDGE_CURVE('',#654,#729,#361,.T.);
#907=EDGE_CURVE('',#728,#655,#362,.T.);
#908=EDGE_CURVE('',#656,#727,#363,.T.);
#909=EDGE_CURVE('',#695,#623,#364,.T.);
#910=EDGE_CURVE('',#619,#694,#365,.T.);
#911=EDGE_CURVE('',#624,#726,#366,.T.);
#912=EDGE_CURVE('',#693,#618,#367,.T.);
#913=EDGE_CURVE('',#620,#692,#368,.T.);
#914=EDGE_CURVE('',#621,#697,#369,.T.);
#915=EDGE_CURVE('',#622,#696,#370,.T.);
#916=EDGE_CURVE('',#625,#725,#371,.T.);
#917=EDGE_CURVE('',#724,#626,#372,.T.);
#918=EDGE_CURVE('',#723,#627,#373,.T.);
#919=EDGE_CURVE('',#690,#631,#374,.T.);
#920=EDGE_CURVE('',#628,#689,#375,.T.);
#921=EDGE_CURVE('',#632,#722,#376,.T.);
#922=EDGE_CURVE('',#688,#629,#377,.T.);
#923=EDGE_CURVE('',#630,#687,#378,.T.);
#924=EDGE_CURVE('',#633,#721,#379,.T.);
#925=EDGE_CURVE('',#720,#634,#380,.T.);
#926=EDGE_CURVE('',#635,#719,#381,.T.);
#927=EDGE_CURVE('',#718,#636,#382,.T.);
#928=EDGE_CURVE('',#637,#717,#383,.T.);
#929=EDGE_CURVE('',#638,#716,#384,.T.);
#930=EDGE_CURVE('',#639,#715,#385,.T.);
#931=EDGE_CURVE('',#714,#640,#386,.T.);
#932=EDGE_CURVE('',#730,#731,#595,.T.);
#933=EDGE_CURVE('',#731,#732,#387,.T.);
#934=EDGE_CURVE('',#733,#732,#596,.T.);
#935=EDGE_CURVE('',#730,#733,#388,.T.);
#936=EDGE_CURVE('',#734,#734,#597,.T.);
#937=EDGE_CURVE('',#734,#735,#389,.T.);
#938=EDGE_CURVE('',#735,#735,#598,.T.);
#939=EDGE_CURVE('',#732,#668,#390,.T.);
#940=EDGE_CURVE('',#731,#669,#391,.T.);
#941=EDGE_CURVE('',#733,#667,#392,.T.);
#942=EDGE_CURVE('',#730,#666,#393,.T.);
#943=ORIENTED_EDGE('',*,*,#736,.F.);
#944=ORIENTED_EDGE('',*,*,#737,.T.);
#945=ORIENTED_EDGE('',*,*,#738,.T.);
#946=ORIENTED_EDGE('',*,*,#737,.F.);
#947=ORIENTED_EDGE('',*,*,#738,.F.);
#948=ORIENTED_EDGE('',*,*,#739,.T.);
#949=ORIENTED_EDGE('',*,*,#740,.T.);
#950=ORIENTED_EDGE('',*,*,#741,.T.);
#951=ORIENTED_EDGE('',*,*,#742,.T.);
#952=ORIENTED_EDGE('',*,*,#743,.T.);
#953=ORIENTED_EDGE('',*,*,#744,.T.);
#954=ORIENTED_EDGE('',*,*,#745,.T.);
#955=ORIENTED_EDGE('',*,*,#742,.F.);
#956=ORIENTED_EDGE('',*,*,#746,.T.);
#957=ORIENTED_EDGE('',*,*,#747,.T.);
#958=ORIENTED_EDGE('',*,*,#744,.F.);
#959=ORIENTED_EDGE('',*,*,#748,.T.);
#960=ORIENTED_EDGE('',*,*,#749,.T.);
#961=ORIENTED_EDGE('',*,*,#750,.T.);
#962=ORIENTED_EDGE('',*,*,#746,.F.);
#963=ORIENTED_EDGE('',*,*,#751,.T.);
#964=ORIENTED_EDGE('',*,*,#752,.F.);
#965=ORIENTED_EDGE('',*,*,#751,.F.);
#966=ORIENTED_EDGE('',*,*,#753,.F.);
#967=ORIENTED_EDGE('',*,*,#754,.F.);
#968=ORIENTED_EDGE('',*,*,#755,.F.);
#969=ORIENTED_EDGE('',*,*,#756,.T.);
#970=ORIENTED_EDGE('',*,*,#748,.F.);
#971=ORIENTED_EDGE('',*,*,#757,.T.);
#972=ORIENTED_EDGE('',*,*,#758,.T.);
#973=ORIENTED_EDGE('',*,*,#753,.T.);
#974=ORIENTED_EDGE('',*,*,#743,.F.);
#975=ORIENTED_EDGE('',*,*,#741,.F.);
#976=ORIENTED_EDGE('',*,*,#759,.T.);
#977=ORIENTED_EDGE('',*,*,#760,.F.);
#978=ORIENTED_EDGE('',*,*,#761,.T.);
#979=ORIENTED_EDGE('',*,*,#757,.F.);
#980=ORIENTED_EDGE('',*,*,#762,.F.);
#981=ORIENTED_EDGE('',*,*,#763,.F.);
#982=ORIENTED_EDGE('',*,*,#764,.F.);
#983=ORIENTED_EDGE('',*,*,#765,.F.);
#984=ORIENTED_EDGE('',*,*,#766,.F.);
#985=ORIENTED_EDGE('',*,*,#767,.F.);
#986=ORIENTED_EDGE('',*,*,#768,.F.);
#987=ORIENTED_EDGE('',*,*,#769,.F.);
#988=ORIENTED_EDGE('',*,*,#770,.F.);
#989=ORIENTED_EDGE('',*,*,#771,.F.);
#990=ORIENTED_EDGE('',*,*,#772,.F.);
#991=ORIENTED_EDGE('',*,*,#773,.F.);
#992=ORIENTED_EDGE('',*,*,#774,.F.);
#993=ORIENTED_EDGE('',*,*,#775,.F.);
#994=ORIENTED_EDGE('',*,*,#776,.F.);
#995=ORIENTED_EDGE('',*,*,#777,.F.);
#996=ORIENTED_EDGE('',*,*,#778,.F.);
#997=ORIENTED_EDGE('',*,*,#779,.F.);
#998=ORIENTED_EDGE('',*,*,#780,.F.);
#999=ORIENTED_EDGE('',*,*,#781,.F.);
#1000=ORIENTED_EDGE('',*,*,#782,.F.);
#1001=ORIENTED_EDGE('',*,*,#783,.F.);
#1002=ORIENTED_EDGE('',*,*,#784,.F.);
#1003=ORIENTED_EDGE('',*,*,#759,.F.);
#1004=ORIENTED_EDGE('',*,*,#740,.F.);
#1005=ORIENTED_EDGE('',*,*,#785,.F.);
#1006=ORIENTED_EDGE('',*,*,#786,.F.);
#1007=ORIENTED_EDGE('',*,*,#787,.F.);
#1008=ORIENTED_EDGE('',*,*,#756,.F.);
#1009=ORIENTED_EDGE('',*,*,#788,.F.);
#1010=ORIENTED_EDGE('',*,*,#789,.F.);
#1011=ORIENTED_EDGE('',*,*,#790,.F.);
#1012=ORIENTED_EDGE('',*,*,#791,.F.);
#1013=ORIENTED_EDGE('',*,*,#792,.F.);
#1014=ORIENTED_EDGE('',*,*,#793,.F.);
#1015=ORIENTED_EDGE('',*,*,#794,.F.);
#1016=ORIENTED_EDGE('',*,*,#795,.F.);
#1017=ORIENTED_EDGE('',*,*,#796,.F.);
#1018=ORIENTED_EDGE('',*,*,#797,.F.);
#1019=ORIENTED_EDGE('',*,*,#798,.F.);
#1020=ORIENTED_EDGE('',*,*,#799,.F.);
#1021=ORIENTED_EDGE('',*,*,#800,.F.);
#1022=ORIENTED_EDGE('',*,*,#801,.F.);
#1023=ORIENTED_EDGE('',*,*,#802,.F.);
#1024=ORIENTED_EDGE('',*,*,#736,.T.);
#1025=ORIENTED_EDGE('',*,*,#803,.F.);
#1026=ORIENTED_EDGE('',*,*,#804,.F.);
#1027=ORIENTED_EDGE('',*,*,#805,.F.);
#1028=ORIENTED_EDGE('',*,*,#788,.T.);
#1029=ORIENTED_EDGE('',*,*,#755,.T.);
#1030=ORIENTED_EDGE('',*,*,#806,.T.);
#1031=ORIENTED_EDGE('',*,*,#807,.T.);
#1032=ORIENTED_EDGE('',*,*,#807,.F.);
#1033=ORIENTED_EDGE('',*,*,#808,.F.);
#1034=ORIENTED_EDGE('',*,*,#809,.F.);
#1035=ORIENTED_EDGE('',*,*,#789,.T.);
#1036=ORIENTED_EDGE('',*,*,#794,.T.);
#1037=ORIENTED_EDGE('',*,*,#810,.F.);
#1038=ORIENTED_EDGE('',*,*,#811,.F.);
#1039=ORIENTED_EDGE('',*,*,#812,.T.);
#1040=ORIENTED_EDGE('',*,*,#798,.T.);
#1041=ORIENTED_EDGE('',*,*,#813,.F.);
#1042=ORIENTED_EDGE('',*,*,#814,.T.);
#1043=ORIENTED_EDGE('',*,*,#815,.F.);
#1044=ORIENTED_EDGE('',*,*,#816,.T.);
#1045=ORIENTED_EDGE('',*,*,#817,.T.);
#1046=ORIENTED_EDGE('',*,*,#818,.T.);
#1047=ORIENTED_EDGE('',*,*,#819,.T.);
#1048=ORIENTED_EDGE('',*,*,#814,.F.);
#1049=ORIENTED_EDGE('',*,*,#820,.F.);
#1050=ORIENTED_EDGE('',*,*,#821,.T.);
#1051=ORIENTED_EDGE('',*,*,#822,.T.);
#1052=ORIENTED_EDGE('',*,*,#823,.T.);
#1053=ORIENTED_EDGE('',*,*,#796,.T.);
#1054=ORIENTED_EDGE('',*,*,#824,.T.);
#1055=ORIENTED_EDGE('',*,*,#821,.F.);
#1056=ORIENTED_EDGE('',*,*,#825,.F.);
#1057=ORIENTED_EDGE('',*,*,#797,.T.);
#1058=ORIENTED_EDGE('',*,*,#825,.T.);
#1059=ORIENTED_EDGE('',*,*,#820,.T.);
#1060=ORIENTED_EDGE('',*,*,#813,.T.);
#1061=ORIENTED_EDGE('',*,*,#823,.F.);
#1062=ORIENTED_EDGE('',*,*,#826,.T.);
#1063=ORIENTED_EDGE('',*,*,#804,.T.);
#1064=ORIENTED_EDGE('',*,*,#826,.F.);
#1065=ORIENTED_EDGE('',*,*,#791,.T.);
#1066=ORIENTED_EDGE('',*,*,#827,.F.);
#1067=ORIENTED_EDGE('',*,*,#828,.T.);
#1068=ORIENTED_EDGE('',*,*,#829,.F.);
#1069=ORIENTED_EDGE('',*,*,#787,.T.);
#1070=ORIENTED_EDGE('',*,*,#830,.T.);
#1071=ORIENTED_EDGE('',*,*,#831,.T.);
#1072=ORIENTED_EDGE('',*,*,#749,.F.);
#1073=ORIENTED_EDGE('',*,*,#752,.T.);
#1074=ORIENTED_EDGE('',*,*,#750,.F.);
#1075=ORIENTED_EDGE('',*,*,#831,.F.);
#1076=ORIENTED_EDGE('',*,*,#832,.T.);
#1077=ORIENTED_EDGE('',*,*,#833,.F.);
#1078=ORIENTED_EDGE('',*,*,#745,.F.);
#1079=ORIENTED_EDGE('',*,*,#747,.F.);
#1080=ORIENTED_EDGE('',*,*,#739,.F.);
#1081=ORIENTED_EDGE('',*,*,#833,.T.);
#1082=ORIENTED_EDGE('',*,*,#834,.T.);
#1083=ORIENTED_EDGE('',*,*,#785,.T.);
#1084=ORIENTED_EDGE('',*,*,#835,.T.);
#1085=ORIENTED_EDGE('',*,*,#836,.T.);
#1086=ORIENTED_EDGE('',*,*,#837,.T.);
#1087=ORIENTED_EDGE('',*,*,#838,.T.);
#1088=ORIENTED_EDGE('',*,*,#839,.T.);
#1089=ORIENTED_EDGE('',*,*,#840,.T.);
#1090=ORIENTED_EDGE('',*,*,#841,.T.);
#1091=ORIENTED_EDGE('',*,*,#842,.T.);
#1092=ORIENTED_EDGE('',*,*,#836,.F.);
#1093=ORIENTED_EDGE('',*,*,#843,.T.);
#1094=ORIENTED_EDGE('',*,*,#844,.T.);
#1095=ORIENTED_EDGE('',*,*,#845,.T.);
#1096=ORIENTED_EDGE('',*,*,#841,.F.);
#1097=ORIENTED_EDGE('',*,*,#846,.T.);
#1098=ORIENTED_EDGE('',*,*,#847,.T.);
#1099=ORIENTED_EDGE('',*,*,#838,.F.);
#1100=ORIENTED_EDGE('',*,*,#848,.T.);
#1101=ORIENTED_EDGE('',*,*,#844,.F.);
#1102=ORIENTED_EDGE('',*,*,#849,.T.);
#1103=ORIENTED_EDGE('',*,*,#850,.F.);
#1104=ORIENTED_EDGE('',*,*,#851,.T.);
#1105=ORIENTED_EDGE('',*,*,#852,.F.);
#1106=ORIENTED_EDGE('',*,*,#853,.T.);
#1107=ORIENTED_EDGE('',*,*,#854,.T.);
#1108=ORIENTED_EDGE('',*,*,#855,.F.);
#1109=ORIENTED_EDGE('',*,*,#856,.F.);
#1110=ORIENTED_EDGE('',*,*,#857,.F.);
#1111=ORIENTED_EDGE('',*,*,#858,.F.);
#1112=ORIENTED_EDGE('',*,*,#859,.T.);
#1113=ORIENTED_EDGE('',*,*,#860,.T.);
#1114=ORIENTED_EDGE('',*,*,#861,.F.);
#1115=ORIENTED_EDGE('',*,*,#862,.F.);
#1116=ORIENTED_EDGE('',*,*,#863,.F.);
#1117=ORIENTED_EDGE('',*,*,#864,.F.);
#1118=ORIENTED_EDGE('',*,*,#865,.F.);
#1119=ORIENTED_EDGE('',*,*,#866,.F.);
#1120=ORIENTED_EDGE('',*,*,#867,.F.);
#1121=ORIENTED_EDGE('',*,*,#868,.T.);
#1122=ORIENTED_EDGE('',*,*,#869,.T.);
#1123=ORIENTED_EDGE('',*,*,#866,.T.);
#1124=ORIENTED_EDGE('',*,*,#870,.T.);
#1125=ORIENTED_EDGE('',*,*,#871,.F.);
#1126=ORIENTED_EDGE('',*,*,#872,.T.);
#1127=ORIENTED_EDGE('',*,*,#873,.T.);
#1128=ORIENTED_EDGE('',*,*,#874,.F.);
#1129=ORIENTED_EDGE('',*,*,#875,.F.);
#1130=ORIENTED_EDGE('',*,*,#868,.F.);
#1131=ORIENTED_EDGE('',*,*,#876,.T.);
#1132=ORIENTED_EDGE('',*,*,#874,.T.);
#1133=ORIENTED_EDGE('',*,*,#877,.T.);
#1134=ORIENTED_EDGE('',*,*,#862,.T.);
#1135=ORIENTED_EDGE('',*,*,#878,.T.);
#1136=ORIENTED_EDGE('',*,*,#786,.T.);
#1137=ORIENTED_EDGE('',*,*,#834,.F.);
#1138=ORIENTED_EDGE('',*,*,#832,.F.);
#1139=ORIENTED_EDGE('',*,*,#830,.F.);
#1140=ORIENTED_EDGE('',*,*,#846,.F.);
#1141=ORIENTED_EDGE('',*,*,#879,.T.);
#1142=ORIENTED_EDGE('',*,*,#839,.F.);
#1143=ORIENTED_EDGE('',*,*,#879,.F.);
#1144=ORIENTED_EDGE('',*,*,#835,.F.);
#1145=ORIENTED_EDGE('',*,*,#847,.F.);
#1146=ORIENTED_EDGE('',*,*,#843,.F.);
#1147=ORIENTED_EDGE('',*,*,#840,.F.);
#1148=ORIENTED_EDGE('',*,*,#853,.F.);
#1149=ORIENTED_EDGE('',*,*,#880,.T.);
#1150=ORIENTED_EDGE('',*,*,#803,.T.);
#1151=ORIENTED_EDGE('',*,*,#880,.F.);
#1152=ORIENTED_EDGE('',*,*,#860,.F.);
#1153=ORIENTED_EDGE('',*,*,#881,.T.);
#1154=ORIENTED_EDGE('',*,*,#805,.T.);
#1155=ORIENTED_EDGE('',*,*,#881,.F.);
#1156=ORIENTED_EDGE('',*,*,#876,.F.);
#1157=ORIENTED_EDGE('',*,*,#882,.T.);
#1158=ORIENTED_EDGE('',*,*,#867,.T.);
#1159=ORIENTED_EDGE('',*,*,#882,.F.);
#1160=ORIENTED_EDGE('',*,*,#877,.F.);
#1161=ORIENTED_EDGE('',*,*,#873,.F.);
#1162=ORIENTED_EDGE('',*,*,#883,.F.);
#1163=ORIENTED_EDGE('',*,*,#863,.T.);
#1164=ORIENTED_EDGE('',*,*,#864,.T.);
#1165=ORIENTED_EDGE('',*,*,#883,.T.);
#1166=ORIENTED_EDGE('',*,*,#872,.F.);
#1167=ORIENTED_EDGE('',*,*,#884,.F.);
#1168=ORIENTED_EDGE('',*,*,#870,.F.);
#1169=ORIENTED_EDGE('',*,*,#865,.T.);
#1170=ORIENTED_EDGE('',*,*,#884,.T.);
#1171=ORIENTED_EDGE('',*,*,#871,.T.);
#1172=ORIENTED_EDGE('',*,*,#795,.T.);
#1173=ORIENTED_EDGE('',*,*,#815,.T.);
#1174=ORIENTED_EDGE('',*,*,#822,.F.);
#1175=ORIENTED_EDGE('',*,*,#824,.F.);
#1176=ORIENTED_EDGE('',*,*,#790,.T.);
#1177=ORIENTED_EDGE('',*,*,#809,.T.);
#1178=ORIENTED_EDGE('',*,*,#885,.T.);
#1179=ORIENTED_EDGE('',*,*,#827,.T.);
#1180=ORIENTED_EDGE('',*,*,#793,.T.);
#1181=ORIENTED_EDGE('',*,*,#886,.F.);
#1182=ORIENTED_EDGE('',*,*,#887,.F.);
#1183=ORIENTED_EDGE('',*,*,#810,.T.);
#1184=ORIENTED_EDGE('',*,*,#792,.T.);
#1185=ORIENTED_EDGE('',*,*,#829,.T.);
#1186=ORIENTED_EDGE('',*,*,#888,.T.);
#1187=ORIENTED_EDGE('',*,*,#886,.T.);
#1188=ORIENTED_EDGE('',*,*,#806,.F.);
#1189=ORIENTED_EDGE('',*,*,#754,.T.);
#1190=ORIENTED_EDGE('',*,*,#758,.F.);
#1191=ORIENTED_EDGE('',*,*,#761,.F.);
#1192=ORIENTED_EDGE('',*,*,#889,.F.);
#1193=ORIENTED_EDGE('',*,*,#890,.F.);
#1194=ORIENTED_EDGE('',*,*,#891,.T.);
#1195=ORIENTED_EDGE('',*,*,#892,.T.);
#1196=ORIENTED_EDGE('',*,*,#893,.T.);
#1197=ORIENTED_EDGE('',*,*,#894,.F.);
#1198=ORIENTED_EDGE('',*,*,#895,.T.);
#1199=ORIENTED_EDGE('',*,*,#896,.F.);
#1200=ORIENTED_EDGE('',*,*,#897,.T.);
#1201=ORIENTED_EDGE('',*,*,#898,.T.);
#1202=ORIENTED_EDGE('',*,*,#899,.T.);
#1203=ORIENTED_EDGE('',*,*,#900,.F.);
#1204=ORIENTED_EDGE('',*,*,#901,.F.);
#1205=ORIENTED_EDGE('',*,*,#902,.F.);
#1206=ORIENTED_EDGE('',*,*,#903,.T.);
#1207=ORIENTED_EDGE('',*,*,#904,.T.);
#1208=ORIENTED_EDGE('',*,*,#905,.T.);
#1209=ORIENTED_EDGE('',*,*,#811,.T.);
#1210=ORIENTED_EDGE('',*,*,#887,.T.);
#1211=ORIENTED_EDGE('',*,*,#888,.F.);
#1212=ORIENTED_EDGE('',*,*,#828,.F.);
#1213=ORIENTED_EDGE('',*,*,#885,.F.);
#1214=ORIENTED_EDGE('',*,*,#808,.T.);
#1215=ORIENTED_EDGE('',*,*,#799,.T.);
#1216=ORIENTED_EDGE('',*,*,#812,.F.);
#1217=ORIENTED_EDGE('',*,*,#905,.F.);
#1218=ORIENTED_EDGE('',*,*,#906,.F.);
#1219=ORIENTED_EDGE('',*,*,#800,.T.);
#1220=ORIENTED_EDGE('',*,*,#906,.T.);
#1221=ORIENTED_EDGE('',*,*,#904,.F.);
#1222=ORIENTED_EDGE('',*,*,#907,.T.);
#1223=ORIENTED_EDGE('',*,*,#801,.T.);
#1224=ORIENTED_EDGE('',*,*,#907,.F.);
#1225=ORIENTED_EDGE('',*,*,#903,.F.);
#1226=ORIENTED_EDGE('',*,*,#908,.F.);
#1227=ORIENTED_EDGE('',*,*,#767,.T.);
#1228=ORIENTED_EDGE('',*,*,#909,.F.);
#1229=ORIENTED_EDGE('',*,*,#856,.T.);
#1230=ORIENTED_EDGE('',*,*,#910,.F.);
#1231=ORIENTED_EDGE('',*,*,#802,.T.);
#1232=ORIENTED_EDGE('',*,*,#908,.T.);
#1233=ORIENTED_EDGE('',*,*,#902,.T.);
#1234=ORIENTED_EDGE('',*,*,#911,.F.);
#1235=ORIENTED_EDGE('',*,*,#861,.T.);
#1236=ORIENTED_EDGE('',*,*,#869,.F.);
#1237=ORIENTED_EDGE('',*,*,#875,.T.);
#1238=ORIENTED_EDGE('',*,*,#878,.F.);
#1239=ORIENTED_EDGE('',*,*,#762,.T.);
#1240=ORIENTED_EDGE('',*,*,#910,.T.);
#1241=ORIENTED_EDGE('',*,*,#855,.T.);
#1242=ORIENTED_EDGE('',*,*,#912,.T.);
#1243=ORIENTED_EDGE('',*,*,#763,.T.);
#1244=ORIENTED_EDGE('',*,*,#912,.F.);
#1245=ORIENTED_EDGE('',*,*,#854,.F.);
#1246=ORIENTED_EDGE('',*,*,#913,.F.);
#1247=ORIENTED_EDGE('',*,*,#764,.T.);
#1248=ORIENTED_EDGE('',*,*,#913,.T.);
#1249=ORIENTED_EDGE('',*,*,#859,.F.);
#1250=ORIENTED_EDGE('',*,*,#914,.F.);
#1251=ORIENTED_EDGE('',*,*,#765,.T.);
#1252=ORIENTED_EDGE('',*,*,#914,.T.);
#1253=ORIENTED_EDGE('',*,*,#858,.T.);
#1254=ORIENTED_EDGE('',*,*,#915,.F.);
#1255=ORIENTED_EDGE('',*,*,#766,.T.);
#1256=ORIENTED_EDGE('',*,*,#915,.T.);
#1257=ORIENTED_EDGE('',*,*,#857,.T.);
#1258=ORIENTED_EDGE('',*,*,#909,.T.);
#1259=ORIENTED_EDGE('',*,*,#768,.T.);
#1260=ORIENTED_EDGE('',*,*,#911,.T.);
#1261=ORIENTED_EDGE('',*,*,#901,.T.);
#1262=ORIENTED_EDGE('',*,*,#916,.F.);
#1263=ORIENTED_EDGE('',*,*,#769,.T.);
#1264=ORIENTED_EDGE('',*,*,#916,.T.);
#1265=ORIENTED_EDGE('',*,*,#900,.T.);
#1266=ORIENTED_EDGE('',*,*,#917,.T.);
#1267=ORIENTED_EDGE('',*,*,#770,.T.);
#1268=ORIENTED_EDGE('',*,*,#917,.F.);
#1269=ORIENTED_EDGE('',*,*,#899,.F.);
#1270=ORIENTED_EDGE('',*,*,#918,.T.);
#1271=ORIENTED_EDGE('',*,*,#775,.T.);
#1272=ORIENTED_EDGE('',*,*,#919,.F.);
#1273=ORIENTED_EDGE('',*,*,#851,.F.);
#1274=ORIENTED_EDGE('',*,*,#920,.F.);
#1275=ORIENTED_EDGE('',*,*,#771,.T.);
#1276=ORIENTED_EDGE('',*,*,#918,.F.);
#1277=ORIENTED_EDGE('',*,*,#898,.F.);
#1278=ORIENTED_EDGE('',*,*,#921,.F.);
#1279=ORIENTED_EDGE('',*,*,#837,.F.);
#1280=ORIENTED_EDGE('',*,*,#842,.F.);
#1281=ORIENTED_EDGE('',*,*,#845,.F.);
#1282=ORIENTED_EDGE('',*,*,#848,.F.);
#1283=ORIENTED_EDGE('',*,*,#772,.T.);
#1284=ORIENTED_EDGE('',*,*,#920,.T.);
#1285=ORIENTED_EDGE('',*,*,#850,.T.);
#1286=ORIENTED_EDGE('',*,*,#922,.T.);
#1287=ORIENTED_EDGE('',*,*,#773,.T.);
#1288=ORIENTED_EDGE('',*,*,#922,.F.);
#1289=ORIENTED_EDGE('',*,*,#849,.F.);
#1290=ORIENTED_EDGE('',*,*,#923,.F.);
#1291=ORIENTED_EDGE('',*,*,#774,.T.);
#1292=ORIENTED_EDGE('',*,*,#923,.T.);
#1293=ORIENTED_EDGE('',*,*,#852,.T.);
#1294=ORIENTED_EDGE('',*,*,#919,.T.);
#1295=ORIENTED_EDGE('',*,*,#776,.T.);
#1296=ORIENTED_EDGE('',*,*,#921,.T.);
#1297=ORIENTED_EDGE('',*,*,#897,.F.);
#1298=ORIENTED_EDGE('',*,*,#924,.F.);
#1299=ORIENTED_EDGE('',*,*,#777,.T.);
#1300=ORIENTED_EDGE('',*,*,#924,.T.);
#1301=ORIENTED_EDGE('',*,*,#896,.T.);
#1302=ORIENTED_EDGE('',*,*,#925,.T.);
#1303=ORIENTED_EDGE('',*,*,#778,.T.);
#1304=ORIENTED_EDGE('',*,*,#925,.F.);
#1305=ORIENTED_EDGE('',*,*,#895,.F.);
#1306=ORIENTED_EDGE('',*,*,#926,.F.);
#1307=ORIENTED_EDGE('',*,*,#779,.T.);
#1308=ORIENTED_EDGE('',*,*,#926,.T.);
#1309=ORIENTED_EDGE('',*,*,#894,.T.);
#1310=ORIENTED_EDGE('',*,*,#927,.T.);
#1311=ORIENTED_EDGE('',*,*,#780,.T.);
#1312=ORIENTED_EDGE('',*,*,#927,.F.);
#1313=ORIENTED_EDGE('',*,*,#893,.F.);
#1314=ORIENTED_EDGE('',*,*,#928,.F.);
#1315=ORIENTED_EDGE('',*,*,#781,.T.);
#1316=ORIENTED_EDGE('',*,*,#928,.T.);
#1317=ORIENTED_EDGE('',*,*,#892,.F.);
#1318=ORIENTED_EDGE('',*,*,#929,.F.);
#1319=ORIENTED_EDGE('',*,*,#782,.T.);
#1320=ORIENTED_EDGE('',*,*,#929,.T.);
#1321=ORIENTED_EDGE('',*,*,#891,.F.);
#1322=ORIENTED_EDGE('',*,*,#930,.F.);
#1323=ORIENTED_EDGE('',*,*,#783,.T.);
#1324=ORIENTED_EDGE('',*,*,#930,.T.);
#1325=ORIENTED_EDGE('',*,*,#890,.T.);
#1326=ORIENTED_EDGE('',*,*,#931,.T.);
#1327=ORIENTED_EDGE('',*,*,#784,.T.);
#1328=ORIENTED_EDGE('',*,*,#931,.F.);
#1329=ORIENTED_EDGE('',*,*,#889,.T.);
#1330=ORIENTED_EDGE('',*,*,#760,.T.);
#1331=ORIENTED_EDGE('',*,*,#932,.T.);
#1332=ORIENTED_EDGE('',*,*,#933,.T.);
#1333=ORIENTED_EDGE('',*,*,#934,.F.);
#1334=ORIENTED_EDGE('',*,*,#935,.F.);
#1335=ORIENTED_EDGE('',*,*,#936,.F.);
#1336=ORIENTED_EDGE('',*,*,#937,.T.);
#1337=ORIENTED_EDGE('',*,*,#938,.T.);
#1338=ORIENTED_EDGE('',*,*,#937,.F.);
#1339=ORIENTED_EDGE('',*,*,#818,.F.);
#1340=ORIENTED_EDGE('',*,*,#939,.F.);
#1341=ORIENTED_EDGE('',*,*,#933,.F.);
#1342=ORIENTED_EDGE('',*,*,#940,.T.);
#1343=ORIENTED_EDGE('',*,*,#817,.F.);
#1344=ORIENTED_EDGE('',*,*,#941,.F.);
#1345=ORIENTED_EDGE('',*,*,#934,.T.);
#1346=ORIENTED_EDGE('',*,*,#939,.T.);
#1347=ORIENTED_EDGE('',*,*,#936,.T.);
#1348=ORIENTED_EDGE('',*,*,#819,.F.);
#1349=ORIENTED_EDGE('',*,*,#940,.F.);
#1350=ORIENTED_EDGE('',*,*,#932,.F.);
#1351=ORIENTED_EDGE('',*,*,#942,.T.);
#1352=ORIENTED_EDGE('',*,*,#938,.F.);
#1353=ORIENTED_EDGE('',*,*,#816,.F.);
#1354=ORIENTED_EDGE('',*,*,#942,.F.);
#1355=ORIENTED_EDGE('',*,*,#935,.T.);
#1356=ORIENTED_EDGE('',*,*,#941,.T.);
#1357=CYLINDRICAL_SURFACE('',#1477,100.);
#1358=CYLINDRICAL_SURFACE('',#1481,10.);
#1359=CYLINDRICAL_SURFACE('',#1484,10.);
#1360=CYLINDRICAL_SURFACE('',#1490,10.);
#1361=CYLINDRICAL_SURFACE('',#1492,200.);
#1362=CYLINDRICAL_SURFACE('',#1513,50.);
#1363=CYLINDRICAL_SURFACE('',#1520,100.);
#1364=CYLINDRICAL_SURFACE('',#1522,50.);
#1365=CYLINDRICAL_SURFACE('',#1524,300.);
#1366=CYLINDRICAL_SURFACE('',#1549,50.);
#1367=CYLINDRICAL_SURFACE('',#1555,50.);
#1368=CYLINDRICAL_SURFACE('',#1557,50.0000000000001);
#1369=CYLINDRICAL_SURFACE('',#1558,100.124921972504);
#1370=CYLINDRICAL_SURFACE('',#1559,50.0000000000001);
#1371=CYLINDRICAL_SURFACE('',#1560,100.);
#1372=CYLINDRICAL_SURFACE('',#1561,100.);
#1373=CYLINDRICAL_SURFACE('',#1563,200.);
#1374=CYLINDRICAL_SURFACE('',#1566,50.);
#1375=CYLINDRICAL_SURFACE('',#1569,50.);
#1376=CYLINDRICAL_SURFACE('',#1578,70.0000000000002);
#1377=CYLINDRICAL_SURFACE('',#1581,50.);
#1378=CYLINDRICAL_SURFACE('',#1583,200.);
#1379=CYLINDRICAL_SURFACE('',#1585,50.);
#1380=CYLINDRICAL_SURFACE('',#1587,70.);
#1381=CYLINDRICAL_SURFACE('',#1591,100.124921972504);
#1382=CYLINDRICAL_SURFACE('',#1594,50.);
#1383=CYLINDRICAL_SURFACE('',#1596,50.);
#1384=CYLINDRICAL_SURFACE('',#1599,1917.561930507);
#1385=CYLINDRICAL_SURFACE('',#1602,100.);
#1386=CYLINDRICAL_SURFACE('',#1605,50.);
#1387=ADVANCED_FACE('',(#79),#1357,.F.);
#1388=ADVANCED_FACE('',(#80),#34,.F.);
#1389=ADVANCED_FACE('',(#81),#1358,.T.);
#1390=ADVANCED_FACE('',(#82),#1359,.T.);
#1391=ADVANCED_FACE('',(#83),#32,.T.);
#1392=ADVANCED_FACE('',(#84),#1360,.T.);
#1393=ADVANCED_FACE('',(#85),#35,.F.);
#1394=ADVANCED_FACE('',(#86),#1361,.T.);
#1395=ADVANCED_FACE('',(#87),#36,.T.);
#1396=ADVANCED_FACE('',(#88,#15,#16,#17,#18),#37,.F.);
#1397=ADVANCED_FACE('',(#89),#1362,.T.);
#1398=ADVANCED_FACE('',(#90),#38,.F.);
#1399=ADVANCED_FACE('',(#91,#19),#39,.F.);
#1400=ADVANCED_FACE('',(#92,#20),#40,.T.);
#1401=ADVANCED_FACE('',(#93),#1363,.T.);
#1402=ADVANCED_FACE('',(#94),#41,.T.);
#1403=ADVANCED_FACE('',(#95),#1364,.F.);
#1404=ADVANCED_FACE('',(#96),#42,.T.);
#1405=ADVANCED_FACE('',(#97),#1365,.T.);
#1406=ADVANCED_FACE('',(#98),#43,.F.);
#1407=ADVANCED_FACE('',(#99),#44,.F.);
#1408=ADVANCED_FACE('',(#100,#21),#45,.T.);
#1409=ADVANCED_FACE('',(#101),#46,.F.);
#1410=ADVANCED_FACE('',(#102,#22),#47,.F.);
#1411=ADVANCED_FACE('',(#103),#48,.F.);
#1412=ADVANCED_FACE('',(#104,#23),#49,.F.);
#1413=ADVANCED_FACE('',(#105,#24),#50,.F.);
#1414=ADVANCED_FACE('',(#106,#25),#51,.T.);
#1415=ADVANCED_FACE('',(#107),#1366,.F.);
#1416=ADVANCED_FACE('',(#108,#26),#52,.T.);
#1417=ADVANCED_FACE('',(#109),#1367,.F.);
#1418=ADVANCED_FACE('',(#110),#53,.F.);
#1419=ADVANCED_FACE('',(#111),#1368,.F.);
#1420=ADVANCED_FACE('',(#112),#1369,.T.);
#1421=ADVANCED_FACE('',(#113),#1370,.F.);
#1422=ADVANCED_FACE('',(#114),#1371,.F.);
#1423=ADVANCED_FACE('',(#115),#1372,.F.);
#1424=ADVANCED_FACE('',(#116),#54,.T.);
#1425=ADVANCED_FACE('',(#117),#1373,.T.);
#1426=ADVANCED_FACE('',(#118),#55,.T.);
#1427=ADVANCED_FACE('',(#119),#56,.T.);
#1428=ADVANCED_FACE('',(#120),#1374,.T.);
#1429=ADVANCED_FACE('',(#121),#57,.F.);
#1430=ADVANCED_FACE('',(#122),#1375,.T.);
#1431=ADVANCED_FACE('',(#123),#58,.F.);
#1432=ADVANCED_FACE('',(#124),#59,.F.);
#1433=ADVANCED_FACE('',(#125),#1376,.T.);
#1434=ADVANCED_FACE('',(#126),#60,.F.);
#1435=ADVANCED_FACE('',(#127,#27),#61,.T.);
#1436=ADVANCED_FACE('',(#128),#1377,.F.);
#1437=ADVANCED_FACE('',(#129),#62,.T.);
#1438=ADVANCED_FACE('',(#130),#1378,.T.);
#1439=ADVANCED_FACE('',(#131),#63,.T.);
#1440=ADVANCED_FACE('',(#132),#1379,.F.);
#1441=ADVANCED_FACE('',(#133),#64,.T.);
#1442=ADVANCED_FACE('',(#134),#1380,.T.);
#1443=ADVANCED_FACE('',(#135),#65,.T.);
#1444=ADVANCED_FACE('',(#136,#28),#66,.F.);
#1445=ADVANCED_FACE('',(#137),#67,.F.);
#1446=ADVANCED_FACE('',(#138),#1381,.T.);
#1447=ADVANCED_FACE('',(#139),#68,.F.);
#1448=ADVANCED_FACE('',(#140),#69,.F.);
#1449=ADVANCED_FACE('',(#141),#1382,.T.);
#1450=ADVANCED_FACE('',(#142),#70,.F.);
#1451=ADVANCED_FACE('',(#143),#1383,.T.);
#1452=ADVANCED_FACE('',(#144),#71,.F.);
#1453=ADVANCED_FACE('',(#145),#72,.F.);
#1454=ADVANCED_FACE('',(#146),#1384,.T.);
#1455=ADVANCED_FACE('',(#147),#73,.T.);
#1456=ADVANCED_FACE('',(#148),#74,.T.);
#1457=ADVANCED_FACE('',(#149),#1385,.T.);
#1458=ADVANCED_FACE('',(#150),#1386,.F.);
#1459=ADVANCED_FACE('',(#151),#75,.T.);
#1460=ADVANCED_FACE('',(#152,#29),#76,.T.);
#1461=ADVANCED_FACE('',(#153,#30),#77,.F.);
#1462=ADVANCED_FACE('',(#154),#78,.T.);
#1463=CLOSED_SHELL('',(#1387,#1388,#1389,#1390,#1391,#1392,#1393,#1394,
#1395,#1396,#1397,#1398,#1399,#1400,#1401,#1402,#1403,#1404,#1405,#1406,
#1407,#1408,#1409,#1410,#1411,#1412,#1413,#1414,#1415,#1416,#1417,#1418,
#1419,#1420,#1421,#1422,#1423,#1424,#1425,#1426,#1427,#1428,#1429,#1430,
#1431,#1432,#1433,#1434,#1435,#1436,#1437,#1438,#1439,#1440,#1441,#1442,
#1443,#1444,#1445,#1446,#1447,#1448,#1449,#1450,#1451,#1452,#1453,#1454,
#1455,#1456,#1457,#1458,#1459,#1460,#1461,#1462));
#1464=DERIVED_UNIT_ELEMENT(#1466,1.);
#1465=DERIVED_UNIT_ELEMENT(#2466,-3.);
#1466=(
MASS_UNIT()
NAMED_UNIT(*)
SI_UNIT(.KILO.,.GRAM.)
);
#1467=DERIVED_UNIT((#1464,#1465));
#1468=MEASURE_REPRESENTATION_ITEM('density measure',
POSITIVE_RATIO_MEASURE(7850.),#1467);
#1469=PROPERTY_DEFINITION_REPRESENTATION(#1474,#1471);
#1470=PROPERTY_DEFINITION_REPRESENTATION(#1475,#1472);
#1471=REPRESENTATION('material name',(#1473),#2463);
#1472=REPRESENTATION('density',(#1468),#2463);
#1473=DESCRIPTIVE_REPRESENTATION_ITEM('Steel','Steel');
#1474=PROPERTY_DEFINITION('material property','material name',#2473);
#1475=PROPERTY_DEFINITION('material property','density of part',#2473);
#1476=AXIS2_PLACEMENT_3D('',#2031,#1612,#1613);
#1477=AXIS2_PLACEMENT_3D('',#2032,#1614,#1615);
#1478=AXIS2_PLACEMENT_3D('',#2034,#1616,#1617);
#1479=AXIS2_PLACEMENT_3D('',#2037,#1619,#1620);
#1480=AXIS2_PLACEMENT_3D('',#2038,#1621,#1622);
#1481=AXIS2_PLACEMENT_3D('',#2039,#1623,#1624);
#1482=AXIS2_PLACEMENT_3D('',#2044,#1626,#1627);
#1483=AXIS2_PLACEMENT_3D('',#2047,#1629,#1630);
#1484=AXIS2_PLACEMENT_3D('',#2048,#1631,#1632);
#1485=AXIS2_PLACEMENT_3D('',#2052,#1634,#1635);
#1486=AXIS2_PLACEMENT_3D('',#2054,#1637,#1638);
#1487=AXIS2_PLACEMENT_3D('',#2057,#1639,#1640);
#1488=AXIS2_PLACEMENT_3D('',#2058,#1641,#1642);
#1489=AXIS2_PLACEMENT_3D('',#2059,#1643,#1644);
#1490=AXIS2_PLACEMENT_3D('',#2060,#1645,#1646);
#1491=AXIS2_PLACEMENT_3D('',#2075,#1649,#1650);
#1492=AXIS2_PLACEMENT_3D('',#2085,#1656,#1657);
#1493=AXIS2_PLACEMENT_3D('',#2088,#1659,#1660);
#1494=AXIS2_PLACEMENT_3D('',#2089,#1661,#1662);
#1495=AXIS2_PLACEMENT_3D('',#2095,#1666,#1667);
#1496=AXIS2_PLACEMENT_3D('',#2098,#1668,#1669);
#1497=AXIS2_PLACEMENT_3D('',#2102,#1671,#1672);
#1498=AXIS2_PLACEMENT_3D('',#2106,#1674,#1675);
#1499=AXIS2_PLACEMENT_3D('',#2112,#1678,#1679);
#1500=AXIS2_PLACEMENT_3D('',#2120,#1683,#1684);
#1501=AXIS2_PLACEMENT_3D('',#2128,#1688,#1689);
#1502=AXIS2_PLACEMENT_3D('',#2132,#1691,#1692);
#1503=AXIS2_PLACEMENT_3D('',#2138,#1695,#1696);
#1504=AXIS2_PLACEMENT_3D('',#2146,#1701,#1702);
#1505=AXIS2_PLACEMENT_3D('',#2148,#1703,#1704);
#1506=AXIS2_PLACEMENT_3D('',#2152,#1706,#1707);
#1507=AXIS2_PLACEMENT_3D('',#2156,#1709,#1710);
#1508=AXIS2_PLACEMENT_3D('',#2164,#1714,#1715);
#1509=AXIS2_PLACEMENT_3D('',#2172,#1719,#1720);
#1510=AXIS2_PLACEMENT_3D('',#2177,#1723,#1724);
#1511=AXIS2_PLACEMENT_3D('',#2179,#1725,#1726);
#1512=AXIS2_PLACEMENT_3D('',#2181,#1727,#1728);
#1513=AXIS2_PLACEMENT_3D('',#2182,#1729,#1730);
#1514=AXIS2_PLACEMENT_3D('',#2184,#1731,#1732);
#1515=AXIS2_PLACEMENT_3D('',#2186,#1734,#1735);
#1516=AXIS2_PLACEMENT_3D('',#2190,#1738,#1739);
#1517=AXIS2_PLACEMENT_3D('',#2209,#1750,#1751);
#1518=AXIS2_PLACEMENT_3D('',#2213,#1753,#1754);
#1519=AXIS2_PLACEMENT_3D('',#2216,#1756,#1757);
#1520=AXIS2_PLACEMENT_3D('',#2217,#1758,#1759);
#1521=AXIS2_PLACEMENT_3D('',#2220,#1762,#1763);
#1522=AXIS2_PLACEMENT_3D('',#2221,#1764,#1765);
#1523=AXIS2_PLACEMENT_3D('',#2223,#1767,#1768);
#1524=AXIS2_PLACEMENT_3D('',#2229,#1772,#1773);
#1525=AXIS2_PLACEMENT_3D('',#2232,#1775,#1776);
#1526=AXIS2_PLACEMENT_3D('',#2233,#1777,#1778);
#1527=AXIS2_PLACEMENT_3D('',#2237,#1781,#1782);
#1528=AXIS2_PLACEMENT_3D('',#2239,#1784,#1785);
#1529=AXIS2_PLACEMENT_3D('',#2242,#1786,#1787);
#1530=AXIS2_PLACEMENT_3D('',#2249,#1791,#1792);
#1531=AXIS2_PLACEMENT_3D('',#2250,#1793,#1794);
#1532=AXIS2_PLACEMENT_3D('',#2256,#1798,#1799);
#1533=AXIS2_PLACEMENT_3D('',#2258,#1800,#1801);
#1534=AXIS2_PLACEMENT_3D('',#2263,#1804,#1805);
#1535=AXIS2_PLACEMENT_3D('',#2264,#1806,#1807);
#1536=AXIS2_PLACEMENT_3D('',#2267,#1810,#1811);
#1537=AXIS2_PLACEMENT_3D('',#2270,#1812,#1813);
#1538=AXIS2_PLACEMENT_3D('',#2277,#1817,#1818);
#1539=AXIS2_PLACEMENT_3D('',#2278,#1819,#1820);
#1540=AXIS2_PLACEMENT_3D('',#2283,#1822,#1823);
#1541=AXIS2_PLACEMENT_3D('',#2287,#1825,#1826);
#1542=AXIS2_PLACEMENT_3D('',#2290,#1828,#1829);
#1543=AXIS2_PLACEMENT_3D('',#2292,#1830,#1831);
#1544=AXIS2_PLACEMENT_3D('',#2293,#1832,#1833);
#1545=AXIS2_PLACEMENT_3D('',#2298,#1835,#1836);
#1546=AXIS2_PLACEMENT_3D('',#2302,#1838,#1839);
#1547=AXIS2_PLACEMENT_3D('',#2305,#1841,#1842);
#1548=AXIS2_PLACEMENT_3D('',#2307,#1843,#1844);
#1549=AXIS2_PLACEMENT_3D('',#2308,#1845,#1846);
#1550=AXIS2_PLACEMENT_3D('',#2311,#1847,#1848);
#1551=AXIS2_PLACEMENT_3D('',#2314,#1851,#1852);
#1552=AXIS2_PLACEMENT_3D('',#2318,#1854,#1855);
#1553=AXIS2_PLACEMENT_3D('',#2322,#1857,#1858);
#1554=AXIS2_PLACEMENT_3D('',#2325,#1860,#1861);
#1555=AXIS2_PLACEMENT_3D('',#2326,#1862,#1863);
#1556=AXIS2_PLACEMENT_3D('',#2329,#1866,#1867);
#1557=AXIS2_PLACEMENT_3D('',#2330,#1868,#1869);
#1558=AXIS2_PLACEMENT_3D('',#2332,#1871,#1872);
#1559=AXIS2_PLACEMENT_3D('',#2333,#1873,#1874);
#1560=AXIS2_PLACEMENT_3D('',#2335,#1876,#1877);
#1561=AXIS2_PLACEMENT_3D('',#2337,#1879,#1880);
#1562=AXIS2_PLACEMENT_3D('',#2339,#1882,#1883);
#1563=AXIS2_PLACEMENT_3D('',#2341,#1885,#1886);
#1564=AXIS2_PLACEMENT_3D('',#2343,#1888,#1889);
#1565=AXIS2_PLACEMENT_3D('',#2344,#1890,#1891);
#1566=AXIS2_PLACEMENT_3D('',#2345,#1892,#1893);
#1567=AXIS2_PLACEMENT_3D('',#2346,#1894,#1895);
#1568=AXIS2_PLACEMENT_3D('',#2347,#1896,#1897);
#1569=AXIS2_PLACEMENT_3D('',#2351,#1900,#1901);
#1570=AXIS2_PLACEMENT_3D('',#2352,#1902,#1903);
#1571=AXIS2_PLACEMENT_3D('',#2353,#1904,#1905);
#1572=AXIS2_PLACEMENT_3D('',#2359,#1908,#1909);
#1573=AXIS2_PLACEMENT_3D('',#2365,#1912,#1913);
#1574=AXIS2_PLACEMENT_3D('',#2369,#1915,#1916);
#1575=AXIS2_PLACEMENT_3D('',#2377,#1920,#1921);
#1576=AXIS2_PLACEMENT_3D('',#2385,#1925,#1926);
#1577=AXIS2_PLACEMENT_3D('',#2387,#1928,#1929);
#1578=AXIS2_PLACEMENT_3D('',#2389,#1931,#1932);
#1579=AXIS2_PLACEMENT_3D('',#2391,#1934,#1935);
#1580=AXIS2_PLACEMENT_3D('',#2393,#1937,#1938);
#1581=AXIS2_PLACEMENT_3D('',#2397,#1942,#1943);
#1582=AXIS2_PLACEMENT_3D('',#2399,#1945,#1946);
#1583=AXIS2_PLACEMENT_3D('',#2401,#1948,#1949);
#1584=AXIS2_PLACEMENT_3D('',#2403,#1951,#1952);
#1585=AXIS2_PLACEMENT_3D('',#2405,#1954,#1955);
#1586=AXIS2_PLACEMENT_3D('',#2406,#1956,#1957);
#1587=AXIS2_PLACEMENT_3D('',#2408,#1959,#1960);
#1588=AXIS2_PLACEMENT_3D('',#2410,#1962,#1963);
#1589=AXIS2_PLACEMENT_3D('',#2412,#1965,#1966);
#1590=AXIS2_PLACEMENT_3D('',#2416,#1970,#1971);
#1591=AXIS2_PLACEMENT_3D('',#2418,#1973,#1974);
#1592=AXIS2_PLACEMENT_3D('',#2420,#1976,#1977);
#1593=AXIS2_PLACEMENT_3D('',#2421,#1978,#1979);
#1594=AXIS2_PLACEMENT_3D('',#2423,#1981,#1982);
#1595=AXIS2_PLACEMENT_3D('',#2425,#1984,#1985);
#1596=AXIS2_PLACEMENT_3D('',#2427,#1987,#1988);
#1597=AXIS2_PLACEMENT_3D('',#2429,#1990,#1991);
#1598=AXIS2_PLACEMENT_3D('',#2431,#1993,#1994);
#1599=AXIS2_PLACEMENT_3D('',#2433,#1996,#1997);
#1600=AXIS2_PLACEMENT_3D('',#2435,#1999,#2000);
#1601=AXIS2_PLACEMENT_3D('',#2437,#2002,#2003);
#1602=AXIS2_PLACEMENT_3D('',#2438,#2004,#2005);
#1603=AXIS2_PLACEMENT_3D('',#2441,#2006,#2007);
#1604=AXIS2_PLACEMENT_3D('',#2445,#2009,#2010);
#1605=AXIS2_PLACEMENT_3D('',#2447,#2012,#2013);
#1606=AXIS2_PLACEMENT_3D('',#2449,#2014,#2015);
#1607=AXIS2_PLACEMENT_3D('',#2452,#2017,#2018);
#1608=AXIS2_PLACEMENT_3D('',#2453,#2019,#2020);
#1609=AXIS2_PLACEMENT_3D('',#2456,#2023,#2024);
#1610=AXIS2_PLACEMENT_3D('',#2458,#2026,#2027);
#1611=AXIS2_PLACEMENT_3D('',#2460,#2029,#2030);
#1612=DIRECTION('axis',(0.,0.,1.));
#1613=DIRECTION('refdir',(1.,0.,0.));
#1614=DIRECTION('center_axis',(0.,0.,-1.));
#1615=DIRECTION('ref_axis',(1.,0.,0.));
#1616=DIRECTION('center_axis',(0.,0.,-1.));
#1617=DIRECTION('ref_axis',(1.,0.,0.));
#1618=DIRECTION('',(0.,0.,-1.));
#1619=DIRECTION('center_axis',(0.,0.,-1.));
#1620=DIRECTION('ref_axis',(1.,0.,0.));
#1621=DIRECTION('center_axis',(0.,0.,-1.));
#1622=DIRECTION('ref_axis',(1.,0.,0.));
#1623=DIRECTION('center_axis',(0.,0.,1.));
#1624=DIRECTION('ref_axis',(-0.707106781186547,-0.707106781186547,0.));
#1625=DIRECTION('',(0.,0.,1.));
#1626=DIRECTION('center_axis',(0.,0.,-1.));
#1627=DIRECTION('ref_axis',(-0.707106781186547,-0.707106781186547,0.));
#1628=DIRECTION('',(0.,0.,-1.));
#1629=DIRECTION('center_axis',(0.,0.707106781186548,0.707106781186548));
#1630=DIRECTION('ref_axis',(0.,0.707106781186547,-0.707106781186547));
#1631=DIRECTION('center_axis',(0.,1.,0.));
#1632=DIRECTION('ref_axis',(-0.707106781186547,0.,0.707106781186547));
#1633=DIRECTION('',(0.,-1.,0.));
#1634=DIRECTION('center_axis',(0.,1.,0.));
#1635=DIRECTION('ref_axis',(-1.,0.,1.4210854715202E-14));
#1636=DIRECTION('',(0.,1.,0.));
#1637=DIRECTION('center_axis',(0.,0.,-1.));
#1638=DIRECTION('ref_axis',(-1.,0.,0.));
#1639=DIRECTION('center_axis',(-0.719339800338677,0.694658370458971,0.));
#1640=DIRECTION('ref_axis',(-0.694658370458971,-0.719339800338677,0.));
#1641=DIRECTION('center_axis',(0.,0.,-1.));
#1642=DIRECTION('ref_axis',(-0.92050485345244,-0.390731128489273,0.));
#1643=DIRECTION('center_axis',(0.,0.,1.));
#1644=DIRECTION('ref_axis',(-0.920504853452441,-0.390731128489273,0.));
#1645=DIRECTION('center_axis',(0.719339800338651,-0.694658370458998,0.));
#1646=DIRECTION('ref_axis',(-0.491197644359564,-0.508650050796844,0.707106781186535));
#1647=DIRECTION('',(-0.719339800338651,0.694658370458998,0.));
#1648=DIRECTION('',(0.719339800338651,-0.694658370458998,0.));
#1649=DIRECTION('center_axis',(0.694658370458998,0.719339800338651,0.));
#1650=DIRECTION('ref_axis',(0.719339800338651,-0.694658370458998,0.));
#1651=DIRECTION('',(0.,0.,1.));
#1652=DIRECTION('',(0.,0.,1.));
#1653=DIRECTION('',(-0.719339800338651,0.694658370458998,0.));
#1654=DIRECTION('',(0.,0.,-1.));
#1655=DIRECTION('',(-0.719339800338651,0.694658370458998,0.));
#1656=DIRECTION('center_axis',(0.,0.,1.));
#1657=DIRECTION('ref_axis',(-0.920504853452441,-0.390731128489273,0.));
#1658=DIRECTION('',(0.,0.,-1.));
#1659=DIRECTION('center_axis',(0.,0.,1.));
#1660=DIRECTION('ref_axis',(-0.920504853452441,-0.390731128489273,0.));
#1661=DIRECTION('center_axis',(-1.,0.,0.));
#1662=DIRECTION('ref_axis',(0.,-1.,0.));
#1663=DIRECTION('',(0.,1.,0.));
#1664=DIRECTION('',(0.,0.,1.));
#1665=DIRECTION('',(0.,-1.,0.));
#1666=DIRECTION('center_axis',(0.,0.,-1.));
#1667=DIRECTION('ref_axis',(-1.,0.,0.));
#1668=DIRECTION('center_axis',(0.,0.,1.));
#1669=DIRECTION('ref_axis',(0.707106781186547,0.707106781186547,0.));
#1670=DIRECTION('',(0.,1.,0.));
#1671=DIRECTION('center_axis',(0.,0.,-1.));
#1672=DIRECTION('ref_axis',(-1.,0.,0.));
#1673=DIRECTION('',(0.,-1.,0.));
#1674=DIRECTION('center_axis',(0.,0.,1.));
#1675=DIRECTION('ref_axis',(-0.707106781186547,0.707106781186547,0.));
#1676=DIRECTION('',(-1.,0.,0.));
#1677=DIRECTION('',(-0.707106781186548,-0.707106781186548,0.));
#1678=DIRECTION('center_axis',(0.,0.,-1.));
#1679=DIRECTION('ref_axis',(0.923879532511286,-0.382683432365092,0.));
#1680=DIRECTION('',(0.,-1.,0.));
#1681=DIRECTION('',(-1.,0.,0.));
#1682=DIRECTION('',(0.,1.,0.));
#1683=DIRECTION('center_axis',(0.,0.,-1.));
#1684=DIRECTION('ref_axis',(1.,0.,0.));
#1685=DIRECTION('',(0.,-1.,0.));
#1686=DIRECTION('',(-1.,0.,0.));
#1687=DIRECTION('',(0.,1.,0.));
#1688=DIRECTION('center_axis',(0.,0.,-1.));
#1689=DIRECTION('ref_axis',(-0.923879532511288,-0.382683432365087,0.));
#1690=DIRECTION('',(-0.707106781186548,0.707106781186547,0.));
#1691=DIRECTION('center_axis',(0.,0.,-1.));
#1692=DIRECTION('ref_axis',(-0.382683432365089,-0.923879532511287,0.));
#1693=DIRECTION('',(-1.,0.,0.));
#1694=DIRECTION('',(-0.719339800338651,-0.694658370458997,0.));
#1695=DIRECTION('center_axis',(0.,0.,-1.));
#1696=DIRECTION('ref_axis',(0.977928672089826,0.20893901575491,-1.10872174916245E-14));
#1697=DIRECTION('',(0.,-1.,0.));
#1698=DIRECTION('',(1.,0.,0.));
#1699=DIRECTION('',(-1.,0.,0.));
#1700=DIRECTION('',(0.,1.,0.));
#1701=DIRECTION('center_axis',(0.,0.,-1.));
#1702=DIRECTION('ref_axis',(-0.92050485345244,-0.390731128489273,0.));
#1703=DIRECTION('center_axis',(0.,0.,-1.));
#1704=DIRECTION('ref_axis',(-0.374606593415912,-0.927183854566787,0.));
#1705=DIRECTION('',(-1.,0.,0.));
#1706=DIRECTION('center_axis',(0.,0.,-1.));
#1707=DIRECTION('ref_axis',(0.382683432365091,-0.923879532511286,0.));
#1708=DIRECTION('',(-0.707106781186548,-0.707106781186548,0.));
#1709=DIRECTION('center_axis',(0.,0.,-1.));
#1710=DIRECTION('ref_axis',(0.923879532511286,-0.382683432365091,0.));
#1711=DIRECTION('',(0.,-1.,0.));
#1712=DIRECTION('',(-1.,0.,0.));
#1713=DIRECTION('',(0.,1.,0.));
#1714=DIRECTION('center_axis',(0.,0.,-1.));
#1715=DIRECTION('ref_axis',(1.,0.,0.));
#1716=DIRECTION('',(0.,-1.,0.));
#1717=DIRECTION('',(-1.,0.,0.));
#1718=DIRECTION('',(0.,1.,0.));
#1719=DIRECTION('center_axis',(0.,0.,-1.));
#1720=DIRECTION('ref_axis',(-0.707106781186544,-0.707106781186552,0.));
#1721=DIRECTION('',(-0.707106781186542,0.707106781186553,0.));
#1722=DIRECTION('',(-1.,0.,0.));
#1723=DIRECTION('center_axis',(0.,0.,1.));
#1724=DIRECTION('ref_axis',(1.,0.,0.));
#1725=DIRECTION('center_axis',(0.,0.,1.));
#1726=DIRECTION('ref_axis',(1.,0.,0.));
#1727=DIRECTION('center_axis',(0.,0.,1.));
#1728=DIRECTION('ref_axis',(-1.,0.,0.));
#1729=DIRECTION('center_axis',(0.,0.,1.));
#1730=DIRECTION('ref_axis',(-0.374606593415912,-0.927183854566787,0.));
#1731=DIRECTION('center_axis',(0.,0.,1.));
#1732=DIRECTION('ref_axis',(-0.374606593415912,-0.927183854566787,0.));
#1733=DIRECTION('',(0.,0.,1.));
#1734=DIRECTION('center_axis',(0.,1.,0.));
#1735=DIRECTION('ref_axis',(0.,0.,1.));
#1736=DIRECTION('',(-1.,0.,0.));
#1737=DIRECTION('',(0.,0.,-1.));
#1738=DIRECTION('center_axis',(0.,1.,0.));
#1739=DIRECTION('ref_axis',(-1.,0.,0.));
#1740=DIRECTION('',(0.,0.,1.));
#1741=DIRECTION('',(-1.,0.,0.));
#1742=DIRECTION('',(0.,0.,1.));
#1743=DIRECTION('',(0.,0.,1.));
#1744=DIRECTION('',(-1.,0.,0.));
#1745=DIRECTION('',(0.,0.,-1.));
#1746=DIRECTION('',(0.,0.,-1.));
#1747=DIRECTION('',(-1.,0.,0.));
#1748=DIRECTION('',(0.,0.,1.));
#1749=DIRECTION('',(1.,0.,0.));
#1750=DIRECTION('center_axis',(0.,0.,-1.));
#1751=DIRECTION('ref_axis',(1.,0.,0.));
#1752=DIRECTION('',(0.,1.,0.));
#1753=DIRECTION('center_axis',(0.,0.,-1.));
#1754=DIRECTION('ref_axis',(1.,0.,0.));
#1755=DIRECTION('',(0.,1.,0.));
#1756=DIRECTION('center_axis',(0.,0.,1.));
#1757=DIRECTION('ref_axis',(1.,0.,0.));
#1758=DIRECTION('center_axis',(0.,0.,-1.));
#1759=DIRECTION('ref_axis',(1.,0.,0.));
#1760=DIRECTION('',(0.,0.,-1.));
#1761=DIRECTION('',(0.,0.,-1.));
#1762=DIRECTION('center_axis',(1.,0.,0.));
#1763=DIRECTION('ref_axis',(0.,-1.,0.));
#1764=DIRECTION('center_axis',(0.,0.,-1.));
#1765=DIRECTION('ref_axis',(1.,0.,0.));
#1766=DIRECTION('',(0.,0.,1.));
#1767=DIRECTION('center_axis',(0.707106781186548,-0.707106781186548,0.));
#1768=DIRECTION('ref_axis',(0.,0.,-1.));
#1769=DIRECTION('',(0.,0.,1.));
#1770=DIRECTION('',(0.707106781186548,0.707106781186548,0.));
#1771=DIRECTION('',(0.,0.,-1.));
#1772=DIRECTION('center_axis',(0.,0.,1.));
#1773=DIRECTION('ref_axis',(-0.92050485345244,-0.390731128489273,0.));
#1774=DIRECTION('',(0.,0.,-1.));
#1775=DIRECTION('center_axis',(0.,0.,-1.));
#1776=DIRECTION('ref_axis',(-0.92050485345244,-0.390731128489273,0.));
#1777=DIRECTION('center_axis',(0.,0.,-1.));
#1778=DIRECTION('ref_axis',(0.,1.,0.));
#1779=DIRECTION('',(0.,1.,0.));
#1780=DIRECTION('',(1.,0.,0.));
#1781=DIRECTION('center_axis',(0.,1.,0.));
#1782=DIRECTION('ref_axis',(0.,0.,1.));
#1783=DIRECTION('',(0.,0.,1.));
#1784=DIRECTION('center_axis',(0.,0.,1.));
#1785=DIRECTION('ref_axis',(-1.,0.,0.));
#1786=DIRECTION('center_axis',(0.,0.,1.));
#1787=DIRECTION('ref_axis',(1.,0.,0.));
#1788=DIRECTION('',(0.,1.,0.));
#1789=DIRECTION('',(-1.,0.,0.));
#1790=DIRECTION('',(0.,-1.,0.));
#1791=DIRECTION('center_axis',(0.,0.,-1.));
#1792=DIRECTION('ref_axis',(1.,0.,0.));
#1793=DIRECTION('center_axis',(-1.,0.,0.));
#1794=DIRECTION('ref_axis',(0.,1.,0.));
#1795=DIRECTION('',(0.,0.,-1.));
#1796=DIRECTION('',(0.,1.,0.));
#1797=DIRECTION('',(0.,0.,1.));
#1798=DIRECTION('center_axis',(0.,0.,1.));
#1799=DIRECTION('ref_axis',(-1.,0.,0.));
#1800=DIRECTION('center_axis',(0.,0.,-1.));
#1801=DIRECTION('ref_axis',(1.,0.,0.));
#1802=DIRECTION('',(0.,1.,0.));
#1803=DIRECTION('',(1.,0.,0.));
#1804=DIRECTION('center_axis',(0.,0.,1.));
#1805=DIRECTION('ref_axis',(1.,0.,0.));
#1806=DIRECTION('center_axis',(1.,0.,0.));
#1807=DIRECTION('ref_axis',(0.,-1.,0.));
#1808=DIRECTION('',(0.,0.,1.));
#1809=DIRECTION('',(0.,0.,-1.));
#1810=DIRECTION('center_axis',(0.,0.,1.));
#1811=DIRECTION('ref_axis',(-1.,0.,0.));
#1812=DIRECTION('center_axis',(0.,0.,-1.));
#1813=DIRECTION('ref_axis',(1.,0.,0.));
#1814=DIRECTION('',(0.,-1.,0.));
#1815=DIRECTION('',(1.,0.,0.));
#1816=DIRECTION('',(0.,1.,0.));
#1817=DIRECTION('center_axis',(0.,0.,1.));
#1818=DIRECTION('ref_axis',(1.,0.,0.));
#1819=DIRECTION('center_axis',(0.,0.,1.));
#1820=DIRECTION('ref_axis',(-1.,0.,0.));
#1821=DIRECTION('',(0.,1.,0.));
#1822=DIRECTION('center_axis',(0.,0.,-1.));
#1823=DIRECTION('ref_axis',(0.707106781186547,0.707106781186547,0.));
#1824=DIRECTION('',(-1.,0.,0.));
#1825=DIRECTION('center_axis',(0.,0.,-1.));
#1826=DIRECTION('ref_axis',(-0.707106781186547,0.707106781186547,0.));
#1827=DIRECTION('',(0.,1.,0.));
#1828=DIRECTION('center_axis',(0.,0.,-1.));
#1829=DIRECTION('ref_axis',(-1.,0.,0.));
#1830=DIRECTION('center_axis',(0.,0.,1.));
#1831=DIRECTION('ref_axis',(-1.,0.,0.));
#1832=DIRECTION('center_axis',(0.,0.,-1.));
#1833=DIRECTION('ref_axis',(1.,0.,0.));
#1834=DIRECTION('',(-1.,0.,0.));
#1835=DIRECTION('center_axis',(0.,0.,-1.));
#1836=DIRECTION('ref_axis',(-0.707106781186547,0.707106781186547,0.));
#1837=DIRECTION('',(0.,1.,0.));
#1838=DIRECTION('center_axis',(0.,0.,1.));
#1839=DIRECTION('ref_axis',(-1.,0.,0.));
#1840=DIRECTION('',(0.,-1.,0.));
#1841=DIRECTION('center_axis',(0.,0.,-1.));
#1842=DIRECTION('ref_axis',(0.707106781186547,0.707106781186547,0.));
#1843=DIRECTION('center_axis',(0.,0.,-1.));
#1844=DIRECTION('ref_axis',(-1.,0.,0.));
#1845=DIRECTION('center_axis',(0.,0.,-1.));
#1846=DIRECTION('ref_axis',(0.707106781186547,0.707106781186547,0.));
#1847=DIRECTION('center_axis',(0.,0.,1.));
#1848=DIRECTION('ref_axis',(0.707106781186547,0.707106781186547,0.));
#1849=DIRECTION('',(0.,0.,-1.));
#1850=DIRECTION('',(0.,0.,1.));
#1851=DIRECTION('center_axis',(0.,0.,1.));
#1852=DIRECTION('ref_axis',(-1.,0.,0.));
#1853=DIRECTION('',(0.,1.,0.));
#1854=DIRECTION('center_axis',(0.,0.,1.));
#1855=DIRECTION('ref_axis',(-1.,0.,0.));
#1856=DIRECTION('',(0.,1.,0.));
#1857=DIRECTION('center_axis',(0.,0.,1.));
#1858=DIRECTION('ref_axis',(-0.707106781186547,0.707106781186547,0.));
#1859=DIRECTION('',(1.,0.,0.));
#1860=DIRECTION('center_axis',(0.,0.,-1.));
#1861=DIRECTION('ref_axis',(-1.,0.,0.));
#1862=DIRECTION('center_axis',(0.,0.,-1.));
#1863=DIRECTION('ref_axis',(-0.707106781186547,0.707106781186547,0.));
#1864=DIRECTION('',(0.,0.,-1.));
#1865=DIRECTION('',(0.,0.,1.));
#1866=DIRECTION('center_axis',(1.,0.,0.));
#1867=DIRECTION('ref_axis',(0.,0.,-1.));
#1868=DIRECTION('center_axis',(0.,0.,1.));
#1869=DIRECTION('ref_axis',(1.,0.,0.));
#1870=DIRECTION('',(0.,0.,1.));
#1871=DIRECTION('center_axis',(0.,0.,1.));
#1872=DIRECTION('ref_axis',(1.,0.,0.));
#1873=DIRECTION('center_axis',(0.,0.,1.));
#1874=DIRECTION('ref_axis',(1.,0.,0.));
#1875=DIRECTION('',(0.,0.,1.));
#1876=DIRECTION('center_axis',(0.,0.,-1.));
#1877=DIRECTION('ref_axis',(-1.,0.,0.));
#1878=DIRECTION('',(0.,0.,1.));
#1879=DIRECTION('center_axis',(0.,0.,-1.));
#1880=DIRECTION('ref_axis',(-1.,0.,0.));
#1881=DIRECTION('',(0.,0.,-1.));
#1882=DIRECTION('center_axis',(1.,0.,0.));
#1883=DIRECTION('ref_axis',(0.,-1.,0.));
#1884=DIRECTION('',(0.,0.,1.));
#1885=DIRECTION('center_axis',(0.,0.,-1.));
#1886=DIRECTION('ref_axis',(-1.,0.,0.));
#1887=DIRECTION('',(0.,0.,1.));
#1888=DIRECTION('center_axis',(-1.,0.,0.));
#1889=DIRECTION('ref_axis',(0.,1.,0.));
#1890=DIRECTION('center_axis',(-1.,0.,0.));
#1891=DIRECTION('ref_axis',(0.,1.,0.));
#1892=DIRECTION('center_axis',(0.,0.,-1.));
#1893=DIRECTION('ref_axis',(0.382683432365091,-0.923879532511286,0.));
#1894=DIRECTION('center_axis',(0.,0.,1.));
#1895=DIRECTION('ref_axis',(0.382683432365091,-0.923879532511286,0.));
#1896=DIRECTION('center_axis',(-1.,0.,0.));
#1897=DIRECTION('ref_axis',(0.,0.,1.));
#1898=DIRECTION('',(0.,0.,1.));
#1899=DIRECTION('',(0.,-1.,0.));
#1900=DIRECTION('center_axis',(0.,0.,1.));
#1901=DIRECTION('ref_axis',(0.923879532511286,-0.382683432365091,0.));
#1902=DIRECTION('center_axis',(0.,0.,1.));
#1903=DIRECTION('ref_axis',(0.923879532511286,-0.382683432365091,0.));
#1904=DIRECTION('center_axis',(0.,0.,1.));
#1905=DIRECTION('ref_axis',(0.,1.,0.));
#1906=DIRECTION('',(-1.,0.,0.));
#1907=DIRECTION('',(0.,1.,0.));
#1908=DIRECTION('center_axis',(-1.10863559301567E-14,-1.05649958732163E-15,
-1.));
#1909=DIRECTION('ref_axis',(0.977928672089826,0.20893901575491,-1.10624093170138E-14));
#1910=DIRECTION('',(-0.719339800338651,-0.694658370458997,0.));
#1911=DIRECTION('',(-1.,0.,0.));
#1912=DIRECTION('center_axis',(0.,0.,1.));
#1913=DIRECTION('ref_axis',(-0.382683432365089,-0.923879532511287,0.));
#1914=DIRECTION('',(-0.707106781186548,0.707106781186547,0.));
#1915=DIRECTION('center_axis',(0.,0.,1.));
#1916=DIRECTION('ref_axis',(-0.923879532511288,-0.382683432365087,0.));
#1917=DIRECTION('',(0.,1.,0.));
#1918=DIRECTION('',(-1.,0.,0.));
#1919=DIRECTION('',(0.,-1.,0.));
#1920=DIRECTION('center_axis',(0.,0.,1.));
#1921=DIRECTION('ref_axis',(0.923879532511286,-0.382683432365092,0.));
#1922=DIRECTION('',(0.707106781186548,0.707106781186548,0.));
#1923=DIRECTION('',(1.,0.,0.));
#1924=DIRECTION('',(-0.707106781186542,0.707106781186553,0.));
#1925=DIRECTION('center_axis',(0.,0.,-1.));
#1926=DIRECTION('ref_axis',(-0.707106781186544,-0.707106781186552,0.));
#1927=DIRECTION('',(0.,1.,0.));
#1928=DIRECTION('center_axis',(1.,0.,0.));
#1929=DIRECTION('ref_axis',(0.,0.,-1.));
#1930=DIRECTION('',(0.,0.,-1.));
#1931=DIRECTION('center_axis',(0.,0.,1.));
#1932=DIRECTION('ref_axis',(-0.707106781186544,-0.707106781186552,0.));
#1933=DIRECTION('',(0.,0.,1.));
#1934=DIRECTION('center_axis',(0.707106781186553,0.707106781186542,0.));
#1935=DIRECTION('ref_axis',(-0.707106781186542,0.707106781186553,0.));
#1936=DIRECTION('',(0.,0.,-1.));
#1937=DIRECTION('center_axis',(0.,-1.,0.));
#1938=DIRECTION('ref_axis',(0.,0.,-1.));
#1939=DIRECTION('',(0.,0.,1.));
#1940=DIRECTION('',(0.,0.,-1.));
#1941=DIRECTION('',(0.,0.,-1.));
#1942=DIRECTION('center_axis',(0.,0.,-1.));
#1943=DIRECTION('ref_axis',(0.707106781186547,0.707106781186547,0.));
#1944=DIRECTION('',(0.,0.,1.));
#1945=DIRECTION('center_axis',(-1.,0.,0.));
#1946=DIRECTION('ref_axis',(0.,1.,0.));
#1947=DIRECTION('',(0.,0.,-1.));
#1948=DIRECTION('center_axis',(0.,0.,-1.));
#1949=DIRECTION('ref_axis',(-1.,0.,0.));
#1950=DIRECTION('',(0.,0.,-1.));
#1951=DIRECTION('center_axis',(1.,0.,0.));
#1952=DIRECTION('ref_axis',(0.,-1.,0.));
#1953=DIRECTION('',(0.,0.,-1.));
#1954=DIRECTION('center_axis',(0.,0.,-1.));
#1955=DIRECTION('ref_axis',(-0.707106781186547,0.707106781186547,0.));
#1956=DIRECTION('center_axis',(0.707106781186548,-0.707106781186548,0.));
#1957=DIRECTION('ref_axis',(0.,0.,-1.));
#1958=DIRECTION('',(0.,0.,-1.));
#1959=DIRECTION('center_axis',(0.,0.,1.));
#1960=DIRECTION('ref_axis',(0.923879532511286,-0.382683432365092,0.));
#1961=DIRECTION('',(0.,0.,1.));
#1962=DIRECTION('center_axis',(1.,0.,0.));
#1963=DIRECTION('ref_axis',(0.,0.,-1.));
#1964=DIRECTION('',(0.,0.,1.));
#1965=DIRECTION('center_axis',(0.,1.,0.));
#1966=DIRECTION('ref_axis',(0.,0.,1.));
#1967=DIRECTION('',(0.,0.,1.));
#1968=DIRECTION('',(0.,0.,-1.));
#1969=DIRECTION('',(0.,0.,-1.));
#1970=DIRECTION('center_axis',(1.,0.,0.));
#1971=DIRECTION('ref_axis',(0.,-1.,0.));
#1972=DIRECTION('',(0.,0.,1.));
#1973=DIRECTION('center_axis',(0.,0.,1.));
#1974=DIRECTION('ref_axis',(1.,0.,0.));
#1975=DIRECTION('',(0.,0.,-1.));
#1976=DIRECTION('center_axis',(-1.,0.,0.));
#1977=DIRECTION('ref_axis',(0.,1.,0.));
#1978=DIRECTION('center_axis',(1.,0.,0.));
#1979=DIRECTION('ref_axis',(0.,0.,-1.));
#1980=DIRECTION('',(0.,0.,-1.));
#1981=DIRECTION('center_axis',(0.,0.,-1.));
#1982=DIRECTION('ref_axis',(-0.923879532511288,-0.382683432365087,0.));
#1983=DIRECTION('',(0.,0.,1.));
#1984=DIRECTION('center_axis',(0.707106781186547,0.707106781186548,0.));
#1985=DIRECTION('ref_axis',(-0.707106781186548,0.707106781186547,0.));
#1986=DIRECTION('',(0.,0.,-1.));
#1987=DIRECTION('center_axis',(0.,0.,1.));
#1988=DIRECTION('ref_axis',(-0.382683432365089,-0.923879532511287,0.));
#1989=DIRECTION('',(0.,0.,1.));
#1990=DIRECTION('center_axis',(0.,1.,0.));
#1991=DIRECTION('ref_axis',(0.,0.,1.));
#1992=DIRECTION('',(0.,0.,-1.));
#1993=DIRECTION('center_axis',(-0.694658370458997,0.719339800338651,0.));
#1994=DIRECTION('ref_axis',(-0.719339800338651,-0.694658370458997,0.));
#1995=DIRECTION('',(-1.10885799631619E-14,-1.16482415698377E-15,-1.));
#1996=DIRECTION('center_axis',(1.10885799631619E-14,1.16482415698377E-15,
1.));
#1997=DIRECTION('ref_axis',(0.977928672089826,0.20893901575491,-1.10872174916245E-14));
#1998=DIRECTION('',(-1.10885799631619E-14,-1.16482415698377E-15,-1.));
#1999=DIRECTION('center_axis',(1.,0.,0.));
#2000=DIRECTION('ref_axis',(0.,0.,-1.));
#2001=DIRECTION('',(0.,0.,1.));
#2002=DIRECTION('center_axis',(0.,1.,0.));
#2003=DIRECTION('ref_axis',(0.,0.,1.));
#2004=DIRECTION('center_axis',(0.,0.,-1.));
#2005=DIRECTION('ref_axis',(1.,0.,0.));
#2006=DIRECTION('center_axis',(0.,0.,-1.));
#2007=DIRECTION('ref_axis',(1.,0.,0.));
#2008=DIRECTION('',(0.,0.,-1.));
#2009=DIRECTION('center_axis',(0.,0.,-1.));
#2010=DIRECTION('ref_axis',(1.,0.,0.));
#2011=DIRECTION('',(0.,0.,-1.));
#2012=DIRECTION('center_axis',(0.,0.,-1.));
#2013=DIRECTION('ref_axis',(1.,0.,0.));
#2014=DIRECTION('center_axis',(0.,0.,1.));
#2015=DIRECTION('ref_axis',(1.,0.,0.));
#2016=DIRECTION('',(0.,0.,1.));
#2017=DIRECTION('center_axis',(0.,0.,1.));
#2018=DIRECTION('ref_axis',(1.,0.,0.));
#2019=DIRECTION('center_axis',(-1.,0.,0.));
#2020=DIRECTION('ref_axis',(0.,1.,0.));
#2021=DIRECTION('',(0.,1.,0.));
#2022=DIRECTION('',(0.,1.,0.));
#2023=DIRECTION('center_axis',(0.,0.,-1.));
#2024=DIRECTION('ref_axis',(1.,0.,0.));
#2025=DIRECTION('',(0.,1.,0.));
#2026=DIRECTION('center_axis',(0.,0.,-1.));
#2027=DIRECTION('ref_axis',(1.,0.,0.));
#2028=DIRECTION('',(0.,1.,0.));
#2029=DIRECTION('center_axis',(1.,0.,0.));
#2030=DIRECTION('ref_axis',(0.,-1.,0.));
#2031=CARTESIAN_POINT('',(0.,0.,0.));
#2032=CARTESIAN_POINT('Origin',(-1454.5,2357.15361851927,21.9089579754396));
#2033=CARTESIAN_POINT('',(-1554.5,2357.15361851927,21.9089579754396));
#2034=CARTESIAN_POINT('Origin',(-1454.5,2357.15361851927,21.9089579754396));
#2035=CARTESIAN_POINT('',(-1554.5,2357.15361851927,-28.0910420245604));
#2036=CARTESIAN_POINT('',(-1554.5,2357.15361851927,21.9089579754396));
#2037=CARTESIAN_POINT('Origin',(-1454.5,2357.15361851927,-28.0910420245604));
#2038=CARTESIAN_POINT('Origin',(-1454.5,2357.15361851927,-28.0910420245604));
#2039=CARTESIAN_POINT('Origin',(-2956.,2544.49181080686,269.5));
#2040=CARTESIAN_POINT('',(-2956.,2534.49181080686,-300.));
#2041=CARTESIAN_POINT('',(-2956.,2534.49181080686,21.9089579754396));
#2042=CARTESIAN_POINT('',(-2956.,2534.49181080686,269.5));
#2043=CARTESIAN_POINT('',(-2966.,2544.49181080686,21.9089579754396));
#2044=CARTESIAN_POINT('Origin',(-2956.,2544.49181080686,21.9089579754396));
#2045=CARTESIAN_POINT('',(-2966.,2544.49181080686,-310.));
#2046=CARTESIAN_POINT('',(-2966.,2544.49181080686,269.5));
#2047=CARTESIAN_POINT('Origin',(-2956.,2544.49181080686,-310.));
#2048=CARTESIAN_POINT('Origin',(-2956.,3205.,-310.));
#2049=CARTESIAN_POINT('',(-2966.,2352.73629091182,-310.));
#2050=CARTESIAN_POINT('',(-2966.,3205.,-310.));
#2051=CARTESIAN_POINT('',(-2956.,2352.73629091182,-300.));
#2052=CARTESIAN_POINT('Origin',(-2956.,2352.73629091182,-310.));
#2053=CARTESIAN_POINT('',(-2956.,3205.,-300.));
#2054=CARTESIAN_POINT('Origin',(-2766.,2352.73629091182,-310.));
#2055=CARTESIAN_POINT('',(-2904.9316740918,2208.86833084409,-310.));
#2056=CARTESIAN_POINT('',(-2897.98509038721,2216.06172884747,-300.));
#2057=CARTESIAN_POINT('Origin',(-2897.98509038721,2216.06172884747,-310.));
#2058=CARTESIAN_POINT('Origin',(-2766.,2352.73629091182,-300.));
#2059=CARTESIAN_POINT('Origin',(-2766.,2352.73629091182,-310.));
#2060=CARTESIAN_POINT('Origin',(-2983.56075171501,2298.70118438842,-310.));
#2061=CARTESIAN_POINT('',(-2834.3975111377,2140.7542814389,-310.));
#2062=CARTESIAN_POINT('',(-2882.70446591955,2201.30540132701,-300.));
#2063=CARTESIAN_POINT('Ctrl Pts',(-2882.70446591955,2201.30540132701,-300.));
#2064=CARTESIAN_POINT('Ctrl Pts',(-2879.51858864635,2196.03761000212,-300.));
#2065=CARTESIAN_POINT('Ctrl Pts',(-2876.03270842092,2190.64527153244,-300.368133727541));
#2066=CARTESIAN_POINT('Ctrl Pts',(-2868.5624589092,2179.90330725021,-301.577755607205));
#2067=CARTESIAN_POINT('Ctrl Pts',(-2864.57802042792,2174.55397649153,-302.42143562646));
#2068=CARTESIAN_POINT('Ctrl Pts',(-2856.27246516502,2164.15330882681,-304.367342280944));
#2069=CARTESIAN_POINT('Ctrl Pts',(-2851.95082863647,2159.10135349881,-305.469617427632));
#2070=CARTESIAN_POINT('Ctrl Pts',(-2843.19153323007,2149.50540715071,-307.733368054545));
#2071=CARTESIAN_POINT('Ctrl Pts',(-2838.75393635934,2144.96123237372,-308.894304489174));
#2072=CARTESIAN_POINT('Ctrl Pts',(-2834.3975111377,2140.7542814389,-310.));
#2073=CARTESIAN_POINT('',(-2983.56075171501,2298.70118438842,-300.));
#2074=CARTESIAN_POINT('',(-2990.5073354196,2291.50778638504,-310.));
#2075=CARTESIAN_POINT('Origin',(-3148.85375382416,2444.42114516922,1500.));
#2076=CARTESIAN_POINT('',(-2834.3975111377,2140.7542814389,21.9089579754396));
#2077=CARTESIAN_POINT('',(-2834.3975111377,2140.7542814389,966.793958619601));
#2078=CARTESIAN_POINT('',(-2904.9316740918,2208.86833084409,-452.));
#2079=CARTESIAN_POINT('',(-2904.9316740918,2208.86833084409,1169.5));
#2080=CARTESIAN_POINT('',(-2635.86432274672,1949.03300998307,-452.));
#2081=CARTESIAN_POINT('',(-2932.94039037553,2235.91603375604,-452.));
#2082=CARTESIAN_POINT('',(-2635.86432274672,1949.03300998307,21.9089579754396));
#2083=CARTESIAN_POINT('',(-2635.86432274672,1949.03300998307,1074.5));
#2084=CARTESIAN_POINT('',(-3136.51929944654,2432.50990103339,21.9089579754396));
#2085=CARTESIAN_POINT('Origin',(-2766.,2352.73629091182,1169.5));
#2086=CARTESIAN_POINT('',(-2966.,2352.73629091182,-452.));
#2087=CARTESIAN_POINT('',(-2966.,2352.73629091182,1169.5));
#2088=CARTESIAN_POINT('Origin',(-2766.,2352.73629091182,-452.));
#2089=CARTESIAN_POINT('Origin',(-2966.,4410.,839.));
#2090=CARTESIAN_POINT('',(-2966.,2810.,21.9089579754396));
#2091=CARTESIAN_POINT('',(-2966.,4286.27602868276,21.9089579754396));
#2092=CARTESIAN_POINT('',(-2966.,2810.,-452.));
#2093=CARTESIAN_POINT('',(-2966.,2810.,0.));
#2094=CARTESIAN_POINT('',(-2966.,3855.,-452.));
#2095=CARTESIAN_POINT('Origin',(-1442.,4162.55205736552,21.9089579754396));
#2096=CARTESIAN_POINT('',(-1654.5,1785.,21.9089579754396));
#2097=CARTESIAN_POINT('',(-1704.5,1835.,21.9089579754396));
#2098=CARTESIAN_POINT('Origin',(-1704.5,1785.,21.9089579754396));
#2099=CARTESIAN_POINT('',(-1654.5,1535.,21.9089579754396));
#2100=CARTESIAN_POINT('',(-1654.5,2848.77602868276,21.9089579754396));
#2101=CARTESIAN_POINT('',(-1254.5,1535.,21.9089579754396));
#2102=CARTESIAN_POINT('Origin',(-1454.5,1535.,21.9089579754396));
#2103=CARTESIAN_POINT('',(-1254.5,1785.,21.9089579754396));
#2104=CARTESIAN_POINT('',(-1254.5,2998.77602868276,21.9089579754396));
#2105=CARTESIAN_POINT('',(-1204.5,1835.,21.9089579754396));
#2106=CARTESIAN_POINT('Origin',(-1204.5,1785.,21.9089579754396));
#2107=CARTESIAN_POINT('',(-1194.5,1835.,21.9089579754396));
#2108=CARTESIAN_POINT('',(-2204.,1835.,21.9089579754396));
#2109=CARTESIAN_POINT('',(-1175.00252531694,1854.49747468306,21.9089579754396));
#2110=CARTESIAN_POINT('',(-664.486985658621,2365.01301434138,21.9089579754396));
#2111=CARTESIAN_POINT('',(-1154.5,1903.99494936612,21.9089579754396));
#2112=CARTESIAN_POINT('Origin',(-1224.5,1903.99494936612,21.9089579754396));
#2113=CARTESIAN_POINT('',(-1154.5,2735.,21.9089579754396));
#2114=CARTESIAN_POINT('',(-1154.5,2998.77602868276,21.9089579754396));
#2115=CARTESIAN_POINT('',(-1104.5,2735.,21.9089579754396));
#2116=CARTESIAN_POINT('',(-1223.25,2735.,21.9089579754396));
#2117=CARTESIAN_POINT('',(-1104.5,2600.,21.9089579754396));
#2118=CARTESIAN_POINT('',(-1104.5,3248.77602868276,21.9089579754396));
#2119=CARTESIAN_POINT('',(-904.5,2600.,21.9089579754396));
#2120=CARTESIAN_POINT('Origin',(-1004.5,2605.,21.9089579754396));
#2121=CARTESIAN_POINT('',(-904.5,2735.,21.9089579754396));
#2122=CARTESIAN_POINT('',(-904.5,3148.77602868276,21.9089579754396));
#2123=CARTESIAN_POINT('',(-654.5,2735.,21.9089579754396));
#2124=CARTESIAN_POINT('',(-1223.25,2735.,21.9089579754396));
#2125=CARTESIAN_POINT('',(-654.5,2155.71067811865,21.9089579754396));
#2126=CARTESIAN_POINT('',(-654.5,3248.77602868276,21.9089579754396));
#2127=CARTESIAN_POINT('',(-639.855339059327,2120.35533905933,21.9089579754396));
#2128=CARTESIAN_POINT('Origin',(-604.5,2155.71067811865,21.9089579754396));
#2129=CARTESIAN_POINT('',(-469.144660940673,1949.64466094067,21.9089579754396));
#2130=CARTESIAN_POINT('',(-1187.07935692928,2667.57935692928,21.9089579754396));
#2131=CARTESIAN_POINT('',(-433.789321881345,1935.,21.9089579754396));
#2132=CARTESIAN_POINT('Origin',(-433.789321881345,1985.,21.9089579754396));
#2133=CARTESIAN_POINT('',(-287.667284484441,1935.,21.9089579754396));
#2134=CARTESIAN_POINT('',(-1087.65817129395,1935.,21.9089579754396));
#2135=CARTESIAN_POINT('',(99.1312582087012,2308.5270107905,21.9089579754598));
#2136=CARTESIAN_POINT('',(192.560544388862,2398.75062369292,21.9089579754396));
#2137=CARTESIAN_POINT('',(57.0000000000051,2736.30700481845,21.9089579754396));
#2138=CARTESIAN_POINT('Origin',(-1818.23879235071,2335.65350240923,21.9089579754459));
#2139=CARTESIAN_POINT('',(56.9999999999999,2810.,21.9089579754396));
#2140=CARTESIAN_POINT('',(56.9999999999999,4286.27602868276,21.9089579754396));
#2141=CARTESIAN_POINT('',(-1448.25,2810.,21.9089579754396));
#2142=CARTESIAN_POINT('',(-2926.,2534.49181080686,21.9089579754396));
#2143=CARTESIAN_POINT('',(-2204.,2534.49181080686,21.9089579754396));
#2144=CARTESIAN_POINT('',(-2926.,2356.55622154049,21.9089579754396));
#2145=CARTESIAN_POINT('',(-2926.,3214.89898138447,21.9089579754396));
#2146=CARTESIAN_POINT('Origin',(-2626.,2356.55622154049,21.9089579754396));
#2147=CARTESIAN_POINT('',(-2601.13140422377,1935.,21.9089579754396));
#2148=CARTESIAN_POINT('Origin',(-2601.13140422377,1985.,21.9089579754396));
#2149=CARTESIAN_POINT('',(-2475.21067811866,1935.,21.9089579754396));
#2150=CARTESIAN_POINT('',(-1789.06992103412,1935.,21.9089579754396));
#2151=CARTESIAN_POINT('',(-2439.85533905933,1949.64466094067,21.9089579754396));
#2152=CARTESIAN_POINT('Origin',(-2475.21067811866,1985.,21.9089579754396));
#2153=CARTESIAN_POINT('',(-2269.14466094067,2120.35533905933,21.9089579754396));
#2154=CARTESIAN_POINT('',(-1569.48698565862,2820.01301434138,21.9089579754396));
#2155=CARTESIAN_POINT('',(-2254.5,2155.71067811865,21.9089579754396));
#2156=CARTESIAN_POINT('Origin',(-2304.5,2155.71067811865,21.9089579754396));
#2157=CARTESIAN_POINT('',(-2254.5,2735.,21.9089579754396));
#2158=CARTESIAN_POINT('',(-2254.5,3248.77602868276,21.9089579754396));
#2159=CARTESIAN_POINT('',(-2004.5,2735.,21.9089579754396));
#2160=CARTESIAN_POINT('',(-1598.25,2735.,21.9089579754396));
#2161=CARTESIAN_POINT('',(-2004.5,2600.,21.9089579754396));
#2162=CARTESIAN_POINT('',(-2004.5,3381.27602868276,21.9089579754396));
#2163=CARTESIAN_POINT('',(-1804.5,2600.,21.9089579754396));
#2164=CARTESIAN_POINT('Origin',(-1904.5,2600.,21.9089579754396));
#2165=CARTESIAN_POINT('',(-1804.5,2735.,21.9089579754396));
#2166=CARTESIAN_POINT('',(-1804.5,3481.27602868276,21.9089579754396));
#2167=CARTESIAN_POINT('',(-1754.5,2735.,21.9089579754396));
#2168=CARTESIAN_POINT('',(-1598.25,2735.,21.9089579754396));
#2169=CARTESIAN_POINT('',(-1754.5,1903.99494936612,21.9089579754396));
#2170=CARTESIAN_POINT('',(-1754.5,2998.77602868276,21.9089579754396));
#2171=CARTESIAN_POINT('',(-1733.99747468306,1854.49747468306,21.9089579754396));
#2172=CARTESIAN_POINT('Origin',(-1684.5,1903.99494936612,21.9089579754396));
#2173=CARTESIAN_POINT('',(-1714.5,1835.,21.9089579754396));
#2174=CARTESIAN_POINT('',(-2228.26301434138,2348.76301434139,21.9089579754396));
#2175=CARTESIAN_POINT('',(-2204.,1835.,21.9089579754396));
#2176=CARTESIAN_POINT('',(-1054.5,2605.,21.9089579754396));
#2177=CARTESIAN_POINT('Origin',(-1004.5,2605.,21.9089579754396));
#2178=CARTESIAN_POINT('',(-1954.5,2600.,21.9089579754396));
#2179=CARTESIAN_POINT('Origin',(-1904.5,2600.,21.9089579754396));
#2180=CARTESIAN_POINT('',(-1354.5,1535.,21.9089579754396));
#2181=CARTESIAN_POINT('Origin',(-1454.5,1535.,21.9089579754396));
#2182=CARTESIAN_POINT('Origin',(-2601.13140422377,1985.,1074.5));
#2183=CARTESIAN_POINT('',(-2601.13140422377,1935.,-452.));
#2184=CARTESIAN_POINT('Origin',(-2601.13140422377,1985.,-452.));
#2185=CARTESIAN_POINT('',(-2601.13140422377,1935.,1074.5));
#2186=CARTESIAN_POINT('Origin',(-2136.13984206823,1935.,649.));
#2187=CARTESIAN_POINT('',(-2475.21067811866,1935.,-452.));
#2188=CARTESIAN_POINT('',(-1113.92432907602,1935.,-452.));
#2189=CARTESIAN_POINT('',(-2475.21067811866,1935.,644.));
#2190=CARTESIAN_POINT('Origin',(-1754.5,2735.,-452.));
#2191=CARTESIAN_POINT('',(-2254.5,2735.,-452.));
#2192=CARTESIAN_POINT('',(-2254.5,2735.,-452.));
#2193=CARTESIAN_POINT('',(-1754.5,2735.,-452.));
#2194=CARTESIAN_POINT('',(-848.75,2735.,-452.));
#2195=CARTESIAN_POINT('',(-1754.5,2735.,-452.));
#2196=CARTESIAN_POINT('',(-1804.5,2735.,-51.9999999999997));
#2197=CARTESIAN_POINT('',(-1804.5,2735.,-202.));
#2198=CARTESIAN_POINT('',(-2004.5,2735.,-51.9999999999997));
#2199=CARTESIAN_POINT('',(-2079.5,2735.,-51.9999999999997));
#2200=CARTESIAN_POINT('',(-2004.5,2735.,-202.));
#2201=CARTESIAN_POINT('',(-1804.5,2735.,-152.));
#2202=CARTESIAN_POINT('',(-1804.5,2735.,-252.));
#2203=CARTESIAN_POINT('',(-1804.5,2735.,-252.));
#2204=CARTESIAN_POINT('',(-2004.5,2735.,-252.));
#2205=CARTESIAN_POINT('',(-1829.5,2735.,-252.));
#2206=CARTESIAN_POINT('',(-2004.5,2735.,-152.));
#2207=CARTESIAN_POINT('',(-2004.5,2735.,-252.));
#2208=CARTESIAN_POINT('',(-1829.5,2735.,-152.));
#2209=CARTESIAN_POINT('Origin',(-1904.5,2650.,-51.9999999999997));
#2210=CARTESIAN_POINT('',(-1804.5,2600.,-51.9999999999997));
#2211=CARTESIAN_POINT('',(-1804.5,2800.,-51.9999999999997));
#2212=CARTESIAN_POINT('',(-2004.5,2600.,-51.9999999999997));
#2213=CARTESIAN_POINT('Origin',(-1904.5,2600.,-51.9999999999997));
#2214=CARTESIAN_POINT('',(-2004.5,2600.,-51.9999999999997));
#2215=CARTESIAN_POINT('',(-1954.5,2600.,-51.9999999999997));
#2216=CARTESIAN_POINT('Origin',(-1904.5,2600.,-51.9999999999997));
#2217=CARTESIAN_POINT('Origin',(-1904.5,2600.,48.0000000000003));
#2218=CARTESIAN_POINT('',(-2004.5,2600.,48.0000000000003));
#2219=CARTESIAN_POINT('',(-1804.5,2600.,48.0000000000003));
#2220=CARTESIAN_POINT('Origin',(-1804.5,2800.,48.0000000000003));
#2221=CARTESIAN_POINT('Origin',(-1904.5,2600.,48.0000000000003));
#2222=CARTESIAN_POINT('',(-1954.5,2600.,48.0000000000003));
#2223=CARTESIAN_POINT('Origin',(-2304.5,2085.,639.));
#2224=CARTESIAN_POINT('',(-2439.85533905933,1949.64466094067,-452.));
#2225=CARTESIAN_POINT('',(-2439.85533905933,1949.64466094067,644.));
#2226=CARTESIAN_POINT('',(-2269.14466094067,2120.35533905933,-452.));
#2227=CARTESIAN_POINT('',(-1010.375,3379.125,-452.));
#2228=CARTESIAN_POINT('',(-2269.14466094067,2120.35533905933,93.5000000000001));
#2229=CARTESIAN_POINT('Origin',(-2626.,2356.55622154049,966.793958619601));
#2230=CARTESIAN_POINT('',(-2926.,2356.55622154049,-300.));
#2231=CARTESIAN_POINT('',(-2926.,2356.55622154049,966.793958619601));
#2232=CARTESIAN_POINT('Origin',(-2626.,2356.55622154049,-300.));
#2233=CARTESIAN_POINT('Origin',(-2966.,2000.,-300.));
#2234=CARTESIAN_POINT('',(-2926.,2534.49181080686,-300.));
#2235=CARTESIAN_POINT('',(-2926.,2000.,-300.));
#2236=CARTESIAN_POINT('',(-2966.,2534.49181080686,-300.));
#2237=CARTESIAN_POINT('Origin',(-2966.,2534.49181080686,-300.));
#2238=CARTESIAN_POINT('',(-2926.,2534.49181080686,-300.));
#2239=CARTESIAN_POINT('Origin',(-1004.5,2185.,-152.));
#2240=CARTESIAN_POINT('',(-1104.5,2600.,-152.));
#2241=CARTESIAN_POINT('',(-904.5,2600.,-152.));
#2242=CARTESIAN_POINT('Origin',(-1004.5,2605.,-152.));
#2243=CARTESIAN_POINT('',(-904.5,2735.,-152.));
#2244=CARTESIAN_POINT('',(-904.5,2335.,-152.));
#2245=CARTESIAN_POINT('',(-1104.5,2735.,-152.));
#2246=CARTESIAN_POINT('',(-1004.5,2735.,-152.));
#2247=CARTESIAN_POINT('',(-1104.5,2260.,-152.));
#2248=CARTESIAN_POINT('',(-1054.5,2605.,-152.));
#2249=CARTESIAN_POINT('Origin',(-1004.5,2605.,-152.));
#2250=CARTESIAN_POINT('Origin',(-904.5,2135.,-51.9999999999997));
#2251=CARTESIAN_POINT('',(-904.5,2600.,-252.));
#2252=CARTESIAN_POINT('',(-904.5,2600.,-252.));
#2253=CARTESIAN_POINT('',(-904.5,2735.,-252.));
#2254=CARTESIAN_POINT('',(-904.5,2335.,-252.));
#2255=CARTESIAN_POINT('',(-904.5,2735.,-127.));
#2256=CARTESIAN_POINT('Origin',(-1004.5,2185.,-252.));
#2257=CARTESIAN_POINT('',(-1104.5,2600.,-252.));
#2258=CARTESIAN_POINT('Origin',(-1004.5,2605.,-252.));
#2259=CARTESIAN_POINT('',(-1104.5,2735.,-252.));
#2260=CARTESIAN_POINT('',(-1104.5,2335.,-252.));
#2261=CARTESIAN_POINT('',(-1004.5,2735.,-252.));
#2262=CARTESIAN_POINT('',(-1054.5,2605.,-252.));
#2263=CARTESIAN_POINT('Origin',(-1004.5,2605.,-252.));
#2264=CARTESIAN_POINT('Origin',(-1104.5,2335.,-51.9999999999997));
#2265=CARTESIAN_POINT('',(-1104.5,2600.,-252.));
#2266=CARTESIAN_POINT('',(-1104.5,2735.,-127.));
#2267=CARTESIAN_POINT('Origin',(-1004.5,2185.,-51.9999999999997));
#2268=CARTESIAN_POINT('',(-904.5,2600.,-51.9999999999997));
#2269=CARTESIAN_POINT('',(-1104.5,2600.,-51.9999999999997));
#2270=CARTESIAN_POINT('Origin',(-1004.5,2605.,-51.9999999999997));
#2271=CARTESIAN_POINT('',(-1104.5,2735.,-51.9999999999997));
#2272=CARTESIAN_POINT('',(-1104.5,2135.,-51.9999999999997));
#2273=CARTESIAN_POINT('',(-904.5,2735.,-51.9999999999997));
#2274=CARTESIAN_POINT('',(-1004.5,2735.,-51.9999999999997));
#2275=CARTESIAN_POINT('',(-904.5,2335.,-51.9999999999997));
#2276=CARTESIAN_POINT('',(-1054.5,2605.,-51.9999999999997));
#2277=CARTESIAN_POINT('Origin',(-1004.5,2605.,-51.9999999999997));
#2278=CARTESIAN_POINT('Origin',(-1454.5,1585.,-51.9999999999999));
#2279=CARTESIAN_POINT('',(-1654.5,1535.,-51.9999999999999));
#2280=CARTESIAN_POINT('',(-1654.5,1785.,-51.9999999999999));
#2281=CARTESIAN_POINT('',(-1654.5,1560.,-51.9999999999999));
#2282=CARTESIAN_POINT('',(-1704.5,1835.,-51.9999999999999));
#2283=CARTESIAN_POINT('Origin',(-1704.5,1785.,-51.9999999999999));
#2284=CARTESIAN_POINT('',(-1204.5,1835.,-51.9999999999999));
#2285=CARTESIAN_POINT('',(-2210.25,1835.,-51.9999999999999));
#2286=CARTESIAN_POINT('',(-1254.5,1785.,-51.9999999999999));
#2287=CARTESIAN_POINT('Origin',(-1204.5,1785.,-51.9999999999999));
#2288=CARTESIAN_POINT('',(-1254.5,1535.,-51.9999999999999));
#2289=CARTESIAN_POINT('',(-1254.5,1710.,-51.9999999999999));
#2290=CARTESIAN_POINT('Origin',(-1454.5,1535.,-51.9999999999999));
#2291=CARTESIAN_POINT('',(-1354.5,1535.,-51.9999999999999));
#2292=CARTESIAN_POINT('Origin',(-1454.5,1535.,-51.9999999999999));
#2293=CARTESIAN_POINT('Origin',(-1454.5,1585.,-252.));
#2294=CARTESIAN_POINT('',(-1204.5,1835.,-252.));
#2295=CARTESIAN_POINT('',(-1704.5,1835.,-252.));
#2296=CARTESIAN_POINT('',(-1204.5,1835.,-252.));
#2297=CARTESIAN_POINT('',(-1254.5,1785.,-252.));
#2298=CARTESIAN_POINT('Origin',(-1204.5,1785.,-252.));
#2299=CARTESIAN_POINT('',(-1254.5,1535.,-252.));
#2300=CARTESIAN_POINT('',(-1254.5,1710.,-252.));
#2301=CARTESIAN_POINT('',(-1654.5,1535.,-252.));
#2302=CARTESIAN_POINT('Origin',(-1454.5,1535.,-252.));
#2303=CARTESIAN_POINT('',(-1654.5,1785.,-252.));
#2304=CARTESIAN_POINT('',(-1654.5,1560.,-252.));
#2305=CARTESIAN_POINT('Origin',(-1704.5,1785.,-252.));
#2306=CARTESIAN_POINT('',(-1354.5,1535.,-252.));
#2307=CARTESIAN_POINT('Origin',(-1454.5,1535.,-252.));
#2308=CARTESIAN_POINT('Origin',(-1704.5,1785.,939.));
#2309=CARTESIAN_POINT('',(-1654.5,1785.,-152.));
#2310=CARTESIAN_POINT('',(-1704.5,1835.,-152.));
#2311=CARTESIAN_POINT('Origin',(-1704.5,1785.,-152.));
#2312=CARTESIAN_POINT('',(-1704.5,1835.,939.));
#2313=CARTESIAN_POINT('',(-1654.5,1785.,939.));
#2314=CARTESIAN_POINT('Origin',(-1454.5,1585.,-152.));
#2315=CARTESIAN_POINT('',(-1654.5,1535.,-152.));
#2316=CARTESIAN_POINT('',(-1654.5,1560.,-152.));
#2317=CARTESIAN_POINT('',(-1254.5,1535.,-152.));
#2318=CARTESIAN_POINT('Origin',(-1454.5,1535.,-152.));
#2319=CARTESIAN_POINT('',(-1254.5,1785.,-152.));
#2320=CARTESIAN_POINT('',(-1254.5,1710.,-152.));
#2321=CARTESIAN_POINT('',(-1204.5,1835.,-152.));
#2322=CARTESIAN_POINT('Origin',(-1204.5,1785.,-152.));
#2323=CARTESIAN_POINT('',(-2210.25,1835.,-152.));
#2324=CARTESIAN_POINT('',(-1354.5,1535.,-152.));
#2325=CARTESIAN_POINT('Origin',(-1454.5,1535.,-152.));
#2326=CARTESIAN_POINT('Origin',(-1204.5,1785.,939.));
#2327=CARTESIAN_POINT('',(-1254.5,1785.,939.));
#2328=CARTESIAN_POINT('',(-1204.5,1835.,939.));
#2329=CARTESIAN_POINT('Origin',(-2926.,2267.24590540343,433.587917239202));
#2330=CARTESIAN_POINT('Origin',(-1004.5,2605.,-252.));
#2331=CARTESIAN_POINT('',(-1054.5,2605.,-252.));
#2332=CARTESIAN_POINT('Origin',(-1004.5,2605.,-252.));
#2333=CARTESIAN_POINT('Origin',(-1004.5,2605.,-252.));
#2334=CARTESIAN_POINT('',(-1054.5,2605.,-252.));
#2335=CARTESIAN_POINT('Origin',(-1454.5,1535.,148.));
#2336=CARTESIAN_POINT('',(-1354.5,1535.,148.));
#2337=CARTESIAN_POINT('Origin',(-1454.5,1535.,-452.));
#2338=CARTESIAN_POINT('',(-1354.5,1535.,-452.));
#2339=CARTESIAN_POINT('Origin',(-1254.5,1835.,148.));
#2340=CARTESIAN_POINT('',(-1254.5,1535.,-452.));
#2341=CARTESIAN_POINT('Origin',(-1454.5,1535.,-452.));
#2342=CARTESIAN_POINT('',(-1654.5,1535.,-452.));
#2343=CARTESIAN_POINT('Origin',(-1654.5,1535.,148.));
#2344=CARTESIAN_POINT('Origin',(-2004.5,2600.,48.0000000000003));
#2345=CARTESIAN_POINT('Origin',(-2475.21067811866,1985.,644.));
#2346=CARTESIAN_POINT('Origin',(-2475.21067811866,1985.,-452.));
#2347=CARTESIAN_POINT('Origin',(-2254.5,2335.,-452.));
#2348=CARTESIAN_POINT('',(-2254.5,2155.71067811865,-452.));
#2349=CARTESIAN_POINT('',(-2254.5,2155.71067811865,93.5000000000001));
#2350=CARTESIAN_POINT('',(-2254.5,3817.5,-452.));
#2351=CARTESIAN_POINT('Origin',(-2304.5,2155.71067811865,93.5000000000001));
#2352=CARTESIAN_POINT('Origin',(-2304.5,2155.71067811865,-452.));
#2353=CARTESIAN_POINT('Origin',(56.9999999999999,4900.,-452.));
#2354=CARTESIAN_POINT('',(56.9999999999999,2810.,-452.));
#2355=CARTESIAN_POINT('',(-698.75,2810.,-452.));
#2356=CARTESIAN_POINT('',(56.9999999999996,2736.30700481845,-452.));
#2357=CARTESIAN_POINT('',(56.9999999999999,3855.,-452.));
#2358=CARTESIAN_POINT('',(99.1312582086961,2308.5270107905,-452.));
#2359=CARTESIAN_POINT('Origin',(-1818.23879235071,2335.65350240923,-451.999999999979));
#2360=CARTESIAN_POINT('',(-287.66728448444,1935.,-452.));
#2361=CARTESIAN_POINT('',(764.638808096376,2951.20018126639,-452.));
#2362=CARTESIAN_POINT('',(-433.789321881345,1935.,-452.));
#2363=CARTESIAN_POINT('',(-198.75,1935.,-452.));
#2364=CARTESIAN_POINT('',(-469.144660940673,1949.64466094067,-452.));
#2365=CARTESIAN_POINT('Origin',(-433.789321881345,1985.,-452.));
#2366=CARTESIAN_POINT('',(-639.855339059327,2120.35533905933,-452.));
#2367=CARTESIAN_POINT('',(-996.691342587898,2477.1913425879,-452.));
#2368=CARTESIAN_POINT('',(-654.5,2155.71067811865,-452.));
#2369=CARTESIAN_POINT('Origin',(-604.5,2155.71067811865,-452.));
#2370=CARTESIAN_POINT('',(-654.5,2735.,-452.));
#2371=CARTESIAN_POINT('',(-654.5,3792.5,-452.));
#2372=CARTESIAN_POINT('',(-1154.5,2735.,-452.));
#2373=CARTESIAN_POINT('',(-473.75,2735.,-452.));
#2374=CARTESIAN_POINT('',(-1154.5,1903.99494936612,-452.));
#2375=CARTESIAN_POINT('',(-1154.5,3367.5,-452.));
#2376=CARTESIAN_POINT('',(-1175.00252531694,1854.49747468306,-452.));
#2377=CARTESIAN_POINT('Origin',(-1224.5,1903.99494936612,-452.));
#2378=CARTESIAN_POINT('',(-1194.5,1835.,-452.));
#2379=CARTESIAN_POINT('',(-105.375,2924.125,-452.));
#2380=CARTESIAN_POINT('',(-1714.5,1835.,-452.));
#2381=CARTESIAN_POINT('',(-2966.,1835.,-452.));
#2382=CARTESIAN_POINT('',(-1733.99747468306,1854.49747468306,-452.));
#2383=CARTESIAN_POINT('',(-2037.87500000001,2158.37500000001,-452.));
#2384=CARTESIAN_POINT('',(-1754.5,1903.99494936612,-452.));
#2385=CARTESIAN_POINT('Origin',(-1684.5,1903.99494936612,-452.));
#2386=CARTESIAN_POINT('',(-1754.5,3367.5,-452.));
#2387=CARTESIAN_POINT('Origin',(-1754.5,1835.,48.0000000000003));
#2388=CARTESIAN_POINT('',(-1754.5,1903.99494936612,-452.));
#2389=CARTESIAN_POINT('Origin',(-1684.5,1903.99494936612,-452.));
#2390=CARTESIAN_POINT('',(-1733.99747468306,1854.49747468306,-452.));
#2391=CARTESIAN_POINT('Origin',(-1714.5,1835.,-452.));
#2392=CARTESIAN_POINT('',(-1714.5,1835.,639.));
#2393=CARTESIAN_POINT('Origin',(-2966.,1835.,1730.));
#2394=CARTESIAN_POINT('',(-1204.5,1835.,939.));
#2395=CARTESIAN_POINT('',(-1704.5,1835.,939.));
#2396=CARTESIAN_POINT('',(-1194.5,1835.,889.));
#2397=CARTESIAN_POINT('Origin',(-1704.5,1785.,939.));
#2398=CARTESIAN_POINT('',(-1654.5,1785.,939.));
#2399=CARTESIAN_POINT('Origin',(-1654.5,1535.,148.));
#2400=CARTESIAN_POINT('',(-1654.5,1535.,48.0000000000001));
#2401=CARTESIAN_POINT('Origin',(-1454.5,1535.,148.));
#2402=CARTESIAN_POINT('',(-1254.5,1535.,48.0000000000001));
#2403=CARTESIAN_POINT('Origin',(-1254.5,1835.,148.));
#2404=CARTESIAN_POINT('',(-1254.5,1785.,939.));
#2405=CARTESIAN_POINT('Origin',(-1204.5,1785.,939.));
#2406=CARTESIAN_POINT('Origin',(-1174.5,1855.,889.));
#2407=CARTESIAN_POINT('',(-1175.00252531694,1854.49747468306,468.5));
#2408=CARTESIAN_POINT('Origin',(-1224.5,1903.99494936612,468.5));
#2409=CARTESIAN_POINT('',(-1154.5,1903.99494936612,468.5));
#2410=CARTESIAN_POINT('Origin',(-1154.5,1835.,48.0000000000003));
#2411=CARTESIAN_POINT('',(-1154.5,2735.,-252.));
#2412=CARTESIAN_POINT('Origin',(-1004.5,2735.,-202.));
#2413=CARTESIAN_POINT('',(-904.5,2735.,-76.9999999999998));
#2414=CARTESIAN_POINT('',(-1104.5,2735.,-76.9999999999998));
#2415=CARTESIAN_POINT('',(-654.5,2735.,48.0000000000003));
#2416=CARTESIAN_POINT('Origin',(-1104.5,2335.,48.0000000000003));
#2417=CARTESIAN_POINT('',(-1104.5,2600.,-252.));
#2418=CARTESIAN_POINT('Origin',(-1004.5,2605.,-252.));
#2419=CARTESIAN_POINT('',(-904.5,2600.,-252.));
#2420=CARTESIAN_POINT('Origin',(-904.5,2135.,48.0000000000003));
#2421=CARTESIAN_POINT('Origin',(-654.5,2335.,48.0000000000003));
#2422=CARTESIAN_POINT('',(-654.5,2155.71067811865,-202.));
#2423=CARTESIAN_POINT('Origin',(-604.5,2155.71067811865,-202.));
#2424=CARTESIAN_POINT('',(-639.855339059327,2120.35533905933,-202.));
#2425=CARTESIAN_POINT('Origin',(-312.132685175795,1792.6326851758,-452.));
#2426=CARTESIAN_POINT('',(-469.144660940673,1949.64466094067,98.5));
#2427=CARTESIAN_POINT('Origin',(-433.789321881345,1985.,98.5));
#2428=CARTESIAN_POINT('',(-433.789321881345,1935.,98.5));
#2429=CARTESIAN_POINT('Origin',(-733.316342587897,1935.,649.));
#2430=CARTESIAN_POINT('',(-287.667284484441,1935.,173.));
#2431=CARTESIAN_POINT('Origin',(157.,2364.41020515057,-452.));
#2432=CARTESIAN_POINT('',(99.131258208696,2308.5270107905,-452.));
#2433=CARTESIAN_POINT('Origin',(-1818.23879235071,2335.65350240923,-451.999999999979));
#2434=CARTESIAN_POINT('',(56.9999999999999,2736.30700481845,-452.));
#2435=CARTESIAN_POINT('Origin',(56.9999999999999,4410.,839.));
#2436=CARTESIAN_POINT('',(56.9999999999999,2810.,0.));
#2437=CARTESIAN_POINT('Origin',(-2966.,2810.,-452.));
#2438=CARTESIAN_POINT('Origin',(-1904.5,2600.,-51.9999999999997));
#2439=CARTESIAN_POINT('',(-1804.5,2600.,-152.));
#2440=CARTESIAN_POINT('',(-2004.5,2600.,-152.));
#2441=CARTESIAN_POINT('Origin',(-1904.5,2600.,-152.));
#2442=CARTESIAN_POINT('',(-2004.5,2600.,-252.));
#2443=CARTESIAN_POINT('',(-2004.5,2600.,-51.9999999999997));
#2444=CARTESIAN_POINT('',(-1804.5,2600.,-252.));
#2445=CARTESIAN_POINT('Origin',(-1904.5,2600.,-252.));
#2446=CARTESIAN_POINT('',(-1804.5,2600.,-51.9999999999997));
#2447=CARTESIAN_POINT('Origin',(-1904.5,2600.,-51.9999999999997));
#2448=CARTESIAN_POINT('',(-1954.5,2600.,-252.));
#2449=CARTESIAN_POINT('Origin',(-1904.5,2600.,-252.));
#2450=CARTESIAN_POINT('',(-1954.5,2600.,-152.));
#2451=CARTESIAN_POINT('',(-1954.5,2600.,-51.9999999999997));
#2452=CARTESIAN_POINT('Origin',(-1904.5,2600.,-152.));
#2453=CARTESIAN_POINT('Origin',(-2004.5,2600.,-51.9999999999997));
#2454=CARTESIAN_POINT('',(-2004.5,2600.,-252.));
#2455=CARTESIAN_POINT('',(-2004.5,2625.,-152.));
#2456=CARTESIAN_POINT('Origin',(-1904.5,2650.,-252.));
#2457=CARTESIAN_POINT('',(-1804.5,2800.,-252.));
#2458=CARTESIAN_POINT('Origin',(-1904.5,2650.,-152.));
#2459=CARTESIAN_POINT('',(-1804.5,2800.,-152.));
#2460=CARTESIAN_POINT('Origin',(-1804.5,2800.,-51.9999999999997));
#2461=UNCERTAINTY_MEASURE_WITH_UNIT(LENGTH_MEASURE(0.01),#2465,
'DISTANCE_ACCURACY_VALUE',
'Maximum model space distance between geometric entities at asserted c
onnectivities');
#2462=UNCERTAINTY_MEASURE_WITH_UNIT(LENGTH_MEASURE(0.01),#2465,
'DISTANCE_ACCURACY_VALUE',
'Maximum model space distance between geometric entities at asserted c
onnectivities');
#2463=(
GEOMETRIC_REPRESENTATION_CONTEXT(3)
GLOBAL_UNCERTAINTY_ASSIGNED_CONTEXT((#2461))
GLOBAL_UNIT_ASSIGNED_CONTEXT((#2465,#2467,#2468))
REPRESENTATION_CONTEXT('','3D')
);
#2464=(
GEOMETRIC_REPRESENTATION_CONTEXT(3)
GLOBAL_UNCERTAINTY_ASSIGNED_CONTEXT((#2462))
GLOBAL_UNIT_ASSIGNED_CONTEXT((#2465,#2467,#2468))
REPRESENTATION_CONTEXT('','3D')
);
#2465=(
LENGTH_UNIT()
NAMED_UNIT(*)
SI_UNIT(.MILLI.,.METRE.)
);
#2466=(
LENGTH_UNIT()
NAMED_UNIT(*)
SI_UNIT($,.METRE.)
);
#2467=(
NAMED_UNIT(*)
PLANE_ANGLE_UNIT()
SI_UNIT($,.RADIAN.)
);
#2468=(
NAMED_UNIT(*)
SI_UNIT($,.STERADIAN.)
SOLID_ANGLE_UNIT()
);
#2469=SHAPE_DEFINITION_REPRESENTATION(#2470,#2471);
#2470=PRODUCT_DEFINITION_SHAPE('',$,#2473);
#2471=SHAPE_REPRESENTATION('',(#1476),#2463);
#2472=PRODUCT_DEFINITION_CONTEXT('part definition',#2477,'design');
#2473=PRODUCT_DEFINITION('FrontChassis','FrontChassis',#2474,#2472);
#2474=PRODUCT_DEFINITION_FORMATION('',$,#2479);
#2475=PRODUCT_RELATED_PRODUCT_CATEGORY('FrontChassis','FrontChassis',(#2479));
#2476=APPLICATION_PROTOCOL_DEFINITION('international standard',
'automotive_design',2009,#2477);
#2477=APPLICATION_CONTEXT(
'Core Data for Automotive Mechanical Design Process');
#2478=PRODUCT_CONTEXT('part definition',#2477,'mechanical');
#2479=PRODUCT('FrontChassis','FrontChassis',$,(#2478));
#2480=PRESENTATION_STYLE_ASSIGNMENT((#2481));
#2481=SURFACE_STYLE_USAGE(.BOTH.,#2482);
#2482=SURFACE_SIDE_STYLE('',(#2483));
#2483=SURFACE_STYLE_FILL_AREA(#2484);
#2484=FILL_AREA_STYLE('Steel - Satin',(#2485));
#2485=FILL_AREA_STYLE_COLOUR('Steel - Satin',#2486);
#2486=COLOUR_RGB('Steel - Satin',0.627450980392157,0.627450980392157,0.627450980392157);
ENDSEC;
END-ISO-10303-21;
