ISO-10303-21;
HEADER;
/* Generated by software containing ST-Developer
 * from STEP Tools, Inc. (www.steptools.com) 
 */

FILE_DESCRIPTION(
/* description */ (''),
/* implementation_level */ '2;1');

FILE_NAME(
/* name */ 'FrontFrame.step',
/* time_stamp */ '2026-03-29T20:35:03-04:00',
/* author */ (''),
/* organization */ (''),
/* preprocessor_version */ 'ST-DEVELOPER v20.1',
/* originating_system */ 'Autodesk Translation Framework v14.24.0.0',
/* authorisation */ '');

FILE_SCHEMA (('AUTOMOTIVE_DESIGN { 1 0 10303 214 3 1 1 }'));
ENDSEC;

DATA;
#10=MECHANICAL_DESIGN_GEOMETRIC_PRESENTATION_REPRESENTATION('',(#13),#8903);
#11=SHAPE_REPRESENTATION_RELATIONSHIP('SRR','None',#8910,#12);
#12=ADVANCED_BREP_SHAPE_REPRESENTATION('',(#14),#8902);
#13=STYLED_ITEM('',(#8919),#14);
#14=MANIFOLD_SOLID_BREP('Body4',#5017);
#15=FACE_BOUND('',#570,.T.);
#16=FACE_BOUND('',#582,.T.);
#17=FACE_BOUND('',#596,.T.);
#18=FACE_BOUND('',#605,.T.);
#19=FACE_BOUND('',#609,.T.);
#20=FACE_BOUND('',#633,.T.);
#21=FACE_BOUND('',#635,.T.);
#22=FACE_BOUND('',#638,.T.);
#23=FACE_BOUND('',#644,.T.);
#24=FACE_BOUND('',#649,.T.);
#25=FACE_BOUND('',#653,.T.);
#26=FACE_BOUND('',#657,.T.);
#27=FACE_BOUND('',#660,.T.);
#28=FACE_BOUND('',#679,.T.);
#29=FACE_BOUND('',#680,.T.);
#30=FACE_BOUND('',#700,.T.);
#31=FACE_BOUND('',#708,.T.);
#32=FACE_BOUND('',#720,.T.);
#33=FACE_BOUND('',#726,.T.);
#34=FACE_BOUND('',#739,.T.);
#35=FACE_BOUND('',#748,.T.);
#36=FACE_BOUND('',#752,.T.);
#37=FACE_BOUND('',#782,.T.);
#38=FACE_BOUND('',#784,.T.);
#39=FACE_BOUND('',#787,.T.);
#40=FACE_BOUND('',#794,.T.);
#41=FACE_BOUND('',#797,.T.);
#42=FACE_BOUND('',#803,.T.);
#43=FACE_BOUND('',#809,.T.);
#44=FACE_BOUND('',#813,.T.);
#45=FACE_BOUND('',#816,.T.);
#46=FACE_BOUND('',#821,.T.);
#47=FACE_BOUND('',#835,.T.);
#48=TOROIDAL_SURFACE('',#5085,90.,10.);
#49=TOROIDAL_SURFACE('',#5098,90.,10.);
#50=TOROIDAL_SURFACE('',#5115,90.,10.);
#51=TOROIDAL_SURFACE('',#5160,190.,10.);
#52=TOROIDAL_SURFACE('',#5164,2174.39049141007,10.);
#53=TOROIDAL_SURFACE('',#5168,240.,10.);
#54=TOROIDAL_SURFACE('',#5179,240.,10.);
#55=TOROIDAL_SURFACE('',#5183,2174.39049141007,10.);
#56=TOROIDAL_SURFACE('',#5187,190.,10.);
#57=TOROIDAL_SURFACE('',#5229,2174.39049141007,10.);
#58=TOROIDAL_SURFACE('',#5233,240.,10.);
#59=TOROIDAL_SURFACE('',#5246,240.,10.);
#60=TOROIDAL_SURFACE('',#5248,2174.39049141007,10.);
#61=TOROIDAL_SURFACE('',#5326,90.,10.);
#62=TOROIDAL_SURFACE('',#5339,90.,10.);
#63=TOROIDAL_SURFACE('',#5356,90.,10.);
#64=TOROIDAL_SURFACE('',#5367,190.,10.);
#65=TOROIDAL_SURFACE('',#5376,190.,10.);
#66=TOROIDAL_SURFACE('',#5392,190.,10.);
#67=TOROIDAL_SURFACE('',#5417,190.,10.);
#68=TOROIDAL_SURFACE('',#5424,190.,10.);
#69=TOROIDAL_SURFACE('',#5428,2174.39049141007,10.);
#70=TOROIDAL_SURFACE('',#5432,240.,10.);
#71=TOROIDAL_SURFACE('',#5443,240.,10.);
#72=TOROIDAL_SURFACE('',#5447,2174.39049141007,10.);
#73=TOROIDAL_SURFACE('',#5451,190.,10.);
#74=TOROIDAL_SURFACE('',#5490,2174.39049141007,10.);
#75=TOROIDAL_SURFACE('',#5494,240.,10.);
#76=TOROIDAL_SURFACE('',#5507,240.,10.);
#77=TOROIDAL_SURFACE('',#5509,2174.39049141007,10.);
#78=ELLIPSE('',#5072,15.7499164140945,10.);
#79=ELLIPSE('',#5076,14.142135623731,10.);
#80=ELLIPSE('',#5078,14.142135623731,10.);
#81=ELLIPSE('',#5080,14.142135623731,10.);
#82=ELLIPSE('',#5093,14.1421356237429,10.);
#83=ELLIPSE('',#5094,14.142135623731,10.);
#84=ELLIPSE('',#5096,18.3438219353632,10.);
#85=ELLIPSE('',#5104,11.9282877416488,10.);
#86=ELLIPSE('',#5106,10.2761503055248,10.);
#87=ELLIPSE('',#5107,43.4275103941026,10.);
#88=ELLIPSE('',#5108,43.4275103941026,10.);
#89=ELLIPSE('',#5128,10.6221575150051,10.);
#90=ELLIPSE('',#5133,10.3567060816995,10.);
#91=ELLIPSE('',#5134,28.6572615031304,10.);
#92=ELLIPSE('',#5135,10.6707561337039,10.);
#93=ELLIPSE('',#5142,10.6707561337039,10.);
#94=ELLIPSE('',#5145,18.1060244948687,10.);
#95=ELLIPSE('',#5148,56.4066449573332,10.);
#96=ELLIPSE('',#5149,10.3567060816997,10.);
#97=ELLIPSE('',#5150,35.4722195018364,10.);
#98=ELLIPSE('',#5155,12.3780911508106,10.);
#99=ELLIPSE('',#5158,14.142135623731,10.);
#100=ELLIPSE('',#5173,16.9678926853929,10.);
#101=ELLIPSE('',#5177,16.9678926853929,10.);
#102=ELLIPSE('',#5200,10.0678670249198,10.);
#103=ELLIPSE('',#5202,10.2761503055248,10.);
#104=ELLIPSE('',#5203,43.4275103941021,10.);
#105=ELLIPSE('',#5209,10.0678670249198,10.);
#106=ELLIPSE('',#5212,43.4275103941021,10.);
#107=ELLIPSE('',#5213,43.4275103941021,10.);
#108=ELLIPSE('',#5218,10.0678670249198,10.);
#109=ELLIPSE('',#5219,43.4275103941026,10.);
#110=ELLIPSE('',#5223,43.4275103941026,10.);
#111=ELLIPSE('',#5227,10.0678670249198,10.);
#112=ELLIPSE('',#5238,16.9678926853929,10.);
#113=ELLIPSE('',#5311,15.7499164140945,10.);
#114=ELLIPSE('',#5313,14.142135623731,10.);
#115=ELLIPSE('',#5315,14.142135623731,10.);
#116=ELLIPSE('',#5318,10.2761503055248,10.);
#117=ELLIPSE('',#5319,43.4275103941021,10.);
#118=ELLIPSE('',#5322,14.142135623731,10.);
#119=ELLIPSE('',#5334,14.142135623731,10.);
#120=ELLIPSE('',#5335,14.1421356237429,10.);
#121=ELLIPSE('',#5338,18.3438219353632,10.);
#122=ELLIPSE('',#5345,11.9282877416488,10.);
#123=ELLIPSE('',#5347,43.4275103941026,10.);
#124=ELLIPSE('',#5348,43.4275103941026,10.);
#125=ELLIPSE('',#5349,10.2761503055248,10.);
#126=ELLIPSE('',#5375,10.6221575150051,10.);
#127=ELLIPSE('',#5385,16.9678926853929,10.);
#128=ELLIPSE('',#5387,10.6707561337039,10.);
#129=ELLIPSE('',#5388,28.6572615031304,10.);
#130=ELLIPSE('',#5389,10.3567060816995,10.);
#131=ELLIPSE('',#5396,10.6707561337039,10.);
#132=ELLIPSE('',#5402,18.1060244948687,10.);
#133=ELLIPSE('',#5407,56.4066449573332,10.);
#134=ELLIPSE('',#5412,35.4722195018364,10.);
#135=ELLIPSE('',#5413,10.3567060816997,10.);
#136=ELLIPSE('',#5419,12.3780911508106,10.);
#137=ELLIPSE('',#5422,14.142135623731,10.);
#138=ELLIPSE('',#5437,16.9678926853929,10.);
#139=ELLIPSE('',#5463,10.0678670249198,10.);
#140=ELLIPSE('',#5465,43.4275103941021,10.);
#141=ELLIPSE('',#5466,10.2761503055248,10.);
#142=ELLIPSE('',#5472,10.0678670249198,10.);
#143=ELLIPSE('',#5474,43.4275103941021,10.);
#144=ELLIPSE('',#5479,43.4275103941026,10.);
#145=ELLIPSE('',#5480,10.0678670249198,10.);
#146=ELLIPSE('',#5484,43.4275103941026,10.);
#147=ELLIPSE('',#5488,10.0678670249198,10.);
#148=ELLIPSE('',#5499,16.9678926853929,10.);
#149=PLANE('',#5033);
#150=PLANE('',#5035);
#151=PLANE('',#5038);
#152=PLANE('',#5045);
#153=PLANE('',#5066);
#154=PLANE('',#5070);
#155=PLANE('',#5071);
#156=PLANE('',#5090);
#157=PLANE('',#5091);
#158=PLANE('',#5105);
#159=PLANE('',#5109);
#160=PLANE('',#5110);
#161=PLANE('',#5123);
#162=PLANE('',#5126);
#163=PLANE('',#5138);
#164=PLANE('',#5144);
#165=PLANE('',#5146);
#166=PLANE('',#5154);
#167=PLANE('',#5156);
#168=PLANE('',#5174);
#169=PLANE('',#5193);
#170=PLANE('',#5194);
#171=PLANE('',#5196);
#172=PLANE('',#5204);
#173=PLANE('',#5214);
#174=PLANE('',#5215);
#175=PLANE('',#5216);
#176=PLANE('',#5222);
#177=PLANE('',#5224);
#178=PLANE('',#5225);
#179=PLANE('',#5243);
#180=PLANE('',#5252);
#181=PLANE('',#5254);
#182=PLANE('',#5256);
#183=PLANE('',#5257);
#184=PLANE('',#5262);
#185=PLANE('',#5263);
#186=PLANE('',#5264);
#187=PLANE('',#5267);
#188=PLANE('',#5268);
#189=PLANE('',#5269);
#190=PLANE('',#5271);
#191=PLANE('',#5273);
#192=PLANE('',#5278);
#193=PLANE('',#5282);
#194=PLANE('',#5287);
#195=PLANE('',#5290);
#196=PLANE('',#5291);
#197=PLANE('',#5293);
#198=PLANE('',#5294);
#199=PLANE('',#5296);
#200=PLANE('',#5297);
#201=PLANE('',#5298);
#202=PLANE('',#5307);
#203=PLANE('',#5309);
#204=PLANE('',#5317);
#205=PLANE('',#5331);
#206=PLANE('',#5332);
#207=PLANE('',#5346);
#208=PLANE('',#5350);
#209=PLANE('',#5351);
#210=PLANE('',#5364);
#211=PLANE('',#5370);
#212=PLANE('',#5372);
#213=PLANE('',#5384);
#214=PLANE('',#5395);
#215=PLANE('',#5401);
#216=PLANE('',#5403);
#217=PLANE('',#5408);
#218=PLANE('',#5418);
#219=PLANE('',#5420);
#220=PLANE('',#5438);
#221=PLANE('',#5457);
#222=PLANE('',#5458);
#223=PLANE('',#5460);
#224=PLANE('',#5467);
#225=PLANE('',#5475);
#226=PLANE('',#5476);
#227=PLANE('',#5477);
#228=PLANE('',#5483);
#229=PLANE('',#5485);
#230=PLANE('',#5486);
#231=PLANE('',#5504);
#232=PLANE('',#5512);
#233=PLANE('',#5513);
#234=PLANE('',#5514);
#235=PLANE('',#5515);
#236=PLANE('',#5516);
#237=PLANE('',#5520);
#238=PLANE('',#5523);
#239=PLANE('',#5525);
#240=PLANE('',#5526);
#241=PLANE('',#5531);
#242=PLANE('',#5532);
#243=PLANE('',#5533);
#244=PLANE('',#5534);
#245=PLANE('',#5536);
#246=PLANE('',#5537);
#247=PLANE('',#5540);
#248=PLANE('',#5541);
#249=PLANE('',#5542);
#250=PLANE('',#5543);
#251=PLANE('',#5546);
#252=PLANE('',#5553);
#253=PLANE('',#5558);
#254=PLANE('',#5562);
#255=PLANE('',#5567);
#256=PLANE('',#5568);
#257=PLANE('',#5571);
#258=PLANE('',#5572);
#259=PLANE('',#5574);
#260=PLANE('',#5575);
#261=PLANE('',#5578);
#262=PLANE('',#5579);
#263=PLANE('',#5580);
#264=PLANE('',#5585);
#265=FACE_OUTER_BOUND('',#535,.T.);
#266=FACE_OUTER_BOUND('',#536,.T.);
#267=FACE_OUTER_BOUND('',#537,.T.);
#268=FACE_OUTER_BOUND('',#538,.T.);
#269=FACE_OUTER_BOUND('',#539,.T.);
#270=FACE_OUTER_BOUND('',#540,.T.);
#271=FACE_OUTER_BOUND('',#541,.T.);
#272=FACE_OUTER_BOUND('',#542,.T.);
#273=FACE_OUTER_BOUND('',#543,.T.);
#274=FACE_OUTER_BOUND('',#544,.T.);
#275=FACE_OUTER_BOUND('',#545,.T.);
#276=FACE_OUTER_BOUND('',#546,.T.);
#277=FACE_OUTER_BOUND('',#547,.T.);
#278=FACE_OUTER_BOUND('',#548,.T.);
#279=FACE_OUTER_BOUND('',#549,.T.);
#280=FACE_OUTER_BOUND('',#550,.T.);
#281=FACE_OUTER_BOUND('',#551,.T.);
#282=FACE_OUTER_BOUND('',#552,.T.);
#283=FACE_OUTER_BOUND('',#553,.T.);
#284=FACE_OUTER_BOUND('',#554,.T.);
#285=FACE_OUTER_BOUND('',#555,.T.);
#286=FACE_OUTER_BOUND('',#556,.T.);
#287=FACE_OUTER_BOUND('',#557,.T.);
#288=FACE_OUTER_BOUND('',#558,.T.);
#289=FACE_OUTER_BOUND('',#559,.T.);
#290=FACE_OUTER_BOUND('',#560,.T.);
#291=FACE_OUTER_BOUND('',#561,.T.);
#292=FACE_OUTER_BOUND('',#562,.T.);
#293=FACE_OUTER_BOUND('',#563,.T.);
#294=FACE_OUTER_BOUND('',#564,.T.);
#295=FACE_OUTER_BOUND('',#565,.T.);
#296=FACE_OUTER_BOUND('',#566,.T.);
#297=FACE_OUTER_BOUND('',#567,.T.);
#298=FACE_OUTER_BOUND('',#568,.T.);
#299=FACE_OUTER_BOUND('',#569,.T.);
#300=FACE_OUTER_BOUND('',#571,.T.);
#301=FACE_OUTER_BOUND('',#572,.T.);
#302=FACE_OUTER_BOUND('',#573,.T.);
#303=FACE_OUTER_BOUND('',#574,.T.);
#304=FACE_OUTER_BOUND('',#575,.T.);
#305=FACE_OUTER_BOUND('',#576,.T.);
#306=FACE_OUTER_BOUND('',#577,.T.);
#307=FACE_OUTER_BOUND('',#578,.T.);
#308=FACE_OUTER_BOUND('',#579,.T.);
#309=FACE_OUTER_BOUND('',#580,.T.);
#310=FACE_OUTER_BOUND('',#581,.T.);
#311=FACE_OUTER_BOUND('',#583,.T.);
#312=FACE_OUTER_BOUND('',#584,.T.);
#313=FACE_OUTER_BOUND('',#585,.T.);
#314=FACE_OUTER_BOUND('',#586,.T.);
#315=FACE_OUTER_BOUND('',#587,.T.);
#316=FACE_OUTER_BOUND('',#588,.T.);
#317=FACE_OUTER_BOUND('',#589,.T.);
#318=FACE_OUTER_BOUND('',#590,.T.);
#319=FACE_OUTER_BOUND('',#591,.T.);
#320=FACE_OUTER_BOUND('',#592,.T.);
#321=FACE_OUTER_BOUND('',#593,.T.);
#322=FACE_OUTER_BOUND('',#594,.T.);
#323=FACE_OUTER_BOUND('',#595,.T.);
#324=FACE_OUTER_BOUND('',#597,.T.);
#325=FACE_OUTER_BOUND('',#598,.T.);
#326=FACE_OUTER_BOUND('',#599,.T.);
#327=FACE_OUTER_BOUND('',#600,.T.);
#328=FACE_OUTER_BOUND('',#601,.T.);
#329=FACE_OUTER_BOUND('',#602,.T.);
#330=FACE_OUTER_BOUND('',#603,.T.);
#331=FACE_OUTER_BOUND('',#604,.T.);
#332=FACE_OUTER_BOUND('',#606,.T.);
#333=FACE_OUTER_BOUND('',#607,.T.);
#334=FACE_OUTER_BOUND('',#608,.T.);
#335=FACE_OUTER_BOUND('',#610,.T.);
#336=FACE_OUTER_BOUND('',#611,.T.);
#337=FACE_OUTER_BOUND('',#612,.T.);
#338=FACE_OUTER_BOUND('',#613,.T.);
#339=FACE_OUTER_BOUND('',#614,.T.);
#340=FACE_OUTER_BOUND('',#615,.T.);
#341=FACE_OUTER_BOUND('',#616,.T.);
#342=FACE_OUTER_BOUND('',#617,.T.);
#343=FACE_OUTER_BOUND('',#618,.T.);
#344=FACE_OUTER_BOUND('',#619,.T.);
#345=FACE_OUTER_BOUND('',#620,.T.);
#346=FACE_OUTER_BOUND('',#621,.T.);
#347=FACE_OUTER_BOUND('',#622,.T.);
#348=FACE_OUTER_BOUND('',#623,.T.);
#349=FACE_OUTER_BOUND('',#624,.T.);
#350=FACE_OUTER_BOUND('',#625,.T.);
#351=FACE_OUTER_BOUND('',#626,.T.);
#352=FACE_OUTER_BOUND('',#627,.T.);
#353=FACE_OUTER_BOUND('',#628,.T.);
#354=FACE_OUTER_BOUND('',#629,.T.);
#355=FACE_OUTER_BOUND('',#630,.T.);
#356=FACE_OUTER_BOUND('',#631,.T.);
#357=FACE_OUTER_BOUND('',#632,.T.);
#358=FACE_OUTER_BOUND('',#634,.T.);
#359=FACE_OUTER_BOUND('',#636,.T.);
#360=FACE_OUTER_BOUND('',#637,.T.);
#361=FACE_OUTER_BOUND('',#639,.T.);
#362=FACE_OUTER_BOUND('',#640,.T.);
#363=FACE_OUTER_BOUND('',#641,.T.);
#364=FACE_OUTER_BOUND('',#642,.T.);
#365=FACE_OUTER_BOUND('',#643,.T.);
#366=FACE_OUTER_BOUND('',#645,.T.);
#367=FACE_OUTER_BOUND('',#646,.T.);
#368=FACE_OUTER_BOUND('',#647,.T.);
#369=FACE_OUTER_BOUND('',#648,.T.);
#370=FACE_OUTER_BOUND('',#650,.T.);
#371=FACE_OUTER_BOUND('',#651,.T.);
#372=FACE_OUTER_BOUND('',#652,.T.);
#373=FACE_OUTER_BOUND('',#654,.T.);
#374=FACE_OUTER_BOUND('',#655,.T.);
#375=FACE_OUTER_BOUND('',#656,.T.);
#376=FACE_OUTER_BOUND('',#658,.T.);
#377=FACE_OUTER_BOUND('',#659,.T.);
#378=FACE_OUTER_BOUND('',#661,.T.);
#379=FACE_OUTER_BOUND('',#662,.T.);
#380=FACE_OUTER_BOUND('',#663,.T.);
#381=FACE_OUTER_BOUND('',#664,.T.);
#382=FACE_OUTER_BOUND('',#665,.T.);
#383=FACE_OUTER_BOUND('',#666,.T.);
#384=FACE_OUTER_BOUND('',#667,.T.);
#385=FACE_OUTER_BOUND('',#668,.T.);
#386=FACE_OUTER_BOUND('',#669,.T.);
#387=FACE_OUTER_BOUND('',#670,.T.);
#388=FACE_OUTER_BOUND('',#671,.T.);
#389=FACE_OUTER_BOUND('',#672,.T.);
#390=FACE_OUTER_BOUND('',#673,.T.);
#391=FACE_OUTER_BOUND('',#674,.T.);
#392=FACE_OUTER_BOUND('',#675,.T.);
#393=FACE_OUTER_BOUND('',#676,.T.);
#394=FACE_OUTER_BOUND('',#677,.T.);
#395=FACE_OUTER_BOUND('',#678,.T.);
#396=FACE_OUTER_BOUND('',#681,.T.);
#397=FACE_OUTER_BOUND('',#682,.T.);
#398=FACE_OUTER_BOUND('',#683,.T.);
#399=FACE_OUTER_BOUND('',#684,.T.);
#400=FACE_OUTER_BOUND('',#685,.T.);
#401=FACE_OUTER_BOUND('',#686,.T.);
#402=FACE_OUTER_BOUND('',#687,.T.);
#403=FACE_OUTER_BOUND('',#688,.T.);
#404=FACE_OUTER_BOUND('',#689,.T.);
#405=FACE_OUTER_BOUND('',#690,.T.);
#406=FACE_OUTER_BOUND('',#691,.T.);
#407=FACE_OUTER_BOUND('',#692,.T.);
#408=FACE_OUTER_BOUND('',#693,.T.);
#409=FACE_OUTER_BOUND('',#694,.T.);
#410=FACE_OUTER_BOUND('',#695,.T.);
#411=FACE_OUTER_BOUND('',#696,.T.);
#412=FACE_OUTER_BOUND('',#697,.T.);
#413=FACE_OUTER_BOUND('',#698,.T.);
#414=FACE_OUTER_BOUND('',#699,.T.);
#415=FACE_OUTER_BOUND('',#701,.T.);
#416=FACE_OUTER_BOUND('',#702,.T.);
#417=FACE_OUTER_BOUND('',#703,.T.);
#418=FACE_OUTER_BOUND('',#704,.T.);
#419=FACE_OUTER_BOUND('',#705,.T.);
#420=FACE_OUTER_BOUND('',#706,.T.);
#421=FACE_OUTER_BOUND('',#707,.T.);
#422=FACE_OUTER_BOUND('',#709,.T.);
#423=FACE_OUTER_BOUND('',#710,.T.);
#424=FACE_OUTER_BOUND('',#711,.T.);
#425=FACE_OUTER_BOUND('',#712,.T.);
#426=FACE_OUTER_BOUND('',#713,.T.);
#427=FACE_OUTER_BOUND('',#714,.T.);
#428=FACE_OUTER_BOUND('',#715,.T.);
#429=FACE_OUTER_BOUND('',#716,.T.);
#430=FACE_OUTER_BOUND('',#717,.T.);
#431=FACE_OUTER_BOUND('',#718,.T.);
#432=FACE_OUTER_BOUND('',#719,.T.);
#433=FACE_OUTER_BOUND('',#721,.T.);
#434=FACE_OUTER_BOUND('',#722,.T.);
#435=FACE_OUTER_BOUND('',#723,.T.);
#436=FACE_OUTER_BOUND('',#724,.T.);
#437=FACE_OUTER_BOUND('',#725,.T.);
#438=FACE_OUTER_BOUND('',#727,.T.);
#439=FACE_OUTER_BOUND('',#728,.T.);
#440=FACE_OUTER_BOUND('',#729,.T.);
#441=FACE_OUTER_BOUND('',#730,.T.);
#442=FACE_OUTER_BOUND('',#731,.T.);
#443=FACE_OUTER_BOUND('',#732,.T.);
#444=FACE_OUTER_BOUND('',#733,.T.);
#445=FACE_OUTER_BOUND('',#734,.T.);
#446=FACE_OUTER_BOUND('',#735,.T.);
#447=FACE_OUTER_BOUND('',#736,.T.);
#448=FACE_OUTER_BOUND('',#737,.T.);
#449=FACE_OUTER_BOUND('',#738,.T.);
#450=FACE_OUTER_BOUND('',#740,.T.);
#451=FACE_OUTER_BOUND('',#741,.T.);
#452=FACE_OUTER_BOUND('',#742,.T.);
#453=FACE_OUTER_BOUND('',#743,.T.);
#454=FACE_OUTER_BOUND('',#744,.T.);
#455=FACE_OUTER_BOUND('',#745,.T.);
#456=FACE_OUTER_BOUND('',#746,.T.);
#457=FACE_OUTER_BOUND('',#747,.T.);
#458=FACE_OUTER_BOUND('',#749,.T.);
#459=FACE_OUTER_BOUND('',#750,.T.);
#460=FACE_OUTER_BOUND('',#751,.T.);
#461=FACE_OUTER_BOUND('',#753,.T.);
#462=FACE_OUTER_BOUND('',#754,.T.);
#463=FACE_OUTER_BOUND('',#755,.T.);
#464=FACE_OUTER_BOUND('',#756,.T.);
#465=FACE_OUTER_BOUND('',#757,.T.);
#466=FACE_OUTER_BOUND('',#758,.T.);
#467=FACE_OUTER_BOUND('',#759,.T.);
#468=FACE_OUTER_BOUND('',#760,.T.);
#469=FACE_OUTER_BOUND('',#761,.T.);
#470=FACE_OUTER_BOUND('',#762,.T.);
#471=FACE_OUTER_BOUND('',#763,.T.);
#472=FACE_OUTER_BOUND('',#764,.T.);
#473=FACE_OUTER_BOUND('',#765,.T.);
#474=FACE_OUTER_BOUND('',#766,.T.);
#475=FACE_OUTER_BOUND('',#767,.T.);
#476=FACE_OUTER_BOUND('',#768,.T.);
#477=FACE_OUTER_BOUND('',#769,.T.);
#478=FACE_OUTER_BOUND('',#770,.T.);
#479=FACE_OUTER_BOUND('',#771,.T.);
#480=FACE_OUTER_BOUND('',#772,.T.);
#481=FACE_OUTER_BOUND('',#773,.T.);
#482=FACE_OUTER_BOUND('',#774,.T.);
#483=FACE_OUTER_BOUND('',#775,.T.);
#484=FACE_OUTER_BOUND('',#776,.T.);
#485=FACE_OUTER_BOUND('',#777,.T.);
#486=FACE_OUTER_BOUND('',#778,.T.);
#487=FACE_OUTER_BOUND('',#779,.T.);
#488=FACE_OUTER_BOUND('',#780,.T.);
#489=FACE_OUTER_BOUND('',#781,.T.);
#490=FACE_OUTER_BOUND('',#783,.T.);
#491=FACE_OUTER_BOUND('',#785,.T.);
#492=FACE_OUTER_BOUND('',#786,.T.);
#493=FACE_OUTER_BOUND('',#788,.T.);
#494=FACE_OUTER_BOUND('',#789,.T.);
#495=FACE_OUTER_BOUND('',#790,.T.);
#496=FACE_OUTER_BOUND('',#791,.T.);
#497=FACE_OUTER_BOUND('',#792,.T.);
#498=FACE_OUTER_BOUND('',#793,.T.);
#499=FACE_OUTER_BOUND('',#795,.T.);
#500=FACE_OUTER_BOUND('',#796,.T.);
#501=FACE_OUTER_BOUND('',#798,.T.);
#502=FACE_OUTER_BOUND('',#799,.T.);
#503=FACE_OUTER_BOUND('',#800,.T.);
#504=FACE_OUTER_BOUND('',#801,.T.);
#505=FACE_OUTER_BOUND('',#802,.T.);
#506=FACE_OUTER_BOUND('',#804,.T.);
#507=FACE_OUTER_BOUND('',#805,.T.);
#508=FACE_OUTER_BOUND('',#806,.T.);
#509=FACE_OUTER_BOUND('',#807,.T.);
#510=FACE_OUTER_BOUND('',#808,.T.);
#511=FACE_OUTER_BOUND('',#810,.T.);
#512=FACE_OUTER_BOUND('',#811,.T.);
#513=FACE_OUTER_BOUND('',#812,.T.);
#514=FACE_OUTER_BOUND('',#814,.T.);
#515=FACE_OUTER_BOUND('',#815,.T.);
#516=FACE_OUTER_BOUND('',#817,.T.);
#517=FACE_OUTER_BOUND('',#818,.T.);
#518=FACE_OUTER_BOUND('',#819,.T.);
#519=FACE_OUTER_BOUND('',#820,.T.);
#520=FACE_OUTER_BOUND('',#822,.T.);
#521=FACE_OUTER_BOUND('',#823,.T.);
#522=FACE_OUTER_BOUND('',#824,.T.);
#523=FACE_OUTER_BOUND('',#825,.T.);
#524=FACE_OUTER_BOUND('',#826,.T.);
#525=FACE_OUTER_BOUND('',#827,.T.);
#526=FACE_OUTER_BOUND('',#828,.T.);
#527=FACE_OUTER_BOUND('',#829,.T.);
#528=FACE_OUTER_BOUND('',#830,.T.);
#529=FACE_OUTER_BOUND('',#831,.T.);
#530=FACE_OUTER_BOUND('',#832,.T.);
#531=FACE_OUTER_BOUND('',#833,.T.);
#532=FACE_OUTER_BOUND('',#834,.T.);
#533=FACE_OUTER_BOUND('',#836,.T.);
#534=FACE_OUTER_BOUND('',#837,.T.);
#535=EDGE_LOOP('',(#3145,#3146,#3147,#3148));
#536=EDGE_LOOP('',(#3149,#3150,#3151,#3152));
#537=EDGE_LOOP('',(#3153,#3154,#3155,#3156));
#538=EDGE_LOOP('',(#3157,#3158,#3159,#3160,#3161,#3162,#3163,#3164,#3165,
#3166,#3167,#3168,#3169,#3170,#3171,#3172,#3173,#3174,#3175,#3176));
#539=EDGE_LOOP('',(#3177,#3178,#3179,#3180));
#540=EDGE_LOOP('',(#3181,#3182,#3183,#3184,#3185));
#541=EDGE_LOOP('',(#3186,#3187,#3188,#3189));
#542=EDGE_LOOP('',(#3190,#3191,#3192,#3193));
#543=EDGE_LOOP('',(#3194,#3195,#3196,#3197,#3198,#3199,#3200,#3201));
#544=EDGE_LOOP('',(#3202,#3203,#3204,#3205));
#545=EDGE_LOOP('',(#3206,#3207,#3208,#3209,#3210,#3211,#3212,#3213,#3214));
#546=EDGE_LOOP('',(#3215,#3216,#3217,#3218));
#547=EDGE_LOOP('',(#3219,#3220,#3221,#3222));
#548=EDGE_LOOP('',(#3223,#3224,#3225,#3226,#3227,#3228));
#549=EDGE_LOOP('',(#3229,#3230,#3231,#3232));
#550=EDGE_LOOP('',(#3233,#3234,#3235,#3236));
#551=EDGE_LOOP('',(#3237,#3238,#3239,#3240));
#552=EDGE_LOOP('',(#3241,#3242,#3243,#3244,#3245,#3246,#3247,#3248));
#553=EDGE_LOOP('',(#3249,#3250,#3251,#3252,#3253,#3254,#3255,#3256,#3257,
#3258));
#554=EDGE_LOOP('',(#3259,#3260,#3261,#3262));
#555=EDGE_LOOP('',(#3263,#3264,#3265,#3266));
#556=EDGE_LOOP('',(#3267,#3268,#3269,#3270));
#557=EDGE_LOOP('',(#3271,#3272,#3273,#3274));
#558=EDGE_LOOP('',(#3275,#3276,#3277,#3278));
#559=EDGE_LOOP('',(#3279,#3280,#3281,#3282));
#560=EDGE_LOOP('',(#3283,#3284,#3285,#3286));
#561=EDGE_LOOP('',(#3287,#3288,#3289,#3290,#3291));
#562=EDGE_LOOP('',(#3292,#3293,#3294,#3295));
#563=EDGE_LOOP('',(#3296,#3297,#3298,#3299));
#564=EDGE_LOOP('',(#3300,#3301,#3302,#3303));
#565=EDGE_LOOP('',(#3304,#3305,#3306,#3307));
#566=EDGE_LOOP('',(#3308,#3309,#3310,#3311));
#567=EDGE_LOOP('',(#3312,#3313,#3314,#3315,#3316));
#568=EDGE_LOOP('',(#3317,#3318,#3319,#3320));
#569=EDGE_LOOP('',(#3321,#3322,#3323,#3324,#3325));
#570=EDGE_LOOP('',(#3326));
#571=EDGE_LOOP('',(#3327,#3328,#3329,#3330,#3331,#3332));
#572=EDGE_LOOP('',(#3333,#3334,#3335,#3336));
#573=EDGE_LOOP('',(#3337,#3338,#3339,#3340,#3341,#3342,#3343,#3344,#3345,
#3346,#3347,#3348,#3349));
#574=EDGE_LOOP('',(#3350,#3351,#3352,#3353,#3354,#3355));
#575=EDGE_LOOP('',(#3356,#3357,#3358,#3359));
#576=EDGE_LOOP('',(#3360,#3361,#3362,#3363));
#577=EDGE_LOOP('',(#3364,#3365,#3366,#3367));
#578=EDGE_LOOP('',(#3368,#3369,#3370,#3371,#3372));
#579=EDGE_LOOP('',(#3373,#3374,#3375,#3376,#3377,#3378));
#580=EDGE_LOOP('',(#3379,#3380,#3381,#3382));
#581=EDGE_LOOP('',(#3383,#3384,#3385,#3386,#3387,#3388,#3389,#3390,#3391,
#3392,#3393,#3394,#3395));
#582=EDGE_LOOP('',(#3396));
#583=EDGE_LOOP('',(#3397,#3398,#3399,#3400,#3401,#3402,#3403));
#584=EDGE_LOOP('',(#3404,#3405,#3406,#3407));
#585=EDGE_LOOP('',(#3408,#3409,#3410,#3411,#3412));
#586=EDGE_LOOP('',(#3413,#3414,#3415,#3416));
#587=EDGE_LOOP('',(#3417,#3418,#3419,#3420));
#588=EDGE_LOOP('',(#3421,#3422,#3423));
#589=EDGE_LOOP('',(#3424,#3425,#3426,#3427,#3428,#3429,#3430,#3431,#3432,
#3433));
#590=EDGE_LOOP('',(#3434,#3435,#3436,#3437));
#591=EDGE_LOOP('',(#3438,#3439,#3440,#3441));
#592=EDGE_LOOP('',(#3442,#3443,#3444,#3445));
#593=EDGE_LOOP('',(#3446,#3447,#3448,#3449));
#594=EDGE_LOOP('',(#3450,#3451,#3452,#3453));
#595=EDGE_LOOP('',(#3454,#3455,#3456,#3457,#3458,#3459,#3460,#3461,#3462,
#3463,#3464,#3465,#3466,#3467,#3468,#3469,#3470,#3471));
#596=EDGE_LOOP('',(#3472));
#597=EDGE_LOOP('',(#3473,#3474,#3475,#3476,#3477));
#598=EDGE_LOOP('',(#3478,#3479,#3480,#3481));
#599=EDGE_LOOP('',(#3482,#3483,#3484,#3485));
#600=EDGE_LOOP('',(#3486,#3487,#3488,#3489));
#601=EDGE_LOOP('',(#3490,#3491,#3492,#3493));
#602=EDGE_LOOP('',(#3494,#3495,#3496,#3497,#3498,#3499,#3500,#3501));
#603=EDGE_LOOP('',(#3502,#3503,#3504,#3505,#3506,#3507));
#604=EDGE_LOOP('',(#3508,#3509,#3510,#3511,#3512,#3513,#3514,#3515,#3516,
#3517));
#605=EDGE_LOOP('',(#3518));
#606=EDGE_LOOP('',(#3519,#3520,#3521,#3522));
#607=EDGE_LOOP('',(#3523,#3524,#3525,#3526,#3527,#3528));
#608=EDGE_LOOP('',(#3529,#3530,#3531,#3532,#3533,#3534,#3535,#3536,#3537,
#3538,#3539));
#609=EDGE_LOOP('',(#3540));
#610=EDGE_LOOP('',(#3541,#3542,#3543,#3544));
#611=EDGE_LOOP('',(#3545,#3546,#3547,#3548,#3549,#3550,#3551));
#612=EDGE_LOOP('',(#3552,#3553,#3554,#3555,#3556,#3557));
#613=EDGE_LOOP('',(#3558,#3559,#3560,#3561));
#614=EDGE_LOOP('',(#3562,#3563,#3564,#3565,#3566,#3567));
#615=EDGE_LOOP('',(#3568,#3569,#3570,#3571,#3572,#3573,#3574));
#616=EDGE_LOOP('',(#3575,#3576,#3577,#3578));
#617=EDGE_LOOP('',(#3579,#3580,#3581,#3582));
#618=EDGE_LOOP('',(#3583,#3584,#3585,#3586));
#619=EDGE_LOOP('',(#3587,#3588,#3589,#3590,#3591));
#620=EDGE_LOOP('',(#3592,#3593,#3594,#3595,#3596,#3597));
#621=EDGE_LOOP('',(#3598,#3599,#3600,#3601));
#622=EDGE_LOOP('',(#3602,#3603,#3604,#3605));
#623=EDGE_LOOP('',(#3606,#3607,#3608,#3609));
#624=EDGE_LOOP('',(#3610,#3611,#3612,#3613));
#625=EDGE_LOOP('',(#3614,#3615,#3616,#3617));
#626=EDGE_LOOP('',(#3618,#3619,#3620,#3621));
#627=EDGE_LOOP('',(#3622,#3623,#3624,#3625,#3626,#3627));
#628=EDGE_LOOP('',(#3628,#3629,#3630,#3631,#3632,#3633));
#629=EDGE_LOOP('',(#3634,#3635,#3636,#3637));
#630=EDGE_LOOP('',(#3638,#3639,#3640,#3641));
#631=EDGE_LOOP('',(#3642,#3643,#3644,#3645));
#632=EDGE_LOOP('',(#3646,#3647,#3648,#3649,#3650,#3651));
#633=EDGE_LOOP('',(#3652));
#634=EDGE_LOOP('',(#3653,#3654,#3655,#3656));
#635=EDGE_LOOP('',(#3657));
#636=EDGE_LOOP('',(#3658,#3659,#3660,#3661,#3662));
#637=EDGE_LOOP('',(#3663,#3664,#3665,#3666,#3667,#3668,#3669,#3670,#3671,
#3672,#3673,#3674,#3675,#3676,#3677));
#638=EDGE_LOOP('',(#3678));
#639=EDGE_LOOP('',(#3679,#3680,#3681,#3682));
#640=EDGE_LOOP('',(#3683,#3684,#3685,#3686));
#641=EDGE_LOOP('',(#3687,#3688,#3689,#3690));
#642=EDGE_LOOP('',(#3691,#3692,#3693,#3694));
#643=EDGE_LOOP('',(#3695,#3696,#3697,#3698,#3699));
#644=EDGE_LOOP('',(#3700));
#645=EDGE_LOOP('',(#3701,#3702,#3703,#3704));
#646=EDGE_LOOP('',(#3705,#3706,#3707,#3708));
#647=EDGE_LOOP('',(#3709,#3710,#3711,#3712,#3713));
#648=EDGE_LOOP('',(#3714,#3715,#3716,#3717,#3718,#3719));
#649=EDGE_LOOP('',(#3720));
#650=EDGE_LOOP('',(#3721,#3722,#3723,#3724));
#651=EDGE_LOOP('',(#3725,#3726,#3727,#3728));
#652=EDGE_LOOP('',(#3729,#3730,#3731,#3732,#3733));
#653=EDGE_LOOP('',(#3734));
#654=EDGE_LOOP('',(#3735,#3736,#3737,#3738));
#655=EDGE_LOOP('',(#3739,#3740,#3741,#3742));
#656=EDGE_LOOP('',(#3743));
#657=EDGE_LOOP('',(#3744));
#658=EDGE_LOOP('',(#3745,#3746,#3747,#3748));
#659=EDGE_LOOP('',(#3749));
#660=EDGE_LOOP('',(#3750));
#661=EDGE_LOOP('',(#3751,#3752,#3753,#3754));
#662=EDGE_LOOP('',(#3755,#3756,#3757,#3758));
#663=EDGE_LOOP('',(#3759,#3760,#3761,#3762));
#664=EDGE_LOOP('',(#3763,#3764,#3765,#3766,#3767,#3768));
#665=EDGE_LOOP('',(#3769,#3770,#3771,#3772));
#666=EDGE_LOOP('',(#3773,#3774,#3775,#3776));
#667=EDGE_LOOP('',(#3777,#3778,#3779,#3780));
#668=EDGE_LOOP('',(#3781,#3782,#3783,#3784,#3785,#3786));
#669=EDGE_LOOP('',(#3787,#3788,#3789,#3790,#3791,#3792,#3793,#3794,#3795,
#3796,#3797));
#670=EDGE_LOOP('',(#3798,#3799,#3800,#3801));
#671=EDGE_LOOP('',(#3802,#3803,#3804,#3805,#3806));
#672=EDGE_LOOP('',(#3807,#3808,#3809,#3810));
#673=EDGE_LOOP('',(#3811,#3812,#3813,#3814));
#674=EDGE_LOOP('',(#3815));
#675=EDGE_LOOP('',(#3816,#3817,#3818,#3819));
#676=EDGE_LOOP('',(#3820,#3821,#3822,#3823));
#677=EDGE_LOOP('',(#3824,#3825,#3826,#3827));
#678=EDGE_LOOP('',(#3828,#3829,#3830,#3831,#3832,#3833,#3834,#3835,#3836,
#3837,#3838,#3839));
#679=EDGE_LOOP('',(#3840));
#680=EDGE_LOOP('',(#3841));
#681=EDGE_LOOP('',(#3842,#3843,#3844,#3845,#3846,#3847,#3848,#3849,#3850,
#3851));
#682=EDGE_LOOP('',(#3852,#3853,#3854,#3855));
#683=EDGE_LOOP('',(#3856,#3857,#3858,#3859));
#684=EDGE_LOOP('',(#3860,#3861,#3862,#3863));
#685=EDGE_LOOP('',(#3864,#3865,#3866,#3867,#3868,#3869,#3870,#3871,#3872,
#3873,#3874,#3875,#3876,#3877,#3878,#3879,#3880,#3881,#3882,#3883,#3884,
#3885,#3886,#3887,#3888,#3889));
#686=EDGE_LOOP('',(#3890,#3891,#3892,#3893));
#687=EDGE_LOOP('',(#3894,#3895,#3896,#3897));
#688=EDGE_LOOP('',(#3898,#3899,#3900,#3901));
#689=EDGE_LOOP('',(#3902,#3903,#3904,#3905));
#690=EDGE_LOOP('',(#3906,#3907,#3908,#3909));
#691=EDGE_LOOP('',(#3910,#3911,#3912,#3913,#3914));
#692=EDGE_LOOP('',(#3915,#3916,#3917,#3918));
#693=EDGE_LOOP('',(#3919,#3920,#3921,#3922));
#694=EDGE_LOOP('',(#3923,#3924,#3925,#3926));
#695=EDGE_LOOP('',(#3927,#3928,#3929,#3930));
#696=EDGE_LOOP('',(#3931,#3932,#3933,#3934));
#697=EDGE_LOOP('',(#3935,#3936,#3937,#3938,#3939));
#698=EDGE_LOOP('',(#3940,#3941,#3942,#3943));
#699=EDGE_LOOP('',(#3944,#3945,#3946,#3947,#3948));
#700=EDGE_LOOP('',(#3949));
#701=EDGE_LOOP('',(#3950,#3951,#3952,#3953,#3954,#3955));
#702=EDGE_LOOP('',(#3956,#3957,#3958,#3959));
#703=EDGE_LOOP('',(#3960,#3961,#3962,#3963,#3964,#3965,#3966,#3967,#3968,
#3969,#3970,#3971,#3972));
#704=EDGE_LOOP('',(#3973,#3974,#3975,#3976,#3977,#3978));
#705=EDGE_LOOP('',(#3979,#3980,#3981,#3982));
#706=EDGE_LOOP('',(#3983,#3984,#3985,#3986));
#707=EDGE_LOOP('',(#3987,#3988,#3989,#3990,#3991,#3992));
#708=EDGE_LOOP('',(#3993));
#709=EDGE_LOOP('',(#3994,#3995,#3996,#3997));
#710=EDGE_LOOP('',(#3998,#3999,#4000,#4001));
#711=EDGE_LOOP('',(#4002,#4003,#4004,#4005));
#712=EDGE_LOOP('',(#4006,#4007,#4008,#4009,#4010));
#713=EDGE_LOOP('',(#4011,#4012,#4013,#4014));
#714=EDGE_LOOP('',(#4015,#4016,#4017,#4018));
#715=EDGE_LOOP('',(#4019,#4020,#4021,#4022,#4023,#4024));
#716=EDGE_LOOP('',(#4025,#4026,#4027,#4028,#4029,#4030));
#717=EDGE_LOOP('',(#4031,#4032,#4033,#4034));
#718=EDGE_LOOP('',(#4035,#4036,#4037,#4038));
#719=EDGE_LOOP('',(#4039,#4040,#4041,#4042,#4043,#4044,#4045,#4046,#4047,
#4048,#4049,#4050,#4051));
#720=EDGE_LOOP('',(#4052));
#721=EDGE_LOOP('',(#4053,#4054,#4055,#4056,#4057,#4058,#4059));
#722=EDGE_LOOP('',(#4060,#4061,#4062,#4063));
#723=EDGE_LOOP('',(#4064,#4065,#4066,#4067));
#724=EDGE_LOOP('',(#4068,#4069,#4070,#4071,#4072,#4073,#4074,#4075));
#725=EDGE_LOOP('',(#4076,#4077,#4078,#4079,#4080,#4081));
#726=EDGE_LOOP('',(#4082));
#727=EDGE_LOOP('',(#4083,#4084,#4085,#4086,#4087));
#728=EDGE_LOOP('',(#4088,#4089,#4090,#4091));
#729=EDGE_LOOP('',(#4092,#4093,#4094,#4095));
#730=EDGE_LOOP('',(#4096,#4097,#4098,#4099));
#731=EDGE_LOOP('',(#4100,#4101,#4102));
#732=EDGE_LOOP('',(#4103,#4104,#4105,#4106,#4107,#4108,#4109,#4110,#4111,
#4112));
#733=EDGE_LOOP('',(#4113,#4114,#4115,#4116));
#734=EDGE_LOOP('',(#4117,#4118,#4119,#4120));
#735=EDGE_LOOP('',(#4121,#4122,#4123,#4124));
#736=EDGE_LOOP('',(#4125,#4126,#4127,#4128));
#737=EDGE_LOOP('',(#4129,#4130,#4131,#4132));
#738=EDGE_LOOP('',(#4133,#4134,#4135,#4136,#4137,#4138,#4139,#4140,#4141,
#4142,#4143,#4144,#4145,#4146,#4147,#4148,#4149,#4150));
#739=EDGE_LOOP('',(#4151));
#740=EDGE_LOOP('',(#4152,#4153,#4154,#4155,#4156));
#741=EDGE_LOOP('',(#4157,#4158,#4159,#4160));
#742=EDGE_LOOP('',(#4161,#4162,#4163,#4164));
#743=EDGE_LOOP('',(#4165,#4166,#4167,#4168));
#744=EDGE_LOOP('',(#4169,#4170,#4171,#4172));
#745=EDGE_LOOP('',(#4173,#4174,#4175,#4176,#4177,#4178,#4179,#4180));
#746=EDGE_LOOP('',(#4181,#4182,#4183,#4184,#4185,#4186));
#747=EDGE_LOOP('',(#4187,#4188,#4189,#4190,#4191,#4192,#4193,#4194,#4195,
#4196));
#748=EDGE_LOOP('',(#4197));
#749=EDGE_LOOP('',(#4198,#4199,#4200,#4201));
#750=EDGE_LOOP('',(#4202,#4203,#4204,#4205,#4206,#4207));
#751=EDGE_LOOP('',(#4208,#4209,#4210,#4211,#4212,#4213,#4214,#4215,#4216,
#4217,#4218));
#752=EDGE_LOOP('',(#4219));
#753=EDGE_LOOP('',(#4220,#4221,#4222,#4223));
#754=EDGE_LOOP('',(#4224,#4225,#4226,#4227,#4228,#4229,#4230));
#755=EDGE_LOOP('',(#4231,#4232,#4233,#4234,#4235,#4236));
#756=EDGE_LOOP('',(#4237,#4238,#4239,#4240));
#757=EDGE_LOOP('',(#4241,#4242,#4243,#4244,#4245,#4246));
#758=EDGE_LOOP('',(#4247,#4248,#4249,#4250,#4251,#4252,#4253));
#759=EDGE_LOOP('',(#4254,#4255,#4256,#4257));
#760=EDGE_LOOP('',(#4258,#4259,#4260,#4261));
#761=EDGE_LOOP('',(#4262,#4263,#4264,#4265));
#762=EDGE_LOOP('',(#4266,#4267,#4268,#4269,#4270));
#763=EDGE_LOOP('',(#4271,#4272,#4273,#4274,#4275,#4276));
#764=EDGE_LOOP('',(#4277,#4278,#4279,#4280));
#765=EDGE_LOOP('',(#4281,#4282,#4283,#4284));
#766=EDGE_LOOP('',(#4285,#4286,#4287,#4288));
#767=EDGE_LOOP('',(#4289,#4290,#4291,#4292));
#768=EDGE_LOOP('',(#4293,#4294,#4295,#4296));
#769=EDGE_LOOP('',(#4297,#4298,#4299,#4300));
#770=EDGE_LOOP('',(#4301,#4302,#4303,#4304,#4305,#4306));
#771=EDGE_LOOP('',(#4307,#4308,#4309,#4310,#4311,#4312));
#772=EDGE_LOOP('',(#4313,#4314,#4315,#4316));
#773=EDGE_LOOP('',(#4317,#4318,#4319,#4320));
#774=EDGE_LOOP('',(#4321,#4322,#4323,#4324));
#775=EDGE_LOOP('',(#4325,#4326,#4327,#4328,#4329,#4330,#4331,#4332));
#776=EDGE_LOOP('',(#4333,#4334,#4335,#4336));
#777=EDGE_LOOP('',(#4337,#4338,#4339,#4340));
#778=EDGE_LOOP('',(#4341,#4342,#4343,#4344));
#779=EDGE_LOOP('',(#4345,#4346,#4347,#4348));
#780=EDGE_LOOP('',(#4349,#4350,#4351,#4352));
#781=EDGE_LOOP('',(#4353,#4354,#4355,#4356,#4357,#4358));
#782=EDGE_LOOP('',(#4359));
#783=EDGE_LOOP('',(#4360,#4361,#4362,#4363));
#784=EDGE_LOOP('',(#4364));
#785=EDGE_LOOP('',(#4365,#4366,#4367,#4368,#4369));
#786=EDGE_LOOP('',(#4370,#4371,#4372,#4373,#4374,#4375,#4376,#4377,#4378,
#4379,#4380,#4381,#4382,#4383,#4384));
#787=EDGE_LOOP('',(#4385));
#788=EDGE_LOOP('',(#4386,#4387,#4388,#4389));
#789=EDGE_LOOP('',(#4390,#4391,#4392,#4393));
#790=EDGE_LOOP('',(#4394,#4395,#4396,#4397,#4398,#4399,#4400,#4401));
#791=EDGE_LOOP('',(#4402,#4403,#4404,#4405));
#792=EDGE_LOOP('',(#4406,#4407,#4408,#4409));
#793=EDGE_LOOP('',(#4410,#4411,#4412,#4413,#4414,#4415,#4416,#4417,#4418,
#4419));
#794=EDGE_LOOP('',(#4420));
#795=EDGE_LOOP('',(#4421,#4422,#4423,#4424));
#796=EDGE_LOOP('',(#4425,#4426,#4427,#4428,#4429));
#797=EDGE_LOOP('',(#4430));
#798=EDGE_LOOP('',(#4431,#4432,#4433,#4434));
#799=EDGE_LOOP('',(#4435,#4436,#4437,#4438));
#800=EDGE_LOOP('',(#4439,#4440,#4441,#4442,#4443));
#801=EDGE_LOOP('',(#4444,#4445,#4446,#4447,#4448,#4449,#4450,#4451,#4452,
#4453,#4454,#4455,#4456,#4457));
#802=EDGE_LOOP('',(#4458,#4459,#4460,#4461,#4462,#4463));
#803=EDGE_LOOP('',(#4464));
#804=EDGE_LOOP('',(#4465,#4466,#4467,#4468));
#805=EDGE_LOOP('',(#4469,#4470,#4471,#4472,#4473,#4474));
#806=EDGE_LOOP('',(#4475,#4476,#4477,#4478,#4479,#4480,#4481,#4482,#4483));
#807=EDGE_LOOP('',(#4484,#4485,#4486,#4487));
#808=EDGE_LOOP('',(#4488,#4489,#4490,#4491,#4492));
#809=EDGE_LOOP('',(#4493));
#810=EDGE_LOOP('',(#4494,#4495,#4496,#4497));
#811=EDGE_LOOP('',(#4498,#4499,#4500,#4501));
#812=EDGE_LOOP('',(#4502));
#813=EDGE_LOOP('',(#4503));
#814=EDGE_LOOP('',(#4504,#4505,#4506,#4507));
#815=EDGE_LOOP('',(#4508));
#816=EDGE_LOOP('',(#4509));
#817=EDGE_LOOP('',(#4510,#4511,#4512,#4513));
#818=EDGE_LOOP('',(#4514,#4515,#4516,#4517));
#819=EDGE_LOOP('',(#4518,#4519,#4520,#4521));
#820=EDGE_LOOP('',(#4522,#4523,#4524,#4525,#4526,#4527,#4528,#4529,#4530,
#4531,#4532,#4533,#4534,#4535,#4536,#4537,#4538,#4539,#4540,#4541,#4542,
#4543));
#821=EDGE_LOOP('',(#4544));
#822=EDGE_LOOP('',(#4545,#4546,#4547,#4548,#4549,#4550));
#823=EDGE_LOOP('',(#4551,#4552,#4553,#4554));
#824=EDGE_LOOP('',(#4555,#4556,#4557,#4558));
#825=EDGE_LOOP('',(#4559,#4560,#4561,#4562));
#826=EDGE_LOOP('',(#4563,#4564,#4565,#4566,#4567,#4568));
#827=EDGE_LOOP('',(#4569,#4570,#4571,#4572,#4573,#4574,#4575,#4576,#4577,
#4578,#4579));
#828=EDGE_LOOP('',(#4580,#4581,#4582,#4583));
#829=EDGE_LOOP('',(#4584,#4585,#4586,#4587,#4588));
#830=EDGE_LOOP('',(#4589,#4590,#4591,#4592));
#831=EDGE_LOOP('',(#4593,#4594,#4595,#4596));
#832=EDGE_LOOP('',(#4597,#4598,#4599,#4600));
#833=EDGE_LOOP('',(#4601));
#834=EDGE_LOOP('',(#4602,#4603,#4604,#4605));
#835=EDGE_LOOP('',(#4606,#4607,#4608,#4609,#4610,#4611,#4612,#4613));
#836=EDGE_LOOP('',(#4614,#4615,#4616,#4617));
#837=EDGE_LOOP('',(#4618,#4619,#4620,#4621,#4622));
#838=CIRCLE('',#5032,10.);
#839=CIRCLE('',#5037,10.);
#840=CIRCLE('',#5039,317.5);
#841=CIRCLE('',#5040,1090.54853372545);
#842=CIRCLE('',#5043,10.);
#843=CIRCLE('',#5044,10.);
#844=CIRCLE('',#5047,10.);
#845=CIRCLE('',#5048,10.);
#846=CIRCLE('',#5050,1090.54853372545);
#847=CIRCLE('',#5051,1090.54853372545);
#848=CIRCLE('',#5052,1090.54853372545);
#849=CIRCLE('',#5054,10.);
#850=CIRCLE('',#5055,10.);
#851=CIRCLE('',#5057,10.);
#852=CIRCLE('',#5058,10.);
#853=CIRCLE('',#5060,1090.54853372545);
#854=CIRCLE('',#5061,1090.54853372545);
#855=CIRCLE('',#5062,1090.54853372544);
#856=CIRCLE('',#5064,10.);
#857=CIRCLE('',#5065,10.);
#858=CIRCLE('',#5068,10.);
#859=CIRCLE('',#5069,10.);
#860=CIRCLE('',#5073,10.);
#861=CIRCLE('',#5074,10.);
#862=CIRCLE('',#5081,10.);
#863=CIRCLE('',#5083,10.);
#864=CIRCLE('',#5084,10.);
#865=CIRCLE('',#5086,10.0000000000078);
#866=CIRCLE('',#5087,90.);
#867=CIRCLE('',#5088,100.);
#868=CIRCLE('',#5097,10.);
#869=CIRCLE('',#5099,10.);
#870=CIRCLE('',#5100,90.);
#871=CIRCLE('',#5101,100.);
#872=CIRCLE('',#5111,20.);
#873=CIRCLE('',#5113,10.);
#874=CIRCLE('',#5114,10.);
#875=CIRCLE('',#5116,10.);
#876=CIRCLE('',#5117,90.);
#877=CIRCLE('',#5118,90.);
#878=CIRCLE('',#5120,10.);
#879=CIRCLE('',#5121,10.);
#880=CIRCLE('',#5122,10.);
#881=CIRCLE('',#5125,10.);
#882=CIRCLE('',#5129,9.99999999999988);
#883=CIRCLE('',#5131,10.);
#884=CIRCLE('',#5137,10.);
#885=CIRCLE('',#5139,1120.54853372545);
#886=CIRCLE('',#5140,2174.39049141007);
#887=CIRCLE('',#5141,240.);
#888=CIRCLE('',#5143,90.);
#889=CIRCLE('',#5152,9.99999999999988);
#890=CIRCLE('',#5159,10.);
#891=CIRCLE('',#5161,10.);
#892=CIRCLE('',#5162,190.);
#893=CIRCLE('',#5163,200.);
#894=CIRCLE('',#5165,10.);
#895=CIRCLE('',#5166,2174.39049141007);
#896=CIRCLE('',#5167,2164.39049141007);
#897=CIRCLE('',#5169,10.);
#898=CIRCLE('',#5170,240.);
#899=CIRCLE('',#5171,250.);
#900=CIRCLE('',#5175,90.);
#901=CIRCLE('',#5178,10.);
#902=CIRCLE('',#5180,10.);
#903=CIRCLE('',#5181,240.);
#904=CIRCLE('',#5182,250.);
#905=CIRCLE('',#5184,10.);
#906=CIRCLE('',#5185,2174.39049141007);
#907=CIRCLE('',#5186,2164.39049141007);
#908=CIRCLE('',#5188,10.);
#909=CIRCLE('',#5189,190.);
#910=CIRCLE('',#5190,200.);
#911=CIRCLE('',#5192,10.);
#912=CIRCLE('',#5195,10.);
#913=CIRCLE('',#5197,10.);
#914=CIRCLE('',#5198,125.);
#915=CIRCLE('',#5205,1090.54853372545);
#916=CIRCLE('',#5206,10.);
#917=CIRCLE('',#5207,50.);
#918=CIRCLE('',#5210,10.);
#919=CIRCLE('',#5221,10.);
#920=CIRCLE('',#5230,2174.39049141007);
#921=CIRCLE('',#5231,9.99999999999999);
#922=CIRCLE('',#5232,2164.39049141007);
#923=CIRCLE('',#5234,9.99999999999982);
#924=CIRCLE('',#5235,250.);
#925=CIRCLE('',#5236,240.);
#926=CIRCLE('',#5240,250.);
#927=CIRCLE('',#5242,2164.39049141007);
#928=CIRCLE('',#5245,10.);
#929=CIRCLE('',#5247,9.99999999999974);
#930=CIRCLE('',#5250,100.);
#931=CIRCLE('',#5251,100.);
#932=CIRCLE('',#5253,50.);
#933=CIRCLE('',#5255,20.);
#934=CIRCLE('',#5258,225.);
#935=CIRCLE('',#5261,20.);
#936=CIRCLE('',#5265,20.);
#937=CIRCLE('',#5270,50.);
#938=CIRCLE('',#5274,50.);
#939=CIRCLE('',#5277,225.);
#940=CIRCLE('',#5279,90.);
#941=CIRCLE('',#5281,125.);
#942=CIRCLE('',#5283,90.);
#943=CIRCLE('',#5292,1120.54853372545);
#944=CIRCLE('',#5299,317.5);
#945=CIRCLE('',#5301,10.);
#946=CIRCLE('',#5303,10.);
#947=CIRCLE('',#5304,10.);
#948=CIRCLE('',#5306,10.);
#949=CIRCLE('',#5308,20.);
#950=CIRCLE('',#5310,10.);
#951=CIRCLE('',#5321,10.);
#952=CIRCLE('',#5324,10.);
#953=CIRCLE('',#5325,10.);
#954=CIRCLE('',#5327,10.0000000000078);
#955=CIRCLE('',#5328,100.);
#956=CIRCLE('',#5329,90.);
#957=CIRCLE('',#5337,10.);
#958=CIRCLE('',#5340,10.);
#959=CIRCLE('',#5341,100.);
#960=CIRCLE('',#5342,90.);
#961=CIRCLE('',#5352,20.);
#962=CIRCLE('',#5354,10.);
#963=CIRCLE('',#5355,10.);
#964=CIRCLE('',#5357,10.);
#965=CIRCLE('',#5358,90.);
#966=CIRCLE('',#5359,90.);
#967=CIRCLE('',#5361,10.);
#968=CIRCLE('',#5362,10.);
#969=CIRCLE('',#5363,10.);
#970=CIRCLE('',#5366,10.);
#971=CIRCLE('',#5368,200.);
#972=CIRCLE('',#5369,190.);
#973=CIRCLE('',#5371,100.);
#974=CIRCLE('',#5374,9.99999999999988);
#975=CIRCLE('',#5377,190.);
#976=CIRCLE('',#5378,200.);
#977=CIRCLE('',#5380,10.);
#978=CIRCLE('',#5383,10.);
#979=CIRCLE('',#5391,10.);
#980=CIRCLE('',#5393,200.);
#981=CIRCLE('',#5394,190.);
#982=CIRCLE('',#5397,240.);
#983=CIRCLE('',#5398,2174.39049141007);
#984=CIRCLE('',#5399,1120.54853372545);
#985=CIRCLE('',#5400,90.);
#986=CIRCLE('',#5405,200.);
#987=CIRCLE('',#5409,190.);
#988=CIRCLE('',#5410,100.);
#989=CIRCLE('',#5415,9.99999999999988);
#990=CIRCLE('',#5423,10.);
#991=CIRCLE('',#5425,10.);
#992=CIRCLE('',#5426,200.);
#993=CIRCLE('',#5427,190.);
#994=CIRCLE('',#5429,10.);
#995=CIRCLE('',#5430,2164.39049141007);
#996=CIRCLE('',#5431,2174.39049141007);
#997=CIRCLE('',#5433,10.);
#998=CIRCLE('',#5434,250.);
#999=CIRCLE('',#5435,240.);
#1000=CIRCLE('',#5439,1090.54853372545);
#1001=CIRCLE('',#5440,90.);
#1002=CIRCLE('',#5442,10.);
#1003=CIRCLE('',#5444,10.);
#1004=CIRCLE('',#5445,250.);
#1005=CIRCLE('',#5446,240.);
#1006=CIRCLE('',#5448,10.);
#1007=CIRCLE('',#5449,2164.39049141007);
#1008=CIRCLE('',#5450,2174.39049141007);
#1009=CIRCLE('',#5452,10.);
#1010=CIRCLE('',#5453,200.);
#1011=CIRCLE('',#5454,190.);
#1012=CIRCLE('',#5456,10.);
#1013=CIRCLE('',#5459,10.);
#1014=CIRCLE('',#5461,125.);
#1015=CIRCLE('',#5468,1090.54853372545);
#1016=CIRCLE('',#5469,50.);
#1017=CIRCLE('',#5471,10.);
#1018=CIRCLE('',#5482,10.);
#1019=CIRCLE('',#5491,2164.39049141007);
#1020=CIRCLE('',#5492,9.99999999999999);
#1021=CIRCLE('',#5493,2174.39049141007);
#1022=CIRCLE('',#5495,9.99999999999982);
#1023=CIRCLE('',#5496,240.);
#1024=CIRCLE('',#5497,250.);
#1025=CIRCLE('',#5501,250.);
#1026=CIRCLE('',#5503,2164.39049141007);
#1027=CIRCLE('',#5506,10.);
#1028=CIRCLE('',#5508,9.99999999999974);
#1029=CIRCLE('',#5511,100.);
#1030=CIRCLE('',#5518,100.);
#1031=CIRCLE('',#5519,100.);
#1032=CIRCLE('',#5521,1090.54853372545);
#1033=CIRCLE('',#5522,50.);
#1034=CIRCLE('',#5524,20.);
#1035=CIRCLE('',#5527,1090.54853372545);
#1036=CIRCLE('',#5528,225.);
#1037=CIRCLE('',#5535,100.);
#1038=CIRCLE('',#5538,20.);
#1039=CIRCLE('',#5544,1090.54853372545);
#1040=CIRCLE('',#5545,50.);
#1041=CIRCLE('',#5548,1090.54853372544);
#1042=CIRCLE('',#5550,1090.54853372545);
#1043=CIRCLE('',#5551,1090.54853372545);
#1044=CIRCLE('',#5554,50.);
#1045=CIRCLE('',#5557,225.);
#1046=CIRCLE('',#5559,90.);
#1047=CIRCLE('',#5561,125.);
#1048=CIRCLE('',#5563,90.);
#1049=CIRCLE('',#5573,1120.54853372545);
#1050=CIRCLE('',#5581,317.5);
#1051=CIRCLE('',#5583,317.5);
#1052=LINE('',#7143,#1482);
#1053=LINE('',#7146,#1483);
#1054=LINE('',#7149,#1484);
#1055=LINE('',#7151,#1485);
#1056=LINE('',#7152,#1486);
#1057=LINE('',#7167,#1487);
#1058=LINE('',#7179,#1488);
#1059=LINE('',#7182,#1489);
#1060=LINE('',#7184,#1490);
#1061=LINE('',#7186,#1491);
#1062=LINE('',#7188,#1492);
#1063=LINE('',#7190,#1493);
#1064=LINE('',#7192,#1494);
#1065=LINE('',#7194,#1495);
#1066=LINE('',#7196,#1496);
#1067=LINE('',#7198,#1497);
#1068=LINE('',#7200,#1498);
#1069=LINE('',#7202,#1499);
#1070=LINE('',#7204,#1500);
#1071=LINE('',#7206,#1501);
#1072=LINE('',#7208,#1502);
#1073=LINE('',#7210,#1503);
#1074=LINE('',#7212,#1504);
#1075=LINE('',#7214,#1505);
#1076=LINE('',#7216,#1506);
#1077=LINE('',#7217,#1507);
#1078=LINE('',#7231,#1508);
#1079=LINE('',#7237,#1509);
#1080=LINE('',#7240,#1510);
#1081=LINE('',#7267,#1511);
#1082=LINE('',#7270,#1512);
#1083=LINE('',#7273,#1513);
#1084=LINE('',#7275,#1514);
#1085=LINE('',#7277,#1515);
#1086=LINE('',#7279,#1516);
#1087=LINE('',#7281,#1517);
#1088=LINE('',#7283,#1518);
#1089=LINE('',#7284,#1519);
#1090=LINE('',#7290,#1520);
#1091=LINE('',#7293,#1521);
#1092=LINE('',#7298,#1522);
#1093=LINE('',#7301,#1523);
#1094=LINE('',#7307,#1524);
#1095=LINE('',#7314,#1525);
#1096=LINE('',#7317,#1526);
#1097=LINE('',#7324,#1527);
#1098=LINE('',#7330,#1528);
#1099=LINE('',#7333,#1529);
#1100=LINE('',#7336,#1530);
#1101=LINE('',#7338,#1531);
#1102=LINE('',#7339,#1532);
#1103=LINE('',#7345,#1533);
#1104=LINE('',#7348,#1534);
#1105=LINE('',#7351,#1535);
#1106=LINE('',#7353,#1536);
#1107=LINE('',#7354,#1537);
#1108=LINE('',#7355,#1538);
#1109=LINE('',#7356,#1539);
#1110=LINE('',#7360,#1540);
#1111=LINE('',#7362,#1541);
#1112=LINE('',#7364,#1542);
#1113=LINE('',#7368,#1543);
#1114=LINE('',#7370,#1544);
#1115=LINE('',#7374,#1545);
#1116=LINE('',#7377,#1546);
#1117=LINE('',#7380,#1547);
#1118=LINE('',#7383,#1548);
#1119=LINE('',#7386,#1549);
#1120=LINE('',#7389,#1550);
#1121=LINE('',#7393,#1551);
#1122=LINE('',#7397,#1552);
#1123=LINE('',#7404,#1553);
#1124=LINE('',#7407,#1554);
#1125=LINE('',#7415,#1555);
#1126=LINE('',#7416,#1556);
#1127=LINE('',#7419,#1557);
#1128=LINE('',#7421,#1558);
#1129=LINE('',#7422,#1559);
#1130=LINE('',#7424,#1560);
#1131=LINE('',#7428,#1561);
#1132=LINE('',#7432,#1562);
#1133=LINE('',#7437,#1563);
#1134=LINE('',#7441,#1564);
#1135=LINE('',#7450,#1565);
#1136=LINE('',#7451,#1566);
#1137=LINE('',#7454,#1567);
#1138=LINE('',#7456,#1568);
#1139=LINE('',#7461,#1569);
#1140=LINE('',#7467,#1570);
#1141=LINE('',#7471,#1571);
#1142=LINE('',#7473,#1572);
#1143=LINE('',#7474,#1573);
#1144=LINE('',#7476,#1574);
#1145=LINE('',#7483,#1575);
#1146=LINE('',#7485,#1576);
#1147=LINE('',#7488,#1577);
#1148=LINE('',#7531,#1578);
#1149=LINE('',#7549,#1579);
#1150=LINE('',#7550,#1580);
#1151=LINE('',#7551,#1581);
#1152=LINE('',#7553,#1582);
#1153=LINE('',#7554,#1583);
#1154=LINE('',#7557,#1584);
#1155=LINE('',#7560,#1585);
#1156=LINE('',#7563,#1586);
#1157=LINE('',#7564,#1587);
#1158=LINE('',#7569,#1588);
#1159=LINE('',#7573,#1589);
#1160=LINE('',#7585,#1590);
#1161=LINE('',#7589,#1591);
#1162=LINE('',#7614,#1592);
#1163=LINE('',#7616,#1593);
#1164=LINE('',#7620,#1594);
#1165=LINE('',#7621,#1595);
#1166=LINE('',#7623,#1596);
#1167=LINE('',#7625,#1597);
#1168=LINE('',#7633,#1598);
#1169=LINE('',#7635,#1599);
#1170=LINE('',#7638,#1600);
#1171=LINE('',#7643,#1601);
#1172=LINE('',#7647,#1602);
#1173=LINE('',#7649,#1603);
#1174=LINE('',#7650,#1604);
#1175=LINE('',#7653,#1605);
#1176=LINE('',#7654,#1606);
#1177=LINE('',#7660,#1607);
#1178=LINE('',#7665,#1608);
#1179=LINE('',#7685,#1609);
#1180=LINE('',#7691,#1610);
#1181=LINE('',#7692,#1611);
#1182=LINE('',#7694,#1612);
#1183=LINE('',#7696,#1613);
#1184=LINE('',#7698,#1614);
#1185=LINE('',#7700,#1615);
#1186=LINE('',#7702,#1616);
#1187=LINE('',#7703,#1617);
#1188=LINE('',#7709,#1618);
#1189=LINE('',#7712,#1619);
#1190=LINE('',#7733,#1620);
#1191=LINE('',#7736,#1621);
#1192=LINE('',#7738,#1622);
#1193=LINE('',#7740,#1623);
#1194=LINE('',#7741,#1624);
#1195=LINE('',#7743,#1625);
#1196=LINE('',#7744,#1626);
#1197=LINE('',#7746,#1627);
#1198=LINE('',#7747,#1628);
#1199=LINE('',#7753,#1629);
#1200=LINE('',#7793,#1630);
#1201=LINE('',#7794,#1631);
#1202=LINE('',#7797,#1632);
#1203=LINE('',#7798,#1633);
#1204=LINE('',#7800,#1634);
#1205=LINE('',#7801,#1635);
#1206=LINE('',#7802,#1636);
#1207=LINE('',#7805,#1637);
#1208=LINE('',#7809,#1638);
#1209=LINE('',#7810,#1639);
#1210=LINE('',#7813,#1640);
#1211=LINE('',#7815,#1641);
#1212=LINE('',#7818,#1642);
#1213=LINE('',#7823,#1643);
#1214=LINE('',#7826,#1644);
#1215=LINE('',#7829,#1645);
#1216=LINE('',#7831,#1646);
#1217=LINE('',#7839,#1647);
#1218=LINE('',#7840,#1648);
#1219=LINE('',#7846,#1649);
#1220=LINE('',#7851,#1650);
#1221=LINE('',#7855,#1651);
#1222=LINE('',#7858,#1652);
#1223=LINE('',#7859,#1653);
#1224=LINE('',#7861,#1654);
#1225=LINE('',#7863,#1655);
#1226=LINE('',#7867,#1656);
#1227=LINE('',#7870,#1657);
#1228=LINE('',#7874,#1658);
#1229=LINE('',#7876,#1659);
#1230=LINE('',#7881,#1660);
#1231=LINE('',#7884,#1661);
#1232=LINE('',#7885,#1662);
#1233=LINE('',#7887,#1663);
#1234=LINE('',#7888,#1664);
#1235=LINE('',#7926,#1665);
#1236=LINE('',#7930,#1666);
#1237=LINE('',#7934,#1667);
#1238=LINE('',#7937,#1668);
#1239=LINE('',#7938,#1669);
#1240=LINE('',#7939,#1670);
#1241=LINE('',#7963,#1671);
#1242=LINE('',#7966,#1672);
#1243=LINE('',#7971,#1673);
#1244=LINE('',#7972,#1674);
#1245=LINE('',#7976,#1675);
#1246=LINE('',#7979,#1676);
#1247=LINE('',#7980,#1677);
#1248=LINE('',#7981,#1678);
#1249=LINE('',#7985,#1679);
#1250=LINE('',#7988,#1680);
#1251=LINE('',#7992,#1681);
#1252=LINE('',#7994,#1682);
#1253=LINE('',#7995,#1683);
#1254=LINE('',#7997,#1684);
#1255=LINE('',#8002,#1685);
#1256=LINE('',#8005,#1686);
#1257=LINE('',#8006,#1687);
#1258=LINE('',#8008,#1688);
#1259=LINE('',#8010,#1689);
#1260=LINE('',#8015,#1690);
#1261=LINE('',#8020,#1691);
#1262=LINE('',#8023,#1692);
#1263=LINE('',#8030,#1693);
#1264=LINE('',#8036,#1694);
#1265=LINE('',#8038,#1695);
#1266=LINE('',#8041,#1696);
#1267=LINE('',#8043,#1697);
#1268=LINE('',#8045,#1698);
#1269=LINE('',#8048,#1699);
#1270=LINE('',#8050,#1700);
#1271=LINE('',#8052,#1701);
#1272=LINE('',#8053,#1702);
#1273=LINE('',#8057,#1703);
#1274=LINE('',#8059,#1704);
#1275=LINE('',#8060,#1705);
#1276=LINE('',#8063,#1706);
#1277=LINE('',#8064,#1707);
#1278=LINE('',#8066,#1708);
#1279=LINE('',#8072,#1709);
#1280=LINE('',#8074,#1710);
#1281=LINE('',#8076,#1711);
#1282=LINE('',#8077,#1712);
#1283=LINE('',#8084,#1713);
#1284=LINE('',#8090,#1714);
#1285=LINE('',#8093,#1715);
#1286=LINE('',#8096,#1716);
#1287=LINE('',#8099,#1717);
#1288=LINE('',#8101,#1718);
#1289=LINE('',#8103,#1719);
#1290=LINE('',#8105,#1720);
#1291=LINE('',#8107,#1721);
#1292=LINE('',#8108,#1722);
#1293=LINE('',#8109,#1723);
#1294=LINE('',#8115,#1724);
#1295=LINE('',#8118,#1725);
#1296=LINE('',#8120,#1726);
#1297=LINE('',#8124,#1727);
#1298=LINE('',#8126,#1728);
#1299=LINE('',#8127,#1729);
#1300=LINE('',#8130,#1730);
#1301=LINE('',#8132,#1731);
#1302=LINE('',#8136,#1732);
#1303=LINE('',#8139,#1733);
#1304=LINE('',#8140,#1734);
#1305=LINE('',#8143,#1735);
#1306=LINE('',#8149,#1736);
#1307=LINE('',#8151,#1737);
#1308=LINE('',#8153,#1738);
#1309=LINE('',#8155,#1739);
#1310=LINE('',#8157,#1740);
#1311=LINE('',#8159,#1741);
#1312=LINE('',#8160,#1742);
#1313=LINE('',#8164,#1743);
#1314=LINE('',#8172,#1744);
#1315=LINE('',#8175,#1745);
#1316=LINE('',#8182,#1746);
#1317=LINE('',#8185,#1747);
#1318=LINE('',#8187,#1748);
#1319=LINE('',#8188,#1749);
#1320=LINE('',#8190,#1750);
#1321=LINE('',#8194,#1751);
#1322=LINE('',#8198,#1752);
#1323=LINE('',#8203,#1753);
#1324=LINE('',#8213,#1754);
#1325=LINE('',#8214,#1755);
#1326=LINE('',#8218,#1756);
#1327=LINE('',#8224,#1757);
#1328=LINE('',#8229,#1758);
#1329=LINE('',#8232,#1759);
#1330=LINE('',#8234,#1760);
#1331=LINE('',#8235,#1761);
#1332=LINE('',#8237,#1762);
#1333=LINE('',#8245,#1763);
#1334=LINE('',#8248,#1764);
#1335=LINE('',#8249,#1765);
#1336=LINE('',#8260,#1766);
#1337=LINE('',#8261,#1767);
#1338=LINE('',#8280,#1768);
#1339=LINE('',#8312,#1769);
#1340=LINE('',#8313,#1770);
#1341=LINE('',#8316,#1771);
#1342=LINE('',#8319,#1772);
#1343=LINE('',#8324,#1773);
#1344=LINE('',#8329,#1774);
#1345=LINE('',#8330,#1775);
#1346=LINE('',#8335,#1776);
#1347=LINE('',#8342,#1777);
#1348=LINE('',#8354,#1778);
#1349=LINE('',#8357,#1779);
#1350=LINE('',#8360,#1780);
#1351=LINE('',#8363,#1781);
#1352=LINE('',#8367,#1782);
#1353=LINE('',#8392,#1783);
#1354=LINE('',#8396,#1784);
#1355=LINE('',#8399,#1785);
#1356=LINE('',#8405,#1786);
#1357=LINE('',#8407,#1787);
#1358=LINE('',#8411,#1788);
#1359=LINE('',#8413,#1789);
#1360=LINE('',#8421,#1790);
#1361=LINE('',#8422,#1791);
#1362=LINE('',#8423,#1792);
#1363=LINE('',#8428,#1793);
#1364=LINE('',#8430,#1794);
#1365=LINE('',#8432,#1795);
#1366=LINE('',#8435,#1796);
#1367=LINE('',#8438,#1797);
#1368=LINE('',#8439,#1798);
#1369=LINE('',#8446,#1799);
#1370=LINE('',#8462,#1800);
#1371=LINE('',#8465,#1801);
#1372=LINE('',#8467,#1802);
#1373=LINE('',#8494,#1803);
#1374=LINE('',#8500,#1804);
#1375=LINE('',#8502,#1805);
#1376=LINE('',#8504,#1806);
#1377=LINE('',#8506,#1807);
#1378=LINE('',#8508,#1808);
#1379=LINE('',#8510,#1809);
#1380=LINE('',#8511,#1810);
#1381=LINE('',#8517,#1811);
#1382=LINE('',#8520,#1812);
#1383=LINE('',#8541,#1813);
#1384=LINE('',#8544,#1814);
#1385=LINE('',#8546,#1815);
#1386=LINE('',#8549,#1816);
#1387=LINE('',#8550,#1817);
#1388=LINE('',#8552,#1818);
#1389=LINE('',#8554,#1819);
#1390=LINE('',#8556,#1820);
#1391=LINE('',#8557,#1821);
#1392=LINE('',#8562,#1822);
#1393=LINE('',#8586,#1823);
#1394=LINE('',#8587,#1824);
#1395=LINE('',#8589,#1825);
#1396=LINE('',#8591,#1826);
#1397=LINE('',#8592,#1827);
#1398=LINE('',#8594,#1828);
#1399=LINE('',#8595,#1829);
#1400=LINE('',#8598,#1830);
#1401=LINE('',#8600,#1831);
#1402=LINE('',#8603,#1832);
#1403=LINE('',#8606,#1833);
#1404=LINE('',#8607,#1834);
#1405=LINE('',#8612,#1835);
#1406=LINE('',#8614,#1836);
#1407=LINE('',#8618,#1837);
#1408=LINE('',#8622,#1838);
#1409=LINE('',#8625,#1839);
#1410=LINE('',#8626,#1840);
#1411=LINE('',#8633,#1841);
#1412=LINE('',#8639,#1842);
#1413=LINE('',#8641,#1843);
#1414=LINE('',#8642,#1844);
#1415=LINE('',#8644,#1845);
#1416=LINE('',#8649,#1846);
#1417=LINE('',#8652,#1847);
#1418=LINE('',#8656,#1848);
#1419=LINE('',#8659,#1849);
#1420=LINE('',#8662,#1850);
#1421=LINE('',#8666,#1851);
#1422=LINE('',#8667,#1852);
#1423=LINE('',#8669,#1853);
#1424=LINE('',#8670,#1854);
#1425=LINE('',#8708,#1855);
#1426=LINE('',#8711,#1856);
#1427=LINE('',#8715,#1857);
#1428=LINE('',#8719,#1858);
#1429=LINE('',#8721,#1859);
#1430=LINE('',#8723,#1860);
#1431=LINE('',#8724,#1861);
#1432=LINE('',#8746,#1862);
#1433=LINE('',#8750,#1863);
#1434=LINE('',#8751,#1864);
#1435=LINE('',#8753,#1865);
#1436=LINE('',#8754,#1866);
#1437=LINE('',#8757,#1867);
#1438=LINE('',#8758,#1868);
#1439=LINE('',#8760,#1869);
#1440=LINE('',#8763,#1870);
#1441=LINE('',#8769,#1871);
#1442=LINE('',#8772,#1872);
#1443=LINE('',#8777,#1873);
#1444=LINE('',#8778,#1874);
#1445=LINE('',#8782,#1875);
#1446=LINE('',#8784,#1876);
#1447=LINE('',#8787,#1877);
#1448=LINE('',#8788,#1878);
#1449=LINE('',#8793,#1879);
#1450=LINE('',#8796,#1880);
#1451=LINE('',#8797,#1881);
#1452=LINE('',#8799,#1882);
#1453=LINE('',#8805,#1883);
#1454=LINE('',#8810,#1884);
#1455=LINE('',#8813,#1885);
#1456=LINE('',#8815,#1886);
#1457=LINE('',#8816,#1887);
#1458=LINE('',#8818,#1888);
#1459=LINE('',#8821,#1889);
#1460=LINE('',#8823,#1890);
#1461=LINE('',#8825,#1891);
#1462=LINE('',#8827,#1892);
#1463=LINE('',#8828,#1893);
#1464=LINE('',#8830,#1894);
#1465=LINE('',#8841,#1895);
#1466=LINE('',#8846,#1896);
#1467=LINE('',#8849,#1897);
#1468=LINE('',#8856,#1898);
#1469=LINE('',#8862,#1899);
#1470=LINE('',#8864,#1900);
#1471=LINE('',#8867,#1901);
#1472=LINE('',#8870,#1902);
#1473=LINE('',#8872,#1903);
#1474=LINE('',#8875,#1904);
#1475=LINE('',#8876,#1905);
#1476=LINE('',#8880,#1906);
#1477=LINE('',#8882,#1907);
#1478=LINE('',#8884,#1908);
#1479=LINE('',#8885,#1909);
#1480=LINE('',#8889,#1910);
#1481=LINE('',#8896,#1911);
#1482=VECTOR('',#5590,10.);
#1483=VECTOR('',#5593,10.);
#1484=VECTOR('',#5596,10.);
#1485=VECTOR('',#5597,10.);
#1486=VECTOR('',#5598,10.);
#1487=VECTOR('',#5601,10.);
#1488=VECTOR('',#5602,10.);
#1489=VECTOR('',#5605,10.);
#1490=VECTOR('',#5606,10.);
#1491=VECTOR('',#5607,10.);
#1492=VECTOR('',#5608,10.);
#1493=VECTOR('',#5609,10.);
#1494=VECTOR('',#5610,10.);
#1495=VECTOR('',#5611,10.);
#1496=VECTOR('',#5612,10.);
#1497=VECTOR('',#5613,10.);
#1498=VECTOR('',#5614,10.);
#1499=VECTOR('',#5615,10.);
#1500=VECTOR('',#5616,10.);
#1501=VECTOR('',#5617,10.);
#1502=VECTOR('',#5618,10.);
#1503=VECTOR('',#5619,10.);
#1504=VECTOR('',#5620,10.);
#1505=VECTOR('',#5621,10.);
#1506=VECTOR('',#5622,10.);
#1507=VECTOR('',#5623,10.);
#1508=VECTOR('',#5626,10.);
#1509=VECTOR('',#5633,10.);
#1510=VECTOR('',#5636,10.);
#1511=VECTOR('',#5643,10.);
#1512=VECTOR('',#5646,10.);
#1513=VECTOR('',#5649,10.);
#1514=VECTOR('',#5650,10.);
#1515=VECTOR('',#5651,10.);
#1516=VECTOR('',#5652,10.);
#1517=VECTOR('',#5653,10.);
#1518=VECTOR('',#5654,10.);
#1519=VECTOR('',#5655,10.);
#1520=VECTOR('',#5660,10.);
#1521=VECTOR('',#5663,10.);
#1522=VECTOR('',#5668,10.);
#1523=VECTOR('',#5671,10.);
#1524=VECTOR('',#5678,10.);
#1525=VECTOR('',#5685,10.);
#1526=VECTOR('',#5688,10.);
#1527=VECTOR('',#5697,10.);
#1528=VECTOR('',#5702,10.);
#1529=VECTOR('',#5705,10.);
#1530=VECTOR('',#5708,10.);
#1531=VECTOR('',#5709,10.);
#1532=VECTOR('',#5710,10.);
#1533=VECTOR('',#5715,10.);
#1534=VECTOR('',#5718,10.);
#1535=VECTOR('',#5721,10.);
#1536=VECTOR('',#5722,10.);
#1537=VECTOR('',#5723,10.);
#1538=VECTOR('',#5724,10.);
#1539=VECTOR('',#5725,10.);
#1540=VECTOR('',#5728,10.);
#1541=VECTOR('',#5729,10.);
#1542=VECTOR('',#5730,10.);
#1543=VECTOR('',#5733,10.);
#1544=VECTOR('',#5734,10.);
#1545=VECTOR('',#5737,10.);
#1546=VECTOR('',#5740,10.);
#1547=VECTOR('',#5743,10.);
#1548=VECTOR('',#5746,10.);
#1549=VECTOR('',#5749,10.);
#1550=VECTOR('',#5752,10.);
#1551=VECTOR('',#5755,10.);
#1552=VECTOR('',#5758,10.);
#1553=VECTOR('',#5765,10.);
#1554=VECTOR('',#5768,10.);
#1555=VECTOR('',#5779,10.);
#1556=VECTOR('',#5780,10.);
#1557=VECTOR('',#5783,10.);
#1558=VECTOR('',#5784,10.);
#1559=VECTOR('',#5785,10.);
#1560=VECTOR('',#5788,10.);
#1561=VECTOR('',#5791,10.);
#1562=VECTOR('',#5794,10.);
#1563=VECTOR('',#5799,10.);
#1564=VECTOR('',#5802,10.);
#1565=VECTOR('',#5815,10.);
#1566=VECTOR('',#5816,10.);
#1567=VECTOR('',#5819,10.);
#1568=VECTOR('',#5820,10.);
#1569=VECTOR('',#5825,10.);
#1570=VECTOR('',#5830,10.);
#1571=VECTOR('',#5835,10.);
#1572=VECTOR('',#5836,10.);
#1573=VECTOR('',#5837,10.);
#1574=VECTOR('',#5840,10.);
#1575=VECTOR('',#5847,10.);
#1576=VECTOR('',#5848,10.);
#1577=VECTOR('',#5851,10.);
#1578=VECTOR('',#5866,10.);
#1579=VECTOR('',#5869,10.);
#1580=VECTOR('',#5870,10.);
#1581=VECTOR('',#5871,10.);
#1582=VECTOR('',#5874,10.);
#1583=VECTOR('',#5875,10.);
#1584=VECTOR('',#5878,10.);
#1585=VECTOR('',#5881,10.);
#1586=VECTOR('',#5884,10.);
#1587=VECTOR('',#5885,10.);
#1588=VECTOR('',#5890,10.);
#1589=VECTOR('',#5895,10.);
#1590=VECTOR('',#5900,10.);
#1591=VECTOR('',#5903,10.);
#1592=VECTOR('',#5910,10.);
#1593=VECTOR('',#5911,10.);
#1594=VECTOR('',#5916,10.);
#1595=VECTOR('',#5917,10.);
#1596=VECTOR('',#5918,10.);
#1597=VECTOR('',#5919,10.);
#1598=VECTOR('',#5926,10.);
#1599=VECTOR('',#5927,10.);
#1600=VECTOR('',#5930,10.);
#1601=VECTOR('',#5935,10.);
#1602=VECTOR('',#5938,10.);
#1603=VECTOR('',#5939,10.);
#1604=VECTOR('',#5940,10.);
#1605=VECTOR('',#5943,10.);
#1606=VECTOR('',#5944,10.);
#1607=VECTOR('',#5949,10.);
#1608=VECTOR('',#5956,10.);
#1609=VECTOR('',#5961,10.);
#1610=VECTOR('',#5968,10.);
#1611=VECTOR('',#5969,10.);
#1612=VECTOR('',#5970,10.);
#1613=VECTOR('',#5971,10.);
#1614=VECTOR('',#5972,10.);
#1615=VECTOR('',#5973,10.);
#1616=VECTOR('',#5974,10.);
#1617=VECTOR('',#5975,10.);
#1618=VECTOR('',#5980,10.);
#1619=VECTOR('',#5983,10.);
#1620=VECTOR('',#6012,10.);
#1621=VECTOR('',#6015,10.);
#1622=VECTOR('',#6016,10.);
#1623=VECTOR('',#6017,10.);
#1624=VECTOR('',#6018,10.);
#1625=VECTOR('',#6019,10.);
#1626=VECTOR('',#6020,10.);
#1627=VECTOR('',#6021,10.);
#1628=VECTOR('',#6022,10.);
#1629=VECTOR('',#6027,10.);
#1630=VECTOR('',#6060,10.);
#1631=VECTOR('',#6061,10.);
#1632=VECTOR('',#6064,10.);
#1633=VECTOR('',#6065,10.);
#1634=VECTOR('',#6066,10.);
#1635=VECTOR('',#6067,10.);
#1636=VECTOR('',#6068,10.);
#1637=VECTOR('',#6071,10.);
#1638=VECTOR('',#6074,10.);
#1639=VECTOR('',#6075,10.);
#1640=VECTOR('',#6078,10.);
#1641=VECTOR('',#6079,10.);
#1642=VECTOR('',#6082,10.);
#1643=VECTOR('',#6087,10.);
#1644=VECTOR('',#6090,10.);
#1645=VECTOR('',#6093,10.);
#1646=VECTOR('',#6094,10.);
#1647=VECTOR('',#6105,10.);
#1648=VECTOR('',#6106,10.);
#1649=VECTOR('',#6111,10.);
#1650=VECTOR('',#6118,10.);
#1651=VECTOR('',#6121,10.);
#1652=VECTOR('',#6126,10.);
#1653=VECTOR('',#6127,10.);
#1654=VECTOR('',#6130,10.);
#1655=VECTOR('',#6133,10.);
#1656=VECTOR('',#6136,10.);
#1657=VECTOR('',#6139,10.);
#1658=VECTOR('',#6144,10.);
#1659=VECTOR('',#6145,10.);
#1660=VECTOR('',#6152,10.);
#1661=VECTOR('',#6155,10.);
#1662=VECTOR('',#6156,10.);
#1663=VECTOR('',#6159,10.);
#1664=VECTOR('',#6160,10.);
#1665=VECTOR('',#6187,10.);
#1666=VECTOR('',#6192,10.);
#1667=VECTOR('',#6197,10.);
#1668=VECTOR('',#6200,10.);
#1669=VECTOR('',#6201,10.);
#1670=VECTOR('',#6202,10.);
#1671=VECTOR('',#6217,10.);
#1672=VECTOR('',#6222,10.);
#1673=VECTOR('',#6227,10.);
#1674=VECTOR('',#6228,10.);
#1675=VECTOR('',#6233,10.);
#1676=VECTOR('',#6236,10.);
#1677=VECTOR('',#6237,10.);
#1678=VECTOR('',#6238,10.);
#1679=VECTOR('',#6243,10.);
#1680=VECTOR('',#6246,20.);
#1681=VECTOR('',#6251,10.);
#1682=VECTOR('',#6252,10.);
#1683=VECTOR('',#6253,10.);
#1684=VECTOR('',#6256,10.);
#1685=VECTOR('',#6263,20.);
#1686=VECTOR('',#6266,10.);
#1687=VECTOR('',#6267,10.);
#1688=VECTOR('',#6270,10.);
#1689=VECTOR('',#6273,10.);
#1690=VECTOR('',#6280,50.);
#1691=VECTOR('',#6287,50.);
#1692=VECTOR('',#6290,225.);
#1693=VECTOR('',#6299,125.);
#1694=VECTOR('',#6308,10.);
#1695=VECTOR('',#6311,10.);
#1696=VECTOR('',#6316,10.);
#1697=VECTOR('',#6319,90.);
#1698=VECTOR('',#6322,90.);
#1699=VECTOR('',#6325,10.);
#1700=VECTOR('',#6326,10.);
#1701=VECTOR('',#6327,10.);
#1702=VECTOR('',#6328,10.);
#1703=VECTOR('',#6331,10.);
#1704=VECTOR('',#6332,10.);
#1705=VECTOR('',#6333,10.);
#1706=VECTOR('',#6338,10.);
#1707=VECTOR('',#6339,10.);
#1708=VECTOR('',#6342,10.);
#1709=VECTOR('',#6349,10.);
#1710=VECTOR('',#6350,10.);
#1711=VECTOR('',#6351,10.);
#1712=VECTOR('',#6352,10.);
#1713=VECTOR('',#6361,10.);
#1714=VECTOR('',#6368,10.);
#1715=VECTOR('',#6371,10.);
#1716=VECTOR('',#6374,10.);
#1717=VECTOR('',#6377,10.);
#1718=VECTOR('',#6378,10.);
#1719=VECTOR('',#6379,10.);
#1720=VECTOR('',#6380,10.);
#1721=VECTOR('',#6381,10.);
#1722=VECTOR('',#6382,10.);
#1723=VECTOR('',#6383,10.);
#1724=VECTOR('',#6388,10.);
#1725=VECTOR('',#6391,10.);
#1726=VECTOR('',#6392,10.);
#1727=VECTOR('',#6395,10.);
#1728=VECTOR('',#6396,10.);
#1729=VECTOR('',#6397,10.);
#1730=VECTOR('',#6400,10.);
#1731=VECTOR('',#6401,10.);
#1732=VECTOR('',#6406,10.);
#1733=VECTOR('',#6411,10.);
#1734=VECTOR('',#6412,10.);
#1735=VECTOR('',#6415,10.);
#1736=VECTOR('',#6420,10.);
#1737=VECTOR('',#6421,10.);
#1738=VECTOR('',#6422,10.);
#1739=VECTOR('',#6423,10.);
#1740=VECTOR('',#6424,10.);
#1741=VECTOR('',#6425,10.);
#1742=VECTOR('',#6426,10.);
#1743=VECTOR('',#6429,10.);
#1744=VECTOR('',#6438,10.);
#1745=VECTOR('',#6441,10.);
#1746=VECTOR('',#6452,10.);
#1747=VECTOR('',#6455,10.);
#1748=VECTOR('',#6456,10.);
#1749=VECTOR('',#6457,10.);
#1750=VECTOR('',#6460,10.);
#1751=VECTOR('',#6463,10.);
#1752=VECTOR('',#6466,10.);
#1753=VECTOR('',#6471,10.);
#1754=VECTOR('',#6486,10.);
#1755=VECTOR('',#6487,10.);
#1756=VECTOR('',#6492,10.);
#1757=VECTOR('',#6497,10.);
#1758=VECTOR('',#6502,10.);
#1759=VECTOR('',#6505,10.);
#1760=VECTOR('',#6506,10.);
#1761=VECTOR('',#6507,10.);
#1762=VECTOR('',#6510,10.);
#1763=VECTOR('',#6517,10.);
#1764=VECTOR('',#6520,10.);
#1765=VECTOR('',#6521,10.);
#1766=VECTOR('',#6534,10.);
#1767=VECTOR('',#6535,10.);
#1768=VECTOR('',#6538,10.);
#1769=VECTOR('',#6543,10.);
#1770=VECTOR('',#6544,10.);
#1771=VECTOR('',#6547,10.);
#1772=VECTOR('',#6550,10.);
#1773=VECTOR('',#6559,10.);
#1774=VECTOR('',#6564,10.);
#1775=VECTOR('',#6565,10.);
#1776=VECTOR('',#6570,10.);
#1777=VECTOR('',#6581,10.);
#1778=VECTOR('',#6588,10.);
#1779=VECTOR('',#6591,10.);
#1780=VECTOR('',#6594,10.);
#1781=VECTOR('',#6597,10.);
#1782=VECTOR('',#6600,10.);
#1783=VECTOR('',#6605,10.);
#1784=VECTOR('',#6610,10.);
#1785=VECTOR('',#6613,10.);
#1786=VECTOR('',#6622,10.);
#1787=VECTOR('',#6623,10.);
#1788=VECTOR('',#6626,10.);
#1789=VECTOR('',#6627,10.);
#1790=VECTOR('',#6634,10.);
#1791=VECTOR('',#6635,10.);
#1792=VECTOR('',#6636,10.);
#1793=VECTOR('',#6641,10.);
#1794=VECTOR('',#6642,10.);
#1795=VECTOR('',#6643,10.);
#1796=VECTOR('',#6646,10.);
#1797=VECTOR('',#6649,10.);
#1798=VECTOR('',#6650,10.);
#1799=VECTOR('',#6659,10.);
#1800=VECTOR('',#6660,10.);
#1801=VECTOR('',#6663,10.);
#1802=VECTOR('',#6664,10.);
#1803=VECTOR('',#6681,10.);
#1804=VECTOR('',#6690,10.);
#1805=VECTOR('',#6691,10.);
#1806=VECTOR('',#6692,10.);
#1807=VECTOR('',#6693,10.);
#1808=VECTOR('',#6694,10.);
#1809=VECTOR('',#6695,10.);
#1810=VECTOR('',#6696,10.);
#1811=VECTOR('',#6701,10.);
#1812=VECTOR('',#6704,10.);
#1813=VECTOR('',#6733,10.);
#1814=VECTOR('',#6736,10.);
#1815=VECTOR('',#6737,10.);
#1816=VECTOR('',#6740,10.);
#1817=VECTOR('',#6741,10.);
#1818=VECTOR('',#6742,10.);
#1819=VECTOR('',#6743,10.);
#1820=VECTOR('',#6744,10.);
#1821=VECTOR('',#6745,10.);
#1822=VECTOR('',#6750,10.);
#1823=VECTOR('',#6781,10.);
#1824=VECTOR('',#6782,10.);
#1825=VECTOR('',#6785,10.);
#1826=VECTOR('',#6786,10.);
#1827=VECTOR('',#6787,10.);
#1828=VECTOR('',#6788,10.);
#1829=VECTOR('',#6789,10.);
#1830=VECTOR('',#6792,10.);
#1831=VECTOR('',#6793,10.);
#1832=VECTOR('',#6796,10.);
#1833=VECTOR('',#6799,10.);
#1834=VECTOR('',#6800,10.);
#1835=VECTOR('',#6805,10.);
#1836=VECTOR('',#6806,10.);
#1837=VECTOR('',#6811,10.);
#1838=VECTOR('',#6816,10.);
#1839=VECTOR('',#6819,10.);
#1840=VECTOR('',#6820,10.);
#1841=VECTOR('',#6827,10.);
#1842=VECTOR('',#6836,10.);
#1843=VECTOR('',#6839,10.);
#1844=VECTOR('',#6840,10.);
#1845=VECTOR('',#6843,10.);
#1846=VECTOR('',#6848,10.);
#1847=VECTOR('',#6851,10.);
#1848=VECTOR('',#6856,10.);
#1849=VECTOR('',#6859,10.);
#1850=VECTOR('',#6862,10.);
#1851=VECTOR('',#6867,10.);
#1852=VECTOR('',#6868,10.);
#1853=VECTOR('',#6871,10.);
#1854=VECTOR('',#6872,10.);
#1855=VECTOR('',#6899,10.);
#1856=VECTOR('',#6902,10.);
#1857=VECTOR('',#6907,10.);
#1858=VECTOR('',#6912,10.);
#1859=VECTOR('',#6913,10.);
#1860=VECTOR('',#6914,10.);
#1861=VECTOR('',#6915,10.);
#1862=VECTOR('',#6928,100.);
#1863=VECTOR('',#6933,10.);
#1864=VECTOR('',#6934,10.);
#1865=VECTOR('',#6935,10.);
#1866=VECTOR('',#6936,10.);
#1867=VECTOR('',#6939,10.);
#1868=VECTOR('',#6940,10.);
#1869=VECTOR('',#6943,10.);
#1870=VECTOR('',#6948,10.);
#1871=VECTOR('',#6955,10.);
#1872=VECTOR('',#6960,10.);
#1873=VECTOR('',#6965,10.);
#1874=VECTOR('',#6966,10.);
#1875=VECTOR('',#6971,10.);
#1876=VECTOR('',#6974,10.);
#1877=VECTOR('',#6977,10.);
#1878=VECTOR('',#6978,10.);
#1879=VECTOR('',#6985,20.);
#1880=VECTOR('',#6988,10.);
#1881=VECTOR('',#6989,10.);
#1882=VECTOR('',#6992,10.);
#1883=VECTOR('',#7001,10.);
#1884=VECTOR('',#7008,20.);
#1885=VECTOR('',#7011,10.);
#1886=VECTOR('',#7012,10.);
#1887=VECTOR('',#7013,10.);
#1888=VECTOR('',#7016,10.);
#1889=VECTOR('',#7019,10.);
#1890=VECTOR('',#7020,10.);
#1891=VECTOR('',#7021,10.);
#1892=VECTOR('',#7022,10.);
#1893=VECTOR('',#7023,10.);
#1894=VECTOR('',#7026,10.);
#1895=VECTOR('',#7045,50.);
#1896=VECTOR('',#7052,50.);
#1897=VECTOR('',#7055,225.);
#1898=VECTOR('',#7064,125.);
#1899=VECTOR('',#7073,10.);
#1900=VECTOR('',#7076,10.);
#1901=VECTOR('',#7081,10.);
#1902=VECTOR('',#7086,90.);
#1903=VECTOR('',#7089,90.);
#1904=VECTOR('',#7092,10.);
#1905=VECTOR('',#7093,10.);
#1906=VECTOR('',#7096,10.);
#1907=VECTOR('',#7099,10.);
#1908=VECTOR('',#7102,10.);
#1909=VECTOR('',#7103,10.);
#1910=VECTOR('',#7110,100.);
#1911=VECTOR('',#7121,317.5);
#1912=B_SPLINE_CURVE_WITH_KNOTS('',3,(#7132,#7133,#7134,#7135,#7136,#7137,
#7138,#7139,#7140,#7141),.UNSPECIFIED.,.F.,.F.,(4,2,2,2,4),(0.,1.89820117810698,
3.79640235621397,5.69460353432095,7.59280471242794),.UNSPECIFIED.);
#1913=B_SPLINE_CURVE_WITH_KNOTS('',3,(#7156,#7157,#7158,#7159,#7160,#7161,
#7162,#7163,#7164,#7165),.UNSPECIFIED.,.F.,.F.,(4,2,2,2,4),(0.,0.375478257521896,
0.750956515043793,1.15654669370655,1.56213687236931),.UNSPECIFIED.);
#1914=B_SPLINE_CURVE_WITH_KNOTS('',3,(#7169,#7170,#7171,#7172,#7173,#7174,
#7175,#7176,#7177,#7178),.UNSPECIFIED.,.F.,.F.,(4,2,2,2,4),(14.6017985329652,
16.4999997110722,18.3982008891792,20.2964020672862,22.1946032453932),
 .UNSPECIFIED.);
#1915=B_SPLINE_CURVE_WITH_KNOTS('',3,(#7220,#7221,#7222,#7223,#7224,#7225,
#7226,#7227,#7228,#7229),.UNSPECIFIED.,.F.,.F.,(4,2,2,2,4),(14.6017985329652,
16.4999997110722,18.3982008891792,20.2964020672861,22.1946032453931),
 .UNSPECIFIED.);
#1916=B_SPLINE_CURVE_WITH_KNOTS('',3,(#7242,#7243,#7244,#7245,#7246,#7247,
#7248,#7249,#7250,#7251),.UNSPECIFIED.,.F.,.F.,(4,2,2,2,4),(-1.56213687236932,
-1.15654669370656,-0.750956515043807,-0.375478257521904,0.),
 .UNSPECIFIED.);
#1917=B_SPLINE_CURVE_WITH_KNOTS('',3,(#7252,#7253,#7254,#7255,#7256,#7257,
#7258,#7259,#7260,#7261),.UNSPECIFIED.,.F.,.F.,(4,2,2,2,4),(0.,1.89820117810698,
3.79640235621397,5.69460353432095,7.59280471242794),.UNSPECIFIED.);
#1918=B_SPLINE_CURVE_WITH_KNOTS('',3,(#7499,#7500,#7501,#7502,#7503,#7504,
#7505,#7506,#7507,#7508,#7509,#7510,#7511,#7512),.UNSPECIFIED.,.F.,.F.,
(4,2,2,2,2,2,4),(1.52808038611133,1.56353858232168,1.82675066954807,2.08996275677445,
2.35064046959925,2.61131818242405,2.83412761744354),.UNSPECIFIED.);
#1919=B_SPLINE_CURVE_WITH_KNOTS('',3,(#7514,#7515,#7516,#7517,#7518,#7519,
#7520,#7521,#7522,#7523,#7524,#7525,#7526,#7527),.UNSPECIFIED.,.F.,.F.,
(4,2,2,2,2,2,4),(7.61114511225269,7.83395454727217,8.09463226009698,8.35530997292178,
8.61852206014817,8.88173414737455,8.91719234358318),.UNSPECIFIED.);
#1920=B_SPLINE_CURVE_WITH_KNOTS('',3,(#7535,#7536,#7537,#7538,#7539,#7540,
#7541,#7542,#7543,#7544,#7545,#7546,#7547,#7548),.UNSPECIFIED.,.F.,.F.,
(4,2,2,2,2,2,4),(1.52808038611132,1.56353858232076,1.82675066954679,2.08996275677281,
2.35064046959732,2.61131818242184,2.8341276174413),.UNSPECIFIED.);
#1921=B_SPLINE_CURVE_WITH_KNOTS('',3,(#7576,#7577,#7578,#7579,#7580,#7581),
 .UNSPECIFIED.,.F.,.F.,(4,2,4),(8.6661822350736,8.66674426275709,8.77483062241045),
 .UNSPECIFIED.);
#1922=B_SPLINE_CURVE_WITH_KNOTS('',3,(#7593,#7594,#7595,#7596,#7597,#7598,
#7599,#7600,#7601,#7602,#7603,#7604,#7605,#7606,#7607,#7608,#7609,#7610),
 .UNSPECIFIED.,.F.,.F.,(4,2,2,2,2,2,2,2,4),(5.26615578311395,5.44152198531128,
5.61688818750861,5.79225438970593,5.96762059190326,6.31835299629791,6.50441702445782,
6.69048105261774,6.81963475213697),.UNSPECIFIED.);
#1923=B_SPLINE_CURVE_WITH_KNOTS('',3,(#7669,#7670,#7671,#7672,#7673,#7674,
#7675,#7676,#7677,#7678,#7679,#7680,#7681,#7682,#7683,#7684),
 .UNSPECIFIED.,.F.,.F.,(4,2,2,2,2,2,2,4),(2.14408893020655,2.15388775517971,
2.50026335954612,2.86631790467021,3.2323724497943,3.38781204245659,3.54325163511889,
3.82889786677603),.UNSPECIFIED.);
#1924=B_SPLINE_CURVE_WITH_KNOTS('',3,(#7756,#7757,#7758,#7759,#7760,#7761,
#7762,#7763,#7764,#7765,#7766,#7767,#7768,#7769),.UNSPECIFIED.,.F.,.F.,
(4,2,2,2,2,2,4),(0.,0.404873813451321,0.607310720176981,0.809747626902641,
0.986436811597627,1.16312599629261,1.20950863650511),.UNSPECIFIED.);
#1925=B_SPLINE_CURVE_WITH_KNOTS('',3,(#7895,#7896,#7897,#7898,#7899,#7900,
#7901,#7902,#7903,#7904,#7905,#7906,#7907,#7908,#7909,#7910,#7911,#7912),
 .UNSPECIFIED.,.F.,.F.,(4,2,2,2,2,2,2,2,4),(1.49586702338281,1.68593258679487,
1.87599815020692,2.06415276012092,2.25230737003491,2.43814787818542,2.62398838633593,
2.80792175827992,2.99185513022391),.UNSPECIFIED.);
#1926=B_SPLINE_CURVE_WITH_KNOTS('',3,(#7945,#7946,#7947,#7948,#7949,#7950,
#7951,#7952,#7953,#7954,#7955,#7956,#7957,#7958),.UNSPECIFIED.,.F.,.F.,
(4,2,2,2,2,2,4),(2.03437918860568,2.22565661360464,3.07093765150392,3.52501952104297,
3.82390997065462,4.02234769917445,4.08038110635286),.UNSPECIFIED.);
#1927=B_SPLINE_CURVE_WITH_KNOTS('',3,(#8263,#8264,#8265,#8266,#8267,#8268,
#8269,#8270,#8271,#8272,#8273,#8274,#8275,#8276),.UNSPECIFIED.,.F.,.F.,
(4,2,2,2,2,2,4),(1.52808038611132,1.56353858232076,1.82675066954679,2.08996275677281,
2.35064046959732,2.61131818242184,2.8341276174413),.UNSPECIFIED.);
#1928=B_SPLINE_CURVE_WITH_KNOTS('',3,(#8283,#8284,#8285,#8286,#8287,#8288,
#8289,#8290,#8291,#8292,#8293,#8294,#8295,#8296),.UNSPECIFIED.,.F.,.F.,
(4,2,2,2,2,2,4),(7.61114511225269,7.83395454727217,8.09463226009698,8.35530997292178,
8.61852206014817,8.88173414737455,8.91719234358318),.UNSPECIFIED.);
#1929=B_SPLINE_CURVE_WITH_KNOTS('',3,(#8297,#8298,#8299,#8300,#8301,#8302,
#8303,#8304,#8305,#8306,#8307,#8308,#8309,#8310),.UNSPECIFIED.,.F.,.F.,
(4,2,2,2,2,2,4),(1.52808038611133,1.56353858232168,1.82675066954807,2.08996275677445,
2.35064046959925,2.61131818242405,2.83412761744354),.UNSPECIFIED.);
#1930=B_SPLINE_CURVE_WITH_KNOTS('',3,(#8344,#8345,#8346,#8347,#8348,#8349),
 .UNSPECIFIED.,.F.,.F.,(4,2,4),(8.6661822350736,8.66674426275709,8.77483062241045),
 .UNSPECIFIED.);
#1931=B_SPLINE_CURVE_WITH_KNOTS('',3,(#8371,#8372,#8373,#8374,#8375,#8376,
#8377,#8378,#8379,#8380,#8381,#8382,#8383,#8384,#8385,#8386,#8387,#8388),
 .UNSPECIFIED.,.F.,.F.,(4,2,2,2,2,2,2,2,4),(5.26615578311395,5.44152198531128,
5.61688818750861,5.79225438970593,5.96762059190326,6.31835299629791,6.50441702445782,
6.69048105261774,6.81963475213697),.UNSPECIFIED.);
#1932=B_SPLINE_CURVE_WITH_KNOTS('',3,(#8448,#8449,#8450,#8451,#8452,#8453,
#8454,#8455,#8456,#8457,#8458,#8459,#8460,#8461),.UNSPECIFIED.,.F.,.F.,
(4,2,2,2,2,2,4),(0.,0.404873813451321,0.607310720176981,0.809747626902641,
0.986436811597627,1.16312599629261,1.20950863650511),.UNSPECIFIED.);
#1933=B_SPLINE_CURVE_WITH_KNOTS('',3,(#8478,#8479,#8480,#8481,#8482,#8483,
#8484,#8485,#8486,#8487,#8488,#8489,#8490,#8491,#8492,#8493),
 .UNSPECIFIED.,.F.,.F.,(4,2,2,2,2,2,2,4),(2.14408893020655,2.15388775517971,
2.50026335954612,2.86631790467021,3.2323724497943,3.38781204245659,3.54325163511889,
3.82889786677603),.UNSPECIFIED.);
#1934=B_SPLINE_CURVE_WITH_KNOTS('',3,(#8677,#8678,#8679,#8680,#8681,#8682,
#8683,#8684,#8685,#8686,#8687,#8688,#8689,#8690,#8691,#8692,#8693,#8694),
 .UNSPECIFIED.,.F.,.F.,(4,2,2,2,2,2,2,2,4),(1.49586702338281,1.68593258679487,
1.87599815020692,2.06415276012092,2.25230737003491,2.43814787818542,2.62398838633593,
2.80792175827992,2.99185513022391),.UNSPECIFIED.);
#1935=B_SPLINE_CURVE_WITH_KNOTS('',3,(#8730,#8731,#8732,#8733,#8734,#8735,
#8736,#8737,#8738,#8739,#8740,#8741,#8742,#8743),.UNSPECIFIED.,.F.,.F.,
(4,2,2,2,2,2,4),(2.03437918860568,2.22565661360464,3.07093765150392,3.52501952104297,
3.82390997065462,4.02234769917445,4.08038110635286),.UNSPECIFIED.);
#1936=VERTEX_POINT('',#7130);
#1937=VERTEX_POINT('',#7131);
#1938=VERTEX_POINT('',#7142);
#1939=VERTEX_POINT('',#7144);
#1940=VERTEX_POINT('',#7148);
#1941=VERTEX_POINT('',#7150);
#1942=VERTEX_POINT('',#7154);
#1943=VERTEX_POINT('',#7155);
#1944=VERTEX_POINT('',#7166);
#1945=VERTEX_POINT('',#7168);
#1946=VERTEX_POINT('',#7181);
#1947=VERTEX_POINT('',#7183);
#1948=VERTEX_POINT('',#7185);
#1949=VERTEX_POINT('',#7187);
#1950=VERTEX_POINT('',#7189);
#1951=VERTEX_POINT('',#7191);
#1952=VERTEX_POINT('',#7193);
#1953=VERTEX_POINT('',#7195);
#1954=VERTEX_POINT('',#7197);
#1955=VERTEX_POINT('',#7199);
#1956=VERTEX_POINT('',#7201);
#1957=VERTEX_POINT('',#7203);
#1958=VERTEX_POINT('',#7205);
#1959=VERTEX_POINT('',#7207);
#1960=VERTEX_POINT('',#7209);
#1961=VERTEX_POINT('',#7211);
#1962=VERTEX_POINT('',#7213);
#1963=VERTEX_POINT('',#7215);
#1964=VERTEX_POINT('',#7219);
#1965=VERTEX_POINT('',#7230);
#1966=VERTEX_POINT('',#7234);
#1967=VERTEX_POINT('',#7236);
#1968=VERTEX_POINT('',#7238);
#1969=VERTEX_POINT('',#7263);
#1970=VERTEX_POINT('',#7264);
#1971=VERTEX_POINT('',#7266);
#1972=VERTEX_POINT('',#7268);
#1973=VERTEX_POINT('',#7272);
#1974=VERTEX_POINT('',#7274);
#1975=VERTEX_POINT('',#7276);
#1976=VERTEX_POINT('',#7278);
#1977=VERTEX_POINT('',#7280);
#1978=VERTEX_POINT('',#7282);
#1979=VERTEX_POINT('',#7286);
#1980=VERTEX_POINT('',#7287);
#1981=VERTEX_POINT('',#7289);
#1982=VERTEX_POINT('',#7291);
#1983=VERTEX_POINT('',#7295);
#1984=VERTEX_POINT('',#7297);
#1985=VERTEX_POINT('',#7299);
#1986=VERTEX_POINT('',#7304);
#1987=VERTEX_POINT('',#7306);
#1988=VERTEX_POINT('',#7310);
#1989=VERTEX_POINT('',#7311);
#1990=VERTEX_POINT('',#7313);
#1991=VERTEX_POINT('',#7315);
#1992=VERTEX_POINT('',#7319);
#1993=VERTEX_POINT('',#7322);
#1994=VERTEX_POINT('',#7326);
#1995=VERTEX_POINT('',#7327);
#1996=VERTEX_POINT('',#7329);
#1997=VERTEX_POINT('',#7331);
#1998=VERTEX_POINT('',#7335);
#1999=VERTEX_POINT('',#7337);
#2000=VERTEX_POINT('',#7341);
#2001=VERTEX_POINT('',#7342);
#2002=VERTEX_POINT('',#7344);
#2003=VERTEX_POINT('',#7346);
#2004=VERTEX_POINT('',#7350);
#2005=VERTEX_POINT('',#7352);
#2006=VERTEX_POINT('',#7358);
#2007=VERTEX_POINT('',#7359);
#2008=VERTEX_POINT('',#7361);
#2009=VERTEX_POINT('',#7363);
#2010=VERTEX_POINT('',#7365);
#2011=VERTEX_POINT('',#7367);
#2012=VERTEX_POINT('',#7369);
#2013=VERTEX_POINT('',#7371);
#2014=VERTEX_POINT('',#7373);
#2015=VERTEX_POINT('',#7375);
#2016=VERTEX_POINT('',#7379);
#2017=VERTEX_POINT('',#7381);
#2018=VERTEX_POINT('',#7385);
#2019=VERTEX_POINT('',#7387);
#2020=VERTEX_POINT('',#7391);
#2021=VERTEX_POINT('',#7392);
#2022=VERTEX_POINT('',#7394);
#2023=VERTEX_POINT('',#7396);
#2024=VERTEX_POINT('',#7400);
#2025=VERTEX_POINT('',#7401);
#2026=VERTEX_POINT('',#7403);
#2027=VERTEX_POINT('',#7405);
#2028=VERTEX_POINT('',#7409);
#2029=VERTEX_POINT('',#7410);
#2030=VERTEX_POINT('',#7418);
#2031=VERTEX_POINT('',#7420);
#2032=VERTEX_POINT('',#7426);
#2033=VERTEX_POINT('',#7427);
#2034=VERTEX_POINT('',#7429);
#2035=VERTEX_POINT('',#7431);
#2036=VERTEX_POINT('',#7435);
#2037=VERTEX_POINT('',#7436);
#2038=VERTEX_POINT('',#7438);
#2039=VERTEX_POINT('',#7440);
#2040=VERTEX_POINT('',#7444);
#2041=VERTEX_POINT('',#7445);
#2042=VERTEX_POINT('',#7453);
#2043=VERTEX_POINT('',#7455);
#2044=VERTEX_POINT('',#7459);
#2045=VERTEX_POINT('',#7460);
#2046=VERTEX_POINT('',#7462);
#2047=VERTEX_POINT('',#7464);
#2048=VERTEX_POINT('',#7466);
#2049=VERTEX_POINT('',#7470);
#2050=VERTEX_POINT('',#7472);
#2051=VERTEX_POINT('',#7477);
#2052=VERTEX_POINT('',#7480);
#2053=VERTEX_POINT('',#7481);
#2054=VERTEX_POINT('',#7484);
#2055=VERTEX_POINT('',#7486);
#2056=VERTEX_POINT('',#7490);
#2057=VERTEX_POINT('',#7491);
#2058=VERTEX_POINT('',#7496);
#2059=VERTEX_POINT('',#7497);
#2060=VERTEX_POINT('',#7513);
#2061=VERTEX_POINT('',#7528);
#2062=VERTEX_POINT('',#7530);
#2063=VERTEX_POINT('',#7532);
#2064=VERTEX_POINT('',#7534);
#2065=VERTEX_POINT('',#7556);
#2066=VERTEX_POINT('',#7558);
#2067=VERTEX_POINT('',#7562);
#2068=VERTEX_POINT('',#7566);
#2069=VERTEX_POINT('',#7568);
#2070=VERTEX_POINT('',#7572);
#2071=VERTEX_POINT('',#7574);
#2072=VERTEX_POINT('',#7583);
#2073=VERTEX_POINT('',#7584);
#2074=VERTEX_POINT('',#7586);
#2075=VERTEX_POINT('',#7588);
#2076=VERTEX_POINT('',#7590);
#2077=VERTEX_POINT('',#7592);
#2078=VERTEX_POINT('',#7613);
#2079=VERTEX_POINT('',#7615);
#2080=VERTEX_POINT('',#7619);
#2081=VERTEX_POINT('',#7622);
#2082=VERTEX_POINT('',#7624);
#2083=VERTEX_POINT('',#7626);
#2084=VERTEX_POINT('',#7628);
#2085=VERTEX_POINT('',#7630);
#2086=VERTEX_POINT('',#7632);
#2087=VERTEX_POINT('',#7634);
#2088=VERTEX_POINT('',#7636);
#2089=VERTEX_POINT('',#7639);
#2090=VERTEX_POINT('',#7642);
#2091=VERTEX_POINT('',#7644);
#2092=VERTEX_POINT('',#7646);
#2093=VERTEX_POINT('',#7648);
#2094=VERTEX_POINT('',#7652);
#2095=VERTEX_POINT('',#7656);
#2096=VERTEX_POINT('',#7657);
#2097=VERTEX_POINT('',#7659);
#2098=VERTEX_POINT('',#7664);
#2099=VERTEX_POINT('',#7668);
#2100=VERTEX_POINT('',#7689);
#2101=VERTEX_POINT('',#7690);
#2102=VERTEX_POINT('',#7693);
#2103=VERTEX_POINT('',#7695);
#2104=VERTEX_POINT('',#7697);
#2105=VERTEX_POINT('',#7699);
#2106=VERTEX_POINT('',#7701);
#2107=VERTEX_POINT('',#7705);
#2108=VERTEX_POINT('',#7706);
#2109=VERTEX_POINT('',#7708);
#2110=VERTEX_POINT('',#7710);
#2111=VERTEX_POINT('',#7714);
#2112=VERTEX_POINT('',#7715);
#2113=VERTEX_POINT('',#7720);
#2114=VERTEX_POINT('',#7721);
#2115=VERTEX_POINT('',#7726);
#2116=VERTEX_POINT('',#7731);
#2117=VERTEX_POINT('',#7735);
#2118=VERTEX_POINT('',#7737);
#2119=VERTEX_POINT('',#7739);
#2120=VERTEX_POINT('',#7742);
#2121=VERTEX_POINT('',#7745);
#2122=VERTEX_POINT('',#7748);
#2123=VERTEX_POINT('',#7751);
#2124=VERTEX_POINT('',#7752);
#2125=VERTEX_POINT('',#7754);
#2126=VERTEX_POINT('',#7772);
#2127=VERTEX_POINT('',#7773);
#2128=VERTEX_POINT('',#7778);
#2129=VERTEX_POINT('',#7779);
#2130=VERTEX_POINT('',#7784);
#2131=VERTEX_POINT('',#7785);
#2132=VERTEX_POINT('',#7790);
#2133=VERTEX_POINT('',#7791);
#2134=VERTEX_POINT('',#7796);
#2135=VERTEX_POINT('',#7799);
#2136=VERTEX_POINT('',#7804);
#2137=VERTEX_POINT('',#7806);
#2138=VERTEX_POINT('',#7808);
#2139=VERTEX_POINT('',#7812);
#2140=VERTEX_POINT('',#7814);
#2141=VERTEX_POINT('',#7816);
#2142=VERTEX_POINT('',#7819);
#2143=VERTEX_POINT('',#7822);
#2144=VERTEX_POINT('',#7824);
#2145=VERTEX_POINT('',#7828);
#2146=VERTEX_POINT('',#7830);
#2147=VERTEX_POINT('',#7836);
#2148=VERTEX_POINT('',#7838);
#2149=VERTEX_POINT('',#7841);
#2150=VERTEX_POINT('',#7844);
#2151=VERTEX_POINT('',#7845);
#2152=VERTEX_POINT('',#7850);
#2153=VERTEX_POINT('',#7852);
#2154=VERTEX_POINT('',#7854);
#2155=VERTEX_POINT('',#7865);
#2156=VERTEX_POINT('',#7866);
#2157=VERTEX_POINT('',#7868);
#2158=VERTEX_POINT('',#7873);
#2159=VERTEX_POINT('',#7875);
#2160=VERTEX_POINT('',#7879);
#2161=VERTEX_POINT('',#7883);
#2162=VERTEX_POINT('',#7893);
#2163=VERTEX_POINT('',#7894);
#2164=VERTEX_POINT('',#7913);
#2165=VERTEX_POINT('',#7915);
#2166=VERTEX_POINT('',#7919);
#2167=VERTEX_POINT('',#7924);
#2168=VERTEX_POINT('',#7928);
#2169=VERTEX_POINT('',#7932);
#2170=VERTEX_POINT('',#7936);
#2171=VERTEX_POINT('',#7960);
#2172=VERTEX_POINT('',#7962);
#2173=VERTEX_POINT('',#7967);
#2174=VERTEX_POINT('',#7970);
#2175=VERTEX_POINT('',#7973);
#2176=VERTEX_POINT('',#7978);
#2177=VERTEX_POINT('',#7982);
#2178=VERTEX_POINT('',#7987);
#2179=VERTEX_POINT('',#7991);
#2180=VERTEX_POINT('',#7993);
#2181=VERTEX_POINT('',#7999);
#2182=VERTEX_POINT('',#8004);
#2183=VERTEX_POINT('',#8011);
#2184=VERTEX_POINT('',#8017);
#2185=VERTEX_POINT('',#8022);
#2186=VERTEX_POINT('',#8026);
#2187=VERTEX_POINT('',#8029);
#2188=VERTEX_POINT('',#8033);
#2189=VERTEX_POINT('',#8047);
#2190=VERTEX_POINT('',#8049);
#2191=VERTEX_POINT('',#8051);
#2192=VERTEX_POINT('',#8055);
#2193=VERTEX_POINT('',#8056);
#2194=VERTEX_POINT('',#8058);
#2195=VERTEX_POINT('',#8070);
#2196=VERTEX_POINT('',#8071);
#2197=VERTEX_POINT('',#8073);
#2198=VERTEX_POINT('',#8075);
#2199=VERTEX_POINT('',#8079);
#2200=VERTEX_POINT('',#8082);
#2201=VERTEX_POINT('',#8086);
#2202=VERTEX_POINT('',#8088);
#2203=VERTEX_POINT('',#8092);
#2204=VERTEX_POINT('',#8094);
#2205=VERTEX_POINT('',#8098);
#2206=VERTEX_POINT('',#8100);
#2207=VERTEX_POINT('',#8102);
#2208=VERTEX_POINT('',#8104);
#2209=VERTEX_POINT('',#8106);
#2210=VERTEX_POINT('',#8110);
#2211=VERTEX_POINT('',#8113);
#2212=VERTEX_POINT('',#8114);
#2213=VERTEX_POINT('',#8117);
#2214=VERTEX_POINT('',#8119);
#2215=VERTEX_POINT('',#8121);
#2216=VERTEX_POINT('',#8123);
#2217=VERTEX_POINT('',#8125);
#2218=VERTEX_POINT('',#8129);
#2219=VERTEX_POINT('',#8131);
#2220=VERTEX_POINT('',#8135);
#2221=VERTEX_POINT('',#8142);
#2222=VERTEX_POINT('',#8144);
#2223=VERTEX_POINT('',#8146);
#2224=VERTEX_POINT('',#8148);
#2225=VERTEX_POINT('',#8150);
#2226=VERTEX_POINT('',#8152);
#2227=VERTEX_POINT('',#8154);
#2228=VERTEX_POINT('',#8156);
#2229=VERTEX_POINT('',#8158);
#2230=VERTEX_POINT('',#8162);
#2231=VERTEX_POINT('',#8163);
#2232=VERTEX_POINT('',#8168);
#2233=VERTEX_POINT('',#8169);
#2234=VERTEX_POINT('',#8171);
#2235=VERTEX_POINT('',#8173);
#2236=VERTEX_POINT('',#8177);
#2237=VERTEX_POINT('',#8184);
#2238=VERTEX_POINT('',#8186);
#2239=VERTEX_POINT('',#8192);
#2240=VERTEX_POINT('',#8193);
#2241=VERTEX_POINT('',#8195);
#2242=VERTEX_POINT('',#8197);
#2243=VERTEX_POINT('',#8201);
#2244=VERTEX_POINT('',#8202);
#2245=VERTEX_POINT('',#8207);
#2246=VERTEX_POINT('',#8208);
#2247=VERTEX_POINT('',#8216);
#2248=VERTEX_POINT('',#8220);
#2249=VERTEX_POINT('',#8221);
#2250=VERTEX_POINT('',#8223);
#2251=VERTEX_POINT('',#8225);
#2252=VERTEX_POINT('',#8227);
#2253=VERTEX_POINT('',#8231);
#2254=VERTEX_POINT('',#8233);
#2255=VERTEX_POINT('',#8238);
#2256=VERTEX_POINT('',#8241);
#2257=VERTEX_POINT('',#8242);
#2258=VERTEX_POINT('',#8244);
#2259=VERTEX_POINT('',#8246);
#2260=VERTEX_POINT('',#8251);
#2261=VERTEX_POINT('',#8252);
#2262=VERTEX_POINT('',#8257);
#2263=VERTEX_POINT('',#8258);
#2264=VERTEX_POINT('',#8262);
#2265=VERTEX_POINT('',#8277);
#2266=VERTEX_POINT('',#8279);
#2267=VERTEX_POINT('',#8281);
#2268=VERTEX_POINT('',#8315);
#2269=VERTEX_POINT('',#8317);
#2270=VERTEX_POINT('',#8325);
#2271=VERTEX_POINT('',#8328);
#2272=VERTEX_POINT('',#8332);
#2273=VERTEX_POINT('',#8334);
#2274=VERTEX_POINT('',#8341);
#2275=VERTEX_POINT('',#8343);
#2276=VERTEX_POINT('',#8353);
#2277=VERTEX_POINT('',#8355);
#2278=VERTEX_POINT('',#8359);
#2279=VERTEX_POINT('',#8361);
#2280=VERTEX_POINT('',#8365);
#2281=VERTEX_POINT('',#8366);
#2282=VERTEX_POINT('',#8368);
#2283=VERTEX_POINT('',#8370);
#2284=VERTEX_POINT('',#8389);
#2285=VERTEX_POINT('',#8391);
#2286=VERTEX_POINT('',#8395);
#2287=VERTEX_POINT('',#8397);
#2288=VERTEX_POINT('',#8404);
#2289=VERTEX_POINT('',#8406);
#2290=VERTEX_POINT('',#8408);
#2291=VERTEX_POINT('',#8410);
#2292=VERTEX_POINT('',#8412);
#2293=VERTEX_POINT('',#8414);
#2294=VERTEX_POINT('',#8416);
#2295=VERTEX_POINT('',#8418);
#2296=VERTEX_POINT('',#8420);
#2297=VERTEX_POINT('',#8424);
#2298=VERTEX_POINT('',#8427);
#2299=VERTEX_POINT('',#8429);
#2300=VERTEX_POINT('',#8431);
#2301=VERTEX_POINT('',#8433);
#2302=VERTEX_POINT('',#8437);
#2303=VERTEX_POINT('',#8443);
#2304=VERTEX_POINT('',#8444);
#2305=VERTEX_POINT('',#8447);
#2306=VERTEX_POINT('',#8464);
#2307=VERTEX_POINT('',#8466);
#2308=VERTEX_POINT('',#8469);
#2309=VERTEX_POINT('',#8477);
#2310=VERTEX_POINT('',#8499);
#2311=VERTEX_POINT('',#8501);
#2312=VERTEX_POINT('',#8503);
#2313=VERTEX_POINT('',#8505);
#2314=VERTEX_POINT('',#8507);
#2315=VERTEX_POINT('',#8509);
#2316=VERTEX_POINT('',#8513);
#2317=VERTEX_POINT('',#8514);
#2318=VERTEX_POINT('',#8516);
#2319=VERTEX_POINT('',#8518);
#2320=VERTEX_POINT('',#8522);
#2321=VERTEX_POINT('',#8523);
#2322=VERTEX_POINT('',#8528);
#2323=VERTEX_POINT('',#8529);
#2324=VERTEX_POINT('',#8534);
#2325=VERTEX_POINT('',#8539);
#2326=VERTEX_POINT('',#8543);
#2327=VERTEX_POINT('',#8545);
#2328=VERTEX_POINT('',#8548);
#2329=VERTEX_POINT('',#8551);
#2330=VERTEX_POINT('',#8553);
#2331=VERTEX_POINT('',#8555);
#2332=VERTEX_POINT('',#8558);
#2333=VERTEX_POINT('',#8561);
#2334=VERTEX_POINT('',#8565);
#2335=VERTEX_POINT('',#8566);
#2336=VERTEX_POINT('',#8571);
#2337=VERTEX_POINT('',#8572);
#2338=VERTEX_POINT('',#8577);
#2339=VERTEX_POINT('',#8578);
#2340=VERTEX_POINT('',#8583);
#2341=VERTEX_POINT('',#8584);
#2342=VERTEX_POINT('',#8590);
#2343=VERTEX_POINT('',#8593);
#2344=VERTEX_POINT('',#8597);
#2345=VERTEX_POINT('',#8599);
#2346=VERTEX_POINT('',#8601);
#2347=VERTEX_POINT('',#8605);
#2348=VERTEX_POINT('',#8608);
#2349=VERTEX_POINT('',#8611);
#2350=VERTEX_POINT('',#8613);
#2351=VERTEX_POINT('',#8617);
#2352=VERTEX_POINT('',#8620);
#2353=VERTEX_POINT('',#8624);
#2354=VERTEX_POINT('',#8628);
#2355=VERTEX_POINT('',#8631);
#2356=VERTEX_POINT('',#8632);
#2357=VERTEX_POINT('',#8637);
#2358=VERTEX_POINT('',#8647);
#2359=VERTEX_POINT('',#8648);
#2360=VERTEX_POINT('',#8651);
#2361=VERTEX_POINT('',#8655);
#2362=VERTEX_POINT('',#8657);
#2363=VERTEX_POINT('',#8661);
#2364=VERTEX_POINT('',#8665);
#2365=VERTEX_POINT('',#8675);
#2366=VERTEX_POINT('',#8676);
#2367=VERTEX_POINT('',#8695);
#2368=VERTEX_POINT('',#8697);
#2369=VERTEX_POINT('',#8701);
#2370=VERTEX_POINT('',#8706);
#2371=VERTEX_POINT('',#8710);
#2372=VERTEX_POINT('',#8714);
#2373=VERTEX_POINT('',#8718);
#2374=VERTEX_POINT('',#8720);
#2375=VERTEX_POINT('',#8722);
#2376=VERTEX_POINT('',#8745);
#2377=VERTEX_POINT('',#8749);
#2378=VERTEX_POINT('',#8752);
#2379=VERTEX_POINT('',#8756);
#2380=VERTEX_POINT('',#8765);
#2381=VERTEX_POINT('',#8767);
#2382=VERTEX_POINT('',#8773);
#2383=VERTEX_POINT('',#8776);
#2384=VERTEX_POINT('',#8779);
#2385=VERTEX_POINT('',#8786);
#2386=VERTEX_POINT('',#8789);
#2387=VERTEX_POINT('',#8795);
#2388=VERTEX_POINT('',#8802);
#2389=VERTEX_POINT('',#8807);
#2390=VERTEX_POINT('',#8812);
#2391=VERTEX_POINT('',#8814);
#2392=VERTEX_POINT('',#8820);
#2393=VERTEX_POINT('',#8822);
#2394=VERTEX_POINT('',#8824);
#2395=VERTEX_POINT('',#8826);
#2396=VERTEX_POINT('',#8832);
#2397=VERTEX_POINT('',#8843);
#2398=VERTEX_POINT('',#8848);
#2399=VERTEX_POINT('',#8852);
#2400=VERTEX_POINT('',#8855);
#2401=VERTEX_POINT('',#8859);
#2402=VERTEX_POINT('',#8874);
#2403=VERTEX_POINT('',#8878);
#2404=VERTEX_POINT('',#8879);
#2405=VERTEX_POINT('',#8893);
#2406=EDGE_CURVE('',#1936,#1937,#1912,.F.);
#2407=EDGE_CURVE('',#1937,#1938,#1052,.T.);
#2408=EDGE_CURVE('',#1938,#1939,#838,.F.);
#2409=EDGE_CURVE('',#1939,#1936,#1053,.T.);
#2410=EDGE_CURVE('',#1940,#1937,#1054,.T.);
#2411=EDGE_CURVE('',#1941,#1940,#1055,.T.);
#2412=EDGE_CURVE('',#1938,#1941,#1056,.T.);
#2413=EDGE_CURVE('',#1942,#1943,#1913,.F.);
#2414=EDGE_CURVE('',#1943,#1944,#1057,.T.);
#2415=EDGE_CURVE('',#1944,#1945,#1914,.F.);
#2416=EDGE_CURVE('',#1945,#1942,#1058,.T.);
#2417=EDGE_CURVE('',#1946,#1943,#1059,.T.);
#2418=EDGE_CURVE('',#1946,#1947,#1060,.T.);
#2419=EDGE_CURVE('',#1947,#1948,#1061,.T.);
#2420=EDGE_CURVE('',#1948,#1949,#1062,.T.);
#2421=EDGE_CURVE('',#1950,#1949,#1063,.T.);
#2422=EDGE_CURVE('',#1950,#1951,#1064,.T.);
#2423=EDGE_CURVE('',#1951,#1952,#1065,.T.);
#2424=EDGE_CURVE('',#1952,#1953,#1066,.T.);
#2425=EDGE_CURVE('',#1953,#1954,#1067,.T.);
#2426=EDGE_CURVE('',#1955,#1954,#1068,.T.);
#2427=EDGE_CURVE('',#1956,#1955,#1069,.T.);
#2428=EDGE_CURVE('',#1957,#1956,#1070,.T.);
#2429=EDGE_CURVE('',#1957,#1958,#1071,.T.);
#2430=EDGE_CURVE('',#1959,#1958,#1072,.T.);
#2431=EDGE_CURVE('',#1960,#1959,#1073,.T.);
#2432=EDGE_CURVE('',#1961,#1960,#1074,.T.);
#2433=EDGE_CURVE('',#1961,#1962,#1075,.T.);
#2434=EDGE_CURVE('',#1963,#1962,#1076,.T.);
#2435=EDGE_CURVE('',#1944,#1963,#1077,.T.);
#2436=EDGE_CURVE('',#1940,#1964,#1915,.F.);
#2437=EDGE_CURVE('',#1964,#1965,#1078,.T.);
#2438=EDGE_CURVE('',#1965,#1941,#839,.F.);
#2439=EDGE_CURVE('',#1964,#1966,#840,.T.);
#2440=EDGE_CURVE('',#1967,#1966,#1079,.T.);
#2441=EDGE_CURVE('',#1967,#1968,#841,.T.);
#2442=EDGE_CURVE('',#1968,#1965,#1080,.T.);
#2443=EDGE_CURVE('',#1962,#1967,#1916,.F.);
#2444=EDGE_CURVE('',#1966,#1963,#1917,.F.);
#2445=EDGE_CURVE('',#1969,#1970,#842,.F.);
#2446=EDGE_CURVE('',#1970,#1971,#1081,.T.);
#2447=EDGE_CURVE('',#1971,#1972,#843,.F.);
#2448=EDGE_CURVE('',#1972,#1969,#1082,.T.);
#2449=EDGE_CURVE('',#1971,#1973,#1083,.T.);
#2450=EDGE_CURVE('',#1974,#1970,#1084,.T.);
#2451=EDGE_CURVE('',#1975,#1974,#1085,.T.);
#2452=EDGE_CURVE('',#1975,#1976,#1086,.T.);
#2453=EDGE_CURVE('',#1977,#1976,#1087,.T.);
#2454=EDGE_CURVE('',#1978,#1977,#1088,.T.);
#2455=EDGE_CURVE('',#1973,#1978,#1089,.T.);
#2456=EDGE_CURVE('',#1979,#1980,#844,.F.);
#2457=EDGE_CURVE('',#1980,#1981,#1090,.T.);
#2458=EDGE_CURVE('',#1981,#1982,#845,.F.);
#2459=EDGE_CURVE('',#1982,#1979,#1091,.T.);
#2460=EDGE_CURVE('',#1983,#1980,#846,.T.);
#2461=EDGE_CURVE('',#1984,#1983,#1092,.T.);
#2462=EDGE_CURVE('',#1985,#1984,#847,.T.);
#2463=EDGE_CURVE('',#1985,#1968,#1093,.T.);
#2464=EDGE_CURVE('',#1981,#1961,#848,.T.);
#2465=EDGE_CURVE('',#1986,#1976,#849,.T.);
#2466=EDGE_CURVE('',#1986,#1987,#1094,.T.);
#2467=EDGE_CURVE('',#1987,#1977,#850,.F.);
#2468=EDGE_CURVE('',#1988,#1989,#851,.F.);
#2469=EDGE_CURVE('',#1989,#1990,#1095,.T.);
#2470=EDGE_CURVE('',#1990,#1991,#852,.F.);
#2471=EDGE_CURVE('',#1991,#1988,#1096,.T.);
#2472=EDGE_CURVE('',#1988,#1992,#853,.T.);
#2473=EDGE_CURVE('',#1958,#1991,#854,.T.);
#2474=EDGE_CURVE('',#1993,#1957,#855,.T.);
#2475=EDGE_CURVE('',#1992,#1993,#1097,.T.);
#2476=EDGE_CURVE('',#1994,#1995,#856,.F.);
#2477=EDGE_CURVE('',#1995,#1996,#1098,.T.);
#2478=EDGE_CURVE('',#1996,#1997,#857,.F.);
#2479=EDGE_CURVE('',#1997,#1994,#1099,.T.);
#2480=EDGE_CURVE('',#1995,#1998,#1100,.T.);
#2481=EDGE_CURVE('',#1998,#1999,#1101,.T.);
#2482=EDGE_CURVE('',#1996,#1999,#1102,.T.);
#2483=EDGE_CURVE('',#2000,#2001,#858,.F.);
#2484=EDGE_CURVE('',#2002,#2000,#1103,.T.);
#2485=EDGE_CURVE('',#2003,#2002,#859,.F.);
#2486=EDGE_CURVE('',#2001,#2003,#1104,.T.);
#2487=EDGE_CURVE('',#1982,#2004,#1105,.T.);
#2488=EDGE_CURVE('',#2004,#2005,#1106,.T.);
#2489=EDGE_CURVE('',#2005,#1990,#1107,.T.);
#2490=EDGE_CURVE('',#2001,#1989,#1108,.T.);
#2491=EDGE_CURVE('',#2003,#1979,#1109,.T.);
#2492=EDGE_CURVE('',#2006,#2007,#1110,.T.);
#2493=EDGE_CURVE('',#2007,#2008,#1111,.T.);
#2494=EDGE_CURVE('',#2009,#2008,#1112,.T.);
#2495=EDGE_CURVE('',#2009,#2010,#78,.T.);
#2496=EDGE_CURVE('',#2010,#2011,#1113,.T.);
#2497=EDGE_CURVE('',#2011,#2012,#1114,.T.);
#2498=EDGE_CURVE('',#2012,#2013,#860,.T.);
#2499=EDGE_CURVE('',#2013,#2014,#1115,.T.);
#2500=EDGE_CURVE('',#2014,#2015,#861,.F.);
#2501=EDGE_CURVE('',#2006,#2015,#1116,.T.);
#2502=EDGE_CURVE('',#2016,#2014,#1117,.T.);
#2503=EDGE_CURVE('',#2017,#2016,#79,.T.);
#2504=EDGE_CURVE('',#2015,#2017,#1118,.T.);
#2505=EDGE_CURVE('',#2018,#2016,#1119,.T.);
#2506=EDGE_CURVE('',#2018,#2019,#80,.T.);
#2507=EDGE_CURVE('',#2017,#2019,#1120,.T.);
#2508=EDGE_CURVE('',#2020,#2021,#1121,.T.);
#2509=EDGE_CURVE('',#2022,#2020,#81,.T.);
#2510=EDGE_CURVE('',#2023,#2022,#1122,.T.);
#2511=EDGE_CURVE('',#2021,#2023,#862,.T.);
#2512=EDGE_CURVE('',#2024,#2025,#863,.T.);
#2513=EDGE_CURVE('',#2026,#2024,#1123,.T.);
#2514=EDGE_CURVE('',#2027,#2026,#864,.F.);
#2515=EDGE_CURVE('',#2025,#2027,#1124,.T.);
#2516=EDGE_CURVE('',#2028,#2029,#865,.T.);
#2517=EDGE_CURVE('',#2024,#2028,#866,.T.);
#2518=EDGE_CURVE('',#2029,#2025,#867,.T.);
#2519=EDGE_CURVE('',#2022,#2029,#1125,.T.);
#2520=EDGE_CURVE('',#2028,#2020,#1126,.T.);
#2521=EDGE_CURVE('',#2030,#2021,#1127,.T.);
#2522=EDGE_CURVE('',#2031,#2030,#1128,.T.);
#2523=EDGE_CURVE('',#2020,#2031,#1129,.T.);
#2524=EDGE_CURVE('',#2031,#2026,#1130,.T.);
#2525=EDGE_CURVE('',#2032,#2033,#1131,.T.);
#2526=EDGE_CURVE('',#2034,#2032,#82,.T.);
#2527=EDGE_CURVE('',#2035,#2034,#1132,.T.);
#2528=EDGE_CURVE('',#2035,#2033,#83,.T.);
#2529=EDGE_CURVE('',#2036,#2037,#1133,.T.);
#2530=EDGE_CURVE('',#2038,#2036,#84,.T.);
#2531=EDGE_CURVE('',#2039,#2038,#1134,.T.);
#2532=EDGE_CURVE('',#2037,#2039,#868,.T.);
#2533=EDGE_CURVE('',#2040,#2041,#869,.T.);
#2534=EDGE_CURVE('',#2037,#2040,#870,.T.);
#2535=EDGE_CURVE('',#2041,#2039,#871,.T.);
#2536=EDGE_CURVE('',#2034,#2041,#1135,.T.);
#2537=EDGE_CURVE('',#2040,#2032,#1136,.T.);
#2538=EDGE_CURVE('',#2038,#2042,#1137,.T.);
#2539=EDGE_CURVE('',#2043,#2036,#1138,.T.);
#2540=EDGE_CURVE('',#2042,#2043,#85,.T.);
#2541=EDGE_CURVE('',#2044,#2045,#1139,.T.);
#2542=EDGE_CURVE('',#2045,#2046,#86,.T.);
#2543=EDGE_CURVE('',#2046,#2047,#87,.T.);
#2544=EDGE_CURVE('',#2047,#2048,#1140,.T.);
#2545=EDGE_CURVE('',#2048,#2044,#88,.T.);
#2546=EDGE_CURVE('',#2033,#2049,#1141,.T.);
#2547=EDGE_CURVE('',#2049,#2050,#1142,.T.);
#2548=EDGE_CURVE('',#2050,#2032,#1143,.T.);
#2549=EDGE_CURVE('',#2036,#2050,#1144,.T.);
#2550=EDGE_CURVE('',#2051,#2051,#872,.T.);
#2551=EDGE_CURVE('',#2052,#2053,#873,.T.);
#2552=EDGE_CURVE('',#2033,#2052,#1145,.T.);
#2553=EDGE_CURVE('',#2054,#2035,#1146,.T.);
#2554=EDGE_CURVE('',#2055,#2054,#874,.F.);
#2555=EDGE_CURVE('',#2053,#2055,#1147,.T.);
#2556=EDGE_CURVE('',#2056,#2057,#875,.T.);
#2557=EDGE_CURVE('',#2052,#2056,#876,.T.);
#2558=EDGE_CURVE('',#2057,#2053,#877,.T.);
#2559=EDGE_CURVE('',#2058,#2059,#878,.F.);
#2560=EDGE_CURVE('',#2048,#2058,#1918,.F.);
#2561=EDGE_CURVE('',#2047,#2060,#1919,.T.);
#2562=EDGE_CURVE('',#2060,#2061,#879,.T.);
#2563=EDGE_CURVE('',#2062,#2061,#1148,.T.);
#2564=EDGE_CURVE('',#2063,#2062,#880,.F.);
#2565=EDGE_CURVE('',#2064,#2063,#1920,.F.);
#2566=EDGE_CURVE('',#2042,#2064,#1149,.T.);
#2567=EDGE_CURVE('',#2056,#2043,#1150,.T.);
#2568=EDGE_CURVE('',#2059,#2057,#1151,.T.);
#2569=EDGE_CURVE('',#2027,#2054,#1152,.T.);
#2570=EDGE_CURVE('',#2041,#2025,#1153,.T.);
#2571=EDGE_CURVE('',#2065,#2009,#1154,.T.);
#2572=EDGE_CURVE('',#2066,#2065,#881,.T.);
#2573=EDGE_CURVE('',#2010,#2066,#1155,.T.);
#2574=EDGE_CURVE('',#2008,#2067,#1156,.T.);
#2575=EDGE_CURVE('',#2067,#2065,#1157,.T.);
#2576=EDGE_CURVE('',#2068,#2008,#89,.T.);
#2577=EDGE_CURVE('',#2069,#2068,#1158,.T.);
#2578=EDGE_CURVE('',#2067,#2069,#882,.T.);
#2579=EDGE_CURVE('',#2068,#2070,#1159,.T.);
#2580=EDGE_CURVE('',#2007,#2071,#883,.T.);
#2581=EDGE_CURVE('',#2071,#2070,#1921,.T.);
#2582=EDGE_CURVE('',#2072,#2073,#1160,.T.);
#2583=EDGE_CURVE('',#2074,#2072,#90,.T.);
#2584=EDGE_CURVE('',#2075,#2074,#1161,.T.);
#2585=EDGE_CURVE('',#2076,#2075,#91,.F.);
#2586=EDGE_CURVE('',#2076,#2077,#1922,.T.);
#2587=EDGE_CURVE('',#2073,#2077,#92,.T.);
#2588=EDGE_CURVE('',#2074,#2078,#1162,.T.);
#2589=EDGE_CURVE('',#2079,#2072,#1163,.T.);
#2590=EDGE_CURVE('',#2078,#2079,#884,.T.);
#2591=EDGE_CURVE('',#2080,#2077,#1164,.T.);
#2592=EDGE_CURVE('',#2080,#2058,#1165,.T.);
#2593=EDGE_CURVE('',#2059,#2081,#1166,.T.);
#2594=EDGE_CURVE('',#2082,#2081,#1167,.T.);
#2595=EDGE_CURVE('',#2083,#2082,#885,.T.);
#2596=EDGE_CURVE('',#2083,#2084,#886,.T.);
#2597=EDGE_CURVE('',#2084,#2085,#887,.T.);
#2598=EDGE_CURVE('',#2085,#2086,#1168,.T.);
#2599=EDGE_CURVE('',#2086,#2087,#1169,.T.);
#2600=EDGE_CURVE('',#2087,#2088,#93,.T.);
#2601=EDGE_CURVE('',#2073,#2088,#1170,.T.);
#2602=EDGE_CURVE('',#2089,#2089,#888,.T.);
#2603=EDGE_CURVE('',#2088,#2090,#1171,.T.);
#2604=EDGE_CURVE('',#2090,#2091,#94,.T.);
#2605=EDGE_CURVE('',#2091,#2092,#1172,.T.);
#2606=EDGE_CURVE('',#2092,#2093,#1173,.T.);
#2607=EDGE_CURVE('',#2072,#2093,#1174,.T.);
#2608=EDGE_CURVE('',#2093,#2094,#1175,.T.);
#2609=EDGE_CURVE('',#2079,#2094,#1176,.T.);
#2610=EDGE_CURVE('',#2095,#2096,#95,.T.);
#2611=EDGE_CURVE('',#2097,#2096,#1177,.T.);
#2612=EDGE_CURVE('',#2097,#2093,#96,.T.);
#2613=EDGE_CURVE('',#2092,#2095,#97,.T.);
#2614=EDGE_CURVE('',#2098,#2097,#1178,.T.);
#2615=EDGE_CURVE('',#2094,#2098,#889,.T.);
#2616=EDGE_CURVE('',#2099,#2090,#1923,.T.);
#2617=EDGE_CURVE('',#2099,#2087,#1179,.T.);
#2618=EDGE_CURVE('',#2086,#2099,#98,.F.);
#2619=EDGE_CURVE('',#2100,#2101,#1180,.T.);
#2620=EDGE_CURVE('',#2101,#2095,#1181,.F.);
#2621=EDGE_CURVE('',#2091,#2102,#1182,.T.);
#2622=EDGE_CURVE('',#2103,#2102,#1183,.T.);
#2623=EDGE_CURVE('',#2103,#2104,#1184,.T.);
#2624=EDGE_CURVE('',#2105,#2104,#1185,.T.);
#2625=EDGE_CURVE('',#2105,#2106,#1186,.T.);
#2626=EDGE_CURVE('',#2100,#2106,#1187,.T.);
#2627=EDGE_CURVE('',#2107,#2108,#99,.T.);
#2628=EDGE_CURVE('',#2109,#2107,#1188,.T.);
#2629=EDGE_CURVE('',#2110,#2109,#890,.T.);
#2630=EDGE_CURVE('',#2108,#2110,#1189,.T.);
#2631=EDGE_CURVE('',#2111,#2112,#891,.T.);
#2632=EDGE_CURVE('',#2110,#2111,#892,.T.);
#2633=EDGE_CURVE('',#2112,#2109,#893,.T.);
#2634=EDGE_CURVE('',#2113,#2114,#894,.T.);
#2635=EDGE_CURVE('',#2111,#2113,#895,.T.);
#2636=EDGE_CURVE('',#2114,#2112,#896,.T.);
#2637=EDGE_CURVE('',#2115,#2106,#897,.T.);
#2638=EDGE_CURVE('',#2113,#2115,#898,.T.);
#2639=EDGE_CURVE('',#2106,#2114,#899,.T.);
#2640=EDGE_CURVE('',#2116,#2105,#100,.F.);
#2641=EDGE_CURVE('',#2115,#2116,#1190,.T.);
#2642=EDGE_CURVE('',#2117,#2116,#1191,.T.);
#2643=EDGE_CURVE('',#2117,#2118,#1192,.T.);
#2644=EDGE_CURVE('',#2118,#2119,#1193,.T.);
#2645=EDGE_CURVE('',#2119,#2063,#1194,.T.);
#2646=EDGE_CURVE('',#2062,#2120,#1195,.T.);
#2647=EDGE_CURVE('',#2120,#2000,#1196,.T.);
#2648=EDGE_CURVE('',#2121,#1992,#1197,.T.);
#2649=EDGE_CURVE('',#2121,#2108,#1198,.T.);
#2650=EDGE_CURVE('',#2122,#2122,#900,.T.);
#2651=EDGE_CURVE('',#2123,#2124,#1199,.T.);
#2652=EDGE_CURVE('',#2123,#2125,#101,.T.);
#2653=EDGE_CURVE('',#2125,#2101,#1924,.F.);
#2654=EDGE_CURVE('',#2124,#2100,#901,.T.);
#2655=EDGE_CURVE('',#2126,#2127,#902,.T.);
#2656=EDGE_CURVE('',#2124,#2126,#903,.T.);
#2657=EDGE_CURVE('',#2127,#2100,#904,.T.);
#2658=EDGE_CURVE('',#2128,#2129,#905,.T.);
#2659=EDGE_CURVE('',#2126,#2128,#906,.T.);
#2660=EDGE_CURVE('',#2129,#2127,#907,.T.);
#2661=EDGE_CURVE('',#2130,#2131,#908,.T.);
#2662=EDGE_CURVE('',#2128,#2130,#909,.T.);
#2663=EDGE_CURVE('',#2131,#2129,#910,.T.);
#2664=EDGE_CURVE('',#2132,#2133,#911,.T.);
#2665=EDGE_CURVE('',#2130,#2132,#1200,.T.);
#2666=EDGE_CURVE('',#2133,#2131,#1201,.T.);
#2667=EDGE_CURVE('',#2107,#2134,#1202,.T.);
#2668=EDGE_CURVE('',#2134,#1956,#1203,.T.);
#2669=EDGE_CURVE('',#2135,#1955,#1204,.T.);
#2670=EDGE_CURVE('',#2133,#2135,#1205,.T.);
#2671=EDGE_CURVE('',#2131,#2109,#1206,.T.);
#2672=EDGE_CURVE('',#2135,#2136,#1207,.T.);
#2673=EDGE_CURVE('',#2136,#2137,#912,.F.);
#2674=EDGE_CURVE('',#2138,#2137,#1208,.T.);
#2675=EDGE_CURVE('',#2132,#2138,#1209,.T.);
#2676=EDGE_CURVE('',#2138,#2139,#1210,.T.);
#2677=EDGE_CURVE('',#2140,#2139,#1211,.T.);
#2678=EDGE_CURVE('',#2140,#2141,#913,.F.);
#2679=EDGE_CURVE('',#2141,#2123,#1212,.T.);
#2680=EDGE_CURVE('',#2142,#2142,#914,.T.);
#2681=EDGE_CURVE('',#2143,#2136,#1213,.T.);
#2682=EDGE_CURVE('',#2144,#2143,#102,.T.);
#2683=EDGE_CURVE('',#2137,#2144,#1214,.T.);
#2684=EDGE_CURVE('',#2144,#2145,#1215,.T.);
#2685=EDGE_CURVE('',#2146,#2143,#1216,.T.);
#2686=EDGE_CURVE('',#2146,#2070,#103,.T.);
#2687=EDGE_CURVE('',#2145,#2071,#104,.T.);
#2688=EDGE_CURVE('',#1954,#1997,#915,.T.);
#2689=EDGE_CURVE('',#1999,#2147,#916,.F.);
#2690=EDGE_CURVE('',#2147,#2148,#1217,.T.);
#2691=EDGE_CURVE('',#2148,#2146,#1218,.T.);
#2692=EDGE_CURVE('',#2149,#2149,#917,.T.);
#2693=EDGE_CURVE('',#2150,#2151,#1219,.T.);
#2694=EDGE_CURVE('',#2119,#2150,#105,.T.);
#2695=EDGE_CURVE('',#2118,#2151,#918,.T.);
#2696=EDGE_CURVE('',#2152,#2150,#1220,.T.);
#2697=EDGE_CURVE('',#2153,#2152,#106,.T.);
#2698=EDGE_CURVE('',#2154,#2153,#1221,.T.);
#2699=EDGE_CURVE('',#2064,#2154,#107,.T.);
#2700=EDGE_CURVE('',#2150,#2144,#1222,.T.);
#2701=EDGE_CURVE('',#2151,#2139,#1223,.T.);
#2702=EDGE_CURVE('',#2152,#2145,#1224,.T.);
#2703=EDGE_CURVE('',#2153,#2006,#1225,.T.);
#2704=EDGE_CURVE('',#2155,#2156,#1226,.T.);
#2705=EDGE_CURVE('',#2157,#2155,#108,.T.);
#2706=EDGE_CURVE('',#2060,#2157,#1227,.T.);
#2707=EDGE_CURVE('',#2156,#2045,#109,.T.);
#2708=EDGE_CURVE('',#2157,#2158,#1228,.T.);
#2709=EDGE_CURVE('',#2159,#2155,#1229,.T.);
#2710=EDGE_CURVE('',#2158,#2159,#919,.F.);
#2711=EDGE_CURVE('',#2044,#2160,#110,.T.);
#2712=EDGE_CURVE('',#2160,#2156,#1230,.T.);
#2713=EDGE_CURVE('',#2160,#2161,#1231,.T.);
#2714=EDGE_CURVE('',#2161,#2155,#1232,.T.);
#2715=EDGE_CURVE('',#2161,#2076,#1233,.T.);
#2716=EDGE_CURVE('',#2075,#2159,#1234,.T.);
#2717=EDGE_CURVE('',#2161,#2080,#111,.T.);
#2718=EDGE_CURVE('',#2162,#2163,#1925,.T.);
#2719=EDGE_CURVE('',#2164,#2162,#920,.T.);
#2720=EDGE_CURVE('',#2165,#2164,#921,.T.);
#2721=EDGE_CURVE('',#2163,#2165,#922,.T.);
#2722=EDGE_CURVE('',#2103,#2166,#923,.T.);
#2723=EDGE_CURVE('',#2165,#2103,#924,.T.);
#2724=EDGE_CURVE('',#2166,#2164,#925,.T.);
#2725=EDGE_CURVE('',#2167,#2104,#112,.T.);
#2726=EDGE_CURVE('',#2167,#2166,#1235,.T.);
#2727=EDGE_CURVE('',#2102,#2168,#926,.T.);
#2728=EDGE_CURVE('',#2165,#2168,#1236,.T.);
#2729=EDGE_CURVE('',#2168,#2169,#927,.T.);
#2730=EDGE_CURVE('',#2163,#2169,#1237,.T.);
#2731=EDGE_CURVE('',#2170,#2169,#1238,.T.);
#2732=EDGE_CURVE('',#1984,#2170,#1239,.T.);
#2733=EDGE_CURVE('',#2162,#1983,#1240,.T.);
#2734=EDGE_CURVE('',#2102,#2085,#928,.T.);
#2735=EDGE_CURVE('',#2168,#2084,#929,.T.);
#2736=EDGE_CURVE('',#2169,#2083,#1926,.F.);
#2737=EDGE_CURVE('',#2171,#2004,#930,.T.);
#2738=EDGE_CURVE('',#2172,#2171,#1241,.T.);
#2739=EDGE_CURVE('',#2005,#2172,#931,.T.);
#2740=EDGE_CURVE('',#2172,#1959,#1242,.T.);
#2741=EDGE_CURVE('',#2173,#2173,#932,.T.);
#2742=EDGE_CURVE('',#2174,#2061,#1243,.T.);
#2743=EDGE_CURVE('',#2120,#2174,#1244,.T.);
#2744=EDGE_CURVE('',#2175,#2175,#933,.T.);
#2745=EDGE_CURVE('',#2055,#2081,#1245,.T.);
#2746=EDGE_CURVE('',#2158,#2176,#1246,.T.);
#2747=EDGE_CURVE('',#2176,#2167,#1247,.T.);
#2748=EDGE_CURVE('',#2002,#2174,#1248,.T.);
#2749=EDGE_CURVE('',#2177,#2177,#934,.T.);
#2750=EDGE_CURVE('',#2029,#2039,#1249,.T.);
#2751=EDGE_CURVE('',#2051,#2178,#1250,.T.);
#2752=EDGE_CURVE('',#2178,#2178,#935,.T.);
#2753=EDGE_CURVE('',#2016,#2179,#1251,.T.);
#2754=EDGE_CURVE('',#2179,#2180,#1252,.T.);
#2755=EDGE_CURVE('',#2180,#2018,#1253,.T.);
#2756=EDGE_CURVE('',#2043,#2049,#1254,.T.);
#2757=EDGE_CURVE('',#2181,#2181,#936,.T.);
#2758=EDGE_CURVE('',#2175,#2181,#1255,.T.);
#2759=EDGE_CURVE('',#2182,#1993,#1256,.T.);
#2760=EDGE_CURVE('',#2182,#2121,#1257,.T.);
#2761=EDGE_CURVE('',#2134,#2182,#1258,.F.);
#2762=EDGE_CURVE('',#2171,#1960,#1259,.T.);
#2763=EDGE_CURVE('',#2183,#2183,#937,.T.);
#2764=EDGE_CURVE('',#2183,#2173,#1260,.T.);
#2765=EDGE_CURVE('',#2184,#2184,#938,.T.);
#2766=EDGE_CURVE('',#2184,#2149,#1261,.T.);
#2767=EDGE_CURVE('',#2177,#2185,#1262,.T.);
#2768=EDGE_CURVE('',#2185,#2185,#939,.T.);
#2769=EDGE_CURVE('',#2186,#2186,#940,.T.);
#2770=EDGE_CURVE('',#2142,#2187,#1263,.T.);
#2771=EDGE_CURVE('',#2187,#2187,#941,.T.);
#2772=EDGE_CURVE('',#2188,#2188,#942,.T.);
#2773=EDGE_CURVE('',#2112,#2129,#1264,.T.);
#2774=EDGE_CURVE('',#2127,#2114,#1265,.T.);
#2775=EDGE_CURVE('',#2176,#2117,#1266,.T.);
#2776=EDGE_CURVE('',#2188,#2122,#1267,.T.);
#2777=EDGE_CURVE('',#2186,#2089,#1268,.T.);
#2778=EDGE_CURVE('',#2189,#2030,#1269,.T.);
#2779=EDGE_CURVE('',#2190,#2189,#1270,.T.);
#2780=EDGE_CURVE('',#2191,#2190,#1271,.T.);
#2781=EDGE_CURVE('',#2030,#2191,#1272,.T.);
#2782=EDGE_CURVE('',#2192,#2193,#1273,.T.);
#2783=EDGE_CURVE('',#2192,#2194,#1274,.T.);
#2784=EDGE_CURVE('',#2194,#1985,#1275,.T.);
#2785=EDGE_CURVE('',#2193,#2170,#943,.T.);
#2786=EDGE_CURVE('',#2192,#2191,#1276,.T.);
#2787=EDGE_CURVE('',#2193,#2082,#1277,.T.);
#2788=EDGE_CURVE('',#2194,#2190,#1278,.T.);
#2789=EDGE_CURVE('',#2195,#2196,#1279,.T.);
#2790=EDGE_CURVE('',#2196,#2197,#1280,.T.);
#2791=EDGE_CURVE('',#2197,#2198,#1281,.T.);
#2792=EDGE_CURVE('',#2198,#2195,#1282,.T.);
#2793=EDGE_CURVE('',#2199,#2199,#944,.T.);
#2794=EDGE_CURVE('',#1998,#2200,#945,.F.);
#2795=EDGE_CURVE('',#2147,#2200,#1283,.T.);
#2796=EDGE_CURVE('',#2201,#1975,#946,.F.);
#2797=EDGE_CURVE('',#1974,#2202,#947,.F.);
#2798=EDGE_CURVE('',#2202,#2201,#1284,.T.);
#2799=EDGE_CURVE('',#2203,#2012,#1285,.T.);
#2800=EDGE_CURVE('',#2203,#2204,#948,.T.);
#2801=EDGE_CURVE('',#2204,#2013,#1286,.T.);
#2802=EDGE_CURVE('',#2204,#2205,#1287,.T.);
#2803=EDGE_CURVE('',#2206,#2205,#1288,.T.);
#2804=EDGE_CURVE('',#2206,#2207,#1289,.T.);
#2805=EDGE_CURVE('',#2208,#2207,#1290,.T.);
#2806=EDGE_CURVE('',#2208,#2209,#1291,.T.);
#2807=EDGE_CURVE('',#2209,#2196,#1292,.T.);
#2808=EDGE_CURVE('',#2195,#2179,#1293,.T.);
#2809=EDGE_CURVE('',#2210,#2210,#949,.T.);
#2810=EDGE_CURVE('',#2211,#2212,#1294,.T.);
#2811=EDGE_CURVE('',#2205,#2212,#950,.F.);
#2812=EDGE_CURVE('',#2213,#2203,#1295,.T.);
#2813=EDGE_CURVE('',#2214,#2213,#1296,.T.);
#2814=EDGE_CURVE('',#2215,#2214,#113,.T.);
#2815=EDGE_CURVE('',#2215,#2216,#1297,.T.);
#2816=EDGE_CURVE('',#2217,#2216,#1298,.T.);
#2817=EDGE_CURVE('',#2211,#2217,#1299,.T.);
#2818=EDGE_CURVE('',#2218,#2019,#1300,.T.);
#2819=EDGE_CURVE('',#2219,#2018,#1301,.T.);
#2820=EDGE_CURVE('',#2219,#2218,#114,.T.);
#2821=EDGE_CURVE('',#2212,#2220,#1302,.T.);
#2822=EDGE_CURVE('',#2220,#2206,#115,.T.);
#2823=EDGE_CURVE('',#2219,#2206,#1303,.T.);
#2824=EDGE_CURVE('',#2220,#2218,#1304,.T.);
#2825=EDGE_CURVE('',#2221,#2211,#1305,.T.);
#2826=EDGE_CURVE('',#2222,#2221,#116,.T.);
#2827=EDGE_CURVE('',#2223,#2222,#117,.T.);
#2828=EDGE_CURVE('',#2224,#2223,#1306,.T.);
#2829=EDGE_CURVE('',#2225,#2224,#1307,.T.);
#2830=EDGE_CURVE('',#2226,#2225,#1308,.T.);
#2831=EDGE_CURVE('',#2227,#2226,#1309,.T.);
#2832=EDGE_CURVE('',#2228,#2227,#1310,.T.);
#2833=EDGE_CURVE('',#2229,#2228,#1311,.T.);
#2834=EDGE_CURVE('',#2229,#2023,#1312,.T.);
#2835=EDGE_CURVE('',#2230,#2231,#1313,.T.);
#2836=EDGE_CURVE('',#2231,#2229,#951,.T.);
#2837=EDGE_CURVE('',#2228,#2230,#118,.T.);
#2838=EDGE_CURVE('',#2232,#2233,#952,.T.);
#2839=EDGE_CURVE('',#2233,#2234,#1314,.T.);
#2840=EDGE_CURVE('',#2234,#2235,#953,.F.);
#2841=EDGE_CURVE('',#2235,#2232,#1315,.T.);
#2842=EDGE_CURVE('',#2236,#2227,#954,.T.);
#2843=EDGE_CURVE('',#2227,#2233,#955,.T.);
#2844=EDGE_CURVE('',#2232,#2236,#956,.T.);
#2845=EDGE_CURVE('',#2236,#2230,#1316,.T.);
#2846=EDGE_CURVE('',#2230,#2237,#1317,.T.);
#2847=EDGE_CURVE('',#2237,#2238,#1318,.T.);
#2848=EDGE_CURVE('',#2238,#2231,#1319,.T.);
#2849=EDGE_CURVE('',#2237,#2235,#1320,.T.);
#2850=EDGE_CURVE('',#2239,#2240,#1321,.T.);
#2851=EDGE_CURVE('',#2241,#2240,#119,.T.);
#2852=EDGE_CURVE('',#2241,#2242,#1322,.T.);
#2853=EDGE_CURVE('',#2242,#2239,#120,.T.);
#2854=EDGE_CURVE('',#2243,#2244,#1323,.T.);
#2855=EDGE_CURVE('',#2244,#2226,#957,.T.);
#2856=EDGE_CURVE('',#2225,#2243,#121,.T.);
#2857=EDGE_CURVE('',#2245,#2246,#958,.T.);
#2858=EDGE_CURVE('',#2246,#2226,#959,.T.);
#2859=EDGE_CURVE('',#2244,#2245,#960,.T.);
#2860=EDGE_CURVE('',#2242,#2246,#1324,.T.);
#2861=EDGE_CURVE('',#2245,#2239,#1325,.T.);
#2862=EDGE_CURVE('',#2224,#2247,#122,.T.);
#2863=EDGE_CURVE('',#2247,#2243,#1326,.T.);
#2864=EDGE_CURVE('',#2248,#2249,#123,.T.);
#2865=EDGE_CURVE('',#2250,#2248,#1327,.T.);
#2866=EDGE_CURVE('',#2251,#2250,#124,.T.);
#2867=EDGE_CURVE('',#2252,#2251,#125,.T.);
#2868=EDGE_CURVE('',#2249,#2252,#1328,.T.);
#2869=EDGE_CURVE('',#2253,#2239,#1329,.T.);
#2870=EDGE_CURVE('',#2254,#2253,#1330,.T.);
#2871=EDGE_CURVE('',#2240,#2254,#1331,.T.);
#2872=EDGE_CURVE('',#2243,#2253,#1332,.T.);
#2873=EDGE_CURVE('',#2255,#2255,#961,.T.);
#2874=EDGE_CURVE('',#2256,#2257,#962,.T.);
#2875=EDGE_CURVE('',#2257,#2258,#1333,.T.);
#2876=EDGE_CURVE('',#2258,#2259,#963,.F.);
#2877=EDGE_CURVE('',#2259,#2241,#1334,.T.);
#2878=EDGE_CURVE('',#2240,#2256,#1335,.T.);
#2879=EDGE_CURVE('',#2260,#2261,#964,.T.);
#2880=EDGE_CURVE('',#2261,#2257,#965,.T.);
#2881=EDGE_CURVE('',#2256,#2260,#966,.T.);
#2882=EDGE_CURVE('',#2262,#2263,#967,.F.);
#2883=EDGE_CURVE('',#2263,#2261,#1336,.T.);
#2884=EDGE_CURVE('',#2260,#2247,#1337,.T.);
#2885=EDGE_CURVE('',#2223,#2264,#1927,.F.);
#2886=EDGE_CURVE('',#2264,#2265,#968,.F.);
#2887=EDGE_CURVE('',#2265,#2266,#1338,.T.);
#2888=EDGE_CURVE('',#2267,#2266,#969,.T.);
#2889=EDGE_CURVE('',#2250,#2267,#1928,.T.);
#2890=EDGE_CURVE('',#2248,#2262,#1929,.F.);
#2891=EDGE_CURVE('',#2246,#2233,#1339,.T.);
#2892=EDGE_CURVE('',#2234,#2259,#1340,.T.);
#2893=EDGE_CURVE('',#2214,#2268,#1341,.T.);
#2894=EDGE_CURVE('',#2268,#2269,#970,.T.);
#2895=EDGE_CURVE('',#2269,#2215,#1342,.T.);
#2896=EDGE_CURVE('',#2269,#2065,#971,.T.);
#2897=EDGE_CURVE('',#2066,#2268,#972,.T.);
#2898=EDGE_CURVE('',#2011,#2213,#1343,.T.);
#2899=EDGE_CURVE('',#2270,#2270,#973,.T.);
#2900=EDGE_CURVE('',#2271,#2269,#1344,.T.);
#2901=EDGE_CURVE('',#2216,#2271,#1345,.T.);
#2902=EDGE_CURVE('',#2271,#2272,#974,.T.);
#2903=EDGE_CURVE('',#2272,#2273,#1346,.T.);
#2904=EDGE_CURVE('',#2273,#2216,#126,.T.);
#2905=EDGE_CURVE('',#2272,#2069,#975,.T.);
#2906=EDGE_CURVE('',#2067,#2271,#976,.T.);
#2907=EDGE_CURVE('',#2273,#2274,#1347,.T.);
#2908=EDGE_CURVE('',#2275,#2274,#1930,.T.);
#2909=EDGE_CURVE('',#2217,#2275,#977,.T.);
#2910=EDGE_CURVE('',#2276,#2140,#1348,.T.);
#2911=EDGE_CURVE('',#2276,#2277,#978,.F.);
#2912=EDGE_CURVE('',#2277,#2141,#1349,.T.);
#2913=EDGE_CURVE('',#2277,#2278,#1350,.T.);
#2914=EDGE_CURVE('',#2278,#2279,#127,.T.);
#2915=EDGE_CURVE('',#2279,#2125,#1351,.T.);
#2916=EDGE_CURVE('',#2280,#2281,#1352,.T.);
#2917=EDGE_CURVE('',#2281,#2282,#128,.T.);
#2918=EDGE_CURVE('',#2283,#2282,#1931,.T.);
#2919=EDGE_CURVE('',#2283,#2284,#129,.F.);
#2920=EDGE_CURVE('',#2284,#2285,#1353,.T.);
#2921=EDGE_CURVE('',#2285,#2280,#130,.T.);
#2922=EDGE_CURVE('',#2285,#2286,#1354,.T.);
#2923=EDGE_CURVE('',#2286,#2287,#979,.T.);
#2924=EDGE_CURVE('',#2287,#2280,#1355,.T.);
#2925=EDGE_CURVE('',#2287,#2079,#980,.T.);
#2926=EDGE_CURVE('',#2078,#2286,#981,.T.);
#2927=EDGE_CURVE('',#2288,#2282,#1356,.T.);
#2928=EDGE_CURVE('',#2281,#2289,#1357,.T.);
#2929=EDGE_CURVE('',#2290,#2289,#131,.T.);
#2930=EDGE_CURVE('',#2291,#2290,#1358,.T.);
#2931=EDGE_CURVE('',#2292,#2291,#1359,.T.);
#2932=EDGE_CURVE('',#2293,#2292,#982,.T.);
#2933=EDGE_CURVE('',#2294,#2293,#983,.T.);
#2934=EDGE_CURVE('',#2294,#2295,#984,.T.);
#2935=EDGE_CURVE('',#2295,#2296,#1360,.T.);
#2936=EDGE_CURVE('',#2263,#2296,#1361,.T.);
#2937=EDGE_CURVE('',#2288,#2262,#1362,.T.);
#2938=EDGE_CURVE('',#2297,#2297,#985,.T.);
#2939=EDGE_CURVE('',#2280,#2298,#1363,.T.);
#2940=EDGE_CURVE('',#2299,#2298,#1364,.T.);
#2941=EDGE_CURVE('',#2300,#2299,#1365,.T.);
#2942=EDGE_CURVE('',#2301,#2300,#132,.T.);
#2943=EDGE_CURVE('',#2289,#2301,#1366,.T.);
#2944=EDGE_CURVE('',#2287,#2302,#1367,.T.);
#2945=EDGE_CURVE('',#2298,#2302,#1368,.T.);
#2946=EDGE_CURVE('',#2094,#2302,#986,.T.);
#2947=EDGE_CURVE('',#2303,#2304,#133,.T.);
#2948=EDGE_CURVE('',#2304,#2096,#1369,.T.);
#2949=EDGE_CURVE('',#2279,#2305,#1932,.F.);
#2950=EDGE_CURVE('',#2305,#2303,#1370,.F.);
#2951=EDGE_CURVE('',#2306,#2304,#1371,.T.);
#2952=EDGE_CURVE('',#2307,#2306,#1372,.T.);
#2953=EDGE_CURVE('',#2307,#2098,#987,.T.);
#2954=EDGE_CURVE('',#2308,#2308,#988,.T.);
#2955=EDGE_CURVE('',#2299,#2303,#134,.T.);
#2956=EDGE_CURVE('',#2306,#2298,#135,.T.);
#2957=EDGE_CURVE('',#2302,#2307,#989,.T.);
#2958=EDGE_CURVE('',#2309,#2301,#1933,.T.);
#2959=EDGE_CURVE('',#2309,#2290,#1373,.T.);
#2960=EDGE_CURVE('',#2291,#2309,#136,.F.);
#2961=EDGE_CURVE('',#2310,#2305,#1374,.T.);
#2962=EDGE_CURVE('',#2310,#2311,#1375,.T.);
#2963=EDGE_CURVE('',#2312,#2311,#1376,.T.);
#2964=EDGE_CURVE('',#2312,#2313,#1377,.T.);
#2965=EDGE_CURVE('',#2314,#2313,#1378,.T.);
#2966=EDGE_CURVE('',#2314,#2315,#1379,.T.);
#2967=EDGE_CURVE('',#2300,#2315,#1380,.T.);
#2968=EDGE_CURVE('',#2316,#2317,#137,.T.);
#2969=EDGE_CURVE('',#2317,#2318,#1381,.T.);
#2970=EDGE_CURVE('',#2318,#2319,#990,.T.);
#2971=EDGE_CURVE('',#2319,#2316,#1382,.T.);
#2972=EDGE_CURVE('',#2320,#2321,#991,.T.);
#2973=EDGE_CURVE('',#2321,#2319,#992,.T.);
#2974=EDGE_CURVE('',#2318,#2320,#993,.T.);
#2975=EDGE_CURVE('',#2322,#2323,#994,.T.);
#2976=EDGE_CURVE('',#2323,#2321,#995,.T.);
#2977=EDGE_CURVE('',#2320,#2322,#996,.T.);
#2978=EDGE_CURVE('',#2324,#2311,#997,.T.);
#2979=EDGE_CURVE('',#2311,#2323,#998,.T.);
#2980=EDGE_CURVE('',#2322,#2324,#999,.T.);
#2981=EDGE_CURVE('',#2325,#2312,#138,.F.);
#2982=EDGE_CURVE('',#2324,#2325,#1383,.T.);
#2983=EDGE_CURVE('',#2326,#2317,#1384,.T.);
#2984=EDGE_CURVE('',#2326,#2327,#1385,.T.);
#2985=EDGE_CURVE('',#2327,#1986,#1000,.T.);
#2986=EDGE_CURVE('',#2328,#2201,#1386,.T.);
#2987=EDGE_CURVE('',#2265,#2328,#1387,.T.);
#2988=EDGE_CURVE('',#2329,#2264,#1388,.T.);
#2989=EDGE_CURVE('',#2330,#2329,#1389,.T.);
#2990=EDGE_CURVE('',#2331,#2330,#1390,.T.);
#2991=EDGE_CURVE('',#2331,#2325,#1391,.T.);
#2992=EDGE_CURVE('',#2332,#2332,#1001,.T.);
#2993=EDGE_CURVE('',#2278,#2333,#1392,.T.);
#2994=EDGE_CURVE('',#2333,#2310,#1002,.T.);
#2995=EDGE_CURVE('',#2334,#2335,#1003,.T.);
#2996=EDGE_CURVE('',#2335,#2310,#1004,.T.);
#2997=EDGE_CURVE('',#2333,#2334,#1005,.T.);
#2998=EDGE_CURVE('',#2336,#2337,#1006,.T.);
#2999=EDGE_CURVE('',#2337,#2335,#1007,.T.);
#3000=EDGE_CURVE('',#2334,#2336,#1008,.T.);
#3001=EDGE_CURVE('',#2338,#2339,#1009,.T.);
#3002=EDGE_CURVE('',#2339,#2337,#1010,.T.);
#3003=EDGE_CURVE('',#2336,#2338,#1011,.T.);
#3004=EDGE_CURVE('',#2340,#2341,#1012,.T.);
#3005=EDGE_CURVE('',#2341,#2339,#1393,.T.);
#3006=EDGE_CURVE('',#2338,#2340,#1394,.T.);
#3007=EDGE_CURVE('',#2339,#2319,#1395,.T.);
#3008=EDGE_CURVE('',#2341,#2342,#1396,.T.);
#3009=EDGE_CURVE('',#2342,#1952,#1397,.T.);
#3010=EDGE_CURVE('',#2343,#1951,#1398,.T.);
#3011=EDGE_CURVE('',#2316,#2343,#1399,.T.);
#3012=EDGE_CURVE('',#2340,#2344,#1400,.T.);
#3013=EDGE_CURVE('',#2344,#2345,#1401,.T.);
#3014=EDGE_CURVE('',#2346,#2345,#1013,.F.);
#3015=EDGE_CURVE('',#2342,#2346,#1402,.T.);
#3016=EDGE_CURVE('',#2276,#2347,#1403,.T.);
#3017=EDGE_CURVE('',#2344,#2347,#1404,.T.);
#3018=EDGE_CURVE('',#2348,#2348,#1014,.T.);
#3019=EDGE_CURVE('',#2349,#2346,#1405,.T.);
#3020=EDGE_CURVE('',#2345,#2350,#1406,.T.);
#3021=EDGE_CURVE('',#2350,#2349,#139,.T.);
#3022=EDGE_CURVE('',#2350,#2351,#1407,.T.);
#3023=EDGE_CURVE('',#2351,#2275,#140,.T.);
#3024=EDGE_CURVE('',#2352,#2274,#141,.T.);
#3025=EDGE_CURVE('',#2352,#2349,#1408,.T.);
#3026=EDGE_CURVE('',#2353,#2352,#1409,.T.);
#3027=EDGE_CURVE('',#2200,#2353,#1410,.T.);
#3028=EDGE_CURVE('',#1953,#1994,#1015,.T.);
#3029=EDGE_CURVE('',#2354,#2354,#1016,.T.);
#3030=EDGE_CURVE('',#2355,#2356,#1411,.T.);
#3031=EDGE_CURVE('',#2330,#2356,#1017,.T.);
#3032=EDGE_CURVE('',#2329,#2355,#142,.T.);
#3033=EDGE_CURVE('',#2221,#2357,#143,.T.);
#3034=EDGE_CURVE('',#2357,#2355,#1412,.T.);
#3035=EDGE_CURVE('',#2356,#2347,#1413,.T.);
#3036=EDGE_CURVE('',#2355,#2350,#1414,.T.);
#3037=EDGE_CURVE('',#2357,#2351,#1415,.T.);
#3038=EDGE_CURVE('',#2358,#2359,#1416,.T.);
#3039=EDGE_CURVE('',#2359,#2252,#144,.T.);
#3040=EDGE_CURVE('',#2267,#2360,#1417,.T.);
#3041=EDGE_CURVE('',#2360,#2358,#145,.T.);
#3042=EDGE_CURVE('',#2360,#2361,#1418,.T.);
#3043=EDGE_CURVE('',#2361,#2362,#1018,.F.);
#3044=EDGE_CURVE('',#2362,#2358,#1419,.T.);
#3045=EDGE_CURVE('',#2363,#2359,#1420,.T.);
#3046=EDGE_CURVE('',#2249,#2363,#146,.T.);
#3047=EDGE_CURVE('',#2364,#2358,#1421,.T.);
#3048=EDGE_CURVE('',#2363,#2364,#1422,.T.);
#3049=EDGE_CURVE('',#2284,#2362,#1423,.T.);
#3050=EDGE_CURVE('',#2364,#2283,#1424,.T.);
#3051=EDGE_CURVE('',#2364,#2288,#147,.T.);
#3052=EDGE_CURVE('',#2365,#2366,#1934,.T.);
#3053=EDGE_CURVE('',#2366,#2367,#1019,.T.);
#3054=EDGE_CURVE('',#2367,#2368,#1020,.T.);
#3055=EDGE_CURVE('',#2368,#2365,#1021,.T.);
#3056=EDGE_CURVE('',#2314,#2369,#1022,.T.);
#3057=EDGE_CURVE('',#2369,#2368,#1023,.T.);
#3058=EDGE_CURVE('',#2367,#2314,#1024,.T.);
#3059=EDGE_CURVE('',#2370,#2313,#148,.T.);
#3060=EDGE_CURVE('',#2370,#2369,#1425,.T.);
#3061=EDGE_CURVE('',#2367,#2371,#1426,.T.);
#3062=EDGE_CURVE('',#2315,#2371,#1025,.T.);
#3063=EDGE_CURVE('',#2366,#2372,#1427,.T.);
#3064=EDGE_CURVE('',#2371,#2372,#1026,.T.);
#3065=EDGE_CURVE('',#2365,#2373,#1428,.T.);
#3066=EDGE_CURVE('',#2374,#2373,#1429,.T.);
#3067=EDGE_CURVE('',#2374,#2375,#1430,.T.);
#3068=EDGE_CURVE('',#2375,#2372,#1431,.T.);
#3069=EDGE_CURVE('',#2315,#2292,#1027,.T.);
#3070=EDGE_CURVE('',#2371,#2293,#1028,.T.);
#3071=EDGE_CURVE('',#2372,#2294,#1935,.F.);
#3072=EDGE_CURVE('',#2308,#2376,#1432,.T.);
#3073=EDGE_CURVE('',#2376,#2376,#1029,.T.);
#3074=EDGE_CURVE('',#2198,#2377,#1433,.T.);
#3075=EDGE_CURVE('',#2377,#2208,#1434,.T.);
#3076=EDGE_CURVE('',#2207,#2378,#1435,.T.);
#3077=EDGE_CURVE('',#2378,#2180,#1436,.T.);
#3078=EDGE_CURVE('',#2379,#2197,#1437,.T.);
#3079=EDGE_CURVE('',#2379,#2377,#1438,.T.);
#3080=EDGE_CURVE('',#2209,#2379,#1439,.T.);
#3081=EDGE_CURVE('',#2353,#2148,#1440,.T.);
#3082=EDGE_CURVE('',#2380,#1973,#1030,.T.);
#3083=EDGE_CURVE('',#1978,#2381,#1031,.T.);
#3084=EDGE_CURVE('',#2381,#2380,#1441,.T.);
#3085=EDGE_CURVE('',#1949,#1987,#1032,.T.);
#3086=EDGE_CURVE('',#2381,#1948,#1442,.T.);
#3087=EDGE_CURVE('',#2382,#2382,#1033,.T.);
#3088=EDGE_CURVE('',#2328,#2383,#1443,.T.);
#3089=EDGE_CURVE('',#2383,#2266,#1444,.T.);
#3090=EDGE_CURVE('',#2384,#2384,#1034,.T.);
#3091=EDGE_CURVE('',#2258,#2296,#1445,.T.);
#3092=EDGE_CURVE('',#2202,#2383,#1446,.T.);
#3093=EDGE_CURVE('',#2373,#1969,#1035,.T.);
#3094=EDGE_CURVE('',#2385,#2370,#1447,.T.);
#3095=EDGE_CURVE('',#2361,#2385,#1448,.T.);
#3096=EDGE_CURVE('',#2386,#2386,#1036,.T.);
#3097=EDGE_CURVE('',#2255,#2210,#1449,.T.);
#3098=EDGE_CURVE('',#2387,#2238,#1450,.T.);
#3099=EDGE_CURVE('',#2387,#2189,#1451,.T.);
#3100=EDGE_CURVE('',#2378,#2219,#1452,.T.);
#3101=EDGE_CURVE('',#2388,#2388,#1037,.T.);
#3102=EDGE_CURVE('',#2247,#2254,#1453,.T.);
#3103=EDGE_CURVE('',#2389,#2389,#1038,.T.);
#3104=EDGE_CURVE('',#2384,#2389,#1454,.T.);
#3105=EDGE_CURVE('',#2390,#2326,#1455,.T.);
#3106=EDGE_CURVE('',#2390,#2391,#1456,.T.);
#3107=EDGE_CURVE('',#2327,#2391,#1457,.T.);
#3108=EDGE_CURVE('',#2343,#2390,#1458,.F.);
#3109=EDGE_CURVE('',#2392,#2387,#1459,.T.);
#3110=EDGE_CURVE('',#2393,#2392,#1460,.T.);
#3111=EDGE_CURVE('',#2393,#2394,#1461,.T.);
#3112=EDGE_CURVE('',#2394,#2395,#1462,.T.);
#3113=EDGE_CURVE('',#2395,#1939,#1463,.T.);
#3114=EDGE_CURVE('',#2380,#1947,#1464,.T.);
#3115=EDGE_CURVE('',#1972,#1946,#1039,.T.);
#3116=EDGE_CURVE('',#2396,#2396,#1040,.T.);
#3117=EDGE_CURVE('',#2391,#1950,#1041,.T.);
#3118=EDGE_CURVE('',#1942,#2395,#1042,.T.);
#3119=EDGE_CURVE('',#2394,#2374,#1043,.T.);
#3120=EDGE_CURVE('',#2396,#2382,#1465,.T.);
#3121=EDGE_CURVE('',#2397,#2397,#1044,.T.);
#3122=EDGE_CURVE('',#2397,#2354,#1466,.T.);
#3123=EDGE_CURVE('',#2386,#2398,#1467,.T.);
#3124=EDGE_CURVE('',#2398,#2398,#1045,.T.);
#3125=EDGE_CURVE('',#2399,#2399,#1046,.T.);
#3126=EDGE_CURVE('',#2348,#2400,#1468,.T.);
#3127=EDGE_CURVE('',#2400,#2400,#1047,.T.);
#3128=EDGE_CURVE('',#2401,#2401,#1048,.T.);
#3129=EDGE_CURVE('',#2321,#2337,#1469,.T.);
#3130=EDGE_CURVE('',#2335,#2323,#1470,.T.);
#3131=EDGE_CURVE('',#2385,#2331,#1471,.T.);
#3132=EDGE_CURVE('',#2401,#2332,#1472,.T.);
#3133=EDGE_CURVE('',#2399,#2297,#1473,.T.);
#3134=EDGE_CURVE('',#2238,#2402,#1474,.T.);
#3135=EDGE_CURVE('',#2402,#2392,#1475,.T.);
#3136=EDGE_CURVE('',#2403,#2404,#1476,.T.);
#3137=EDGE_CURVE('',#2404,#2375,#1049,.T.);
#3138=EDGE_CURVE('',#2403,#2393,#1477,.T.);
#3139=EDGE_CURVE('',#2404,#2295,#1478,.T.);
#3140=EDGE_CURVE('',#2403,#2402,#1479,.T.);
#3141=EDGE_CURVE('',#2270,#2388,#1480,.T.);
#3142=EDGE_CURVE('',#2405,#2405,#1050,.T.);
#3143=EDGE_CURVE('',#2199,#2405,#1481,.T.);
#3144=EDGE_CURVE('',#1936,#1945,#1051,.T.);
#3145=ORIENTED_EDGE('',*,*,#2406,.T.);
#3146=ORIENTED_EDGE('',*,*,#2407,.T.);
#3147=ORIENTED_EDGE('',*,*,#2408,.T.);
#3148=ORIENTED_EDGE('',*,*,#2409,.T.);
#3149=ORIENTED_EDGE('',*,*,#2407,.F.);
#3150=ORIENTED_EDGE('',*,*,#2410,.F.);
#3151=ORIENTED_EDGE('',*,*,#2411,.F.);
#3152=ORIENTED_EDGE('',*,*,#2412,.F.);
#3153=ORIENTED_EDGE('',*,*,#2413,.T.);
#3154=ORIENTED_EDGE('',*,*,#2414,.T.);
#3155=ORIENTED_EDGE('',*,*,#2415,.T.);
#3156=ORIENTED_EDGE('',*,*,#2416,.T.);
#3157=ORIENTED_EDGE('',*,*,#2414,.F.);
#3158=ORIENTED_EDGE('',*,*,#2417,.F.);
#3159=ORIENTED_EDGE('',*,*,#2418,.T.);
#3160=ORIENTED_EDGE('',*,*,#2419,.T.);
#3161=ORIENTED_EDGE('',*,*,#2420,.T.);
#3162=ORIENTED_EDGE('',*,*,#2421,.F.);
#3163=ORIENTED_EDGE('',*,*,#2422,.T.);
#3164=ORIENTED_EDGE('',*,*,#2423,.T.);
#3165=ORIENTED_EDGE('',*,*,#2424,.T.);
#3166=ORIENTED_EDGE('',*,*,#2425,.T.);
#3167=ORIENTED_EDGE('',*,*,#2426,.F.);
#3168=ORIENTED_EDGE('',*,*,#2427,.F.);
#3169=ORIENTED_EDGE('',*,*,#2428,.F.);
#3170=ORIENTED_EDGE('',*,*,#2429,.T.);
#3171=ORIENTED_EDGE('',*,*,#2430,.F.);
#3172=ORIENTED_EDGE('',*,*,#2431,.F.);
#3173=ORIENTED_EDGE('',*,*,#2432,.F.);
#3174=ORIENTED_EDGE('',*,*,#2433,.T.);
#3175=ORIENTED_EDGE('',*,*,#2434,.F.);
#3176=ORIENTED_EDGE('',*,*,#2435,.F.);
#3177=ORIENTED_EDGE('',*,*,#2436,.T.);
#3178=ORIENTED_EDGE('',*,*,#2437,.T.);
#3179=ORIENTED_EDGE('',*,*,#2438,.T.);
#3180=ORIENTED_EDGE('',*,*,#2411,.T.);
#3181=ORIENTED_EDGE('',*,*,#2437,.F.);
#3182=ORIENTED_EDGE('',*,*,#2439,.T.);
#3183=ORIENTED_EDGE('',*,*,#2440,.F.);
#3184=ORIENTED_EDGE('',*,*,#2441,.T.);
#3185=ORIENTED_EDGE('',*,*,#2442,.T.);
#3186=ORIENTED_EDGE('',*,*,#2443,.T.);
#3187=ORIENTED_EDGE('',*,*,#2440,.T.);
#3188=ORIENTED_EDGE('',*,*,#2444,.T.);
#3189=ORIENTED_EDGE('',*,*,#2434,.T.);
#3190=ORIENTED_EDGE('',*,*,#2445,.T.);
#3191=ORIENTED_EDGE('',*,*,#2446,.T.);
#3192=ORIENTED_EDGE('',*,*,#2447,.T.);
#3193=ORIENTED_EDGE('',*,*,#2448,.T.);
#3194=ORIENTED_EDGE('',*,*,#2449,.F.);
#3195=ORIENTED_EDGE('',*,*,#2446,.F.);
#3196=ORIENTED_EDGE('',*,*,#2450,.F.);
#3197=ORIENTED_EDGE('',*,*,#2451,.F.);
#3198=ORIENTED_EDGE('',*,*,#2452,.T.);
#3199=ORIENTED_EDGE('',*,*,#2453,.F.);
#3200=ORIENTED_EDGE('',*,*,#2454,.F.);
#3201=ORIENTED_EDGE('',*,*,#2455,.F.);
#3202=ORIENTED_EDGE('',*,*,#2456,.T.);
#3203=ORIENTED_EDGE('',*,*,#2457,.T.);
#3204=ORIENTED_EDGE('',*,*,#2458,.T.);
#3205=ORIENTED_EDGE('',*,*,#2459,.T.);
#3206=ORIENTED_EDGE('',*,*,#2457,.F.);
#3207=ORIENTED_EDGE('',*,*,#2460,.F.);
#3208=ORIENTED_EDGE('',*,*,#2461,.F.);
#3209=ORIENTED_EDGE('',*,*,#2462,.F.);
#3210=ORIENTED_EDGE('',*,*,#2463,.T.);
#3211=ORIENTED_EDGE('',*,*,#2441,.F.);
#3212=ORIENTED_EDGE('',*,*,#2443,.F.);
#3213=ORIENTED_EDGE('',*,*,#2433,.F.);
#3214=ORIENTED_EDGE('',*,*,#2464,.F.);
#3215=ORIENTED_EDGE('',*,*,#2465,.F.);
#3216=ORIENTED_EDGE('',*,*,#2466,.T.);
#3217=ORIENTED_EDGE('',*,*,#2467,.T.);
#3218=ORIENTED_EDGE('',*,*,#2453,.T.);
#3219=ORIENTED_EDGE('',*,*,#2468,.T.);
#3220=ORIENTED_EDGE('',*,*,#2469,.T.);
#3221=ORIENTED_EDGE('',*,*,#2470,.T.);
#3222=ORIENTED_EDGE('',*,*,#2471,.T.);
#3223=ORIENTED_EDGE('',*,*,#2472,.F.);
#3224=ORIENTED_EDGE('',*,*,#2471,.F.);
#3225=ORIENTED_EDGE('',*,*,#2473,.F.);
#3226=ORIENTED_EDGE('',*,*,#2429,.F.);
#3227=ORIENTED_EDGE('',*,*,#2474,.F.);
#3228=ORIENTED_EDGE('',*,*,#2475,.F.);
#3229=ORIENTED_EDGE('',*,*,#2476,.T.);
#3230=ORIENTED_EDGE('',*,*,#2477,.T.);
#3231=ORIENTED_EDGE('',*,*,#2478,.T.);
#3232=ORIENTED_EDGE('',*,*,#2479,.T.);
#3233=ORIENTED_EDGE('',*,*,#2477,.F.);
#3234=ORIENTED_EDGE('',*,*,#2480,.T.);
#3235=ORIENTED_EDGE('',*,*,#2481,.T.);
#3236=ORIENTED_EDGE('',*,*,#2482,.F.);
#3237=ORIENTED_EDGE('',*,*,#2483,.F.);
#3238=ORIENTED_EDGE('',*,*,#2484,.F.);
#3239=ORIENTED_EDGE('',*,*,#2485,.F.);
#3240=ORIENTED_EDGE('',*,*,#2486,.F.);
#3241=ORIENTED_EDGE('',*,*,#2487,.T.);
#3242=ORIENTED_EDGE('',*,*,#2488,.T.);
#3243=ORIENTED_EDGE('',*,*,#2489,.T.);
#3244=ORIENTED_EDGE('',*,*,#2469,.F.);
#3245=ORIENTED_EDGE('',*,*,#2490,.F.);
#3246=ORIENTED_EDGE('',*,*,#2486,.T.);
#3247=ORIENTED_EDGE('',*,*,#2491,.T.);
#3248=ORIENTED_EDGE('',*,*,#2459,.F.);
#3249=ORIENTED_EDGE('',*,*,#2492,.T.);
#3250=ORIENTED_EDGE('',*,*,#2493,.T.);
#3251=ORIENTED_EDGE('',*,*,#2494,.F.);
#3252=ORIENTED_EDGE('',*,*,#2495,.T.);
#3253=ORIENTED_EDGE('',*,*,#2496,.T.);
#3254=ORIENTED_EDGE('',*,*,#2497,.T.);
#3255=ORIENTED_EDGE('',*,*,#2498,.T.);
#3256=ORIENTED_EDGE('',*,*,#2499,.T.);
#3257=ORIENTED_EDGE('',*,*,#2500,.T.);
#3258=ORIENTED_EDGE('',*,*,#2501,.F.);
#3259=ORIENTED_EDGE('',*,*,#2502,.F.);
#3260=ORIENTED_EDGE('',*,*,#2503,.F.);
#3261=ORIENTED_EDGE('',*,*,#2504,.F.);
#3262=ORIENTED_EDGE('',*,*,#2500,.F.);
#3263=ORIENTED_EDGE('',*,*,#2505,.F.);
#3264=ORIENTED_EDGE('',*,*,#2506,.T.);
#3265=ORIENTED_EDGE('',*,*,#2507,.F.);
#3266=ORIENTED_EDGE('',*,*,#2503,.T.);
#3267=ORIENTED_EDGE('',*,*,#2508,.F.);
#3268=ORIENTED_EDGE('',*,*,#2509,.F.);
#3269=ORIENTED_EDGE('',*,*,#2510,.F.);
#3270=ORIENTED_EDGE('',*,*,#2511,.F.);
#3271=ORIENTED_EDGE('',*,*,#2512,.F.);
#3272=ORIENTED_EDGE('',*,*,#2513,.F.);
#3273=ORIENTED_EDGE('',*,*,#2514,.F.);
#3274=ORIENTED_EDGE('',*,*,#2515,.F.);
#3275=ORIENTED_EDGE('',*,*,#2516,.F.);
#3276=ORIENTED_EDGE('',*,*,#2517,.F.);
#3277=ORIENTED_EDGE('',*,*,#2512,.T.);
#3278=ORIENTED_EDGE('',*,*,#2518,.F.);
#3279=ORIENTED_EDGE('',*,*,#2519,.F.);
#3280=ORIENTED_EDGE('',*,*,#2509,.T.);
#3281=ORIENTED_EDGE('',*,*,#2520,.F.);
#3282=ORIENTED_EDGE('',*,*,#2516,.T.);
#3283=ORIENTED_EDGE('',*,*,#2508,.T.);
#3284=ORIENTED_EDGE('',*,*,#2521,.F.);
#3285=ORIENTED_EDGE('',*,*,#2522,.F.);
#3286=ORIENTED_EDGE('',*,*,#2523,.F.);
#3287=ORIENTED_EDGE('',*,*,#2520,.T.);
#3288=ORIENTED_EDGE('',*,*,#2523,.T.);
#3289=ORIENTED_EDGE('',*,*,#2524,.T.);
#3290=ORIENTED_EDGE('',*,*,#2513,.T.);
#3291=ORIENTED_EDGE('',*,*,#2517,.T.);
#3292=ORIENTED_EDGE('',*,*,#2525,.F.);
#3293=ORIENTED_EDGE('',*,*,#2526,.F.);
#3294=ORIENTED_EDGE('',*,*,#2527,.F.);
#3295=ORIENTED_EDGE('',*,*,#2528,.T.);
#3296=ORIENTED_EDGE('',*,*,#2529,.F.);
#3297=ORIENTED_EDGE('',*,*,#2530,.F.);
#3298=ORIENTED_EDGE('',*,*,#2531,.F.);
#3299=ORIENTED_EDGE('',*,*,#2532,.F.);
#3300=ORIENTED_EDGE('',*,*,#2533,.F.);
#3301=ORIENTED_EDGE('',*,*,#2534,.F.);
#3302=ORIENTED_EDGE('',*,*,#2532,.T.);
#3303=ORIENTED_EDGE('',*,*,#2535,.F.);
#3304=ORIENTED_EDGE('',*,*,#2536,.F.);
#3305=ORIENTED_EDGE('',*,*,#2526,.T.);
#3306=ORIENTED_EDGE('',*,*,#2537,.F.);
#3307=ORIENTED_EDGE('',*,*,#2533,.T.);
#3308=ORIENTED_EDGE('',*,*,#2538,.F.);
#3309=ORIENTED_EDGE('',*,*,#2530,.T.);
#3310=ORIENTED_EDGE('',*,*,#2539,.F.);
#3311=ORIENTED_EDGE('',*,*,#2540,.F.);
#3312=ORIENTED_EDGE('',*,*,#2541,.T.);
#3313=ORIENTED_EDGE('',*,*,#2542,.T.);
#3314=ORIENTED_EDGE('',*,*,#2543,.T.);
#3315=ORIENTED_EDGE('',*,*,#2544,.T.);
#3316=ORIENTED_EDGE('',*,*,#2545,.T.);
#3317=ORIENTED_EDGE('',*,*,#2525,.T.);
#3318=ORIENTED_EDGE('',*,*,#2546,.T.);
#3319=ORIENTED_EDGE('',*,*,#2547,.T.);
#3320=ORIENTED_EDGE('',*,*,#2548,.T.);
#3321=ORIENTED_EDGE('',*,*,#2537,.T.);
#3322=ORIENTED_EDGE('',*,*,#2548,.F.);
#3323=ORIENTED_EDGE('',*,*,#2549,.F.);
#3324=ORIENTED_EDGE('',*,*,#2529,.T.);
#3325=ORIENTED_EDGE('',*,*,#2534,.T.);
#3326=ORIENTED_EDGE('',*,*,#2550,.T.);
#3327=ORIENTED_EDGE('',*,*,#2551,.F.);
#3328=ORIENTED_EDGE('',*,*,#2552,.F.);
#3329=ORIENTED_EDGE('',*,*,#2528,.F.);
#3330=ORIENTED_EDGE('',*,*,#2553,.F.);
#3331=ORIENTED_EDGE('',*,*,#2554,.F.);
#3332=ORIENTED_EDGE('',*,*,#2555,.F.);
#3333=ORIENTED_EDGE('',*,*,#2556,.F.);
#3334=ORIENTED_EDGE('',*,*,#2557,.F.);
#3335=ORIENTED_EDGE('',*,*,#2551,.T.);
#3336=ORIENTED_EDGE('',*,*,#2558,.F.);
#3337=ORIENTED_EDGE('',*,*,#2559,.F.);
#3338=ORIENTED_EDGE('',*,*,#2560,.F.);
#3339=ORIENTED_EDGE('',*,*,#2544,.F.);
#3340=ORIENTED_EDGE('',*,*,#2561,.T.);
#3341=ORIENTED_EDGE('',*,*,#2562,.T.);
#3342=ORIENTED_EDGE('',*,*,#2563,.F.);
#3343=ORIENTED_EDGE('',*,*,#2564,.F.);
#3344=ORIENTED_EDGE('',*,*,#2565,.F.);
#3345=ORIENTED_EDGE('',*,*,#2566,.F.);
#3346=ORIENTED_EDGE('',*,*,#2540,.T.);
#3347=ORIENTED_EDGE('',*,*,#2567,.F.);
#3348=ORIENTED_EDGE('',*,*,#2556,.T.);
#3349=ORIENTED_EDGE('',*,*,#2568,.F.);
#3350=ORIENTED_EDGE('',*,*,#2515,.T.);
#3351=ORIENTED_EDGE('',*,*,#2569,.T.);
#3352=ORIENTED_EDGE('',*,*,#2553,.T.);
#3353=ORIENTED_EDGE('',*,*,#2527,.T.);
#3354=ORIENTED_EDGE('',*,*,#2536,.T.);
#3355=ORIENTED_EDGE('',*,*,#2570,.T.);
#3356=ORIENTED_EDGE('',*,*,#2495,.F.);
#3357=ORIENTED_EDGE('',*,*,#2571,.F.);
#3358=ORIENTED_EDGE('',*,*,#2572,.F.);
#3359=ORIENTED_EDGE('',*,*,#2573,.F.);
#3360=ORIENTED_EDGE('',*,*,#2571,.T.);
#3361=ORIENTED_EDGE('',*,*,#2494,.T.);
#3362=ORIENTED_EDGE('',*,*,#2574,.T.);
#3363=ORIENTED_EDGE('',*,*,#2575,.T.);
#3364=ORIENTED_EDGE('',*,*,#2574,.F.);
#3365=ORIENTED_EDGE('',*,*,#2576,.F.);
#3366=ORIENTED_EDGE('',*,*,#2577,.F.);
#3367=ORIENTED_EDGE('',*,*,#2578,.F.);
#3368=ORIENTED_EDGE('',*,*,#2579,.F.);
#3369=ORIENTED_EDGE('',*,*,#2576,.T.);
#3370=ORIENTED_EDGE('',*,*,#2493,.F.);
#3371=ORIENTED_EDGE('',*,*,#2580,.T.);
#3372=ORIENTED_EDGE('',*,*,#2581,.T.);
#3373=ORIENTED_EDGE('',*,*,#2582,.F.);
#3374=ORIENTED_EDGE('',*,*,#2583,.F.);
#3375=ORIENTED_EDGE('',*,*,#2584,.F.);
#3376=ORIENTED_EDGE('',*,*,#2585,.F.);
#3377=ORIENTED_EDGE('',*,*,#2586,.T.);
#3378=ORIENTED_EDGE('',*,*,#2587,.F.);
#3379=ORIENTED_EDGE('',*,*,#2588,.F.);
#3380=ORIENTED_EDGE('',*,*,#2583,.T.);
#3381=ORIENTED_EDGE('',*,*,#2589,.F.);
#3382=ORIENTED_EDGE('',*,*,#2590,.F.);
#3383=ORIENTED_EDGE('',*,*,#2591,.F.);
#3384=ORIENTED_EDGE('',*,*,#2592,.T.);
#3385=ORIENTED_EDGE('',*,*,#2559,.T.);
#3386=ORIENTED_EDGE('',*,*,#2593,.T.);
#3387=ORIENTED_EDGE('',*,*,#2594,.F.);
#3388=ORIENTED_EDGE('',*,*,#2595,.F.);
#3389=ORIENTED_EDGE('',*,*,#2596,.T.);
#3390=ORIENTED_EDGE('',*,*,#2597,.T.);
#3391=ORIENTED_EDGE('',*,*,#2598,.T.);
#3392=ORIENTED_EDGE('',*,*,#2599,.T.);
#3393=ORIENTED_EDGE('',*,*,#2600,.T.);
#3394=ORIENTED_EDGE('',*,*,#2601,.F.);
#3395=ORIENTED_EDGE('',*,*,#2587,.T.);
#3396=ORIENTED_EDGE('',*,*,#2602,.F.);
#3397=ORIENTED_EDGE('',*,*,#2582,.T.);
#3398=ORIENTED_EDGE('',*,*,#2601,.T.);
#3399=ORIENTED_EDGE('',*,*,#2603,.T.);
#3400=ORIENTED_EDGE('',*,*,#2604,.T.);
#3401=ORIENTED_EDGE('',*,*,#2605,.T.);
#3402=ORIENTED_EDGE('',*,*,#2606,.T.);
#3403=ORIENTED_EDGE('',*,*,#2607,.F.);
#3404=ORIENTED_EDGE('',*,*,#2589,.T.);
#3405=ORIENTED_EDGE('',*,*,#2607,.T.);
#3406=ORIENTED_EDGE('',*,*,#2608,.T.);
#3407=ORIENTED_EDGE('',*,*,#2609,.F.);
#3408=ORIENTED_EDGE('',*,*,#2610,.T.);
#3409=ORIENTED_EDGE('',*,*,#2611,.F.);
#3410=ORIENTED_EDGE('',*,*,#2612,.T.);
#3411=ORIENTED_EDGE('',*,*,#2606,.F.);
#3412=ORIENTED_EDGE('',*,*,#2613,.T.);
#3413=ORIENTED_EDGE('',*,*,#2608,.F.);
#3414=ORIENTED_EDGE('',*,*,#2612,.F.);
#3415=ORIENTED_EDGE('',*,*,#2614,.F.);
#3416=ORIENTED_EDGE('',*,*,#2615,.F.);
#3417=ORIENTED_EDGE('',*,*,#2616,.T.);
#3418=ORIENTED_EDGE('',*,*,#2603,.F.);
#3419=ORIENTED_EDGE('',*,*,#2600,.F.);
#3420=ORIENTED_EDGE('',*,*,#2617,.F.);
#3421=ORIENTED_EDGE('',*,*,#2617,.T.);
#3422=ORIENTED_EDGE('',*,*,#2599,.F.);
#3423=ORIENTED_EDGE('',*,*,#2618,.T.);
#3424=ORIENTED_EDGE('',*,*,#2619,.T.);
#3425=ORIENTED_EDGE('',*,*,#2620,.T.);
#3426=ORIENTED_EDGE('',*,*,#2613,.F.);
#3427=ORIENTED_EDGE('',*,*,#2605,.F.);
#3428=ORIENTED_EDGE('',*,*,#2621,.T.);
#3429=ORIENTED_EDGE('',*,*,#2622,.F.);
#3430=ORIENTED_EDGE('',*,*,#2623,.T.);
#3431=ORIENTED_EDGE('',*,*,#2624,.F.);
#3432=ORIENTED_EDGE('',*,*,#2625,.T.);
#3433=ORIENTED_EDGE('',*,*,#2626,.F.);
#3434=ORIENTED_EDGE('',*,*,#2627,.F.);
#3435=ORIENTED_EDGE('',*,*,#2628,.F.);
#3436=ORIENTED_EDGE('',*,*,#2629,.F.);
#3437=ORIENTED_EDGE('',*,*,#2630,.F.);
#3438=ORIENTED_EDGE('',*,*,#2631,.F.);
#3439=ORIENTED_EDGE('',*,*,#2632,.F.);
#3440=ORIENTED_EDGE('',*,*,#2629,.T.);
#3441=ORIENTED_EDGE('',*,*,#2633,.F.);
#3442=ORIENTED_EDGE('',*,*,#2634,.F.);
#3443=ORIENTED_EDGE('',*,*,#2635,.F.);
#3444=ORIENTED_EDGE('',*,*,#2631,.T.);
#3445=ORIENTED_EDGE('',*,*,#2636,.F.);
#3446=ORIENTED_EDGE('',*,*,#2637,.F.);
#3447=ORIENTED_EDGE('',*,*,#2638,.F.);
#3448=ORIENTED_EDGE('',*,*,#2634,.T.);
#3449=ORIENTED_EDGE('',*,*,#2639,.F.);
#3450=ORIENTED_EDGE('',*,*,#2640,.F.);
#3451=ORIENTED_EDGE('',*,*,#2641,.F.);
#3452=ORIENTED_EDGE('',*,*,#2637,.T.);
#3453=ORIENTED_EDGE('',*,*,#2625,.F.);
#3454=ORIENTED_EDGE('',*,*,#2641,.T.);
#3455=ORIENTED_EDGE('',*,*,#2642,.F.);
#3456=ORIENTED_EDGE('',*,*,#2643,.T.);
#3457=ORIENTED_EDGE('',*,*,#2644,.T.);
#3458=ORIENTED_EDGE('',*,*,#2645,.T.);
#3459=ORIENTED_EDGE('',*,*,#2564,.T.);
#3460=ORIENTED_EDGE('',*,*,#2646,.T.);
#3461=ORIENTED_EDGE('',*,*,#2647,.T.);
#3462=ORIENTED_EDGE('',*,*,#2483,.T.);
#3463=ORIENTED_EDGE('',*,*,#2490,.T.);
#3464=ORIENTED_EDGE('',*,*,#2468,.F.);
#3465=ORIENTED_EDGE('',*,*,#2472,.T.);
#3466=ORIENTED_EDGE('',*,*,#2648,.F.);
#3467=ORIENTED_EDGE('',*,*,#2649,.T.);
#3468=ORIENTED_EDGE('',*,*,#2630,.T.);
#3469=ORIENTED_EDGE('',*,*,#2632,.T.);
#3470=ORIENTED_EDGE('',*,*,#2635,.T.);
#3471=ORIENTED_EDGE('',*,*,#2638,.T.);
#3472=ORIENTED_EDGE('',*,*,#2650,.F.);
#3473=ORIENTED_EDGE('',*,*,#2651,.F.);
#3474=ORIENTED_EDGE('',*,*,#2652,.T.);
#3475=ORIENTED_EDGE('',*,*,#2653,.T.);
#3476=ORIENTED_EDGE('',*,*,#2619,.F.);
#3477=ORIENTED_EDGE('',*,*,#2654,.F.);
#3478=ORIENTED_EDGE('',*,*,#2655,.F.);
#3479=ORIENTED_EDGE('',*,*,#2656,.F.);
#3480=ORIENTED_EDGE('',*,*,#2654,.T.);
#3481=ORIENTED_EDGE('',*,*,#2657,.F.);
#3482=ORIENTED_EDGE('',*,*,#2658,.F.);
#3483=ORIENTED_EDGE('',*,*,#2659,.F.);
#3484=ORIENTED_EDGE('',*,*,#2655,.T.);
#3485=ORIENTED_EDGE('',*,*,#2660,.F.);
#3486=ORIENTED_EDGE('',*,*,#2661,.F.);
#3487=ORIENTED_EDGE('',*,*,#2662,.F.);
#3488=ORIENTED_EDGE('',*,*,#2658,.T.);
#3489=ORIENTED_EDGE('',*,*,#2663,.F.);
#3490=ORIENTED_EDGE('',*,*,#2664,.F.);
#3491=ORIENTED_EDGE('',*,*,#2665,.F.);
#3492=ORIENTED_EDGE('',*,*,#2661,.T.);
#3493=ORIENTED_EDGE('',*,*,#2666,.F.);
#3494=ORIENTED_EDGE('',*,*,#2628,.T.);
#3495=ORIENTED_EDGE('',*,*,#2667,.T.);
#3496=ORIENTED_EDGE('',*,*,#2668,.T.);
#3497=ORIENTED_EDGE('',*,*,#2427,.T.);
#3498=ORIENTED_EDGE('',*,*,#2669,.F.);
#3499=ORIENTED_EDGE('',*,*,#2670,.F.);
#3500=ORIENTED_EDGE('',*,*,#2666,.T.);
#3501=ORIENTED_EDGE('',*,*,#2671,.T.);
#3502=ORIENTED_EDGE('',*,*,#2664,.T.);
#3503=ORIENTED_EDGE('',*,*,#2670,.T.);
#3504=ORIENTED_EDGE('',*,*,#2672,.T.);
#3505=ORIENTED_EDGE('',*,*,#2673,.T.);
#3506=ORIENTED_EDGE('',*,*,#2674,.F.);
#3507=ORIENTED_EDGE('',*,*,#2675,.F.);
#3508=ORIENTED_EDGE('',*,*,#2651,.T.);
#3509=ORIENTED_EDGE('',*,*,#2656,.T.);
#3510=ORIENTED_EDGE('',*,*,#2659,.T.);
#3511=ORIENTED_EDGE('',*,*,#2662,.T.);
#3512=ORIENTED_EDGE('',*,*,#2665,.T.);
#3513=ORIENTED_EDGE('',*,*,#2675,.T.);
#3514=ORIENTED_EDGE('',*,*,#2676,.T.);
#3515=ORIENTED_EDGE('',*,*,#2677,.F.);
#3516=ORIENTED_EDGE('',*,*,#2678,.T.);
#3517=ORIENTED_EDGE('',*,*,#2679,.T.);
#3518=ORIENTED_EDGE('',*,*,#2680,.F.);
#3519=ORIENTED_EDGE('',*,*,#2681,.F.);
#3520=ORIENTED_EDGE('',*,*,#2682,.F.);
#3521=ORIENTED_EDGE('',*,*,#2683,.F.);
#3522=ORIENTED_EDGE('',*,*,#2673,.F.);
#3523=ORIENTED_EDGE('',*,*,#2684,.F.);
#3524=ORIENTED_EDGE('',*,*,#2682,.T.);
#3525=ORIENTED_EDGE('',*,*,#2685,.F.);
#3526=ORIENTED_EDGE('',*,*,#2686,.T.);
#3527=ORIENTED_EDGE('',*,*,#2581,.F.);
#3528=ORIENTED_EDGE('',*,*,#2687,.F.);
#3529=ORIENTED_EDGE('',*,*,#2681,.T.);
#3530=ORIENTED_EDGE('',*,*,#2672,.F.);
#3531=ORIENTED_EDGE('',*,*,#2669,.T.);
#3532=ORIENTED_EDGE('',*,*,#2426,.T.);
#3533=ORIENTED_EDGE('',*,*,#2688,.T.);
#3534=ORIENTED_EDGE('',*,*,#2478,.F.);
#3535=ORIENTED_EDGE('',*,*,#2482,.T.);
#3536=ORIENTED_EDGE('',*,*,#2689,.T.);
#3537=ORIENTED_EDGE('',*,*,#2690,.T.);
#3538=ORIENTED_EDGE('',*,*,#2691,.T.);
#3539=ORIENTED_EDGE('',*,*,#2685,.T.);
#3540=ORIENTED_EDGE('',*,*,#2692,.F.);
#3541=ORIENTED_EDGE('',*,*,#2693,.F.);
#3542=ORIENTED_EDGE('',*,*,#2694,.F.);
#3543=ORIENTED_EDGE('',*,*,#2644,.F.);
#3544=ORIENTED_EDGE('',*,*,#2695,.T.);
#3545=ORIENTED_EDGE('',*,*,#2645,.F.);
#3546=ORIENTED_EDGE('',*,*,#2694,.T.);
#3547=ORIENTED_EDGE('',*,*,#2696,.F.);
#3548=ORIENTED_EDGE('',*,*,#2697,.F.);
#3549=ORIENTED_EDGE('',*,*,#2698,.F.);
#3550=ORIENTED_EDGE('',*,*,#2699,.F.);
#3551=ORIENTED_EDGE('',*,*,#2565,.T.);
#3552=ORIENTED_EDGE('',*,*,#2674,.T.);
#3553=ORIENTED_EDGE('',*,*,#2683,.T.);
#3554=ORIENTED_EDGE('',*,*,#2700,.F.);
#3555=ORIENTED_EDGE('',*,*,#2693,.T.);
#3556=ORIENTED_EDGE('',*,*,#2701,.T.);
#3557=ORIENTED_EDGE('',*,*,#2676,.F.);
#3558=ORIENTED_EDGE('',*,*,#2684,.T.);
#3559=ORIENTED_EDGE('',*,*,#2702,.F.);
#3560=ORIENTED_EDGE('',*,*,#2696,.T.);
#3561=ORIENTED_EDGE('',*,*,#2700,.T.);
#3562=ORIENTED_EDGE('',*,*,#2687,.T.);
#3563=ORIENTED_EDGE('',*,*,#2580,.F.);
#3564=ORIENTED_EDGE('',*,*,#2492,.F.);
#3565=ORIENTED_EDGE('',*,*,#2703,.F.);
#3566=ORIENTED_EDGE('',*,*,#2697,.T.);
#3567=ORIENTED_EDGE('',*,*,#2702,.T.);
#3568=ORIENTED_EDGE('',*,*,#2704,.F.);
#3569=ORIENTED_EDGE('',*,*,#2705,.F.);
#3570=ORIENTED_EDGE('',*,*,#2706,.F.);
#3571=ORIENTED_EDGE('',*,*,#2561,.F.);
#3572=ORIENTED_EDGE('',*,*,#2543,.F.);
#3573=ORIENTED_EDGE('',*,*,#2542,.F.);
#3574=ORIENTED_EDGE('',*,*,#2707,.F.);
#3575=ORIENTED_EDGE('',*,*,#2708,.F.);
#3576=ORIENTED_EDGE('',*,*,#2705,.T.);
#3577=ORIENTED_EDGE('',*,*,#2709,.F.);
#3578=ORIENTED_EDGE('',*,*,#2710,.F.);
#3579=ORIENTED_EDGE('',*,*,#2707,.T.);
#3580=ORIENTED_EDGE('',*,*,#2541,.F.);
#3581=ORIENTED_EDGE('',*,*,#2711,.T.);
#3582=ORIENTED_EDGE('',*,*,#2712,.T.);
#3583=ORIENTED_EDGE('',*,*,#2704,.T.);
#3584=ORIENTED_EDGE('',*,*,#2712,.F.);
#3585=ORIENTED_EDGE('',*,*,#2713,.T.);
#3586=ORIENTED_EDGE('',*,*,#2714,.T.);
#3587=ORIENTED_EDGE('',*,*,#2709,.T.);
#3588=ORIENTED_EDGE('',*,*,#2714,.F.);
#3589=ORIENTED_EDGE('',*,*,#2715,.T.);
#3590=ORIENTED_EDGE('',*,*,#2585,.T.);
#3591=ORIENTED_EDGE('',*,*,#2716,.T.);
#3592=ORIENTED_EDGE('',*,*,#2545,.F.);
#3593=ORIENTED_EDGE('',*,*,#2560,.T.);
#3594=ORIENTED_EDGE('',*,*,#2592,.F.);
#3595=ORIENTED_EDGE('',*,*,#2717,.F.);
#3596=ORIENTED_EDGE('',*,*,#2713,.F.);
#3597=ORIENTED_EDGE('',*,*,#2711,.F.);
#3598=ORIENTED_EDGE('',*,*,#2715,.F.);
#3599=ORIENTED_EDGE('',*,*,#2717,.T.);
#3600=ORIENTED_EDGE('',*,*,#2591,.T.);
#3601=ORIENTED_EDGE('',*,*,#2586,.F.);
#3602=ORIENTED_EDGE('',*,*,#2718,.F.);
#3603=ORIENTED_EDGE('',*,*,#2719,.F.);
#3604=ORIENTED_EDGE('',*,*,#2720,.F.);
#3605=ORIENTED_EDGE('',*,*,#2721,.F.);
#3606=ORIENTED_EDGE('',*,*,#2722,.F.);
#3607=ORIENTED_EDGE('',*,*,#2723,.F.);
#3608=ORIENTED_EDGE('',*,*,#2720,.T.);
#3609=ORIENTED_EDGE('',*,*,#2724,.F.);
#3610=ORIENTED_EDGE('',*,*,#2725,.T.);
#3611=ORIENTED_EDGE('',*,*,#2623,.F.);
#3612=ORIENTED_EDGE('',*,*,#2722,.T.);
#3613=ORIENTED_EDGE('',*,*,#2726,.F.);
#3614=ORIENTED_EDGE('',*,*,#2723,.T.);
#3615=ORIENTED_EDGE('',*,*,#2622,.T.);
#3616=ORIENTED_EDGE('',*,*,#2727,.T.);
#3617=ORIENTED_EDGE('',*,*,#2728,.F.);
#3618=ORIENTED_EDGE('',*,*,#2721,.T.);
#3619=ORIENTED_EDGE('',*,*,#2728,.T.);
#3620=ORIENTED_EDGE('',*,*,#2729,.T.);
#3621=ORIENTED_EDGE('',*,*,#2730,.F.);
#3622=ORIENTED_EDGE('',*,*,#2718,.T.);
#3623=ORIENTED_EDGE('',*,*,#2730,.T.);
#3624=ORIENTED_EDGE('',*,*,#2731,.F.);
#3625=ORIENTED_EDGE('',*,*,#2732,.F.);
#3626=ORIENTED_EDGE('',*,*,#2461,.T.);
#3627=ORIENTED_EDGE('',*,*,#2733,.F.);
#3628=ORIENTED_EDGE('',*,*,#2618,.F.);
#3629=ORIENTED_EDGE('',*,*,#2598,.F.);
#3630=ORIENTED_EDGE('',*,*,#2734,.F.);
#3631=ORIENTED_EDGE('',*,*,#2621,.F.);
#3632=ORIENTED_EDGE('',*,*,#2604,.F.);
#3633=ORIENTED_EDGE('',*,*,#2616,.F.);
#3634=ORIENTED_EDGE('',*,*,#2735,.F.);
#3635=ORIENTED_EDGE('',*,*,#2727,.F.);
#3636=ORIENTED_EDGE('',*,*,#2734,.T.);
#3637=ORIENTED_EDGE('',*,*,#2597,.F.);
#3638=ORIENTED_EDGE('',*,*,#2736,.F.);
#3639=ORIENTED_EDGE('',*,*,#2729,.F.);
#3640=ORIENTED_EDGE('',*,*,#2735,.T.);
#3641=ORIENTED_EDGE('',*,*,#2596,.F.);
#3642=ORIENTED_EDGE('',*,*,#2737,.F.);
#3643=ORIENTED_EDGE('',*,*,#2738,.F.);
#3644=ORIENTED_EDGE('',*,*,#2739,.F.);
#3645=ORIENTED_EDGE('',*,*,#2488,.F.);
#3646=ORIENTED_EDGE('',*,*,#2739,.T.);
#3647=ORIENTED_EDGE('',*,*,#2740,.T.);
#3648=ORIENTED_EDGE('',*,*,#2430,.T.);
#3649=ORIENTED_EDGE('',*,*,#2473,.T.);
#3650=ORIENTED_EDGE('',*,*,#2470,.F.);
#3651=ORIENTED_EDGE('',*,*,#2489,.F.);
#3652=ORIENTED_EDGE('',*,*,#2741,.T.);
#3653=ORIENTED_EDGE('',*,*,#2563,.T.);
#3654=ORIENTED_EDGE('',*,*,#2742,.F.);
#3655=ORIENTED_EDGE('',*,*,#2743,.F.);
#3656=ORIENTED_EDGE('',*,*,#2646,.F.);
#3657=ORIENTED_EDGE('',*,*,#2744,.F.);
#3658=ORIENTED_EDGE('',*,*,#2568,.T.);
#3659=ORIENTED_EDGE('',*,*,#2558,.T.);
#3660=ORIENTED_EDGE('',*,*,#2555,.T.);
#3661=ORIENTED_EDGE('',*,*,#2745,.T.);
#3662=ORIENTED_EDGE('',*,*,#2593,.F.);
#3663=ORIENTED_EDGE('',*,*,#2706,.T.);
#3664=ORIENTED_EDGE('',*,*,#2708,.T.);
#3665=ORIENTED_EDGE('',*,*,#2746,.T.);
#3666=ORIENTED_EDGE('',*,*,#2747,.T.);
#3667=ORIENTED_EDGE('',*,*,#2726,.T.);
#3668=ORIENTED_EDGE('',*,*,#2724,.T.);
#3669=ORIENTED_EDGE('',*,*,#2719,.T.);
#3670=ORIENTED_EDGE('',*,*,#2733,.T.);
#3671=ORIENTED_EDGE('',*,*,#2460,.T.);
#3672=ORIENTED_EDGE('',*,*,#2456,.F.);
#3673=ORIENTED_EDGE('',*,*,#2491,.F.);
#3674=ORIENTED_EDGE('',*,*,#2485,.T.);
#3675=ORIENTED_EDGE('',*,*,#2748,.T.);
#3676=ORIENTED_EDGE('',*,*,#2742,.T.);
#3677=ORIENTED_EDGE('',*,*,#2562,.F.);
#3678=ORIENTED_EDGE('',*,*,#2749,.F.);
#3679=ORIENTED_EDGE('',*,*,#2518,.T.);
#3680=ORIENTED_EDGE('',*,*,#2570,.F.);
#3681=ORIENTED_EDGE('',*,*,#2535,.T.);
#3682=ORIENTED_EDGE('',*,*,#2750,.F.);
#3683=ORIENTED_EDGE('',*,*,#2550,.F.);
#3684=ORIENTED_EDGE('',*,*,#2751,.T.);
#3685=ORIENTED_EDGE('',*,*,#2752,.T.);
#3686=ORIENTED_EDGE('',*,*,#2751,.F.);
#3687=ORIENTED_EDGE('',*,*,#2505,.T.);
#3688=ORIENTED_EDGE('',*,*,#2753,.T.);
#3689=ORIENTED_EDGE('',*,*,#2754,.T.);
#3690=ORIENTED_EDGE('',*,*,#2755,.T.);
#3691=ORIENTED_EDGE('',*,*,#2539,.T.);
#3692=ORIENTED_EDGE('',*,*,#2549,.T.);
#3693=ORIENTED_EDGE('',*,*,#2547,.F.);
#3694=ORIENTED_EDGE('',*,*,#2756,.F.);
#3695=ORIENTED_EDGE('',*,*,#2552,.T.);
#3696=ORIENTED_EDGE('',*,*,#2557,.T.);
#3697=ORIENTED_EDGE('',*,*,#2567,.T.);
#3698=ORIENTED_EDGE('',*,*,#2756,.T.);
#3699=ORIENTED_EDGE('',*,*,#2546,.F.);
#3700=ORIENTED_EDGE('',*,*,#2757,.T.);
#3701=ORIENTED_EDGE('',*,*,#2744,.T.);
#3702=ORIENTED_EDGE('',*,*,#2758,.T.);
#3703=ORIENTED_EDGE('',*,*,#2757,.F.);
#3704=ORIENTED_EDGE('',*,*,#2758,.F.);
#3705=ORIENTED_EDGE('',*,*,#2648,.T.);
#3706=ORIENTED_EDGE('',*,*,#2475,.T.);
#3707=ORIENTED_EDGE('',*,*,#2759,.F.);
#3708=ORIENTED_EDGE('',*,*,#2760,.T.);
#3709=ORIENTED_EDGE('',*,*,#2627,.T.);
#3710=ORIENTED_EDGE('',*,*,#2649,.F.);
#3711=ORIENTED_EDGE('',*,*,#2760,.F.);
#3712=ORIENTED_EDGE('',*,*,#2761,.F.);
#3713=ORIENTED_EDGE('',*,*,#2667,.F.);
#3714=ORIENTED_EDGE('',*,*,#2737,.T.);
#3715=ORIENTED_EDGE('',*,*,#2487,.F.);
#3716=ORIENTED_EDGE('',*,*,#2458,.F.);
#3717=ORIENTED_EDGE('',*,*,#2464,.T.);
#3718=ORIENTED_EDGE('',*,*,#2432,.T.);
#3719=ORIENTED_EDGE('',*,*,#2762,.F.);
#3720=ORIENTED_EDGE('',*,*,#2763,.F.);
#3721=ORIENTED_EDGE('',*,*,#2738,.T.);
#3722=ORIENTED_EDGE('',*,*,#2762,.T.);
#3723=ORIENTED_EDGE('',*,*,#2431,.T.);
#3724=ORIENTED_EDGE('',*,*,#2740,.F.);
#3725=ORIENTED_EDGE('',*,*,#2763,.T.);
#3726=ORIENTED_EDGE('',*,*,#2764,.T.);
#3727=ORIENTED_EDGE('',*,*,#2741,.F.);
#3728=ORIENTED_EDGE('',*,*,#2764,.F.);
#3729=ORIENTED_EDGE('',*,*,#2761,.T.);
#3730=ORIENTED_EDGE('',*,*,#2759,.T.);
#3731=ORIENTED_EDGE('',*,*,#2474,.T.);
#3732=ORIENTED_EDGE('',*,*,#2428,.T.);
#3733=ORIENTED_EDGE('',*,*,#2668,.F.);
#3734=ORIENTED_EDGE('',*,*,#2765,.F.);
#3735=ORIENTED_EDGE('',*,*,#2765,.T.);
#3736=ORIENTED_EDGE('',*,*,#2766,.T.);
#3737=ORIENTED_EDGE('',*,*,#2692,.T.);
#3738=ORIENTED_EDGE('',*,*,#2766,.F.);
#3739=ORIENTED_EDGE('',*,*,#2749,.T.);
#3740=ORIENTED_EDGE('',*,*,#2767,.T.);
#3741=ORIENTED_EDGE('',*,*,#2768,.F.);
#3742=ORIENTED_EDGE('',*,*,#2767,.F.);
#3743=ORIENTED_EDGE('',*,*,#2768,.T.);
#3744=ORIENTED_EDGE('',*,*,#2769,.T.);
#3745=ORIENTED_EDGE('',*,*,#2680,.T.);
#3746=ORIENTED_EDGE('',*,*,#2770,.T.);
#3747=ORIENTED_EDGE('',*,*,#2771,.F.);
#3748=ORIENTED_EDGE('',*,*,#2770,.F.);
#3749=ORIENTED_EDGE('',*,*,#2771,.T.);
#3750=ORIENTED_EDGE('',*,*,#2772,.T.);
#3751=ORIENTED_EDGE('',*,*,#2633,.T.);
#3752=ORIENTED_EDGE('',*,*,#2671,.F.);
#3753=ORIENTED_EDGE('',*,*,#2663,.T.);
#3754=ORIENTED_EDGE('',*,*,#2773,.F.);
#3755=ORIENTED_EDGE('',*,*,#2639,.T.);
#3756=ORIENTED_EDGE('',*,*,#2774,.F.);
#3757=ORIENTED_EDGE('',*,*,#2657,.T.);
#3758=ORIENTED_EDGE('',*,*,#2626,.T.);
#3759=ORIENTED_EDGE('',*,*,#2636,.T.);
#3760=ORIENTED_EDGE('',*,*,#2773,.T.);
#3761=ORIENTED_EDGE('',*,*,#2660,.T.);
#3762=ORIENTED_EDGE('',*,*,#2774,.T.);
#3763=ORIENTED_EDGE('',*,*,#2747,.F.);
#3764=ORIENTED_EDGE('',*,*,#2775,.T.);
#3765=ORIENTED_EDGE('',*,*,#2642,.T.);
#3766=ORIENTED_EDGE('',*,*,#2640,.T.);
#3767=ORIENTED_EDGE('',*,*,#2624,.T.);
#3768=ORIENTED_EDGE('',*,*,#2725,.F.);
#3769=ORIENTED_EDGE('',*,*,#2772,.F.);
#3770=ORIENTED_EDGE('',*,*,#2776,.T.);
#3771=ORIENTED_EDGE('',*,*,#2650,.T.);
#3772=ORIENTED_EDGE('',*,*,#2776,.F.);
#3773=ORIENTED_EDGE('',*,*,#2769,.F.);
#3774=ORIENTED_EDGE('',*,*,#2777,.T.);
#3775=ORIENTED_EDGE('',*,*,#2602,.T.);
#3776=ORIENTED_EDGE('',*,*,#2777,.F.);
#3777=ORIENTED_EDGE('',*,*,#2778,.F.);
#3778=ORIENTED_EDGE('',*,*,#2779,.F.);
#3779=ORIENTED_EDGE('',*,*,#2780,.F.);
#3780=ORIENTED_EDGE('',*,*,#2781,.F.);
#3781=ORIENTED_EDGE('',*,*,#2782,.F.);
#3782=ORIENTED_EDGE('',*,*,#2783,.T.);
#3783=ORIENTED_EDGE('',*,*,#2784,.T.);
#3784=ORIENTED_EDGE('',*,*,#2462,.T.);
#3785=ORIENTED_EDGE('',*,*,#2732,.T.);
#3786=ORIENTED_EDGE('',*,*,#2785,.F.);
#3787=ORIENTED_EDGE('',*,*,#2745,.F.);
#3788=ORIENTED_EDGE('',*,*,#2554,.T.);
#3789=ORIENTED_EDGE('',*,*,#2569,.F.);
#3790=ORIENTED_EDGE('',*,*,#2514,.T.);
#3791=ORIENTED_EDGE('',*,*,#2524,.F.);
#3792=ORIENTED_EDGE('',*,*,#2522,.T.);
#3793=ORIENTED_EDGE('',*,*,#2781,.T.);
#3794=ORIENTED_EDGE('',*,*,#2786,.F.);
#3795=ORIENTED_EDGE('',*,*,#2782,.T.);
#3796=ORIENTED_EDGE('',*,*,#2787,.T.);
#3797=ORIENTED_EDGE('',*,*,#2594,.T.);
#3798=ORIENTED_EDGE('',*,*,#2783,.F.);
#3799=ORIENTED_EDGE('',*,*,#2786,.T.);
#3800=ORIENTED_EDGE('',*,*,#2780,.T.);
#3801=ORIENTED_EDGE('',*,*,#2788,.F.);
#3802=ORIENTED_EDGE('',*,*,#2785,.T.);
#3803=ORIENTED_EDGE('',*,*,#2731,.T.);
#3804=ORIENTED_EDGE('',*,*,#2736,.T.);
#3805=ORIENTED_EDGE('',*,*,#2595,.T.);
#3806=ORIENTED_EDGE('',*,*,#2787,.F.);
#3807=ORIENTED_EDGE('',*,*,#2484,.T.);
#3808=ORIENTED_EDGE('',*,*,#2647,.F.);
#3809=ORIENTED_EDGE('',*,*,#2743,.T.);
#3810=ORIENTED_EDGE('',*,*,#2748,.F.);
#3811=ORIENTED_EDGE('',*,*,#2789,.T.);
#3812=ORIENTED_EDGE('',*,*,#2790,.T.);
#3813=ORIENTED_EDGE('',*,*,#2791,.T.);
#3814=ORIENTED_EDGE('',*,*,#2792,.T.);
#3815=ORIENTED_EDGE('',*,*,#2793,.T.);
#3816=ORIENTED_EDGE('',*,*,#2481,.F.);
#3817=ORIENTED_EDGE('',*,*,#2794,.T.);
#3818=ORIENTED_EDGE('',*,*,#2795,.F.);
#3819=ORIENTED_EDGE('',*,*,#2689,.F.);
#3820=ORIENTED_EDGE('',*,*,#2796,.T.);
#3821=ORIENTED_EDGE('',*,*,#2451,.T.);
#3822=ORIENTED_EDGE('',*,*,#2797,.T.);
#3823=ORIENTED_EDGE('',*,*,#2798,.T.);
#3824=ORIENTED_EDGE('',*,*,#2799,.F.);
#3825=ORIENTED_EDGE('',*,*,#2800,.T.);
#3826=ORIENTED_EDGE('',*,*,#2801,.T.);
#3827=ORIENTED_EDGE('',*,*,#2498,.F.);
#3828=ORIENTED_EDGE('',*,*,#2801,.F.);
#3829=ORIENTED_EDGE('',*,*,#2802,.T.);
#3830=ORIENTED_EDGE('',*,*,#2803,.F.);
#3831=ORIENTED_EDGE('',*,*,#2804,.T.);
#3832=ORIENTED_EDGE('',*,*,#2805,.F.);
#3833=ORIENTED_EDGE('',*,*,#2806,.T.);
#3834=ORIENTED_EDGE('',*,*,#2807,.T.);
#3835=ORIENTED_EDGE('',*,*,#2789,.F.);
#3836=ORIENTED_EDGE('',*,*,#2808,.T.);
#3837=ORIENTED_EDGE('',*,*,#2753,.F.);
#3838=ORIENTED_EDGE('',*,*,#2502,.T.);
#3839=ORIENTED_EDGE('',*,*,#2499,.F.);
#3840=ORIENTED_EDGE('',*,*,#2752,.F.);
#3841=ORIENTED_EDGE('',*,*,#2809,.T.);
#3842=ORIENTED_EDGE('',*,*,#2810,.T.);
#3843=ORIENTED_EDGE('',*,*,#2811,.F.);
#3844=ORIENTED_EDGE('',*,*,#2802,.F.);
#3845=ORIENTED_EDGE('',*,*,#2800,.F.);
#3846=ORIENTED_EDGE('',*,*,#2812,.F.);
#3847=ORIENTED_EDGE('',*,*,#2813,.F.);
#3848=ORIENTED_EDGE('',*,*,#2814,.F.);
#3849=ORIENTED_EDGE('',*,*,#2815,.T.);
#3850=ORIENTED_EDGE('',*,*,#2816,.F.);
#3851=ORIENTED_EDGE('',*,*,#2817,.F.);
#3852=ORIENTED_EDGE('',*,*,#2818,.T.);
#3853=ORIENTED_EDGE('',*,*,#2506,.F.);
#3854=ORIENTED_EDGE('',*,*,#2819,.F.);
#3855=ORIENTED_EDGE('',*,*,#2820,.T.);
#3856=ORIENTED_EDGE('',*,*,#2803,.T.);
#3857=ORIENTED_EDGE('',*,*,#2811,.T.);
#3858=ORIENTED_EDGE('',*,*,#2821,.T.);
#3859=ORIENTED_EDGE('',*,*,#2822,.T.);
#3860=ORIENTED_EDGE('',*,*,#2823,.T.);
#3861=ORIENTED_EDGE('',*,*,#2822,.F.);
#3862=ORIENTED_EDGE('',*,*,#2824,.T.);
#3863=ORIENTED_EDGE('',*,*,#2820,.F.);
#3864=ORIENTED_EDGE('',*,*,#2818,.F.);
#3865=ORIENTED_EDGE('',*,*,#2824,.F.);
#3866=ORIENTED_EDGE('',*,*,#2821,.F.);
#3867=ORIENTED_EDGE('',*,*,#2810,.F.);
#3868=ORIENTED_EDGE('',*,*,#2825,.F.);
#3869=ORIENTED_EDGE('',*,*,#2826,.F.);
#3870=ORIENTED_EDGE('',*,*,#2827,.F.);
#3871=ORIENTED_EDGE('',*,*,#2828,.F.);
#3872=ORIENTED_EDGE('',*,*,#2829,.F.);
#3873=ORIENTED_EDGE('',*,*,#2830,.F.);
#3874=ORIENTED_EDGE('',*,*,#2831,.F.);
#3875=ORIENTED_EDGE('',*,*,#2832,.F.);
#3876=ORIENTED_EDGE('',*,*,#2833,.F.);
#3877=ORIENTED_EDGE('',*,*,#2834,.T.);
#3878=ORIENTED_EDGE('',*,*,#2510,.T.);
#3879=ORIENTED_EDGE('',*,*,#2519,.T.);
#3880=ORIENTED_EDGE('',*,*,#2750,.T.);
#3881=ORIENTED_EDGE('',*,*,#2531,.T.);
#3882=ORIENTED_EDGE('',*,*,#2538,.T.);
#3883=ORIENTED_EDGE('',*,*,#2566,.T.);
#3884=ORIENTED_EDGE('',*,*,#2699,.T.);
#3885=ORIENTED_EDGE('',*,*,#2698,.T.);
#3886=ORIENTED_EDGE('',*,*,#2703,.T.);
#3887=ORIENTED_EDGE('',*,*,#2501,.T.);
#3888=ORIENTED_EDGE('',*,*,#2504,.T.);
#3889=ORIENTED_EDGE('',*,*,#2507,.T.);
#3890=ORIENTED_EDGE('',*,*,#2835,.T.);
#3891=ORIENTED_EDGE('',*,*,#2836,.T.);
#3892=ORIENTED_EDGE('',*,*,#2833,.T.);
#3893=ORIENTED_EDGE('',*,*,#2837,.T.);
#3894=ORIENTED_EDGE('',*,*,#2838,.T.);
#3895=ORIENTED_EDGE('',*,*,#2839,.T.);
#3896=ORIENTED_EDGE('',*,*,#2840,.T.);
#3897=ORIENTED_EDGE('',*,*,#2841,.T.);
#3898=ORIENTED_EDGE('',*,*,#2842,.T.);
#3899=ORIENTED_EDGE('',*,*,#2843,.T.);
#3900=ORIENTED_EDGE('',*,*,#2838,.F.);
#3901=ORIENTED_EDGE('',*,*,#2844,.T.);
#3902=ORIENTED_EDGE('',*,*,#2832,.T.);
#3903=ORIENTED_EDGE('',*,*,#2842,.F.);
#3904=ORIENTED_EDGE('',*,*,#2845,.T.);
#3905=ORIENTED_EDGE('',*,*,#2837,.F.);
#3906=ORIENTED_EDGE('',*,*,#2835,.F.);
#3907=ORIENTED_EDGE('',*,*,#2846,.T.);
#3908=ORIENTED_EDGE('',*,*,#2847,.T.);
#3909=ORIENTED_EDGE('',*,*,#2848,.T.);
#3910=ORIENTED_EDGE('',*,*,#2845,.F.);
#3911=ORIENTED_EDGE('',*,*,#2844,.F.);
#3912=ORIENTED_EDGE('',*,*,#2841,.F.);
#3913=ORIENTED_EDGE('',*,*,#2849,.F.);
#3914=ORIENTED_EDGE('',*,*,#2846,.F.);
#3915=ORIENTED_EDGE('',*,*,#2850,.T.);
#3916=ORIENTED_EDGE('',*,*,#2851,.F.);
#3917=ORIENTED_EDGE('',*,*,#2852,.T.);
#3918=ORIENTED_EDGE('',*,*,#2853,.T.);
#3919=ORIENTED_EDGE('',*,*,#2854,.T.);
#3920=ORIENTED_EDGE('',*,*,#2855,.T.);
#3921=ORIENTED_EDGE('',*,*,#2830,.T.);
#3922=ORIENTED_EDGE('',*,*,#2856,.T.);
#3923=ORIENTED_EDGE('',*,*,#2857,.T.);
#3924=ORIENTED_EDGE('',*,*,#2858,.T.);
#3925=ORIENTED_EDGE('',*,*,#2855,.F.);
#3926=ORIENTED_EDGE('',*,*,#2859,.T.);
#3927=ORIENTED_EDGE('',*,*,#2860,.T.);
#3928=ORIENTED_EDGE('',*,*,#2857,.F.);
#3929=ORIENTED_EDGE('',*,*,#2861,.T.);
#3930=ORIENTED_EDGE('',*,*,#2853,.F.);
#3931=ORIENTED_EDGE('',*,*,#2829,.T.);
#3932=ORIENTED_EDGE('',*,*,#2862,.T.);
#3933=ORIENTED_EDGE('',*,*,#2863,.T.);
#3934=ORIENTED_EDGE('',*,*,#2856,.F.);
#3935=ORIENTED_EDGE('',*,*,#2864,.F.);
#3936=ORIENTED_EDGE('',*,*,#2865,.F.);
#3937=ORIENTED_EDGE('',*,*,#2866,.F.);
#3938=ORIENTED_EDGE('',*,*,#2867,.F.);
#3939=ORIENTED_EDGE('',*,*,#2868,.F.);
#3940=ORIENTED_EDGE('',*,*,#2850,.F.);
#3941=ORIENTED_EDGE('',*,*,#2869,.F.);
#3942=ORIENTED_EDGE('',*,*,#2870,.F.);
#3943=ORIENTED_EDGE('',*,*,#2871,.F.);
#3944=ORIENTED_EDGE('',*,*,#2861,.F.);
#3945=ORIENTED_EDGE('',*,*,#2859,.F.);
#3946=ORIENTED_EDGE('',*,*,#2854,.F.);
#3947=ORIENTED_EDGE('',*,*,#2872,.T.);
#3948=ORIENTED_EDGE('',*,*,#2869,.T.);
#3949=ORIENTED_EDGE('',*,*,#2873,.F.);
#3950=ORIENTED_EDGE('',*,*,#2874,.T.);
#3951=ORIENTED_EDGE('',*,*,#2875,.T.);
#3952=ORIENTED_EDGE('',*,*,#2876,.T.);
#3953=ORIENTED_EDGE('',*,*,#2877,.T.);
#3954=ORIENTED_EDGE('',*,*,#2851,.T.);
#3955=ORIENTED_EDGE('',*,*,#2878,.T.);
#3956=ORIENTED_EDGE('',*,*,#2879,.T.);
#3957=ORIENTED_EDGE('',*,*,#2880,.T.);
#3958=ORIENTED_EDGE('',*,*,#2874,.F.);
#3959=ORIENTED_EDGE('',*,*,#2881,.T.);
#3960=ORIENTED_EDGE('',*,*,#2882,.T.);
#3961=ORIENTED_EDGE('',*,*,#2883,.T.);
#3962=ORIENTED_EDGE('',*,*,#2879,.F.);
#3963=ORIENTED_EDGE('',*,*,#2884,.T.);
#3964=ORIENTED_EDGE('',*,*,#2862,.F.);
#3965=ORIENTED_EDGE('',*,*,#2828,.T.);
#3966=ORIENTED_EDGE('',*,*,#2885,.T.);
#3967=ORIENTED_EDGE('',*,*,#2886,.T.);
#3968=ORIENTED_EDGE('',*,*,#2887,.T.);
#3969=ORIENTED_EDGE('',*,*,#2888,.F.);
#3970=ORIENTED_EDGE('',*,*,#2889,.F.);
#3971=ORIENTED_EDGE('',*,*,#2865,.T.);
#3972=ORIENTED_EDGE('',*,*,#2890,.T.);
#3973=ORIENTED_EDGE('',*,*,#2839,.F.);
#3974=ORIENTED_EDGE('',*,*,#2891,.F.);
#3975=ORIENTED_EDGE('',*,*,#2860,.F.);
#3976=ORIENTED_EDGE('',*,*,#2852,.F.);
#3977=ORIENTED_EDGE('',*,*,#2877,.F.);
#3978=ORIENTED_EDGE('',*,*,#2892,.F.);
#3979=ORIENTED_EDGE('',*,*,#2814,.T.);
#3980=ORIENTED_EDGE('',*,*,#2893,.T.);
#3981=ORIENTED_EDGE('',*,*,#2894,.T.);
#3982=ORIENTED_EDGE('',*,*,#2895,.T.);
#3983=ORIENTED_EDGE('',*,*,#2896,.F.);
#3984=ORIENTED_EDGE('',*,*,#2894,.F.);
#3985=ORIENTED_EDGE('',*,*,#2897,.F.);
#3986=ORIENTED_EDGE('',*,*,#2572,.T.);
#3987=ORIENTED_EDGE('',*,*,#2898,.F.);
#3988=ORIENTED_EDGE('',*,*,#2496,.F.);
#3989=ORIENTED_EDGE('',*,*,#2573,.T.);
#3990=ORIENTED_EDGE('',*,*,#2897,.T.);
#3991=ORIENTED_EDGE('',*,*,#2893,.F.);
#3992=ORIENTED_EDGE('',*,*,#2813,.T.);
#3993=ORIENTED_EDGE('',*,*,#2899,.T.);
#3994=ORIENTED_EDGE('',*,*,#2895,.F.);
#3995=ORIENTED_EDGE('',*,*,#2900,.F.);
#3996=ORIENTED_EDGE('',*,*,#2901,.F.);
#3997=ORIENTED_EDGE('',*,*,#2815,.F.);
#3998=ORIENTED_EDGE('',*,*,#2901,.T.);
#3999=ORIENTED_EDGE('',*,*,#2902,.T.);
#4000=ORIENTED_EDGE('',*,*,#2903,.T.);
#4001=ORIENTED_EDGE('',*,*,#2904,.T.);
#4002=ORIENTED_EDGE('',*,*,#2905,.F.);
#4003=ORIENTED_EDGE('',*,*,#2902,.F.);
#4004=ORIENTED_EDGE('',*,*,#2906,.F.);
#4005=ORIENTED_EDGE('',*,*,#2578,.T.);
#4006=ORIENTED_EDGE('',*,*,#2907,.T.);
#4007=ORIENTED_EDGE('',*,*,#2908,.F.);
#4008=ORIENTED_EDGE('',*,*,#2909,.F.);
#4009=ORIENTED_EDGE('',*,*,#2816,.T.);
#4010=ORIENTED_EDGE('',*,*,#2904,.F.);
#4011=ORIENTED_EDGE('',*,*,#2896,.T.);
#4012=ORIENTED_EDGE('',*,*,#2575,.F.);
#4013=ORIENTED_EDGE('',*,*,#2906,.T.);
#4014=ORIENTED_EDGE('',*,*,#2900,.T.);
#4015=ORIENTED_EDGE('',*,*,#2910,.F.);
#4016=ORIENTED_EDGE('',*,*,#2911,.T.);
#4017=ORIENTED_EDGE('',*,*,#2912,.T.);
#4018=ORIENTED_EDGE('',*,*,#2678,.F.);
#4019=ORIENTED_EDGE('',*,*,#2912,.F.);
#4020=ORIENTED_EDGE('',*,*,#2913,.T.);
#4021=ORIENTED_EDGE('',*,*,#2914,.T.);
#4022=ORIENTED_EDGE('',*,*,#2915,.T.);
#4023=ORIENTED_EDGE('',*,*,#2652,.F.);
#4024=ORIENTED_EDGE('',*,*,#2679,.F.);
#4025=ORIENTED_EDGE('',*,*,#2916,.T.);
#4026=ORIENTED_EDGE('',*,*,#2917,.T.);
#4027=ORIENTED_EDGE('',*,*,#2918,.F.);
#4028=ORIENTED_EDGE('',*,*,#2919,.T.);
#4029=ORIENTED_EDGE('',*,*,#2920,.T.);
#4030=ORIENTED_EDGE('',*,*,#2921,.T.);
#4031=ORIENTED_EDGE('',*,*,#2922,.T.);
#4032=ORIENTED_EDGE('',*,*,#2923,.T.);
#4033=ORIENTED_EDGE('',*,*,#2924,.T.);
#4034=ORIENTED_EDGE('',*,*,#2921,.F.);
#4035=ORIENTED_EDGE('',*,*,#2925,.F.);
#4036=ORIENTED_EDGE('',*,*,#2923,.F.);
#4037=ORIENTED_EDGE('',*,*,#2926,.F.);
#4038=ORIENTED_EDGE('',*,*,#2590,.T.);
#4039=ORIENTED_EDGE('',*,*,#2927,.T.);
#4040=ORIENTED_EDGE('',*,*,#2917,.F.);
#4041=ORIENTED_EDGE('',*,*,#2928,.T.);
#4042=ORIENTED_EDGE('',*,*,#2929,.F.);
#4043=ORIENTED_EDGE('',*,*,#2930,.F.);
#4044=ORIENTED_EDGE('',*,*,#2931,.F.);
#4045=ORIENTED_EDGE('',*,*,#2932,.F.);
#4046=ORIENTED_EDGE('',*,*,#2933,.F.);
#4047=ORIENTED_EDGE('',*,*,#2934,.T.);
#4048=ORIENTED_EDGE('',*,*,#2935,.T.);
#4049=ORIENTED_EDGE('',*,*,#2936,.F.);
#4050=ORIENTED_EDGE('',*,*,#2882,.F.);
#4051=ORIENTED_EDGE('',*,*,#2937,.F.);
#4052=ORIENTED_EDGE('',*,*,#2938,.T.);
#4053=ORIENTED_EDGE('',*,*,#2916,.F.);
#4054=ORIENTED_EDGE('',*,*,#2939,.T.);
#4055=ORIENTED_EDGE('',*,*,#2940,.F.);
#4056=ORIENTED_EDGE('',*,*,#2941,.F.);
#4057=ORIENTED_EDGE('',*,*,#2942,.F.);
#4058=ORIENTED_EDGE('',*,*,#2943,.F.);
#4059=ORIENTED_EDGE('',*,*,#2928,.F.);
#4060=ORIENTED_EDGE('',*,*,#2924,.F.);
#4061=ORIENTED_EDGE('',*,*,#2944,.T.);
#4062=ORIENTED_EDGE('',*,*,#2945,.F.);
#4063=ORIENTED_EDGE('',*,*,#2939,.F.);
#4064=ORIENTED_EDGE('',*,*,#2925,.T.);
#4065=ORIENTED_EDGE('',*,*,#2609,.T.);
#4066=ORIENTED_EDGE('',*,*,#2946,.T.);
#4067=ORIENTED_EDGE('',*,*,#2944,.F.);
#4068=ORIENTED_EDGE('',*,*,#2947,.T.);
#4069=ORIENTED_EDGE('',*,*,#2948,.T.);
#4070=ORIENTED_EDGE('',*,*,#2610,.F.);
#4071=ORIENTED_EDGE('',*,*,#2620,.F.);
#4072=ORIENTED_EDGE('',*,*,#2653,.F.);
#4073=ORIENTED_EDGE('',*,*,#2915,.F.);
#4074=ORIENTED_EDGE('',*,*,#2949,.T.);
#4075=ORIENTED_EDGE('',*,*,#2950,.T.);
#4076=ORIENTED_EDGE('',*,*,#2948,.F.);
#4077=ORIENTED_EDGE('',*,*,#2951,.F.);
#4078=ORIENTED_EDGE('',*,*,#2952,.F.);
#4079=ORIENTED_EDGE('',*,*,#2953,.T.);
#4080=ORIENTED_EDGE('',*,*,#2614,.T.);
#4081=ORIENTED_EDGE('',*,*,#2611,.T.);
#4082=ORIENTED_EDGE('',*,*,#2954,.F.);
#4083=ORIENTED_EDGE('',*,*,#2947,.F.);
#4084=ORIENTED_EDGE('',*,*,#2955,.F.);
#4085=ORIENTED_EDGE('',*,*,#2940,.T.);
#4086=ORIENTED_EDGE('',*,*,#2956,.F.);
#4087=ORIENTED_EDGE('',*,*,#2951,.T.);
#4088=ORIENTED_EDGE('',*,*,#2945,.T.);
#4089=ORIENTED_EDGE('',*,*,#2957,.T.);
#4090=ORIENTED_EDGE('',*,*,#2952,.T.);
#4091=ORIENTED_EDGE('',*,*,#2956,.T.);
#4092=ORIENTED_EDGE('',*,*,#2958,.F.);
#4093=ORIENTED_EDGE('',*,*,#2959,.T.);
#4094=ORIENTED_EDGE('',*,*,#2929,.T.);
#4095=ORIENTED_EDGE('',*,*,#2943,.T.);
#4096=ORIENTED_EDGE('',*,*,#2953,.F.);
#4097=ORIENTED_EDGE('',*,*,#2957,.F.);
#4098=ORIENTED_EDGE('',*,*,#2946,.F.);
#4099=ORIENTED_EDGE('',*,*,#2615,.T.);
#4100=ORIENTED_EDGE('',*,*,#2959,.F.);
#4101=ORIENTED_EDGE('',*,*,#2960,.F.);
#4102=ORIENTED_EDGE('',*,*,#2930,.T.);
#4103=ORIENTED_EDGE('',*,*,#2961,.F.);
#4104=ORIENTED_EDGE('',*,*,#2962,.T.);
#4105=ORIENTED_EDGE('',*,*,#2963,.F.);
#4106=ORIENTED_EDGE('',*,*,#2964,.T.);
#4107=ORIENTED_EDGE('',*,*,#2965,.F.);
#4108=ORIENTED_EDGE('',*,*,#2966,.T.);
#4109=ORIENTED_EDGE('',*,*,#2967,.F.);
#4110=ORIENTED_EDGE('',*,*,#2941,.T.);
#4111=ORIENTED_EDGE('',*,*,#2955,.T.);
#4112=ORIENTED_EDGE('',*,*,#2950,.F.);
#4113=ORIENTED_EDGE('',*,*,#2968,.T.);
#4114=ORIENTED_EDGE('',*,*,#2969,.T.);
#4115=ORIENTED_EDGE('',*,*,#2970,.T.);
#4116=ORIENTED_EDGE('',*,*,#2971,.T.);
#4117=ORIENTED_EDGE('',*,*,#2972,.T.);
#4118=ORIENTED_EDGE('',*,*,#2973,.T.);
#4119=ORIENTED_EDGE('',*,*,#2970,.F.);
#4120=ORIENTED_EDGE('',*,*,#2974,.T.);
#4121=ORIENTED_EDGE('',*,*,#2975,.T.);
#4122=ORIENTED_EDGE('',*,*,#2976,.T.);
#4123=ORIENTED_EDGE('',*,*,#2972,.F.);
#4124=ORIENTED_EDGE('',*,*,#2977,.T.);
#4125=ORIENTED_EDGE('',*,*,#2978,.T.);
#4126=ORIENTED_EDGE('',*,*,#2979,.T.);
#4127=ORIENTED_EDGE('',*,*,#2975,.F.);
#4128=ORIENTED_EDGE('',*,*,#2980,.T.);
#4129=ORIENTED_EDGE('',*,*,#2981,.T.);
#4130=ORIENTED_EDGE('',*,*,#2963,.T.);
#4131=ORIENTED_EDGE('',*,*,#2978,.F.);
#4132=ORIENTED_EDGE('',*,*,#2982,.T.);
#4133=ORIENTED_EDGE('',*,*,#2982,.F.);
#4134=ORIENTED_EDGE('',*,*,#2980,.F.);
#4135=ORIENTED_EDGE('',*,*,#2977,.F.);
#4136=ORIENTED_EDGE('',*,*,#2974,.F.);
#4137=ORIENTED_EDGE('',*,*,#2969,.F.);
#4138=ORIENTED_EDGE('',*,*,#2983,.F.);
#4139=ORIENTED_EDGE('',*,*,#2984,.T.);
#4140=ORIENTED_EDGE('',*,*,#2985,.T.);
#4141=ORIENTED_EDGE('',*,*,#2465,.T.);
#4142=ORIENTED_EDGE('',*,*,#2452,.F.);
#4143=ORIENTED_EDGE('',*,*,#2796,.F.);
#4144=ORIENTED_EDGE('',*,*,#2986,.F.);
#4145=ORIENTED_EDGE('',*,*,#2987,.F.);
#4146=ORIENTED_EDGE('',*,*,#2886,.F.);
#4147=ORIENTED_EDGE('',*,*,#2988,.F.);
#4148=ORIENTED_EDGE('',*,*,#2989,.F.);
#4149=ORIENTED_EDGE('',*,*,#2990,.F.);
#4150=ORIENTED_EDGE('',*,*,#2991,.T.);
#4151=ORIENTED_EDGE('',*,*,#2992,.T.);
#4152=ORIENTED_EDGE('',*,*,#2993,.T.);
#4153=ORIENTED_EDGE('',*,*,#2994,.T.);
#4154=ORIENTED_EDGE('',*,*,#2961,.T.);
#4155=ORIENTED_EDGE('',*,*,#2949,.F.);
#4156=ORIENTED_EDGE('',*,*,#2914,.F.);
#4157=ORIENTED_EDGE('',*,*,#2995,.T.);
#4158=ORIENTED_EDGE('',*,*,#2996,.T.);
#4159=ORIENTED_EDGE('',*,*,#2994,.F.);
#4160=ORIENTED_EDGE('',*,*,#2997,.T.);
#4161=ORIENTED_EDGE('',*,*,#2998,.T.);
#4162=ORIENTED_EDGE('',*,*,#2999,.T.);
#4163=ORIENTED_EDGE('',*,*,#2995,.F.);
#4164=ORIENTED_EDGE('',*,*,#3000,.T.);
#4165=ORIENTED_EDGE('',*,*,#3001,.T.);
#4166=ORIENTED_EDGE('',*,*,#3002,.T.);
#4167=ORIENTED_EDGE('',*,*,#2998,.F.);
#4168=ORIENTED_EDGE('',*,*,#3003,.T.);
#4169=ORIENTED_EDGE('',*,*,#3004,.T.);
#4170=ORIENTED_EDGE('',*,*,#3005,.T.);
#4171=ORIENTED_EDGE('',*,*,#3001,.F.);
#4172=ORIENTED_EDGE('',*,*,#3006,.T.);
#4173=ORIENTED_EDGE('',*,*,#2971,.F.);
#4174=ORIENTED_EDGE('',*,*,#3007,.F.);
#4175=ORIENTED_EDGE('',*,*,#3005,.F.);
#4176=ORIENTED_EDGE('',*,*,#3008,.T.);
#4177=ORIENTED_EDGE('',*,*,#3009,.T.);
#4178=ORIENTED_EDGE('',*,*,#2423,.F.);
#4179=ORIENTED_EDGE('',*,*,#3010,.F.);
#4180=ORIENTED_EDGE('',*,*,#3011,.F.);
#4181=ORIENTED_EDGE('',*,*,#3004,.F.);
#4182=ORIENTED_EDGE('',*,*,#3012,.T.);
#4183=ORIENTED_EDGE('',*,*,#3013,.T.);
#4184=ORIENTED_EDGE('',*,*,#3014,.F.);
#4185=ORIENTED_EDGE('',*,*,#3015,.F.);
#4186=ORIENTED_EDGE('',*,*,#3008,.F.);
#4187=ORIENTED_EDGE('',*,*,#2993,.F.);
#4188=ORIENTED_EDGE('',*,*,#2913,.F.);
#4189=ORIENTED_EDGE('',*,*,#2911,.F.);
#4190=ORIENTED_EDGE('',*,*,#3016,.T.);
#4191=ORIENTED_EDGE('',*,*,#3017,.F.);
#4192=ORIENTED_EDGE('',*,*,#3012,.F.);
#4193=ORIENTED_EDGE('',*,*,#3006,.F.);
#4194=ORIENTED_EDGE('',*,*,#3003,.F.);
#4195=ORIENTED_EDGE('',*,*,#3000,.F.);
#4196=ORIENTED_EDGE('',*,*,#2997,.F.);
#4197=ORIENTED_EDGE('',*,*,#3018,.T.);
#4198=ORIENTED_EDGE('',*,*,#3019,.T.);
#4199=ORIENTED_EDGE('',*,*,#3014,.T.);
#4200=ORIENTED_EDGE('',*,*,#3020,.T.);
#4201=ORIENTED_EDGE('',*,*,#3021,.T.);
#4202=ORIENTED_EDGE('',*,*,#3022,.T.);
#4203=ORIENTED_EDGE('',*,*,#3023,.T.);
#4204=ORIENTED_EDGE('',*,*,#2908,.T.);
#4205=ORIENTED_EDGE('',*,*,#3024,.F.);
#4206=ORIENTED_EDGE('',*,*,#3025,.T.);
#4207=ORIENTED_EDGE('',*,*,#3021,.F.);
#4208=ORIENTED_EDGE('',*,*,#3019,.F.);
#4209=ORIENTED_EDGE('',*,*,#3025,.F.);
#4210=ORIENTED_EDGE('',*,*,#3026,.F.);
#4211=ORIENTED_EDGE('',*,*,#3027,.F.);
#4212=ORIENTED_EDGE('',*,*,#2794,.F.);
#4213=ORIENTED_EDGE('',*,*,#2480,.F.);
#4214=ORIENTED_EDGE('',*,*,#2476,.F.);
#4215=ORIENTED_EDGE('',*,*,#3028,.F.);
#4216=ORIENTED_EDGE('',*,*,#2424,.F.);
#4217=ORIENTED_EDGE('',*,*,#3009,.F.);
#4218=ORIENTED_EDGE('',*,*,#3015,.T.);
#4219=ORIENTED_EDGE('',*,*,#3029,.T.);
#4220=ORIENTED_EDGE('',*,*,#3030,.T.);
#4221=ORIENTED_EDGE('',*,*,#3031,.F.);
#4222=ORIENTED_EDGE('',*,*,#2989,.T.);
#4223=ORIENTED_EDGE('',*,*,#3032,.T.);
#4224=ORIENTED_EDGE('',*,*,#2988,.T.);
#4225=ORIENTED_EDGE('',*,*,#2885,.F.);
#4226=ORIENTED_EDGE('',*,*,#2827,.T.);
#4227=ORIENTED_EDGE('',*,*,#2826,.T.);
#4228=ORIENTED_EDGE('',*,*,#3033,.T.);
#4229=ORIENTED_EDGE('',*,*,#3034,.T.);
#4230=ORIENTED_EDGE('',*,*,#3032,.F.);
#4231=ORIENTED_EDGE('',*,*,#3013,.F.);
#4232=ORIENTED_EDGE('',*,*,#3017,.T.);
#4233=ORIENTED_EDGE('',*,*,#3035,.F.);
#4234=ORIENTED_EDGE('',*,*,#3030,.F.);
#4235=ORIENTED_EDGE('',*,*,#3036,.T.);
#4236=ORIENTED_EDGE('',*,*,#3020,.F.);
#4237=ORIENTED_EDGE('',*,*,#3022,.F.);
#4238=ORIENTED_EDGE('',*,*,#3036,.F.);
#4239=ORIENTED_EDGE('',*,*,#3034,.F.);
#4240=ORIENTED_EDGE('',*,*,#3037,.T.);
#4241=ORIENTED_EDGE('',*,*,#3023,.F.);
#4242=ORIENTED_EDGE('',*,*,#3037,.F.);
#4243=ORIENTED_EDGE('',*,*,#3033,.F.);
#4244=ORIENTED_EDGE('',*,*,#2825,.T.);
#4245=ORIENTED_EDGE('',*,*,#2817,.T.);
#4246=ORIENTED_EDGE('',*,*,#2909,.T.);
#4247=ORIENTED_EDGE('',*,*,#3038,.T.);
#4248=ORIENTED_EDGE('',*,*,#3039,.T.);
#4249=ORIENTED_EDGE('',*,*,#2867,.T.);
#4250=ORIENTED_EDGE('',*,*,#2866,.T.);
#4251=ORIENTED_EDGE('',*,*,#2889,.T.);
#4252=ORIENTED_EDGE('',*,*,#3040,.T.);
#4253=ORIENTED_EDGE('',*,*,#3041,.T.);
#4254=ORIENTED_EDGE('',*,*,#3042,.T.);
#4255=ORIENTED_EDGE('',*,*,#3043,.T.);
#4256=ORIENTED_EDGE('',*,*,#3044,.T.);
#4257=ORIENTED_EDGE('',*,*,#3041,.F.);
#4258=ORIENTED_EDGE('',*,*,#3039,.F.);
#4259=ORIENTED_EDGE('',*,*,#3045,.F.);
#4260=ORIENTED_EDGE('',*,*,#3046,.F.);
#4261=ORIENTED_EDGE('',*,*,#2868,.T.);
#4262=ORIENTED_EDGE('',*,*,#3038,.F.);
#4263=ORIENTED_EDGE('',*,*,#3047,.F.);
#4264=ORIENTED_EDGE('',*,*,#3048,.F.);
#4265=ORIENTED_EDGE('',*,*,#3045,.T.);
#4266=ORIENTED_EDGE('',*,*,#3044,.F.);
#4267=ORIENTED_EDGE('',*,*,#3049,.F.);
#4268=ORIENTED_EDGE('',*,*,#2919,.F.);
#4269=ORIENTED_EDGE('',*,*,#3050,.F.);
#4270=ORIENTED_EDGE('',*,*,#3047,.T.);
#4271=ORIENTED_EDGE('',*,*,#3046,.T.);
#4272=ORIENTED_EDGE('',*,*,#3048,.T.);
#4273=ORIENTED_EDGE('',*,*,#3051,.T.);
#4274=ORIENTED_EDGE('',*,*,#2937,.T.);
#4275=ORIENTED_EDGE('',*,*,#2890,.F.);
#4276=ORIENTED_EDGE('',*,*,#2864,.T.);
#4277=ORIENTED_EDGE('',*,*,#3050,.T.);
#4278=ORIENTED_EDGE('',*,*,#2918,.T.);
#4279=ORIENTED_EDGE('',*,*,#2927,.F.);
#4280=ORIENTED_EDGE('',*,*,#3051,.F.);
#4281=ORIENTED_EDGE('',*,*,#3052,.T.);
#4282=ORIENTED_EDGE('',*,*,#3053,.T.);
#4283=ORIENTED_EDGE('',*,*,#3054,.T.);
#4284=ORIENTED_EDGE('',*,*,#3055,.T.);
#4285=ORIENTED_EDGE('',*,*,#3056,.T.);
#4286=ORIENTED_EDGE('',*,*,#3057,.T.);
#4287=ORIENTED_EDGE('',*,*,#3054,.F.);
#4288=ORIENTED_EDGE('',*,*,#3058,.T.);
#4289=ORIENTED_EDGE('',*,*,#3059,.F.);
#4290=ORIENTED_EDGE('',*,*,#3060,.T.);
#4291=ORIENTED_EDGE('',*,*,#3056,.F.);
#4292=ORIENTED_EDGE('',*,*,#2965,.T.);
#4293=ORIENTED_EDGE('',*,*,#3058,.F.);
#4294=ORIENTED_EDGE('',*,*,#3061,.T.);
#4295=ORIENTED_EDGE('',*,*,#3062,.F.);
#4296=ORIENTED_EDGE('',*,*,#2966,.F.);
#4297=ORIENTED_EDGE('',*,*,#3053,.F.);
#4298=ORIENTED_EDGE('',*,*,#3063,.T.);
#4299=ORIENTED_EDGE('',*,*,#3064,.F.);
#4300=ORIENTED_EDGE('',*,*,#3061,.F.);
#4301=ORIENTED_EDGE('',*,*,#3052,.F.);
#4302=ORIENTED_EDGE('',*,*,#3065,.T.);
#4303=ORIENTED_EDGE('',*,*,#3066,.F.);
#4304=ORIENTED_EDGE('',*,*,#3067,.T.);
#4305=ORIENTED_EDGE('',*,*,#3068,.T.);
#4306=ORIENTED_EDGE('',*,*,#3063,.F.);
#4307=ORIENTED_EDGE('',*,*,#2960,.T.);
#4308=ORIENTED_EDGE('',*,*,#2958,.T.);
#4309=ORIENTED_EDGE('',*,*,#2942,.T.);
#4310=ORIENTED_EDGE('',*,*,#2967,.T.);
#4311=ORIENTED_EDGE('',*,*,#3069,.T.);
#4312=ORIENTED_EDGE('',*,*,#2931,.T.);
#4313=ORIENTED_EDGE('',*,*,#3070,.T.);
#4314=ORIENTED_EDGE('',*,*,#2932,.T.);
#4315=ORIENTED_EDGE('',*,*,#3069,.F.);
#4316=ORIENTED_EDGE('',*,*,#3062,.T.);
#4317=ORIENTED_EDGE('',*,*,#3071,.T.);
#4318=ORIENTED_EDGE('',*,*,#2933,.T.);
#4319=ORIENTED_EDGE('',*,*,#3070,.F.);
#4320=ORIENTED_EDGE('',*,*,#3064,.T.);
#4321=ORIENTED_EDGE('',*,*,#2954,.T.);
#4322=ORIENTED_EDGE('',*,*,#3072,.T.);
#4323=ORIENTED_EDGE('',*,*,#3073,.T.);
#4324=ORIENTED_EDGE('',*,*,#3072,.F.);
#4325=ORIENTED_EDGE('',*,*,#3074,.T.);
#4326=ORIENTED_EDGE('',*,*,#3075,.T.);
#4327=ORIENTED_EDGE('',*,*,#2805,.T.);
#4328=ORIENTED_EDGE('',*,*,#3076,.T.);
#4329=ORIENTED_EDGE('',*,*,#3077,.T.);
#4330=ORIENTED_EDGE('',*,*,#2754,.F.);
#4331=ORIENTED_EDGE('',*,*,#2808,.F.);
#4332=ORIENTED_EDGE('',*,*,#2792,.F.);
#4333=ORIENTED_EDGE('',*,*,#3078,.F.);
#4334=ORIENTED_EDGE('',*,*,#3079,.T.);
#4335=ORIENTED_EDGE('',*,*,#3074,.F.);
#4336=ORIENTED_EDGE('',*,*,#2791,.F.);
#4337=ORIENTED_EDGE('',*,*,#2807,.F.);
#4338=ORIENTED_EDGE('',*,*,#3080,.T.);
#4339=ORIENTED_EDGE('',*,*,#3078,.T.);
#4340=ORIENTED_EDGE('',*,*,#2790,.F.);
#4341=ORIENTED_EDGE('',*,*,#2799,.T.);
#4342=ORIENTED_EDGE('',*,*,#2497,.F.);
#4343=ORIENTED_EDGE('',*,*,#2898,.T.);
#4344=ORIENTED_EDGE('',*,*,#2812,.T.);
#4345=ORIENTED_EDGE('',*,*,#2795,.T.);
#4346=ORIENTED_EDGE('',*,*,#3027,.T.);
#4347=ORIENTED_EDGE('',*,*,#3081,.T.);
#4348=ORIENTED_EDGE('',*,*,#2690,.F.);
#4349=ORIENTED_EDGE('',*,*,#3082,.T.);
#4350=ORIENTED_EDGE('',*,*,#2455,.T.);
#4351=ORIENTED_EDGE('',*,*,#3083,.T.);
#4352=ORIENTED_EDGE('',*,*,#3084,.T.);
#4353=ORIENTED_EDGE('',*,*,#3083,.F.);
#4354=ORIENTED_EDGE('',*,*,#2454,.T.);
#4355=ORIENTED_EDGE('',*,*,#2467,.F.);
#4356=ORIENTED_EDGE('',*,*,#3085,.F.);
#4357=ORIENTED_EDGE('',*,*,#2420,.F.);
#4358=ORIENTED_EDGE('',*,*,#3086,.F.);
#4359=ORIENTED_EDGE('',*,*,#3087,.F.);
#4360=ORIENTED_EDGE('',*,*,#2887,.F.);
#4361=ORIENTED_EDGE('',*,*,#2987,.T.);
#4362=ORIENTED_EDGE('',*,*,#3088,.T.);
#4363=ORIENTED_EDGE('',*,*,#3089,.T.);
#4364=ORIENTED_EDGE('',*,*,#3090,.T.);
#4365=ORIENTED_EDGE('',*,*,#2883,.F.);
#4366=ORIENTED_EDGE('',*,*,#2936,.T.);
#4367=ORIENTED_EDGE('',*,*,#3091,.F.);
#4368=ORIENTED_EDGE('',*,*,#2875,.F.);
#4369=ORIENTED_EDGE('',*,*,#2880,.F.);
#4370=ORIENTED_EDGE('',*,*,#3040,.F.);
#4371=ORIENTED_EDGE('',*,*,#2888,.T.);
#4372=ORIENTED_EDGE('',*,*,#3089,.F.);
#4373=ORIENTED_EDGE('',*,*,#3092,.F.);
#4374=ORIENTED_EDGE('',*,*,#2797,.F.);
#4375=ORIENTED_EDGE('',*,*,#2450,.T.);
#4376=ORIENTED_EDGE('',*,*,#2445,.F.);
#4377=ORIENTED_EDGE('',*,*,#3093,.F.);
#4378=ORIENTED_EDGE('',*,*,#3065,.F.);
#4379=ORIENTED_EDGE('',*,*,#3055,.F.);
#4380=ORIENTED_EDGE('',*,*,#3057,.F.);
#4381=ORIENTED_EDGE('',*,*,#3060,.F.);
#4382=ORIENTED_EDGE('',*,*,#3094,.F.);
#4383=ORIENTED_EDGE('',*,*,#3095,.F.);
#4384=ORIENTED_EDGE('',*,*,#3042,.F.);
#4385=ORIENTED_EDGE('',*,*,#3096,.T.);
#4386=ORIENTED_EDGE('',*,*,#2843,.F.);
#4387=ORIENTED_EDGE('',*,*,#2831,.T.);
#4388=ORIENTED_EDGE('',*,*,#2858,.F.);
#4389=ORIENTED_EDGE('',*,*,#2891,.T.);
#4390=ORIENTED_EDGE('',*,*,#2873,.T.);
#4391=ORIENTED_EDGE('',*,*,#3097,.T.);
#4392=ORIENTED_EDGE('',*,*,#2809,.F.);
#4393=ORIENTED_EDGE('',*,*,#3097,.F.);
#4394=ORIENTED_EDGE('',*,*,#2836,.F.);
#4395=ORIENTED_EDGE('',*,*,#2848,.F.);
#4396=ORIENTED_EDGE('',*,*,#3098,.F.);
#4397=ORIENTED_EDGE('',*,*,#3099,.T.);
#4398=ORIENTED_EDGE('',*,*,#2778,.T.);
#4399=ORIENTED_EDGE('',*,*,#2521,.T.);
#4400=ORIENTED_EDGE('',*,*,#2511,.T.);
#4401=ORIENTED_EDGE('',*,*,#2834,.F.);
#4402=ORIENTED_EDGE('',*,*,#2823,.F.);
#4403=ORIENTED_EDGE('',*,*,#3100,.F.);
#4404=ORIENTED_EDGE('',*,*,#3076,.F.);
#4405=ORIENTED_EDGE('',*,*,#2804,.F.);
#4406=ORIENTED_EDGE('',*,*,#2819,.T.);
#4407=ORIENTED_EDGE('',*,*,#2755,.F.);
#4408=ORIENTED_EDGE('',*,*,#3077,.F.);
#4409=ORIENTED_EDGE('',*,*,#3100,.T.);
#4410=ORIENTED_EDGE('',*,*,#3081,.F.);
#4411=ORIENTED_EDGE('',*,*,#3026,.T.);
#4412=ORIENTED_EDGE('',*,*,#3024,.T.);
#4413=ORIENTED_EDGE('',*,*,#2907,.F.);
#4414=ORIENTED_EDGE('',*,*,#2903,.F.);
#4415=ORIENTED_EDGE('',*,*,#2905,.T.);
#4416=ORIENTED_EDGE('',*,*,#2577,.T.);
#4417=ORIENTED_EDGE('',*,*,#2579,.T.);
#4418=ORIENTED_EDGE('',*,*,#2686,.F.);
#4419=ORIENTED_EDGE('',*,*,#2691,.F.);
#4420=ORIENTED_EDGE('',*,*,#3101,.T.);
#4421=ORIENTED_EDGE('',*,*,#2863,.F.);
#4422=ORIENTED_EDGE('',*,*,#3102,.T.);
#4423=ORIENTED_EDGE('',*,*,#2870,.T.);
#4424=ORIENTED_EDGE('',*,*,#2872,.F.);
#4425=ORIENTED_EDGE('',*,*,#2878,.F.);
#4426=ORIENTED_EDGE('',*,*,#2871,.T.);
#4427=ORIENTED_EDGE('',*,*,#3102,.F.);
#4428=ORIENTED_EDGE('',*,*,#2884,.F.);
#4429=ORIENTED_EDGE('',*,*,#2881,.F.);
#4430=ORIENTED_EDGE('',*,*,#3103,.F.);
#4431=ORIENTED_EDGE('',*,*,#3090,.F.);
#4432=ORIENTED_EDGE('',*,*,#3104,.T.);
#4433=ORIENTED_EDGE('',*,*,#3103,.T.);
#4434=ORIENTED_EDGE('',*,*,#3104,.F.);
#4435=ORIENTED_EDGE('',*,*,#2984,.F.);
#4436=ORIENTED_EDGE('',*,*,#3105,.F.);
#4437=ORIENTED_EDGE('',*,*,#3106,.T.);
#4438=ORIENTED_EDGE('',*,*,#3107,.F.);
#4439=ORIENTED_EDGE('',*,*,#2968,.F.);
#4440=ORIENTED_EDGE('',*,*,#3011,.T.);
#4441=ORIENTED_EDGE('',*,*,#3108,.T.);
#4442=ORIENTED_EDGE('',*,*,#3105,.T.);
#4443=ORIENTED_EDGE('',*,*,#2983,.T.);
#4444=ORIENTED_EDGE('',*,*,#3099,.F.);
#4445=ORIENTED_EDGE('',*,*,#3109,.F.);
#4446=ORIENTED_EDGE('',*,*,#3110,.F.);
#4447=ORIENTED_EDGE('',*,*,#3111,.T.);
#4448=ORIENTED_EDGE('',*,*,#3112,.T.);
#4449=ORIENTED_EDGE('',*,*,#3113,.T.);
#4450=ORIENTED_EDGE('',*,*,#2408,.F.);
#4451=ORIENTED_EDGE('',*,*,#2412,.T.);
#4452=ORIENTED_EDGE('',*,*,#2438,.F.);
#4453=ORIENTED_EDGE('',*,*,#2442,.F.);
#4454=ORIENTED_EDGE('',*,*,#2463,.F.);
#4455=ORIENTED_EDGE('',*,*,#2784,.F.);
#4456=ORIENTED_EDGE('',*,*,#2788,.T.);
#4457=ORIENTED_EDGE('',*,*,#2779,.T.);
#4458=ORIENTED_EDGE('',*,*,#3082,.F.);
#4459=ORIENTED_EDGE('',*,*,#3114,.T.);
#4460=ORIENTED_EDGE('',*,*,#2418,.F.);
#4461=ORIENTED_EDGE('',*,*,#3115,.F.);
#4462=ORIENTED_EDGE('',*,*,#2447,.F.);
#4463=ORIENTED_EDGE('',*,*,#2449,.T.);
#4464=ORIENTED_EDGE('',*,*,#3116,.T.);
#4465=ORIENTED_EDGE('',*,*,#3084,.F.);
#4466=ORIENTED_EDGE('',*,*,#3086,.T.);
#4467=ORIENTED_EDGE('',*,*,#2419,.F.);
#4468=ORIENTED_EDGE('',*,*,#3114,.F.);
#4469=ORIENTED_EDGE('',*,*,#2985,.F.);
#4470=ORIENTED_EDGE('',*,*,#3107,.T.);
#4471=ORIENTED_EDGE('',*,*,#3117,.T.);
#4472=ORIENTED_EDGE('',*,*,#2421,.T.);
#4473=ORIENTED_EDGE('',*,*,#3085,.T.);
#4474=ORIENTED_EDGE('',*,*,#2466,.F.);
#4475=ORIENTED_EDGE('',*,*,#2448,.F.);
#4476=ORIENTED_EDGE('',*,*,#3115,.T.);
#4477=ORIENTED_EDGE('',*,*,#2417,.T.);
#4478=ORIENTED_EDGE('',*,*,#2413,.F.);
#4479=ORIENTED_EDGE('',*,*,#3118,.T.);
#4480=ORIENTED_EDGE('',*,*,#3112,.F.);
#4481=ORIENTED_EDGE('',*,*,#3119,.T.);
#4482=ORIENTED_EDGE('',*,*,#3066,.T.);
#4483=ORIENTED_EDGE('',*,*,#3093,.T.);
#4484=ORIENTED_EDGE('',*,*,#3116,.F.);
#4485=ORIENTED_EDGE('',*,*,#3120,.T.);
#4486=ORIENTED_EDGE('',*,*,#3087,.T.);
#4487=ORIENTED_EDGE('',*,*,#3120,.F.);
#4488=ORIENTED_EDGE('',*,*,#3108,.F.);
#4489=ORIENTED_EDGE('',*,*,#3010,.T.);
#4490=ORIENTED_EDGE('',*,*,#2422,.F.);
#4491=ORIENTED_EDGE('',*,*,#3117,.F.);
#4492=ORIENTED_EDGE('',*,*,#3106,.F.);
#4493=ORIENTED_EDGE('',*,*,#3121,.T.);
#4494=ORIENTED_EDGE('',*,*,#3121,.F.);
#4495=ORIENTED_EDGE('',*,*,#3122,.T.);
#4496=ORIENTED_EDGE('',*,*,#3029,.F.);
#4497=ORIENTED_EDGE('',*,*,#3122,.F.);
#4498=ORIENTED_EDGE('',*,*,#3096,.F.);
#4499=ORIENTED_EDGE('',*,*,#3123,.T.);
#4500=ORIENTED_EDGE('',*,*,#3124,.T.);
#4501=ORIENTED_EDGE('',*,*,#3123,.F.);
#4502=ORIENTED_EDGE('',*,*,#3124,.F.);
#4503=ORIENTED_EDGE('',*,*,#3125,.F.);
#4504=ORIENTED_EDGE('',*,*,#3018,.F.);
#4505=ORIENTED_EDGE('',*,*,#3126,.T.);
#4506=ORIENTED_EDGE('',*,*,#3127,.T.);
#4507=ORIENTED_EDGE('',*,*,#3126,.F.);
#4508=ORIENTED_EDGE('',*,*,#3127,.F.);
#4509=ORIENTED_EDGE('',*,*,#3128,.F.);
#4510=ORIENTED_EDGE('',*,*,#2973,.F.);
#4511=ORIENTED_EDGE('',*,*,#3129,.T.);
#4512=ORIENTED_EDGE('',*,*,#3002,.F.);
#4513=ORIENTED_EDGE('',*,*,#3007,.T.);
#4514=ORIENTED_EDGE('',*,*,#2979,.F.);
#4515=ORIENTED_EDGE('',*,*,#2962,.F.);
#4516=ORIENTED_EDGE('',*,*,#2996,.F.);
#4517=ORIENTED_EDGE('',*,*,#3130,.T.);
#4518=ORIENTED_EDGE('',*,*,#2976,.F.);
#4519=ORIENTED_EDGE('',*,*,#3130,.F.);
#4520=ORIENTED_EDGE('',*,*,#2999,.F.);
#4521=ORIENTED_EDGE('',*,*,#3129,.F.);
#4522=ORIENTED_EDGE('',*,*,#2910,.T.);
#4523=ORIENTED_EDGE('',*,*,#2677,.T.);
#4524=ORIENTED_EDGE('',*,*,#2701,.F.);
#4525=ORIENTED_EDGE('',*,*,#2695,.F.);
#4526=ORIENTED_EDGE('',*,*,#2643,.F.);
#4527=ORIENTED_EDGE('',*,*,#2775,.F.);
#4528=ORIENTED_EDGE('',*,*,#2746,.F.);
#4529=ORIENTED_EDGE('',*,*,#2710,.T.);
#4530=ORIENTED_EDGE('',*,*,#2716,.F.);
#4531=ORIENTED_EDGE('',*,*,#2584,.T.);
#4532=ORIENTED_EDGE('',*,*,#2588,.T.);
#4533=ORIENTED_EDGE('',*,*,#2926,.T.);
#4534=ORIENTED_EDGE('',*,*,#2922,.F.);
#4535=ORIENTED_EDGE('',*,*,#2920,.F.);
#4536=ORIENTED_EDGE('',*,*,#3049,.T.);
#4537=ORIENTED_EDGE('',*,*,#3043,.F.);
#4538=ORIENTED_EDGE('',*,*,#3095,.T.);
#4539=ORIENTED_EDGE('',*,*,#3131,.T.);
#4540=ORIENTED_EDGE('',*,*,#2990,.T.);
#4541=ORIENTED_EDGE('',*,*,#3031,.T.);
#4542=ORIENTED_EDGE('',*,*,#3035,.T.);
#4543=ORIENTED_EDGE('',*,*,#3016,.F.);
#4544=ORIENTED_EDGE('',*,*,#3073,.F.);
#4545=ORIENTED_EDGE('',*,*,#3094,.T.);
#4546=ORIENTED_EDGE('',*,*,#3059,.T.);
#4547=ORIENTED_EDGE('',*,*,#2964,.F.);
#4548=ORIENTED_EDGE('',*,*,#2981,.F.);
#4549=ORIENTED_EDGE('',*,*,#2991,.F.);
#4550=ORIENTED_EDGE('',*,*,#3131,.F.);
#4551=ORIENTED_EDGE('',*,*,#3128,.T.);
#4552=ORIENTED_EDGE('',*,*,#3132,.T.);
#4553=ORIENTED_EDGE('',*,*,#2992,.F.);
#4554=ORIENTED_EDGE('',*,*,#3132,.F.);
#4555=ORIENTED_EDGE('',*,*,#3125,.T.);
#4556=ORIENTED_EDGE('',*,*,#3133,.T.);
#4557=ORIENTED_EDGE('',*,*,#2938,.F.);
#4558=ORIENTED_EDGE('',*,*,#3133,.F.);
#4559=ORIENTED_EDGE('',*,*,#3098,.T.);
#4560=ORIENTED_EDGE('',*,*,#3134,.T.);
#4561=ORIENTED_EDGE('',*,*,#3135,.T.);
#4562=ORIENTED_EDGE('',*,*,#3109,.T.);
#4563=ORIENTED_EDGE('',*,*,#3136,.T.);
#4564=ORIENTED_EDGE('',*,*,#3137,.T.);
#4565=ORIENTED_EDGE('',*,*,#3067,.F.);
#4566=ORIENTED_EDGE('',*,*,#3119,.F.);
#4567=ORIENTED_EDGE('',*,*,#3111,.F.);
#4568=ORIENTED_EDGE('',*,*,#3138,.F.);
#4569=ORIENTED_EDGE('',*,*,#3091,.T.);
#4570=ORIENTED_EDGE('',*,*,#2935,.F.);
#4571=ORIENTED_EDGE('',*,*,#3139,.F.);
#4572=ORIENTED_EDGE('',*,*,#3136,.F.);
#4573=ORIENTED_EDGE('',*,*,#3140,.T.);
#4574=ORIENTED_EDGE('',*,*,#3134,.F.);
#4575=ORIENTED_EDGE('',*,*,#2847,.F.);
#4576=ORIENTED_EDGE('',*,*,#2849,.T.);
#4577=ORIENTED_EDGE('',*,*,#2840,.F.);
#4578=ORIENTED_EDGE('',*,*,#2892,.T.);
#4579=ORIENTED_EDGE('',*,*,#2876,.F.);
#4580=ORIENTED_EDGE('',*,*,#3138,.T.);
#4581=ORIENTED_EDGE('',*,*,#3110,.T.);
#4582=ORIENTED_EDGE('',*,*,#3135,.F.);
#4583=ORIENTED_EDGE('',*,*,#3140,.F.);
#4584=ORIENTED_EDGE('',*,*,#3137,.F.);
#4585=ORIENTED_EDGE('',*,*,#3139,.T.);
#4586=ORIENTED_EDGE('',*,*,#2934,.F.);
#4587=ORIENTED_EDGE('',*,*,#3071,.F.);
#4588=ORIENTED_EDGE('',*,*,#3068,.F.);
#4589=ORIENTED_EDGE('',*,*,#2899,.F.);
#4590=ORIENTED_EDGE('',*,*,#3141,.T.);
#4591=ORIENTED_EDGE('',*,*,#3101,.F.);
#4592=ORIENTED_EDGE('',*,*,#3141,.F.);
#4593=ORIENTED_EDGE('',*,*,#2798,.F.);
#4594=ORIENTED_EDGE('',*,*,#3092,.T.);
#4595=ORIENTED_EDGE('',*,*,#3088,.F.);
#4596=ORIENTED_EDGE('',*,*,#2986,.T.);
#4597=ORIENTED_EDGE('',*,*,#2806,.F.);
#4598=ORIENTED_EDGE('',*,*,#3075,.F.);
#4599=ORIENTED_EDGE('',*,*,#3079,.F.);
#4600=ORIENTED_EDGE('',*,*,#3080,.F.);
#4601=ORIENTED_EDGE('',*,*,#3142,.F.);
#4602=ORIENTED_EDGE('',*,*,#2793,.F.);
#4603=ORIENTED_EDGE('',*,*,#3143,.T.);
#4604=ORIENTED_EDGE('',*,*,#3142,.T.);
#4605=ORIENTED_EDGE('',*,*,#3143,.F.);
#4606=ORIENTED_EDGE('',*,*,#2410,.T.);
#4607=ORIENTED_EDGE('',*,*,#2406,.F.);
#4608=ORIENTED_EDGE('',*,*,#3144,.T.);
#4609=ORIENTED_EDGE('',*,*,#2415,.F.);
#4610=ORIENTED_EDGE('',*,*,#2435,.T.);
#4611=ORIENTED_EDGE('',*,*,#2444,.F.);
#4612=ORIENTED_EDGE('',*,*,#2439,.F.);
#4613=ORIENTED_EDGE('',*,*,#2436,.F.);
#4614=ORIENTED_EDGE('',*,*,#2479,.F.);
#4615=ORIENTED_EDGE('',*,*,#2688,.F.);
#4616=ORIENTED_EDGE('',*,*,#2425,.F.);
#4617=ORIENTED_EDGE('',*,*,#3028,.T.);
#4618=ORIENTED_EDGE('',*,*,#2409,.F.);
#4619=ORIENTED_EDGE('',*,*,#3113,.F.);
#4620=ORIENTED_EDGE('',*,*,#3118,.F.);
#4621=ORIENTED_EDGE('',*,*,#2416,.F.);
#4622=ORIENTED_EDGE('',*,*,#3144,.F.);
#4623=CYLINDRICAL_SURFACE('',#5031,10.);
#4624=CYLINDRICAL_SURFACE('',#5034,10.);
#4625=CYLINDRICAL_SURFACE('',#5036,10.);
#4626=CYLINDRICAL_SURFACE('',#5041,10.);
#4627=CYLINDRICAL_SURFACE('',#5042,10.);
#4628=CYLINDRICAL_SURFACE('',#5046,10.);
#4629=CYLINDRICAL_SURFACE('',#5049,1090.54853372545);
#4630=CYLINDRICAL_SURFACE('',#5053,10.);
#4631=CYLINDRICAL_SURFACE('',#5056,10.);
#4632=CYLINDRICAL_SURFACE('',#5059,1090.54853372545);
#4633=CYLINDRICAL_SURFACE('',#5063,10.);
#4634=CYLINDRICAL_SURFACE('',#5067,10.);
#4635=CYLINDRICAL_SURFACE('',#5075,10.);
#4636=CYLINDRICAL_SURFACE('',#5077,10.);
#4637=CYLINDRICAL_SURFACE('',#5079,10.);
#4638=CYLINDRICAL_SURFACE('',#5082,10.);
#4639=CYLINDRICAL_SURFACE('',#5089,10.);
#4640=CYLINDRICAL_SURFACE('',#5092,10.);
#4641=CYLINDRICAL_SURFACE('',#5095,10.);
#4642=CYLINDRICAL_SURFACE('',#5102,10.);
#4643=CYLINDRICAL_SURFACE('',#5103,10.);
#4644=CYLINDRICAL_SURFACE('',#5112,10.);
#4645=CYLINDRICAL_SURFACE('',#5119,10.);
#4646=CYLINDRICAL_SURFACE('',#5124,10.);
#4647=CYLINDRICAL_SURFACE('',#5127,10.);
#4648=CYLINDRICAL_SURFACE('',#5130,10.);
#4649=CYLINDRICAL_SURFACE('',#5132,10.);
#4650=CYLINDRICAL_SURFACE('',#5136,10.);
#4651=CYLINDRICAL_SURFACE('',#5147,10.);
#4652=CYLINDRICAL_SURFACE('',#5151,10.);
#4653=CYLINDRICAL_SURFACE('',#5153,10.);
#4654=CYLINDRICAL_SURFACE('',#5157,10.);
#4655=CYLINDRICAL_SURFACE('',#5172,10.);
#4656=CYLINDRICAL_SURFACE('',#5176,10.);
#4657=CYLINDRICAL_SURFACE('',#5191,10.);
#4658=CYLINDRICAL_SURFACE('',#5199,10.);
#4659=CYLINDRICAL_SURFACE('',#5201,10.);
#4660=CYLINDRICAL_SURFACE('',#5208,10.);
#4661=CYLINDRICAL_SURFACE('',#5211,10.);
#4662=CYLINDRICAL_SURFACE('',#5217,10.);
#4663=CYLINDRICAL_SURFACE('',#5220,10.);
#4664=CYLINDRICAL_SURFACE('',#5226,10.);
#4665=CYLINDRICAL_SURFACE('',#5228,10.);
#4666=CYLINDRICAL_SURFACE('',#5237,10.);
#4667=CYLINDRICAL_SURFACE('',#5239,250.);
#4668=CYLINDRICAL_SURFACE('',#5241,2164.39049141007);
#4669=CYLINDRICAL_SURFACE('',#5244,10.);
#4670=CYLINDRICAL_SURFACE('',#5249,100.);
#4671=CYLINDRICAL_SURFACE('',#5259,100.);
#4672=CYLINDRICAL_SURFACE('',#5260,20.);
#4673=CYLINDRICAL_SURFACE('',#5266,20.);
#4674=CYLINDRICAL_SURFACE('',#5272,50.);
#4675=CYLINDRICAL_SURFACE('',#5275,50.);
#4676=CYLINDRICAL_SURFACE('',#5276,225.);
#4677=CYLINDRICAL_SURFACE('',#5280,125.);
#4678=CYLINDRICAL_SURFACE('',#5284,200.);
#4679=CYLINDRICAL_SURFACE('',#5285,250.);
#4680=CYLINDRICAL_SURFACE('',#5286,2164.39049141007);
#4681=CYLINDRICAL_SURFACE('',#5288,90.);
#4682=CYLINDRICAL_SURFACE('',#5289,90.);
#4683=CYLINDRICAL_SURFACE('',#5295,1120.54853372545);
#4684=CYLINDRICAL_SURFACE('',#5300,10.);
#4685=CYLINDRICAL_SURFACE('',#5302,10.);
#4686=CYLINDRICAL_SURFACE('',#5305,10.);
#4687=CYLINDRICAL_SURFACE('',#5312,10.);
#4688=CYLINDRICAL_SURFACE('',#5314,10.);
#4689=CYLINDRICAL_SURFACE('',#5316,10.);
#4690=CYLINDRICAL_SURFACE('',#5320,10.);
#4691=CYLINDRICAL_SURFACE('',#5323,10.);
#4692=CYLINDRICAL_SURFACE('',#5330,10.);
#4693=CYLINDRICAL_SURFACE('',#5333,10.);
#4694=CYLINDRICAL_SURFACE('',#5336,10.);
#4695=CYLINDRICAL_SURFACE('',#5343,10.);
#4696=CYLINDRICAL_SURFACE('',#5344,10.);
#4697=CYLINDRICAL_SURFACE('',#5353,10.);
#4698=CYLINDRICAL_SURFACE('',#5360,10.);
#4699=CYLINDRICAL_SURFACE('',#5365,10.);
#4700=CYLINDRICAL_SURFACE('',#5373,10.);
#4701=CYLINDRICAL_SURFACE('',#5379,10.);
#4702=CYLINDRICAL_SURFACE('',#5381,200.);
#4703=CYLINDRICAL_SURFACE('',#5382,10.);
#4704=CYLINDRICAL_SURFACE('',#5386,10.);
#4705=CYLINDRICAL_SURFACE('',#5390,10.);
#4706=CYLINDRICAL_SURFACE('',#5404,200.);
#4707=CYLINDRICAL_SURFACE('',#5406,10.);
#4708=CYLINDRICAL_SURFACE('',#5411,10.);
#4709=CYLINDRICAL_SURFACE('',#5414,10.);
#4710=CYLINDRICAL_SURFACE('',#5416,10.);
#4711=CYLINDRICAL_SURFACE('',#5421,10.);
#4712=CYLINDRICAL_SURFACE('',#5436,10.);
#4713=CYLINDRICAL_SURFACE('',#5441,10.);
#4714=CYLINDRICAL_SURFACE('',#5455,10.);
#4715=CYLINDRICAL_SURFACE('',#5462,10.);
#4716=CYLINDRICAL_SURFACE('',#5464,10.);
#4717=CYLINDRICAL_SURFACE('',#5470,10.);
#4718=CYLINDRICAL_SURFACE('',#5473,10.);
#4719=CYLINDRICAL_SURFACE('',#5478,10.);
#4720=CYLINDRICAL_SURFACE('',#5481,10.);
#4721=CYLINDRICAL_SURFACE('',#5487,10.);
#4722=CYLINDRICAL_SURFACE('',#5489,10.);
#4723=CYLINDRICAL_SURFACE('',#5498,10.);
#4724=CYLINDRICAL_SURFACE('',#5500,250.);
#4725=CYLINDRICAL_SURFACE('',#5502,2164.39049141007);
#4726=CYLINDRICAL_SURFACE('',#5505,10.);
#4727=CYLINDRICAL_SURFACE('',#5510,100.);
#4728=CYLINDRICAL_SURFACE('',#5517,100.);
#4729=CYLINDRICAL_SURFACE('',#5529,100.);
#4730=CYLINDRICAL_SURFACE('',#5530,20.);
#4731=CYLINDRICAL_SURFACE('',#5539,20.);
#4732=CYLINDRICAL_SURFACE('',#5547,1090.54853372545);
#4733=CYLINDRICAL_SURFACE('',#5549,1090.54853372545);
#4734=CYLINDRICAL_SURFACE('',#5552,50.);
#4735=CYLINDRICAL_SURFACE('',#5555,50.);
#4736=CYLINDRICAL_SURFACE('',#5556,225.);
#4737=CYLINDRICAL_SURFACE('',#5560,125.);
#4738=CYLINDRICAL_SURFACE('',#5564,200.);
#4739=CYLINDRICAL_SURFACE('',#5565,250.);
#4740=CYLINDRICAL_SURFACE('',#5566,2164.39049141007);
#4741=CYLINDRICAL_SURFACE('',#5569,90.);
#4742=CYLINDRICAL_SURFACE('',#5570,90.);
#4743=CYLINDRICAL_SURFACE('',#5576,1120.54853372545);
#4744=CYLINDRICAL_SURFACE('',#5577,100.);
#4745=CYLINDRICAL_SURFACE('',#5582,317.5);
#4746=CYLINDRICAL_SURFACE('',#5584,1090.54853372545);
#4747=ADVANCED_FACE('',(#265),#4623,.T.);
#4748=ADVANCED_FACE('',(#266),#149,.T.);
#4749=ADVANCED_FACE('',(#267),#4624,.T.);
#4750=ADVANCED_FACE('',(#268),#150,.T.);
#4751=ADVANCED_FACE('',(#269),#4625,.T.);
#4752=ADVANCED_FACE('',(#270),#151,.F.);
#4753=ADVANCED_FACE('',(#271),#4626,.T.);
#4754=ADVANCED_FACE('',(#272),#4627,.T.);
#4755=ADVANCED_FACE('',(#273),#152,.F.);
#4756=ADVANCED_FACE('',(#274),#4628,.T.);
#4757=ADVANCED_FACE('',(#275),#4629,.F.);
#4758=ADVANCED_FACE('',(#276),#4630,.T.);
#4759=ADVANCED_FACE('',(#277),#4631,.T.);
#4760=ADVANCED_FACE('',(#278),#4632,.F.);
#4761=ADVANCED_FACE('',(#279),#4633,.T.);
#4762=ADVANCED_FACE('',(#280),#153,.F.);
#4763=ADVANCED_FACE('',(#281),#4634,.T.);
#4764=ADVANCED_FACE('',(#282),#154,.T.);
#4765=ADVANCED_FACE('',(#283),#155,.T.);
#4766=ADVANCED_FACE('',(#284),#4635,.T.);
#4767=ADVANCED_FACE('',(#285),#4636,.T.);
#4768=ADVANCED_FACE('',(#286),#4637,.T.);
#4769=ADVANCED_FACE('',(#287),#4638,.T.);
#4770=ADVANCED_FACE('',(#288),#48,.T.);
#4771=ADVANCED_FACE('',(#289),#4639,.T.);
#4772=ADVANCED_FACE('',(#290),#156,.F.);
#4773=ADVANCED_FACE('',(#291),#157,.F.);
#4774=ADVANCED_FACE('',(#292),#4640,.T.);
#4775=ADVANCED_FACE('',(#293),#4641,.T.);
#4776=ADVANCED_FACE('',(#294),#49,.T.);
#4777=ADVANCED_FACE('',(#295),#4642,.T.);
#4778=ADVANCED_FACE('',(#296),#4643,.T.);
#4779=ADVANCED_FACE('',(#297),#158,.T.);
#4780=ADVANCED_FACE('',(#298),#159,.F.);
#4781=ADVANCED_FACE('',(#299,#15),#160,.T.);
#4782=ADVANCED_FACE('',(#300),#4644,.T.);
#4783=ADVANCED_FACE('',(#301),#50,.T.);
#4784=ADVANCED_FACE('',(#302),#4645,.T.);
#4785=ADVANCED_FACE('',(#303),#161,.F.);
#4786=ADVANCED_FACE('',(#304),#4646,.T.);
#4787=ADVANCED_FACE('',(#305),#162,.T.);
#4788=ADVANCED_FACE('',(#306),#4647,.T.);
#4789=ADVANCED_FACE('',(#307),#4648,.T.);
#4790=ADVANCED_FACE('',(#308),#4649,.T.);
#4791=ADVANCED_FACE('',(#309),#4650,.T.);
#4792=ADVANCED_FACE('',(#310,#16),#163,.F.);
#4793=ADVANCED_FACE('',(#311),#164,.F.);
#4794=ADVANCED_FACE('',(#312),#165,.F.);
#4795=ADVANCED_FACE('',(#313),#4651,.T.);
#4796=ADVANCED_FACE('',(#314),#4652,.T.);
#4797=ADVANCED_FACE('',(#315),#4653,.T.);
#4798=ADVANCED_FACE('',(#316),#166,.F.);
#4799=ADVANCED_FACE('',(#317),#167,.T.);
#4800=ADVANCED_FACE('',(#318),#4654,.T.);
#4801=ADVANCED_FACE('',(#319),#51,.T.);
#4802=ADVANCED_FACE('',(#320),#52,.T.);
#4803=ADVANCED_FACE('',(#321),#53,.T.);
#4804=ADVANCED_FACE('',(#322),#4655,.T.);
#4805=ADVANCED_FACE('',(#323,#17),#168,.F.);
#4806=ADVANCED_FACE('',(#324),#4656,.T.);
#4807=ADVANCED_FACE('',(#325),#54,.T.);
#4808=ADVANCED_FACE('',(#326),#55,.T.);
#4809=ADVANCED_FACE('',(#327),#56,.T.);
#4810=ADVANCED_FACE('',(#328),#4657,.T.);
#4811=ADVANCED_FACE('',(#329),#169,.F.);
#4812=ADVANCED_FACE('',(#330),#170,.F.);
#4813=ADVANCED_FACE('',(#331,#18),#171,.T.);
#4814=ADVANCED_FACE('',(#332),#4658,.T.);
#4815=ADVANCED_FACE('',(#333),#4659,.T.);
#4816=ADVANCED_FACE('',(#334,#19),#172,.T.);
#4817=ADVANCED_FACE('',(#335),#4660,.T.);
#4818=ADVANCED_FACE('',(#336),#4661,.T.);
#4819=ADVANCED_FACE('',(#337),#173,.T.);
#4820=ADVANCED_FACE('',(#338),#174,.T.);
#4821=ADVANCED_FACE('',(#339),#175,.T.);
#4822=ADVANCED_FACE('',(#340),#4662,.T.);
#4823=ADVANCED_FACE('',(#341),#4663,.T.);
#4824=ADVANCED_FACE('',(#342),#176,.F.);
#4825=ADVANCED_FACE('',(#343),#177,.F.);
#4826=ADVANCED_FACE('',(#344),#178,.F.);
#4827=ADVANCED_FACE('',(#345),#4664,.T.);
#4828=ADVANCED_FACE('',(#346),#4665,.T.);
#4829=ADVANCED_FACE('',(#347),#57,.T.);
#4830=ADVANCED_FACE('',(#348),#58,.T.);
#4831=ADVANCED_FACE('',(#349),#4666,.T.);
#4832=ADVANCED_FACE('',(#350),#4667,.T.);
#4833=ADVANCED_FACE('',(#351),#4668,.F.);
#4834=ADVANCED_FACE('',(#352),#179,.F.);
#4835=ADVANCED_FACE('',(#353),#4669,.T.);
#4836=ADVANCED_FACE('',(#354),#59,.T.);
#4837=ADVANCED_FACE('',(#355),#60,.T.);
#4838=ADVANCED_FACE('',(#356),#4670,.T.);
#4839=ADVANCED_FACE('',(#357,#20),#180,.T.);
#4840=ADVANCED_FACE('',(#358,#21),#181,.F.);
#4841=ADVANCED_FACE('',(#359),#182,.F.);
#4842=ADVANCED_FACE('',(#360,#22),#183,.T.);
#4843=ADVANCED_FACE('',(#361),#4671,.T.);
#4844=ADVANCED_FACE('',(#362),#4672,.F.);
#4845=ADVANCED_FACE('',(#363),#184,.T.);
#4846=ADVANCED_FACE('',(#364),#185,.T.);
#4847=ADVANCED_FACE('',(#365,#23),#186,.T.);
#4848=ADVANCED_FACE('',(#366),#4673,.F.);
#4849=ADVANCED_FACE('',(#367),#187,.T.);
#4850=ADVANCED_FACE('',(#368),#188,.F.);
#4851=ADVANCED_FACE('',(#369,#24),#189,.F.);
#4852=ADVANCED_FACE('',(#370),#190,.F.);
#4853=ADVANCED_FACE('',(#371),#4674,.F.);
#4854=ADVANCED_FACE('',(#372,#25),#191,.F.);
#4855=ADVANCED_FACE('',(#373),#4675,.F.);
#4856=ADVANCED_FACE('',(#374),#4676,.T.);
#4857=ADVANCED_FACE('',(#375,#26),#192,.T.);
#4858=ADVANCED_FACE('',(#376),#4677,.T.);
#4859=ADVANCED_FACE('',(#377,#27),#193,.T.);
#4860=ADVANCED_FACE('',(#378),#4678,.T.);
#4861=ADVANCED_FACE('',(#379),#4679,.T.);
#4862=ADVANCED_FACE('',(#380),#4680,.F.);
#4863=ADVANCED_FACE('',(#381),#194,.T.);
#4864=ADVANCED_FACE('',(#382),#4681,.F.);
#4865=ADVANCED_FACE('',(#383),#4682,.F.);
#4866=ADVANCED_FACE('',(#384),#195,.T.);
#4867=ADVANCED_FACE('',(#385),#196,.F.);
#4868=ADVANCED_FACE('',(#386),#197,.F.);
#4869=ADVANCED_FACE('',(#387),#198,.F.);
#4870=ADVANCED_FACE('',(#388),#4683,.T.);
#4871=ADVANCED_FACE('',(#389),#199,.T.);
#4872=ADVANCED_FACE('',(#390),#200,.F.);
#4873=ADVANCED_FACE('',(#391),#201,.F.);
#4874=ADVANCED_FACE('',(#392),#4684,.T.);
#4875=ADVANCED_FACE('',(#393),#4685,.T.);
#4876=ADVANCED_FACE('',(#394),#4686,.T.);
#4877=ADVANCED_FACE('',(#395,#28,#29),#202,.F.);
#4878=ADVANCED_FACE('',(#396),#203,.F.);
#4879=ADVANCED_FACE('',(#397),#4687,.T.);
#4880=ADVANCED_FACE('',(#398),#4688,.T.);
#4881=ADVANCED_FACE('',(#399),#4689,.T.);
#4882=ADVANCED_FACE('',(#400),#204,.F.);
#4883=ADVANCED_FACE('',(#401),#4690,.T.);
#4884=ADVANCED_FACE('',(#402),#4691,.T.);
#4885=ADVANCED_FACE('',(#403),#61,.T.);
#4886=ADVANCED_FACE('',(#404),#4692,.T.);
#4887=ADVANCED_FACE('',(#405),#205,.T.);
#4888=ADVANCED_FACE('',(#406),#206,.T.);
#4889=ADVANCED_FACE('',(#407),#4693,.T.);
#4890=ADVANCED_FACE('',(#408),#4694,.T.);
#4891=ADVANCED_FACE('',(#409),#62,.T.);
#4892=ADVANCED_FACE('',(#410),#4695,.T.);
#4893=ADVANCED_FACE('',(#411),#4696,.T.);
#4894=ADVANCED_FACE('',(#412),#207,.F.);
#4895=ADVANCED_FACE('',(#413),#208,.T.);
#4896=ADVANCED_FACE('',(#414,#30),#209,.F.);
#4897=ADVANCED_FACE('',(#415),#4697,.T.);
#4898=ADVANCED_FACE('',(#416),#63,.T.);
#4899=ADVANCED_FACE('',(#417),#4698,.T.);
#4900=ADVANCED_FACE('',(#418),#210,.T.);
#4901=ADVANCED_FACE('',(#419),#4699,.T.);
#4902=ADVANCED_FACE('',(#420),#64,.T.);
#4903=ADVANCED_FACE('',(#421,#31),#211,.F.);
#4904=ADVANCED_FACE('',(#422),#212,.F.);
#4905=ADVANCED_FACE('',(#423),#4700,.T.);
#4906=ADVANCED_FACE('',(#424),#65,.T.);
#4907=ADVANCED_FACE('',(#425),#4701,.T.);
#4908=ADVANCED_FACE('',(#426),#4702,.T.);
#4909=ADVANCED_FACE('',(#427),#4703,.T.);
#4910=ADVANCED_FACE('',(#428),#213,.F.);
#4911=ADVANCED_FACE('',(#429),#4704,.T.);
#4912=ADVANCED_FACE('',(#430),#4705,.T.);
#4913=ADVANCED_FACE('',(#431),#66,.T.);
#4914=ADVANCED_FACE('',(#432,#32),#214,.T.);
#4915=ADVANCED_FACE('',(#433),#215,.T.);
#4916=ADVANCED_FACE('',(#434),#216,.T.);
#4917=ADVANCED_FACE('',(#435),#4706,.T.);
#4918=ADVANCED_FACE('',(#436),#4707,.T.);
#4919=ADVANCED_FACE('',(#437,#33),#217,.T.);
#4920=ADVANCED_FACE('',(#438),#4708,.T.);
#4921=ADVANCED_FACE('',(#439),#4709,.T.);
#4922=ADVANCED_FACE('',(#440),#4710,.T.);
#4923=ADVANCED_FACE('',(#441),#67,.T.);
#4924=ADVANCED_FACE('',(#442),#218,.T.);
#4925=ADVANCED_FACE('',(#443),#219,.F.);
#4926=ADVANCED_FACE('',(#444),#4711,.T.);
#4927=ADVANCED_FACE('',(#445),#68,.T.);
#4928=ADVANCED_FACE('',(#446),#69,.T.);
#4929=ADVANCED_FACE('',(#447),#70,.T.);
#4930=ADVANCED_FACE('',(#448),#4712,.T.);
#4931=ADVANCED_FACE('',(#449,#34),#220,.T.);
#4932=ADVANCED_FACE('',(#450),#4713,.T.);
#4933=ADVANCED_FACE('',(#451),#71,.T.);
#4934=ADVANCED_FACE('',(#452),#72,.T.);
#4935=ADVANCED_FACE('',(#453),#73,.T.);
#4936=ADVANCED_FACE('',(#454),#4714,.T.);
#4937=ADVANCED_FACE('',(#455),#221,.T.);
#4938=ADVANCED_FACE('',(#456),#222,.T.);
#4939=ADVANCED_FACE('',(#457,#35),#223,.F.);
#4940=ADVANCED_FACE('',(#458),#4715,.T.);
#4941=ADVANCED_FACE('',(#459),#4716,.T.);
#4942=ADVANCED_FACE('',(#460,#36),#224,.F.);
#4943=ADVANCED_FACE('',(#461),#4717,.T.);
#4944=ADVANCED_FACE('',(#462),#4718,.T.);
#4945=ADVANCED_FACE('',(#463),#225,.F.);
#4946=ADVANCED_FACE('',(#464),#226,.F.);
#4947=ADVANCED_FACE('',(#465),#227,.F.);
#4948=ADVANCED_FACE('',(#466),#4719,.T.);
#4949=ADVANCED_FACE('',(#467),#4720,.T.);
#4950=ADVANCED_FACE('',(#468),#228,.T.);
#4951=ADVANCED_FACE('',(#469),#229,.T.);
#4952=ADVANCED_FACE('',(#470),#230,.T.);
#4953=ADVANCED_FACE('',(#471),#4721,.T.);
#4954=ADVANCED_FACE('',(#472),#4722,.T.);
#4955=ADVANCED_FACE('',(#473),#74,.T.);
#4956=ADVANCED_FACE('',(#474),#75,.T.);
#4957=ADVANCED_FACE('',(#475),#4723,.T.);
#4958=ADVANCED_FACE('',(#476),#4724,.T.);
#4959=ADVANCED_FACE('',(#477),#4725,.F.);
#4960=ADVANCED_FACE('',(#478),#231,.T.);
#4961=ADVANCED_FACE('',(#479),#4726,.T.);
#4962=ADVANCED_FACE('',(#480),#76,.T.);
#4963=ADVANCED_FACE('',(#481),#77,.T.);
#4964=ADVANCED_FACE('',(#482),#4727,.F.);
#4965=ADVANCED_FACE('',(#483),#232,.F.);
#4966=ADVANCED_FACE('',(#484),#233,.T.);
#4967=ADVANCED_FACE('',(#485),#234,.T.);
#4968=ADVANCED_FACE('',(#486),#235,.T.);
#4969=ADVANCED_FACE('',(#487),#236,.F.);
#4970=ADVANCED_FACE('',(#488),#4728,.T.);
#4971=ADVANCED_FACE('',(#489,#37),#237,.F.);
#4972=ADVANCED_FACE('',(#490,#38),#238,.T.);
#4973=ADVANCED_FACE('',(#491),#239,.T.);
#4974=ADVANCED_FACE('',(#492,#39),#240,.F.);
#4975=ADVANCED_FACE('',(#493),#4729,.T.);
#4976=ADVANCED_FACE('',(#494),#4730,.F.);
#4977=ADVANCED_FACE('',(#495),#241,.T.);
#4978=ADVANCED_FACE('',(#496),#242,.F.);
#4979=ADVANCED_FACE('',(#497),#243,.F.);
#4980=ADVANCED_FACE('',(#498,#40),#244,.T.);
#4981=ADVANCED_FACE('',(#499),#245,.F.);
#4982=ADVANCED_FACE('',(#500,#41),#246,.F.);
#4983=ADVANCED_FACE('',(#501),#4731,.F.);
#4984=ADVANCED_FACE('',(#502),#247,.F.);
#4985=ADVANCED_FACE('',(#503),#248,.T.);
#4986=ADVANCED_FACE('',(#504),#249,.T.);
#4987=ADVANCED_FACE('',(#505,#42),#250,.T.);
#4988=ADVANCED_FACE('',(#506),#251,.T.);
#4989=ADVANCED_FACE('',(#507),#4732,.F.);
#4990=ADVANCED_FACE('',(#508),#4733,.F.);
#4991=ADVANCED_FACE('',(#509),#4734,.F.);
#4992=ADVANCED_FACE('',(#510,#43),#252,.T.);
#4993=ADVANCED_FACE('',(#511),#4735,.F.);
#4994=ADVANCED_FACE('',(#512),#4736,.T.);
#4995=ADVANCED_FACE('',(#513,#44),#253,.F.);
#4996=ADVANCED_FACE('',(#514),#4737,.T.);
#4997=ADVANCED_FACE('',(#515,#45),#254,.F.);
#4998=ADVANCED_FACE('',(#516),#4738,.T.);
#4999=ADVANCED_FACE('',(#517),#4739,.T.);
#5000=ADVANCED_FACE('',(#518),#4740,.F.);
#5001=ADVANCED_FACE('',(#519,#46),#255,.F.);
#5002=ADVANCED_FACE('',(#520),#256,.F.);
#5003=ADVANCED_FACE('',(#521),#4741,.F.);
#5004=ADVANCED_FACE('',(#522),#4742,.F.);
#5005=ADVANCED_FACE('',(#523),#257,.F.);
#5006=ADVANCED_FACE('',(#524),#258,.T.);
#5007=ADVANCED_FACE('',(#525),#259,.T.);
#5008=ADVANCED_FACE('',(#526),#260,.T.);
#5009=ADVANCED_FACE('',(#527),#4743,.T.);
#5010=ADVANCED_FACE('',(#528),#4744,.F.);
#5011=ADVANCED_FACE('',(#529),#261,.F.);
#5012=ADVANCED_FACE('',(#530),#262,.T.);
#5013=ADVANCED_FACE('',(#531),#263,.T.);
#5014=ADVANCED_FACE('',(#532,#47),#4745,.T.);
#5015=ADVANCED_FACE('',(#533),#4746,.F.);
#5016=ADVANCED_FACE('',(#534),#264,.T.);
#5017=CLOSED_SHELL('',(#4747,#4748,#4749,#4750,#4751,#4752,#4753,#4754,
#4755,#4756,#4757,#4758,#4759,#4760,#4761,#4762,#4763,#4764,#4765,#4766,
#4767,#4768,#4769,#4770,#4771,#4772,#4773,#4774,#4775,#4776,#4777,#4778,
#4779,#4780,#4781,#4782,#4783,#4784,#4785,#4786,#4787,#4788,#4789,#4790,
#4791,#4792,#4793,#4794,#4795,#4796,#4797,#4798,#4799,#4800,#4801,#4802,
#4803,#4804,#4805,#4806,#4807,#4808,#4809,#4810,#4811,#4812,#4813,#4814,
#4815,#4816,#4817,#4818,#4819,#4820,#4821,#4822,#4823,#4824,#4825,#4826,
#4827,#4828,#4829,#4830,#4831,#4832,#4833,#4834,#4835,#4836,#4837,#4838,
#4839,#4840,#4841,#4842,#4843,#4844,#4845,#4846,#4847,#4848,#4849,#4850,
#4851,#4852,#4853,#4854,#4855,#4856,#4857,#4858,#4859,#4860,#4861,#4862,
#4863,#4864,#4865,#4866,#4867,#4868,#4869,#4870,#4871,#4872,#4873,#4874,
#4875,#4876,#4877,#4878,#4879,#4880,#4881,#4882,#4883,#4884,#4885,#4886,
#4887,#4888,#4889,#4890,#4891,#4892,#4893,#4894,#4895,#4896,#4897,#4898,
#4899,#4900,#4901,#4902,#4903,#4904,#4905,#4906,#4907,#4908,#4909,#4910,
#4911,#4912,#4913,#4914,#4915,#4916,#4917,#4918,#4919,#4920,#4921,#4922,
#4923,#4924,#4925,#4926,#4927,#4928,#4929,#4930,#4931,#4932,#4933,#4934,
#4935,#4936,#4937,#4938,#4939,#4940,#4941,#4942,#4943,#4944,#4945,#4946,
#4947,#4948,#4949,#4950,#4951,#4952,#4953,#4954,#4955,#4956,#4957,#4958,
#4959,#4960,#4961,#4962,#4963,#4964,#4965,#4966,#4967,#4968,#4969,#4970,
#4971,#4972,#4973,#4974,#4975,#4976,#4977,#4978,#4979,#4980,#4981,#4982,
#4983,#4984,#4985,#4986,#4987,#4988,#4989,#4990,#4991,#4992,#4993,#4994,
#4995,#4996,#4997,#4998,#4999,#5000,#5001,#5002,#5003,#5004,#5005,#5006,
#5007,#5008,#5009,#5010,#5011,#5012,#5013,#5014,#5015,#5016));
#5018=DERIVED_UNIT_ELEMENT(#5020,1.);
#5019=DERIVED_UNIT_ELEMENT(#8905,-3.);
#5020=(
MASS_UNIT()
NAMED_UNIT(*)
SI_UNIT(.KILO.,.GRAM.)
);
#5021=DERIVED_UNIT((#5018,#5019));
#5022=MEASURE_REPRESENTATION_ITEM('density measure',
POSITIVE_RATIO_MEASURE(7850.),#5021);
#5023=PROPERTY_DEFINITION_REPRESENTATION(#5028,#5025);
#5024=PROPERTY_DEFINITION_REPRESENTATION(#5029,#5026);
#5025=REPRESENTATION('material name',(#5027),#8902);
#5026=REPRESENTATION('density',(#5022),#8902);
#5027=DESCRIPTIVE_REPRESENTATION_ITEM('Steel','Steel');
#5028=PROPERTY_DEFINITION('material property','material name',#8912);
#5029=PROPERTY_DEFINITION('material property','density of part',#8912);
#5030=AXIS2_PLACEMENT_3D('',#7128,#5586,#5587);
#5031=AXIS2_PLACEMENT_3D('',#7129,#5588,#5589);
#5032=AXIS2_PLACEMENT_3D('',#7145,#5591,#5592);
#5033=AXIS2_PLACEMENT_3D('',#7147,#5594,#5595);
#5034=AXIS2_PLACEMENT_3D('',#7153,#5599,#5600);
#5035=AXIS2_PLACEMENT_3D('',#7180,#5603,#5604);
#5036=AXIS2_PLACEMENT_3D('',#7218,#5624,#5625);
#5037=AXIS2_PLACEMENT_3D('',#7232,#5627,#5628);
#5038=AXIS2_PLACEMENT_3D('',#7233,#5629,#5630);
#5039=AXIS2_PLACEMENT_3D('',#7235,#5631,#5632);
#5040=AXIS2_PLACEMENT_3D('',#7239,#5634,#5635);
#5041=AXIS2_PLACEMENT_3D('',#7241,#5637,#5638);
#5042=AXIS2_PLACEMENT_3D('',#7262,#5639,#5640);
#5043=AXIS2_PLACEMENT_3D('',#7265,#5641,#5642);
#5044=AXIS2_PLACEMENT_3D('',#7269,#5644,#5645);
#5045=AXIS2_PLACEMENT_3D('',#7271,#5647,#5648);
#5046=AXIS2_PLACEMENT_3D('',#7285,#5656,#5657);
#5047=AXIS2_PLACEMENT_3D('',#7288,#5658,#5659);
#5048=AXIS2_PLACEMENT_3D('',#7292,#5661,#5662);
#5049=AXIS2_PLACEMENT_3D('',#7294,#5664,#5665);
#5050=AXIS2_PLACEMENT_3D('',#7296,#5666,#5667);
#5051=AXIS2_PLACEMENT_3D('',#7300,#5669,#5670);
#5052=AXIS2_PLACEMENT_3D('',#7302,#5672,#5673);
#5053=AXIS2_PLACEMENT_3D('',#7303,#5674,#5675);
#5054=AXIS2_PLACEMENT_3D('',#7305,#5676,#5677);
#5055=AXIS2_PLACEMENT_3D('',#7308,#5679,#5680);
#5056=AXIS2_PLACEMENT_3D('',#7309,#5681,#5682);
#5057=AXIS2_PLACEMENT_3D('',#7312,#5683,#5684);
#5058=AXIS2_PLACEMENT_3D('',#7316,#5686,#5687);
#5059=AXIS2_PLACEMENT_3D('',#7318,#5689,#5690);
#5060=AXIS2_PLACEMENT_3D('',#7320,#5691,#5692);
#5061=AXIS2_PLACEMENT_3D('',#7321,#5693,#5694);
#5062=AXIS2_PLACEMENT_3D('',#7323,#5695,#5696);
#5063=AXIS2_PLACEMENT_3D('',#7325,#5698,#5699);
#5064=AXIS2_PLACEMENT_3D('',#7328,#5700,#5701);
#5065=AXIS2_PLACEMENT_3D('',#7332,#5703,#5704);
#5066=AXIS2_PLACEMENT_3D('',#7334,#5706,#5707);
#5067=AXIS2_PLACEMENT_3D('',#7340,#5711,#5712);
#5068=AXIS2_PLACEMENT_3D('',#7343,#5713,#5714);
#5069=AXIS2_PLACEMENT_3D('',#7347,#5716,#5717);
#5070=AXIS2_PLACEMENT_3D('',#7349,#5719,#5720);
#5071=AXIS2_PLACEMENT_3D('',#7357,#5726,#5727);
#5072=AXIS2_PLACEMENT_3D('',#7366,#5731,#5732);
#5073=AXIS2_PLACEMENT_3D('',#7372,#5735,#5736);
#5074=AXIS2_PLACEMENT_3D('',#7376,#5738,#5739);
#5075=AXIS2_PLACEMENT_3D('',#7378,#5741,#5742);
#5076=AXIS2_PLACEMENT_3D('',#7382,#5744,#5745);
#5077=AXIS2_PLACEMENT_3D('',#7384,#5747,#5748);
#5078=AXIS2_PLACEMENT_3D('',#7388,#5750,#5751);
#5079=AXIS2_PLACEMENT_3D('',#7390,#5753,#5754);
#5080=AXIS2_PLACEMENT_3D('',#7395,#5756,#5757);
#5081=AXIS2_PLACEMENT_3D('',#7398,#5759,#5760);
#5082=AXIS2_PLACEMENT_3D('',#7399,#5761,#5762);
#5083=AXIS2_PLACEMENT_3D('',#7402,#5763,#5764);
#5084=AXIS2_PLACEMENT_3D('',#7406,#5766,#5767);
#5085=AXIS2_PLACEMENT_3D('',#7408,#5769,#5770);
#5086=AXIS2_PLACEMENT_3D('',#7411,#5771,#5772);
#5087=AXIS2_PLACEMENT_3D('',#7412,#5773,#5774);
#5088=AXIS2_PLACEMENT_3D('',#7413,#5775,#5776);
#5089=AXIS2_PLACEMENT_3D('',#7414,#5777,#5778);
#5090=AXIS2_PLACEMENT_3D('',#7417,#5781,#5782);
#5091=AXIS2_PLACEMENT_3D('',#7423,#5786,#5787);
#5092=AXIS2_PLACEMENT_3D('',#7425,#5789,#5790);
#5093=AXIS2_PLACEMENT_3D('',#7430,#5792,#5793);
#5094=AXIS2_PLACEMENT_3D('',#7433,#5795,#5796);
#5095=AXIS2_PLACEMENT_3D('',#7434,#5797,#5798);
#5096=AXIS2_PLACEMENT_3D('',#7439,#5800,#5801);
#5097=AXIS2_PLACEMENT_3D('',#7442,#5803,#5804);
#5098=AXIS2_PLACEMENT_3D('',#7443,#5805,#5806);
#5099=AXIS2_PLACEMENT_3D('',#7446,#5807,#5808);
#5100=AXIS2_PLACEMENT_3D('',#7447,#5809,#5810);
#5101=AXIS2_PLACEMENT_3D('',#7448,#5811,#5812);
#5102=AXIS2_PLACEMENT_3D('',#7449,#5813,#5814);
#5103=AXIS2_PLACEMENT_3D('',#7452,#5817,#5818);
#5104=AXIS2_PLACEMENT_3D('',#7457,#5821,#5822);
#5105=AXIS2_PLACEMENT_3D('',#7458,#5823,#5824);
#5106=AXIS2_PLACEMENT_3D('',#7463,#5826,#5827);
#5107=AXIS2_PLACEMENT_3D('',#7465,#5828,#5829);
#5108=AXIS2_PLACEMENT_3D('',#7468,#5831,#5832);
#5109=AXIS2_PLACEMENT_3D('',#7469,#5833,#5834);
#5110=AXIS2_PLACEMENT_3D('',#7475,#5838,#5839);
#5111=AXIS2_PLACEMENT_3D('',#7478,#5841,#5842);
#5112=AXIS2_PLACEMENT_3D('',#7479,#5843,#5844);
#5113=AXIS2_PLACEMENT_3D('',#7482,#5845,#5846);
#5114=AXIS2_PLACEMENT_3D('',#7487,#5849,#5850);
#5115=AXIS2_PLACEMENT_3D('',#7489,#5852,#5853);
#5116=AXIS2_PLACEMENT_3D('',#7492,#5854,#5855);
#5117=AXIS2_PLACEMENT_3D('',#7493,#5856,#5857);
#5118=AXIS2_PLACEMENT_3D('',#7494,#5858,#5859);
#5119=AXIS2_PLACEMENT_3D('',#7495,#5860,#5861);
#5120=AXIS2_PLACEMENT_3D('',#7498,#5862,#5863);
#5121=AXIS2_PLACEMENT_3D('',#7529,#5864,#5865);
#5122=AXIS2_PLACEMENT_3D('',#7533,#5867,#5868);
#5123=AXIS2_PLACEMENT_3D('',#7552,#5872,#5873);
#5124=AXIS2_PLACEMENT_3D('',#7555,#5876,#5877);
#5125=AXIS2_PLACEMENT_3D('',#7559,#5879,#5880);
#5126=AXIS2_PLACEMENT_3D('',#7561,#5882,#5883);
#5127=AXIS2_PLACEMENT_3D('',#7565,#5886,#5887);
#5128=AXIS2_PLACEMENT_3D('',#7567,#5888,#5889);
#5129=AXIS2_PLACEMENT_3D('',#7570,#5891,#5892);
#5130=AXIS2_PLACEMENT_3D('',#7571,#5893,#5894);
#5131=AXIS2_PLACEMENT_3D('',#7575,#5896,#5897);
#5132=AXIS2_PLACEMENT_3D('',#7582,#5898,#5899);
#5133=AXIS2_PLACEMENT_3D('',#7587,#5901,#5902);
#5134=AXIS2_PLACEMENT_3D('',#7591,#5904,#5905);
#5135=AXIS2_PLACEMENT_3D('',#7611,#5906,#5907);
#5136=AXIS2_PLACEMENT_3D('',#7612,#5908,#5909);
#5137=AXIS2_PLACEMENT_3D('',#7617,#5912,#5913);
#5138=AXIS2_PLACEMENT_3D('',#7618,#5914,#5915);
#5139=AXIS2_PLACEMENT_3D('',#7627,#5920,#5921);
#5140=AXIS2_PLACEMENT_3D('',#7629,#5922,#5923);
#5141=AXIS2_PLACEMENT_3D('',#7631,#5924,#5925);
#5142=AXIS2_PLACEMENT_3D('',#7637,#5928,#5929);
#5143=AXIS2_PLACEMENT_3D('',#7640,#5931,#5932);
#5144=AXIS2_PLACEMENT_3D('',#7641,#5933,#5934);
#5145=AXIS2_PLACEMENT_3D('',#7645,#5936,#5937);
#5146=AXIS2_PLACEMENT_3D('',#7651,#5941,#5942);
#5147=AXIS2_PLACEMENT_3D('',#7655,#5945,#5946);
#5148=AXIS2_PLACEMENT_3D('',#7658,#5947,#5948);
#5149=AXIS2_PLACEMENT_3D('',#7661,#5950,#5951);
#5150=AXIS2_PLACEMENT_3D('',#7662,#5952,#5953);
#5151=AXIS2_PLACEMENT_3D('',#7663,#5954,#5955);
#5152=AXIS2_PLACEMENT_3D('',#7666,#5957,#5958);
#5153=AXIS2_PLACEMENT_3D('',#7667,#5959,#5960);
#5154=AXIS2_PLACEMENT_3D('',#7686,#5962,#5963);
#5155=AXIS2_PLACEMENT_3D('',#7687,#5964,#5965);
#5156=AXIS2_PLACEMENT_3D('',#7688,#5966,#5967);
#5157=AXIS2_PLACEMENT_3D('',#7704,#5976,#5977);
#5158=AXIS2_PLACEMENT_3D('',#7707,#5978,#5979);
#5159=AXIS2_PLACEMENT_3D('',#7711,#5981,#5982);
#5160=AXIS2_PLACEMENT_3D('',#7713,#5984,#5985);
#5161=AXIS2_PLACEMENT_3D('',#7716,#5986,#5987);
#5162=AXIS2_PLACEMENT_3D('',#7717,#5988,#5989);
#5163=AXIS2_PLACEMENT_3D('',#7718,#5990,#5991);
#5164=AXIS2_PLACEMENT_3D('',#7719,#5992,#5993);
#5165=AXIS2_PLACEMENT_3D('',#7722,#5994,#5995);
#5166=AXIS2_PLACEMENT_3D('',#7723,#5996,#5997);
#5167=AXIS2_PLACEMENT_3D('',#7724,#5998,#5999);
#5168=AXIS2_PLACEMENT_3D('',#7725,#6000,#6001);
#5169=AXIS2_PLACEMENT_3D('',#7727,#6002,#6003);
#5170=AXIS2_PLACEMENT_3D('',#7728,#6004,#6005);
#5171=AXIS2_PLACEMENT_3D('',#7729,#6006,#6007);
#5172=AXIS2_PLACEMENT_3D('',#7730,#6008,#6009);
#5173=AXIS2_PLACEMENT_3D('',#7732,#6010,#6011);
#5174=AXIS2_PLACEMENT_3D('',#7734,#6013,#6014);
#5175=AXIS2_PLACEMENT_3D('',#7749,#6023,#6024);
#5176=AXIS2_PLACEMENT_3D('',#7750,#6025,#6026);
#5177=AXIS2_PLACEMENT_3D('',#7755,#6028,#6029);
#5178=AXIS2_PLACEMENT_3D('',#7770,#6030,#6031);
#5179=AXIS2_PLACEMENT_3D('',#7771,#6032,#6033);
#5180=AXIS2_PLACEMENT_3D('',#7774,#6034,#6035);
#5181=AXIS2_PLACEMENT_3D('',#7775,#6036,#6037);
#5182=AXIS2_PLACEMENT_3D('',#7776,#6038,#6039);
#5183=AXIS2_PLACEMENT_3D('',#7777,#6040,#6041);
#5184=AXIS2_PLACEMENT_3D('',#7780,#6042,#6043);
#5185=AXIS2_PLACEMENT_3D('',#7781,#6044,#6045);
#5186=AXIS2_PLACEMENT_3D('',#7782,#6046,#6047);
#5187=AXIS2_PLACEMENT_3D('',#7783,#6048,#6049);
#5188=AXIS2_PLACEMENT_3D('',#7786,#6050,#6051);
#5189=AXIS2_PLACEMENT_3D('',#7787,#6052,#6053);
#5190=AXIS2_PLACEMENT_3D('',#7788,#6054,#6055);
#5191=AXIS2_PLACEMENT_3D('',#7789,#6056,#6057);
#5192=AXIS2_PLACEMENT_3D('',#7792,#6058,#6059);
#5193=AXIS2_PLACEMENT_3D('',#7795,#6062,#6063);
#5194=AXIS2_PLACEMENT_3D('',#7803,#6069,#6070);
#5195=AXIS2_PLACEMENT_3D('',#7807,#6072,#6073);
#5196=AXIS2_PLACEMENT_3D('',#7811,#6076,#6077);
#5197=AXIS2_PLACEMENT_3D('',#7817,#6080,#6081);
#5198=AXIS2_PLACEMENT_3D('',#7820,#6083,#6084);
#5199=AXIS2_PLACEMENT_3D('',#7821,#6085,#6086);
#5200=AXIS2_PLACEMENT_3D('',#7825,#6088,#6089);
#5201=AXIS2_PLACEMENT_3D('',#7827,#6091,#6092);
#5202=AXIS2_PLACEMENT_3D('',#7832,#6095,#6096);
#5203=AXIS2_PLACEMENT_3D('',#7833,#6097,#6098);
#5204=AXIS2_PLACEMENT_3D('',#7834,#6099,#6100);
#5205=AXIS2_PLACEMENT_3D('',#7835,#6101,#6102);
#5206=AXIS2_PLACEMENT_3D('',#7837,#6103,#6104);
#5207=AXIS2_PLACEMENT_3D('',#7842,#6107,#6108);
#5208=AXIS2_PLACEMENT_3D('',#7843,#6109,#6110);
#5209=AXIS2_PLACEMENT_3D('',#7847,#6112,#6113);
#5210=AXIS2_PLACEMENT_3D('',#7848,#6114,#6115);
#5211=AXIS2_PLACEMENT_3D('',#7849,#6116,#6117);
#5212=AXIS2_PLACEMENT_3D('',#7853,#6119,#6120);
#5213=AXIS2_PLACEMENT_3D('',#7856,#6122,#6123);
#5214=AXIS2_PLACEMENT_3D('',#7857,#6124,#6125);
#5215=AXIS2_PLACEMENT_3D('',#7860,#6128,#6129);
#5216=AXIS2_PLACEMENT_3D('',#7862,#6131,#6132);
#5217=AXIS2_PLACEMENT_3D('',#7864,#6134,#6135);
#5218=AXIS2_PLACEMENT_3D('',#7869,#6137,#6138);
#5219=AXIS2_PLACEMENT_3D('',#7871,#6140,#6141);
#5220=AXIS2_PLACEMENT_3D('',#7872,#6142,#6143);
#5221=AXIS2_PLACEMENT_3D('',#7877,#6146,#6147);
#5222=AXIS2_PLACEMENT_3D('',#7878,#6148,#6149);
#5223=AXIS2_PLACEMENT_3D('',#7880,#6150,#6151);
#5224=AXIS2_PLACEMENT_3D('',#7882,#6153,#6154);
#5225=AXIS2_PLACEMENT_3D('',#7886,#6157,#6158);
#5226=AXIS2_PLACEMENT_3D('',#7889,#6161,#6162);
#5227=AXIS2_PLACEMENT_3D('',#7890,#6163,#6164);
#5228=AXIS2_PLACEMENT_3D('',#7891,#6165,#6166);
#5229=AXIS2_PLACEMENT_3D('',#7892,#6167,#6168);
#5230=AXIS2_PLACEMENT_3D('',#7914,#6169,#6170);
#5231=AXIS2_PLACEMENT_3D('',#7916,#6171,#6172);
#5232=AXIS2_PLACEMENT_3D('',#7917,#6173,#6174);
#5233=AXIS2_PLACEMENT_3D('',#7918,#6175,#6176);
#5234=AXIS2_PLACEMENT_3D('',#7920,#6177,#6178);
#5235=AXIS2_PLACEMENT_3D('',#7921,#6179,#6180);
#5236=AXIS2_PLACEMENT_3D('',#7922,#6181,#6182);
#5237=AXIS2_PLACEMENT_3D('',#7923,#6183,#6184);
#5238=AXIS2_PLACEMENT_3D('',#7925,#6185,#6186);
#5239=AXIS2_PLACEMENT_3D('',#7927,#6188,#6189);
#5240=AXIS2_PLACEMENT_3D('',#7929,#6190,#6191);
#5241=AXIS2_PLACEMENT_3D('',#7931,#6193,#6194);
#5242=AXIS2_PLACEMENT_3D('',#7933,#6195,#6196);
#5243=AXIS2_PLACEMENT_3D('',#7935,#6198,#6199);
#5244=AXIS2_PLACEMENT_3D('',#7940,#6203,#6204);
#5245=AXIS2_PLACEMENT_3D('',#7941,#6205,#6206);
#5246=AXIS2_PLACEMENT_3D('',#7942,#6207,#6208);
#5247=AXIS2_PLACEMENT_3D('',#7943,#6209,#6210);
#5248=AXIS2_PLACEMENT_3D('',#7944,#6211,#6212);
#5249=AXIS2_PLACEMENT_3D('',#7959,#6213,#6214);
#5250=AXIS2_PLACEMENT_3D('',#7961,#6215,#6216);
#5251=AXIS2_PLACEMENT_3D('',#7964,#6218,#6219);
#5252=AXIS2_PLACEMENT_3D('',#7965,#6220,#6221);
#5253=AXIS2_PLACEMENT_3D('',#7968,#6223,#6224);
#5254=AXIS2_PLACEMENT_3D('',#7969,#6225,#6226);
#5255=AXIS2_PLACEMENT_3D('',#7974,#6229,#6230);
#5256=AXIS2_PLACEMENT_3D('',#7975,#6231,#6232);
#5257=AXIS2_PLACEMENT_3D('',#7977,#6234,#6235);
#5258=AXIS2_PLACEMENT_3D('',#7983,#6239,#6240);
#5259=AXIS2_PLACEMENT_3D('',#7984,#6241,#6242);
#5260=AXIS2_PLACEMENT_3D('',#7986,#6244,#6245);
#5261=AXIS2_PLACEMENT_3D('',#7989,#6247,#6248);
#5262=AXIS2_PLACEMENT_3D('',#7990,#6249,#6250);
#5263=AXIS2_PLACEMENT_3D('',#7996,#6254,#6255);
#5264=AXIS2_PLACEMENT_3D('',#7998,#6257,#6258);
#5265=AXIS2_PLACEMENT_3D('',#8000,#6259,#6260);
#5266=AXIS2_PLACEMENT_3D('',#8001,#6261,#6262);
#5267=AXIS2_PLACEMENT_3D('',#8003,#6264,#6265);
#5268=AXIS2_PLACEMENT_3D('',#8007,#6268,#6269);
#5269=AXIS2_PLACEMENT_3D('',#8009,#6271,#6272);
#5270=AXIS2_PLACEMENT_3D('',#8012,#6274,#6275);
#5271=AXIS2_PLACEMENT_3D('',#8013,#6276,#6277);
#5272=AXIS2_PLACEMENT_3D('',#8014,#6278,#6279);
#5273=AXIS2_PLACEMENT_3D('',#8016,#6281,#6282);
#5274=AXIS2_PLACEMENT_3D('',#8018,#6283,#6284);
#5275=AXIS2_PLACEMENT_3D('',#8019,#6285,#6286);
#5276=AXIS2_PLACEMENT_3D('',#8021,#6288,#6289);
#5277=AXIS2_PLACEMENT_3D('',#8024,#6291,#6292);
#5278=AXIS2_PLACEMENT_3D('',#8025,#6293,#6294);
#5279=AXIS2_PLACEMENT_3D('',#8027,#6295,#6296);
#5280=AXIS2_PLACEMENT_3D('',#8028,#6297,#6298);
#5281=AXIS2_PLACEMENT_3D('',#8031,#6300,#6301);
#5282=AXIS2_PLACEMENT_3D('',#8032,#6302,#6303);
#5283=AXIS2_PLACEMENT_3D('',#8034,#6304,#6305);
#5284=AXIS2_PLACEMENT_3D('',#8035,#6306,#6307);
#5285=AXIS2_PLACEMENT_3D('',#8037,#6309,#6310);
#5286=AXIS2_PLACEMENT_3D('',#8039,#6312,#6313);
#5287=AXIS2_PLACEMENT_3D('',#8040,#6314,#6315);
#5288=AXIS2_PLACEMENT_3D('',#8042,#6317,#6318);
#5289=AXIS2_PLACEMENT_3D('',#8044,#6320,#6321);
#5290=AXIS2_PLACEMENT_3D('',#8046,#6323,#6324);
#5291=AXIS2_PLACEMENT_3D('',#8054,#6329,#6330);
#5292=AXIS2_PLACEMENT_3D('',#8061,#6334,#6335);
#5293=AXIS2_PLACEMENT_3D('',#8062,#6336,#6337);
#5294=AXIS2_PLACEMENT_3D('',#8065,#6340,#6341);
#5295=AXIS2_PLACEMENT_3D('',#8067,#6343,#6344);
#5296=AXIS2_PLACEMENT_3D('',#8068,#6345,#6346);
#5297=AXIS2_PLACEMENT_3D('',#8069,#6347,#6348);
#5298=AXIS2_PLACEMENT_3D('',#8078,#6353,#6354);
#5299=AXIS2_PLACEMENT_3D('',#8080,#6355,#6356);
#5300=AXIS2_PLACEMENT_3D('',#8081,#6357,#6358);
#5301=AXIS2_PLACEMENT_3D('',#8083,#6359,#6360);
#5302=AXIS2_PLACEMENT_3D('',#8085,#6362,#6363);
#5303=AXIS2_PLACEMENT_3D('',#8087,#6364,#6365);
#5304=AXIS2_PLACEMENT_3D('',#8089,#6366,#6367);
#5305=AXIS2_PLACEMENT_3D('',#8091,#6369,#6370);
#5306=AXIS2_PLACEMENT_3D('',#8095,#6372,#6373);
#5307=AXIS2_PLACEMENT_3D('',#8097,#6375,#6376);
#5308=AXIS2_PLACEMENT_3D('',#8111,#6384,#6385);
#5309=AXIS2_PLACEMENT_3D('',#8112,#6386,#6387);
#5310=AXIS2_PLACEMENT_3D('',#8116,#6389,#6390);
#5311=AXIS2_PLACEMENT_3D('',#8122,#6393,#6394);
#5312=AXIS2_PLACEMENT_3D('',#8128,#6398,#6399);
#5313=AXIS2_PLACEMENT_3D('',#8133,#6402,#6403);
#5314=AXIS2_PLACEMENT_3D('',#8134,#6404,#6405);
#5315=AXIS2_PLACEMENT_3D('',#8137,#6407,#6408);
#5316=AXIS2_PLACEMENT_3D('',#8138,#6409,#6410);
#5317=AXIS2_PLACEMENT_3D('',#8141,#6413,#6414);
#5318=AXIS2_PLACEMENT_3D('',#8145,#6416,#6417);
#5319=AXIS2_PLACEMENT_3D('',#8147,#6418,#6419);
#5320=AXIS2_PLACEMENT_3D('',#8161,#6427,#6428);
#5321=AXIS2_PLACEMENT_3D('',#8165,#6430,#6431);
#5322=AXIS2_PLACEMENT_3D('',#8166,#6432,#6433);
#5323=AXIS2_PLACEMENT_3D('',#8167,#6434,#6435);
#5324=AXIS2_PLACEMENT_3D('',#8170,#6436,#6437);
#5325=AXIS2_PLACEMENT_3D('',#8174,#6439,#6440);
#5326=AXIS2_PLACEMENT_3D('',#8176,#6442,#6443);
#5327=AXIS2_PLACEMENT_3D('',#8178,#6444,#6445);
#5328=AXIS2_PLACEMENT_3D('',#8179,#6446,#6447);
#5329=AXIS2_PLACEMENT_3D('',#8180,#6448,#6449);
#5330=AXIS2_PLACEMENT_3D('',#8181,#6450,#6451);
#5331=AXIS2_PLACEMENT_3D('',#8183,#6453,#6454);
#5332=AXIS2_PLACEMENT_3D('',#8189,#6458,#6459);
#5333=AXIS2_PLACEMENT_3D('',#8191,#6461,#6462);
#5334=AXIS2_PLACEMENT_3D('',#8196,#6464,#6465);
#5335=AXIS2_PLACEMENT_3D('',#8199,#6467,#6468);
#5336=AXIS2_PLACEMENT_3D('',#8200,#6469,#6470);
#5337=AXIS2_PLACEMENT_3D('',#8204,#6472,#6473);
#5338=AXIS2_PLACEMENT_3D('',#8205,#6474,#6475);
#5339=AXIS2_PLACEMENT_3D('',#8206,#6476,#6477);
#5340=AXIS2_PLACEMENT_3D('',#8209,#6478,#6479);
#5341=AXIS2_PLACEMENT_3D('',#8210,#6480,#6481);
#5342=AXIS2_PLACEMENT_3D('',#8211,#6482,#6483);
#5343=AXIS2_PLACEMENT_3D('',#8212,#6484,#6485);
#5344=AXIS2_PLACEMENT_3D('',#8215,#6488,#6489);
#5345=AXIS2_PLACEMENT_3D('',#8217,#6490,#6491);
#5346=AXIS2_PLACEMENT_3D('',#8219,#6493,#6494);
#5347=AXIS2_PLACEMENT_3D('',#8222,#6495,#6496);
#5348=AXIS2_PLACEMENT_3D('',#8226,#6498,#6499);
#5349=AXIS2_PLACEMENT_3D('',#8228,#6500,#6501);
#5350=AXIS2_PLACEMENT_3D('',#8230,#6503,#6504);
#5351=AXIS2_PLACEMENT_3D('',#8236,#6508,#6509);
#5352=AXIS2_PLACEMENT_3D('',#8239,#6511,#6512);
#5353=AXIS2_PLACEMENT_3D('',#8240,#6513,#6514);
#5354=AXIS2_PLACEMENT_3D('',#8243,#6515,#6516);
#5355=AXIS2_PLACEMENT_3D('',#8247,#6518,#6519);
#5356=AXIS2_PLACEMENT_3D('',#8250,#6522,#6523);
#5357=AXIS2_PLACEMENT_3D('',#8253,#6524,#6525);
#5358=AXIS2_PLACEMENT_3D('',#8254,#6526,#6527);
#5359=AXIS2_PLACEMENT_3D('',#8255,#6528,#6529);
#5360=AXIS2_PLACEMENT_3D('',#8256,#6530,#6531);
#5361=AXIS2_PLACEMENT_3D('',#8259,#6532,#6533);
#5362=AXIS2_PLACEMENT_3D('',#8278,#6536,#6537);
#5363=AXIS2_PLACEMENT_3D('',#8282,#6539,#6540);
#5364=AXIS2_PLACEMENT_3D('',#8311,#6541,#6542);
#5365=AXIS2_PLACEMENT_3D('',#8314,#6545,#6546);
#5366=AXIS2_PLACEMENT_3D('',#8318,#6548,#6549);
#5367=AXIS2_PLACEMENT_3D('',#8320,#6551,#6552);
#5368=AXIS2_PLACEMENT_3D('',#8321,#6553,#6554);
#5369=AXIS2_PLACEMENT_3D('',#8322,#6555,#6556);
#5370=AXIS2_PLACEMENT_3D('',#8323,#6557,#6558);
#5371=AXIS2_PLACEMENT_3D('',#8326,#6560,#6561);
#5372=AXIS2_PLACEMENT_3D('',#8327,#6562,#6563);
#5373=AXIS2_PLACEMENT_3D('',#8331,#6566,#6567);
#5374=AXIS2_PLACEMENT_3D('',#8333,#6568,#6569);
#5375=AXIS2_PLACEMENT_3D('',#8336,#6571,#6572);
#5376=AXIS2_PLACEMENT_3D('',#8337,#6573,#6574);
#5377=AXIS2_PLACEMENT_3D('',#8338,#6575,#6576);
#5378=AXIS2_PLACEMENT_3D('',#8339,#6577,#6578);
#5379=AXIS2_PLACEMENT_3D('',#8340,#6579,#6580);
#5380=AXIS2_PLACEMENT_3D('',#8350,#6582,#6583);
#5381=AXIS2_PLACEMENT_3D('',#8351,#6584,#6585);
#5382=AXIS2_PLACEMENT_3D('',#8352,#6586,#6587);
#5383=AXIS2_PLACEMENT_3D('',#8356,#6589,#6590);
#5384=AXIS2_PLACEMENT_3D('',#8358,#6592,#6593);
#5385=AXIS2_PLACEMENT_3D('',#8362,#6595,#6596);
#5386=AXIS2_PLACEMENT_3D('',#8364,#6598,#6599);
#5387=AXIS2_PLACEMENT_3D('',#8369,#6601,#6602);
#5388=AXIS2_PLACEMENT_3D('',#8390,#6603,#6604);
#5389=AXIS2_PLACEMENT_3D('',#8393,#6606,#6607);
#5390=AXIS2_PLACEMENT_3D('',#8394,#6608,#6609);
#5391=AXIS2_PLACEMENT_3D('',#8398,#6611,#6612);
#5392=AXIS2_PLACEMENT_3D('',#8400,#6614,#6615);
#5393=AXIS2_PLACEMENT_3D('',#8401,#6616,#6617);
#5394=AXIS2_PLACEMENT_3D('',#8402,#6618,#6619);
#5395=AXIS2_PLACEMENT_3D('',#8403,#6620,#6621);
#5396=AXIS2_PLACEMENT_3D('',#8409,#6624,#6625);
#5397=AXIS2_PLACEMENT_3D('',#8415,#6628,#6629);
#5398=AXIS2_PLACEMENT_3D('',#8417,#6630,#6631);
#5399=AXIS2_PLACEMENT_3D('',#8419,#6632,#6633);
#5400=AXIS2_PLACEMENT_3D('',#8425,#6637,#6638);
#5401=AXIS2_PLACEMENT_3D('',#8426,#6639,#6640);
#5402=AXIS2_PLACEMENT_3D('',#8434,#6644,#6645);
#5403=AXIS2_PLACEMENT_3D('',#8436,#6647,#6648);
#5404=AXIS2_PLACEMENT_3D('',#8440,#6651,#6652);
#5405=AXIS2_PLACEMENT_3D('',#8441,#6653,#6654);
#5406=AXIS2_PLACEMENT_3D('',#8442,#6655,#6656);
#5407=AXIS2_PLACEMENT_3D('',#8445,#6657,#6658);
#5408=AXIS2_PLACEMENT_3D('',#8463,#6661,#6662);
#5409=AXIS2_PLACEMENT_3D('',#8468,#6665,#6666);
#5410=AXIS2_PLACEMENT_3D('',#8470,#6667,#6668);
#5411=AXIS2_PLACEMENT_3D('',#8471,#6669,#6670);
#5412=AXIS2_PLACEMENT_3D('',#8472,#6671,#6672);
#5413=AXIS2_PLACEMENT_3D('',#8473,#6673,#6674);
#5414=AXIS2_PLACEMENT_3D('',#8474,#6675,#6676);
#5415=AXIS2_PLACEMENT_3D('',#8475,#6677,#6678);
#5416=AXIS2_PLACEMENT_3D('',#8476,#6679,#6680);
#5417=AXIS2_PLACEMENT_3D('',#8495,#6682,#6683);
#5418=AXIS2_PLACEMENT_3D('',#8496,#6684,#6685);
#5419=AXIS2_PLACEMENT_3D('',#8497,#6686,#6687);
#5420=AXIS2_PLACEMENT_3D('',#8498,#6688,#6689);
#5421=AXIS2_PLACEMENT_3D('',#8512,#6697,#6698);
#5422=AXIS2_PLACEMENT_3D('',#8515,#6699,#6700);
#5423=AXIS2_PLACEMENT_3D('',#8519,#6702,#6703);
#5424=AXIS2_PLACEMENT_3D('',#8521,#6705,#6706);
#5425=AXIS2_PLACEMENT_3D('',#8524,#6707,#6708);
#5426=AXIS2_PLACEMENT_3D('',#8525,#6709,#6710);
#5427=AXIS2_PLACEMENT_3D('',#8526,#6711,#6712);
#5428=AXIS2_PLACEMENT_3D('',#8527,#6713,#6714);
#5429=AXIS2_PLACEMENT_3D('',#8530,#6715,#6716);
#5430=AXIS2_PLACEMENT_3D('',#8531,#6717,#6718);
#5431=AXIS2_PLACEMENT_3D('',#8532,#6719,#6720);
#5432=AXIS2_PLACEMENT_3D('',#8533,#6721,#6722);
#5433=AXIS2_PLACEMENT_3D('',#8535,#6723,#6724);
#5434=AXIS2_PLACEMENT_3D('',#8536,#6725,#6726);
#5435=AXIS2_PLACEMENT_3D('',#8537,#6727,#6728);
#5436=AXIS2_PLACEMENT_3D('',#8538,#6729,#6730);
#5437=AXIS2_PLACEMENT_3D('',#8540,#6731,#6732);
#5438=AXIS2_PLACEMENT_3D('',#8542,#6734,#6735);
#5439=AXIS2_PLACEMENT_3D('',#8547,#6738,#6739);
#5440=AXIS2_PLACEMENT_3D('',#8559,#6746,#6747);
#5441=AXIS2_PLACEMENT_3D('',#8560,#6748,#6749);
#5442=AXIS2_PLACEMENT_3D('',#8563,#6751,#6752);
#5443=AXIS2_PLACEMENT_3D('',#8564,#6753,#6754);
#5444=AXIS2_PLACEMENT_3D('',#8567,#6755,#6756);
#5445=AXIS2_PLACEMENT_3D('',#8568,#6757,#6758);
#5446=AXIS2_PLACEMENT_3D('',#8569,#6759,#6760);
#5447=AXIS2_PLACEMENT_3D('',#8570,#6761,#6762);
#5448=AXIS2_PLACEMENT_3D('',#8573,#6763,#6764);
#5449=AXIS2_PLACEMENT_3D('',#8574,#6765,#6766);
#5450=AXIS2_PLACEMENT_3D('',#8575,#6767,#6768);
#5451=AXIS2_PLACEMENT_3D('',#8576,#6769,#6770);
#5452=AXIS2_PLACEMENT_3D('',#8579,#6771,#6772);
#5453=AXIS2_PLACEMENT_3D('',#8580,#6773,#6774);
#5454=AXIS2_PLACEMENT_3D('',#8581,#6775,#6776);
#5455=AXIS2_PLACEMENT_3D('',#8582,#6777,#6778);
#5456=AXIS2_PLACEMENT_3D('',#8585,#6779,#6780);
#5457=AXIS2_PLACEMENT_3D('',#8588,#6783,#6784);
#5458=AXIS2_PLACEMENT_3D('',#8596,#6790,#6791);
#5459=AXIS2_PLACEMENT_3D('',#8602,#6794,#6795);
#5460=AXIS2_PLACEMENT_3D('',#8604,#6797,#6798);
#5461=AXIS2_PLACEMENT_3D('',#8609,#6801,#6802);
#5462=AXIS2_PLACEMENT_3D('',#8610,#6803,#6804);
#5463=AXIS2_PLACEMENT_3D('',#8615,#6807,#6808);
#5464=AXIS2_PLACEMENT_3D('',#8616,#6809,#6810);
#5465=AXIS2_PLACEMENT_3D('',#8619,#6812,#6813);
#5466=AXIS2_PLACEMENT_3D('',#8621,#6814,#6815);
#5467=AXIS2_PLACEMENT_3D('',#8623,#6817,#6818);
#5468=AXIS2_PLACEMENT_3D('',#8627,#6821,#6822);
#5469=AXIS2_PLACEMENT_3D('',#8629,#6823,#6824);
#5470=AXIS2_PLACEMENT_3D('',#8630,#6825,#6826);
#5471=AXIS2_PLACEMENT_3D('',#8634,#6828,#6829);
#5472=AXIS2_PLACEMENT_3D('',#8635,#6830,#6831);
#5473=AXIS2_PLACEMENT_3D('',#8636,#6832,#6833);
#5474=AXIS2_PLACEMENT_3D('',#8638,#6834,#6835);
#5475=AXIS2_PLACEMENT_3D('',#8640,#6837,#6838);
#5476=AXIS2_PLACEMENT_3D('',#8643,#6841,#6842);
#5477=AXIS2_PLACEMENT_3D('',#8645,#6844,#6845);
#5478=AXIS2_PLACEMENT_3D('',#8646,#6846,#6847);
#5479=AXIS2_PLACEMENT_3D('',#8650,#6849,#6850);
#5480=AXIS2_PLACEMENT_3D('',#8653,#6852,#6853);
#5481=AXIS2_PLACEMENT_3D('',#8654,#6854,#6855);
#5482=AXIS2_PLACEMENT_3D('',#8658,#6857,#6858);
#5483=AXIS2_PLACEMENT_3D('',#8660,#6860,#6861);
#5484=AXIS2_PLACEMENT_3D('',#8663,#6863,#6864);
#5485=AXIS2_PLACEMENT_3D('',#8664,#6865,#6866);
#5486=AXIS2_PLACEMENT_3D('',#8668,#6869,#6870);
#5487=AXIS2_PLACEMENT_3D('',#8671,#6873,#6874);
#5488=AXIS2_PLACEMENT_3D('',#8672,#6875,#6876);
#5489=AXIS2_PLACEMENT_3D('',#8673,#6877,#6878);
#5490=AXIS2_PLACEMENT_3D('',#8674,#6879,#6880);
#5491=AXIS2_PLACEMENT_3D('',#8696,#6881,#6882);
#5492=AXIS2_PLACEMENT_3D('',#8698,#6883,#6884);
#5493=AXIS2_PLACEMENT_3D('',#8699,#6885,#6886);
#5494=AXIS2_PLACEMENT_3D('',#8700,#6887,#6888);
#5495=AXIS2_PLACEMENT_3D('',#8702,#6889,#6890);
#5496=AXIS2_PLACEMENT_3D('',#8703,#6891,#6892);
#5497=AXIS2_PLACEMENT_3D('',#8704,#6893,#6894);
#5498=AXIS2_PLACEMENT_3D('',#8705,#6895,#6896);
#5499=AXIS2_PLACEMENT_3D('',#8707,#6897,#6898);
#5500=AXIS2_PLACEMENT_3D('',#8709,#6900,#6901);
#5501=AXIS2_PLACEMENT_3D('',#8712,#6903,#6904);
#5502=AXIS2_PLACEMENT_3D('',#8713,#6905,#6906);
#5503=AXIS2_PLACEMENT_3D('',#8716,#6908,#6909);
#5504=AXIS2_PLACEMENT_3D('',#8717,#6910,#6911);
#5505=AXIS2_PLACEMENT_3D('',#8725,#6916,#6917);
#5506=AXIS2_PLACEMENT_3D('',#8726,#6918,#6919);
#5507=AXIS2_PLACEMENT_3D('',#8727,#6920,#6921);
#5508=AXIS2_PLACEMENT_3D('',#8728,#6922,#6923);
#5509=AXIS2_PLACEMENT_3D('',#8729,#6924,#6925);
#5510=AXIS2_PLACEMENT_3D('',#8744,#6926,#6927);
#5511=AXIS2_PLACEMENT_3D('',#8747,#6929,#6930);
#5512=AXIS2_PLACEMENT_3D('',#8748,#6931,#6932);
#5513=AXIS2_PLACEMENT_3D('',#8755,#6937,#6938);
#5514=AXIS2_PLACEMENT_3D('',#8759,#6941,#6942);
#5515=AXIS2_PLACEMENT_3D('',#8761,#6944,#6945);
#5516=AXIS2_PLACEMENT_3D('',#8762,#6946,#6947);
#5517=AXIS2_PLACEMENT_3D('',#8764,#6949,#6950);
#5518=AXIS2_PLACEMENT_3D('',#8766,#6951,#6952);
#5519=AXIS2_PLACEMENT_3D('',#8768,#6953,#6954);
#5520=AXIS2_PLACEMENT_3D('',#8770,#6956,#6957);
#5521=AXIS2_PLACEMENT_3D('',#8771,#6958,#6959);
#5522=AXIS2_PLACEMENT_3D('',#8774,#6961,#6962);
#5523=AXIS2_PLACEMENT_3D('',#8775,#6963,#6964);
#5524=AXIS2_PLACEMENT_3D('',#8780,#6967,#6968);
#5525=AXIS2_PLACEMENT_3D('',#8781,#6969,#6970);
#5526=AXIS2_PLACEMENT_3D('',#8783,#6972,#6973);
#5527=AXIS2_PLACEMENT_3D('',#8785,#6975,#6976);
#5528=AXIS2_PLACEMENT_3D('',#8790,#6979,#6980);
#5529=AXIS2_PLACEMENT_3D('',#8791,#6981,#6982);
#5530=AXIS2_PLACEMENT_3D('',#8792,#6983,#6984);
#5531=AXIS2_PLACEMENT_3D('',#8794,#6986,#6987);
#5532=AXIS2_PLACEMENT_3D('',#8798,#6990,#6991);
#5533=AXIS2_PLACEMENT_3D('',#8800,#6993,#6994);
#5534=AXIS2_PLACEMENT_3D('',#8801,#6995,#6996);
#5535=AXIS2_PLACEMENT_3D('',#8803,#6997,#6998);
#5536=AXIS2_PLACEMENT_3D('',#8804,#6999,#7000);
#5537=AXIS2_PLACEMENT_3D('',#8806,#7002,#7003);
#5538=AXIS2_PLACEMENT_3D('',#8808,#7004,#7005);
#5539=AXIS2_PLACEMENT_3D('',#8809,#7006,#7007);
#5540=AXIS2_PLACEMENT_3D('',#8811,#7009,#7010);
#5541=AXIS2_PLACEMENT_3D('',#8817,#7014,#7015);
#5542=AXIS2_PLACEMENT_3D('',#8819,#7017,#7018);
#5543=AXIS2_PLACEMENT_3D('',#8829,#7024,#7025);
#5544=AXIS2_PLACEMENT_3D('',#8831,#7027,#7028);
#5545=AXIS2_PLACEMENT_3D('',#8833,#7029,#7030);
#5546=AXIS2_PLACEMENT_3D('',#8834,#7031,#7032);
#5547=AXIS2_PLACEMENT_3D('',#8835,#7033,#7034);
#5548=AXIS2_PLACEMENT_3D('',#8836,#7035,#7036);
#5549=AXIS2_PLACEMENT_3D('',#8837,#7037,#7038);
#5550=AXIS2_PLACEMENT_3D('',#8838,#7039,#7040);
#5551=AXIS2_PLACEMENT_3D('',#8839,#7041,#7042);
#5552=AXIS2_PLACEMENT_3D('',#8840,#7043,#7044);
#5553=AXIS2_PLACEMENT_3D('',#8842,#7046,#7047);
#5554=AXIS2_PLACEMENT_3D('',#8844,#7048,#7049);
#5555=AXIS2_PLACEMENT_3D('',#8845,#7050,#7051);
#5556=AXIS2_PLACEMENT_3D('',#8847,#7053,#7054);
#5557=AXIS2_PLACEMENT_3D('',#8850,#7056,#7057);
#5558=AXIS2_PLACEMENT_3D('',#8851,#7058,#7059);
#5559=AXIS2_PLACEMENT_3D('',#8853,#7060,#7061);
#5560=AXIS2_PLACEMENT_3D('',#8854,#7062,#7063);
#5561=AXIS2_PLACEMENT_3D('',#8857,#7065,#7066);
#5562=AXIS2_PLACEMENT_3D('',#8858,#7067,#7068);
#5563=AXIS2_PLACEMENT_3D('',#8860,#7069,#7070);
#5564=AXIS2_PLACEMENT_3D('',#8861,#7071,#7072);
#5565=AXIS2_PLACEMENT_3D('',#8863,#7074,#7075);
#5566=AXIS2_PLACEMENT_3D('',#8865,#7077,#7078);
#5567=AXIS2_PLACEMENT_3D('',#8866,#7079,#7080);
#5568=AXIS2_PLACEMENT_3D('',#8868,#7082,#7083);
#5569=AXIS2_PLACEMENT_3D('',#8869,#7084,#7085);
#5570=AXIS2_PLACEMENT_3D('',#8871,#7087,#7088);
#5571=AXIS2_PLACEMENT_3D('',#8873,#7090,#7091);
#5572=AXIS2_PLACEMENT_3D('',#8877,#7094,#7095);
#5573=AXIS2_PLACEMENT_3D('',#8881,#7097,#7098);
#5574=AXIS2_PLACEMENT_3D('',#8883,#7100,#7101);
#5575=AXIS2_PLACEMENT_3D('',#8886,#7104,#7105);
#5576=AXIS2_PLACEMENT_3D('',#8887,#7106,#7107);
#5577=AXIS2_PLACEMENT_3D('',#8888,#7108,#7109);
#5578=AXIS2_PLACEMENT_3D('',#8890,#7111,#7112);
#5579=AXIS2_PLACEMENT_3D('',#8891,#7113,#7114);
#5580=AXIS2_PLACEMENT_3D('',#8892,#7115,#7116);
#5581=AXIS2_PLACEMENT_3D('',#8894,#7117,#7118);
#5582=AXIS2_PLACEMENT_3D('',#8895,#7119,#7120);
#5583=AXIS2_PLACEMENT_3D('',#8897,#7122,#7123);
#5584=AXIS2_PLACEMENT_3D('',#8898,#7124,#7125);
#5585=AXIS2_PLACEMENT_3D('',#8899,#7126,#7127);
#5586=DIRECTION('axis',(0.,0.,1.));
#5587=DIRECTION('refdir',(1.,0.,0.));
#5588=DIRECTION('center_axis',(0.,1.,0.));
#5589=DIRECTION('ref_axis',(0.707106781186547,0.,-0.707106781186547));
#5590=DIRECTION('',(0.,1.,0.));
#5591=DIRECTION('center_axis',(0.,1.,1.47598669873597E-13));
#5592=DIRECTION('ref_axis',(0.707106781186547,0.,-0.707106781186547));
#5593=DIRECTION('',(0.,-1.,0.));
#5594=DIRECTION('center_axis',(0.,0.,-1.));
#5595=DIRECTION('ref_axis',(1.,0.,0.));
#5596=DIRECTION('',(1.,0.,0.));
#5597=DIRECTION('',(0.,-1.,0.));
#5598=DIRECTION('',(-1.,0.,0.));
#5599=DIRECTION('center_axis',(0.,-1.,0.));
#5600=DIRECTION('ref_axis',(0.707106781186547,0.,0.707106781186547));
#5601=DIRECTION('',(0.,-1.,0.));
#5602=DIRECTION('',(0.,1.,0.));
#5603=DIRECTION('center_axis',(0.,0.,1.));
#5604=DIRECTION('ref_axis',(-1.,0.,0.));
#5605=DIRECTION('',(1.,0.,0.));
#5606=DIRECTION('',(0.,-1.,0.));
#5607=DIRECTION('',(-1.,0.,0.));
#5608=DIRECTION('',(0.,1.,0.));
#5609=DIRECTION('',(1.,0.,0.));
#5610=DIRECTION('',(0.,-1.,0.));
#5611=DIRECTION('',(-1.,0.,0.));
#5612=DIRECTION('',(0.,1.,0.));
#5613=DIRECTION('',(-1.,0.,0.));
#5614=DIRECTION('',(0.,1.,0.));
#5615=DIRECTION('',(1.,0.,0.));
#5616=DIRECTION('',(0.,-1.,0.));
#5617=DIRECTION('',(-1.,0.,0.));
#5618=DIRECTION('',(0.,1.,0.));
#5619=DIRECTION('',(1.,0.,0.));
#5620=DIRECTION('',(0.,-1.,0.));
#5621=DIRECTION('',(-1.,0.,0.));
#5622=DIRECTION('',(0.,1.,0.));
#5623=DIRECTION('',(-1.,0.,0.));
#5624=DIRECTION('center_axis',(0.,1.,0.));
#5625=DIRECTION('ref_axis',(-0.707106781186547,0.,-0.707106781186547));
#5626=DIRECTION('',(0.,1.,0.));
#5627=DIRECTION('center_axis',(0.,1.,1.47598669873597E-13));
#5628=DIRECTION('ref_axis',(-0.707106781186547,0.,-0.707106781186547));
#5629=DIRECTION('center_axis',(1.,0.,0.));
#5630=DIRECTION('ref_axis',(0.,0.,1.));
#5631=DIRECTION('center_axis',(1.,0.,0.));
#5632=DIRECTION('ref_axis',(0.,1.,0.));
#5633=DIRECTION('',(0.,-1.,0.));
#5634=DIRECTION('center_axis',(-1.,0.,0.));
#5635=DIRECTION('ref_axis',(0.,0.978256153976822,0.207400330777164));
#5636=DIRECTION('',(0.,1.47598669873597E-13,-1.));
#5637=DIRECTION('center_axis',(0.,-1.,0.));
#5638=DIRECTION('ref_axis',(-0.707106781186547,0.,0.707106781186547));
#5639=DIRECTION('center_axis',(-1.,0.,0.));
#5640=DIRECTION('ref_axis',(0.,-0.890544999873732,0.454895156272184));
#5641=DIRECTION('center_axis',(1.,-2.368475785867E-16,0.));
#5642=DIRECTION('ref_axis',(0.,-0.890544999873732,0.454895156272184));
#5643=DIRECTION('',(-1.,0.,0.));
#5644=DIRECTION('center_axis',(-1.,0.,0.));
#5645=DIRECTION('ref_axis',(0.,-0.890544999873732,0.454895156272184));
#5646=DIRECTION('',(1.,0.,0.));
#5647=DIRECTION('center_axis',(0.,0.,-1.));
#5648=DIRECTION('ref_axis',(-1.,0.,0.));
#5649=DIRECTION('',(0.,-1.,0.));
#5650=DIRECTION('',(-2.368475785867E-16,-1.,0.));
#5651=DIRECTION('',(1.,0.,0.));
#5652=DIRECTION('',(0.,-1.,0.));
#5653=DIRECTION('',(-1.,0.,0.));
#5654=DIRECTION('',(0.,1.,0.));
#5655=DIRECTION('',(-1.,0.,0.));
#5656=DIRECTION('center_axis',(1.,0.,0.));
#5657=DIRECTION('ref_axis',(0.,-0.890544999873732,0.454895156272184));
#5658=DIRECTION('center_axis',(-1.,-2.368475785867E-16,0.));
#5659=DIRECTION('ref_axis',(0.,-0.890544999873732,0.454895156272184));
#5660=DIRECTION('',(1.,0.,0.));
#5661=DIRECTION('center_axis',(1.,0.,0.));
#5662=DIRECTION('ref_axis',(0.,-0.890544999873732,0.454895156272184));
#5663=DIRECTION('',(-1.,0.,0.));
#5664=DIRECTION('center_axis',(-1.,0.,0.));
#5665=DIRECTION('ref_axis',(0.,0.978256153976822,0.207400330777164));
#5666=DIRECTION('center_axis',(-1.,-2.368475785867E-16,0.));
#5667=DIRECTION('ref_axis',(0.,0.978256153976822,0.207400330777164));
#5668=DIRECTION('',(1.,0.,0.));
#5669=DIRECTION('center_axis',(1.,0.,0.));
#5670=DIRECTION('ref_axis',(0.,0.978256153976822,0.207400330777164));
#5671=DIRECTION('',(1.,0.,0.));
#5672=DIRECTION('center_axis',(-1.,0.,0.));
#5673=DIRECTION('ref_axis',(0.,0.978256153976822,0.207400330777164));
#5674=DIRECTION('center_axis',(-1.,0.,0.));
#5675=DIRECTION('ref_axis',(0.,-0.890544999873732,0.454895156272184));
#5676=DIRECTION('center_axis',(-1.,0.,0.));
#5677=DIRECTION('ref_axis',(0.,-0.890544999873732,0.454895156272184));
#5678=DIRECTION('',(1.,0.,0.));
#5679=DIRECTION('center_axis',(1.,0.,0.));
#5680=DIRECTION('ref_axis',(0.,-0.890544999873732,0.454895156272184));
#5681=DIRECTION('center_axis',(1.,0.,0.));
#5682=DIRECTION('ref_axis',(0.,-0.890544999873732,0.454895156272184));
#5683=DIRECTION('center_axis',(1.,0.,0.));
#5684=DIRECTION('ref_axis',(0.,-0.890544999873732,0.454895156272184));
#5685=DIRECTION('',(-1.,0.,0.));
#5686=DIRECTION('center_axis',(-1.,0.,0.));
#5687=DIRECTION('ref_axis',(0.,-0.890544999873732,0.454895156272184));
#5688=DIRECTION('',(1.,0.,0.));
#5689=DIRECTION('center_axis',(-1.,0.,0.));
#5690=DIRECTION('ref_axis',(0.,0.978256153976822,0.207400330777164));
#5691=DIRECTION('center_axis',(1.,0.,0.));
#5692=DIRECTION('ref_axis',(0.,0.978256153976822,0.207400330777164));
#5693=DIRECTION('center_axis',(1.,0.,0.));
#5694=DIRECTION('ref_axis',(0.,0.978256153976822,0.207400330777164));
#5695=DIRECTION('center_axis',(-1.,0.,0.));
#5696=DIRECTION('ref_axis',(0.,0.930063065733776,0.367399909850137));
#5697=DIRECTION('',(1.,0.,0.));
#5698=DIRECTION('center_axis',(-1.,0.,0.));
#5699=DIRECTION('ref_axis',(0.,-0.890544999873732,0.454895156272184));
#5700=DIRECTION('center_axis',(1.,0.,0.));
#5701=DIRECTION('ref_axis',(0.,-0.890544999873732,0.454895156272184));
#5702=DIRECTION('',(-1.,0.,0.));
#5703=DIRECTION('center_axis',(-1.,0.,0.));
#5704=DIRECTION('ref_axis',(0.,-0.890544999873732,0.454895156272184));
#5705=DIRECTION('',(1.,0.,0.));
#5706=DIRECTION('center_axis',(0.,0.,-1.));
#5707=DIRECTION('ref_axis',(-1.,0.,0.));
#5708=DIRECTION('',(0.,1.,0.));
#5709=DIRECTION('',(-1.,0.,0.));
#5710=DIRECTION('',(0.,1.,0.));
#5711=DIRECTION('center_axis',(1.,0.,0.));
#5712=DIRECTION('ref_axis',(0.,0.707106781186547,0.707106781186547));
#5713=DIRECTION('center_axis',(-1.,0.,0.));
#5714=DIRECTION('ref_axis',(0.,0.707106781186547,0.707106781186547));
#5715=DIRECTION('',(1.,0.,0.));
#5716=DIRECTION('center_axis',(1.,2.368475785867E-16,0.));
#5717=DIRECTION('ref_axis',(0.,0.707106781186547,0.707106781186547));
#5718=DIRECTION('',(-1.,0.,0.));
#5719=DIRECTION('center_axis',(0.,0.,1.));
#5720=DIRECTION('ref_axis',(1.,0.,0.));
#5721=DIRECTION('',(0.,-1.,0.));
#5722=DIRECTION('',(1.,0.,0.));
#5723=DIRECTION('',(0.,1.,0.));
#5724=DIRECTION('',(0.,-1.,0.));
#5725=DIRECTION('',(2.368475785867E-16,-1.,0.));
#5726=DIRECTION('center_axis',(-1.,0.,0.));
#5727=DIRECTION('ref_axis',(0.,0.,-1.));
#5728=DIRECTION('',(0.,0.,-1.));
#5729=DIRECTION('',(0.,1.,0.));
#5730=DIRECTION('',(0.,0.,1.));
#5731=DIRECTION('center_axis',(-1.,0.,0.));
#5732=DIRECTION('ref_axis',(0.,1.,0.));
#5733=DIRECTION('',(0.,-1.,0.));
#5734=DIRECTION('',(0.,0.230268783755979,-0.973127066331804));
#5735=DIRECTION('center_axis',(-1.,0.,0.));
#5736=DIRECTION('ref_axis',(0.,0.784305037519181,-0.62037537678573));
#5737=DIRECTION('',(0.,-1.,4.01124518693659E-14));
#5738=DIRECTION('center_axis',(-1.,0.,0.));
#5739=DIRECTION('ref_axis',(0.,0.707106781186527,-0.707106781186568));
#5740=DIRECTION('',(0.,0.,-1.));
#5741=DIRECTION('center_axis',(1.,0.,0.));
#5742=DIRECTION('ref_axis',(0.,0.707106781186527,-0.707106781186568));
#5743=DIRECTION('',(1.,0.,0.));
#5744=DIRECTION('center_axis',(-0.707106781186546,0.,-0.707106781186549));
#5745=DIRECTION('ref_axis',(0.707106781186549,0.,-0.707106781186546));
#5746=DIRECTION('',(-1.,0.,0.));
#5747=DIRECTION('center_axis',(0.,0.,1.));
#5748=DIRECTION('ref_axis',(0.707106781186547,0.707106781186547,0.));
#5749=DIRECTION('',(0.,0.,1.));
#5750=DIRECTION('center_axis',(-0.707106781186548,0.,0.707106781186548));
#5751=DIRECTION('ref_axis',(-0.707106781186548,0.,-0.707106781186548));
#5752=DIRECTION('',(0.,0.,-1.));
#5753=DIRECTION('center_axis',(0.,0.,-1.));
#5754=DIRECTION('ref_axis',(-0.707106781186547,0.707106781186547,0.));
#5755=DIRECTION('',(0.,0.,-1.));
#5756=DIRECTION('center_axis',(-0.707106781186548,0.,0.707106781186548));
#5757=DIRECTION('ref_axis',(-0.707106781186547,0.,-0.707106781186547));
#5758=DIRECTION('',(0.,0.,1.));
#5759=DIRECTION('center_axis',(0.,1.47594908029474E-13,-1.));
#5760=DIRECTION('ref_axis',(-0.707106781186547,0.707106781186547,0.));
#5761=DIRECTION('center_axis',(0.,-1.,3.75279365739696E-14));
#5762=DIRECTION('ref_axis',(-0.707106781186547,-2.00971834711523E-14,-0.707106781186547));
#5763=DIRECTION('center_axis',(0.,1.,-4.2632564145606E-14));
#5764=DIRECTION('ref_axis',(0.,-4.2632564145606E-14,-1.));
#5765=DIRECTION('',(0.,1.,-3.75279365739696E-14));
#5766=DIRECTION('center_axis',(0.,1.,-4.01519578658932E-14));
#5767=DIRECTION('ref_axis',(-0.707106781186547,-2.00971834711523E-14,-0.707106781186547));
#5768=DIRECTION('',(0.,-1.,3.75279365739696E-14));
#5769=DIRECTION('center_axis',(0.,3.75279365739696E-14,1.));
#5770=DIRECTION('ref_axis',(-1.,0.,0.));
#5771=DIRECTION('center_axis',(1.,0.,0.));
#5772=DIRECTION('ref_axis',(0.,-4.26325641455727E-14,-1.));
#5773=DIRECTION('center_axis',(0.,-3.75279365739696E-14,-1.));
#5774=DIRECTION('ref_axis',(-0.707106781186546,0.707106781186549,-2.65362584353926E-14));
#5775=DIRECTION('center_axis',(0.,3.75279365739696E-14,1.));
#5776=DIRECTION('ref_axis',(-0.707106781186546,0.707106781186549,-2.65343302885412E-14));
#5777=DIRECTION('center_axis',(1.,0.,0.));
#5778=DIRECTION('ref_axis',(0.,0.707106781186527,-0.707106781186568));
#5779=DIRECTION('',(-1.,0.,0.));
#5780=DIRECTION('',(1.,0.,0.));
#5781=DIRECTION('center_axis',(1.,0.,0.));
#5782=DIRECTION('ref_axis',(0.,1.,0.));
#5783=DIRECTION('',(0.,1.,1.47594908029474E-13));
#5784=DIRECTION('',(0.,-4.01519578658932E-14,-1.));
#5785=DIRECTION('',(0.,-1.,3.75279365739696E-14));
#5786=DIRECTION('center_axis',(0.,3.75279365739696E-14,1.));
#5787=DIRECTION('ref_axis',(0.,1.,-3.75279365739696E-14));
#5788=DIRECTION('',(-1.,0.,0.));
#5789=DIRECTION('center_axis',(0.,-3.69683181478713E-49,-1.));
#5790=DIRECTION('ref_axis',(-0.707106781186547,0.707106781186547,0.));
#5791=DIRECTION('',(0.,3.69683181478713E-49,1.));
#5792=DIRECTION('center_axis',(0.,0.707106781187145,-0.70710678118595));
#5793=DIRECTION('ref_axis',(0.,-0.70710678118595,-0.707106781187146));
#5794=DIRECTION('',(0.,-3.69683181478713E-49,-1.));
#5795=DIRECTION('center_axis',(0.,-0.707106781186548,-0.707106781186548));
#5796=DIRECTION('ref_axis',(0.,-0.707106781186547,0.707106781186547));
#5797=DIRECTION('center_axis',(-1.,0.,0.));
#5798=DIRECTION('ref_axis',(0.,0.707106781186547,0.707106781186547));
#5799=DIRECTION('',(-1.,0.,0.));
#5800=DIRECTION('center_axis',(0.54514266630129,0.,0.838343290888595));
#5801=DIRECTION('ref_axis',(-0.838343290888595,0.,0.54514266630129));
#5802=DIRECTION('',(1.,0.,0.));
#5803=DIRECTION('center_axis',(-1.,0.,0.));
#5804=DIRECTION('ref_axis',(0.,0.,1.));
#5805=DIRECTION('center_axis',(0.,0.,-1.));
#5806=DIRECTION('ref_axis',(1.,0.,0.));
#5807=DIRECTION('center_axis',(0.,-1.,0.));
#5808=DIRECTION('ref_axis',(0.,0.,1.));
#5809=DIRECTION('center_axis',(0.,0.,1.));
#5810=DIRECTION('ref_axis',(-0.707106781186548,0.707106781186548,0.));
#5811=DIRECTION('center_axis',(0.,0.,-1.));
#5812=DIRECTION('ref_axis',(-0.707106781186548,0.707106781186548,0.));
#5813=DIRECTION('center_axis',(0.,1.,0.));
#5814=DIRECTION('ref_axis',(-0.707106781186547,0.,0.707106781186547));
#5815=DIRECTION('',(0.,1.,0.));
#5816=DIRECTION('',(0.,-1.,0.));
#5817=DIRECTION('center_axis',(0.405638946755837,0.,-0.914033393741615));
#5818=DIRECTION('ref_axis',(-0.646319210945651,0.707106781186546,-0.286830049964423));
#5819=DIRECTION('',(-0.405638946755837,0.,0.914033393741615));
#5820=DIRECTION('',(0.405638946755837,0.,-0.914033393741615));
#5821=DIRECTION('center_axis',(-0.838343290888591,0.,0.545142666301297));
#5822=DIRECTION('ref_axis',(-0.545142666301297,0.,-0.838343290888591));
#5823=DIRECTION('center_axis',(0.,1.,0.));
#5824=DIRECTION('ref_axis',(0.,0.,-1.));
#5825=DIRECTION('',(1.,0.,0.));
#5826=DIRECTION('center_axis',(0.,0.,-1.));
#5827=DIRECTION('ref_axis',(-2.10675674610863E-15,1.,0.));
#5828=DIRECTION('center_axis',(0.,1.,0.));
#5829=DIRECTION('ref_axis',(-2.55649705578315E-17,0.,1.));
#5830=DIRECTION('',(-1.,0.,0.));
#5831=DIRECTION('center_axis',(0.,1.,0.));
#5832=DIRECTION('ref_axis',(5.11299411156631E-17,0.,1.));
#5833=DIRECTION('center_axis',(1.10933564796705E-31,-1.,3.69683181478713E-49));
#5834=DIRECTION('ref_axis',(1.,1.10933564796705E-31,0.));
#5835=DIRECTION('',(1.,1.24268466331798E-18,0.));
#5836=DIRECTION('',(0.405638946755837,-5.62937122966289E-18,-0.914033393741615));
#5837=DIRECTION('',(-1.,0.,0.));
#5838=DIRECTION('center_axis',(0.,0.,1.));
#5839=DIRECTION('ref_axis',(0.,-1.,0.));
#5840=DIRECTION('',(0.,-1.,0.));
#5841=DIRECTION('center_axis',(0.,0.,-1.));
#5842=DIRECTION('ref_axis',(1.,-1.38777878078145E-17,0.));
#5843=DIRECTION('center_axis',(0.,1.,0.));
#5844=DIRECTION('ref_axis',(-0.707106781186547,0.,0.707106781186547));
#5845=DIRECTION('center_axis',(0.,1.,0.));
#5846=DIRECTION('ref_axis',(-1.,0.,0.));
#5847=DIRECTION('',(0.,1.,0.));
#5848=DIRECTION('',(0.,1.,0.));
#5849=DIRECTION('center_axis',(0.,1.,-4.01519578658932E-14));
#5850=DIRECTION('ref_axis',(-0.707106781186547,0.,0.707106781186547));
#5851=DIRECTION('',(0.,-1.,0.));
#5852=DIRECTION('center_axis',(0.,0.,-1.));
#5853=DIRECTION('ref_axis',(1.,0.,0.));
#5854=DIRECTION('center_axis',(1.,0.,0.));
#5855=DIRECTION('ref_axis',(0.,1.,0.));
#5856=DIRECTION('center_axis',(0.,0.,-1.));
#5857=DIRECTION('ref_axis',(-0.707106781186548,0.707106781186548,0.));
#5858=DIRECTION('center_axis',(0.,0.,1.));
#5859=DIRECTION('ref_axis',(-0.707106781186548,0.707106781186548,0.));
#5860=DIRECTION('center_axis',(-1.,0.,0.));
#5861=DIRECTION('ref_axis',(0.,0.707106781186547,0.707106781186547));
#5862=DIRECTION('center_axis',(-1.,0.,0.));
#5863=DIRECTION('ref_axis',(0.,0.707106781186547,0.707106781186547));
#5864=DIRECTION('center_axis',(1.,2.368475785867E-16,0.));
#5865=DIRECTION('ref_axis',(0.,0.707106781186547,0.707106781186547));
#5866=DIRECTION('',(-1.,0.,0.));
#5867=DIRECTION('center_axis',(-1.,0.,0.));
#5868=DIRECTION('ref_axis',(0.,0.707106781186547,0.707106781186547));
#5869=DIRECTION('',(1.,0.,0.));
#5870=DIRECTION('',(1.,0.,0.));
#5871=DIRECTION('',(-1.,0.,0.));
#5872=DIRECTION('center_axis',(1.,0.,0.));
#5873=DIRECTION('ref_axis',(0.,0.,-1.));
#5874=DIRECTION('',(0.,4.01519578658932E-14,1.));
#5875=DIRECTION('',(0.,0.,-1.));
#5876=DIRECTION('center_axis',(-0.634924004488751,-0.772574597384594,0.));
#5877=DIRECTION('ref_axis',(-0.546292736783105,0.448959069112096,-0.707106781186566));
#5878=DIRECTION('',(-0.634924004488751,-0.772574597384594,0.));
#5879=DIRECTION('center_axis',(0.634924004488745,0.772574597384599,0.));
#5880=DIRECTION('ref_axis',(0.,0.,-1.));
#5881=DIRECTION('',(0.634924004488751,0.772574597384594,0.));
#5882=DIRECTION('center_axis',(-0.772574597384594,0.634924004488751,0.));
#5883=DIRECTION('ref_axis',(0.634924004488751,0.772574597384594,0.));
#5884=DIRECTION('',(0.634924004488751,0.772574597384594,0.));
#5885=DIRECTION('',(0.,0.,-1.));
#5886=DIRECTION('center_axis',(-0.634924004488751,-0.772574597384594,0.));
#5887=DIRECTION('ref_axis',(-0.546292736783109,0.448959069112123,0.707106781186545));
#5888=DIRECTION('center_axis',(-0.33721313928687,-0.941428329025792,0.));
#5889=DIRECTION('ref_axis',(-0.941428329025792,0.33721313928687,0.));
#5890=DIRECTION('',(-0.634924004488751,-0.772574597384594,0.));
#5891=DIRECTION('center_axis',(0.634924004488745,0.772574597384599,0.));
#5892=DIRECTION('ref_axis',(-0.772574597384599,0.634924004488745,0.));
#5893=DIRECTION('center_axis',(0.,-1.,0.));
#5894=DIRECTION('ref_axis',(-0.707106781186547,0.,0.707106781186547));
#5895=DIRECTION('',(0.,-1.,0.));
#5896=DIRECTION('center_axis',(0.,1.,0.));
#5897=DIRECTION('ref_axis',(-0.707106781186547,0.,0.707106781186547));
#5898=DIRECTION('center_axis',(0.937140711932743,0.348951695852294,0.));
#5899=DIRECTION('ref_axis',(-0.246746110443704,0.662658552333625,-0.707106781186553));
#5900=DIRECTION('',(-0.937140711932743,-0.348951695852294,0.));
#5901=DIRECTION('center_axis',(0.814070610469425,0.58076590909758,-1.15686391732968E-14));
#5902=DIRECTION('ref_axis',(0.580765909097579,-0.814070610469425,4.29312234904484E-14));
#5903=DIRECTION('',(0.937140711932743,0.348951695852294,0.));
#5904=DIRECTION('center_axis',(0.,1.,7.105427357601E-16));
#5905=DIRECTION('ref_axis',(-1.,-2.28821803993147E-30,3.29302076134629E-16));
#5906=DIRECTION('center_axis',(-1.,0.,0.));
#5907=DIRECTION('ref_axis',(0.,1.,4.68195838065604E-16));
#5908=DIRECTION('center_axis',(-0.634924004488751,-0.772574597384594,0.));
#5909=DIRECTION('ref_axis',(-0.546292736783105,0.448959069112096,-0.707106781186566));
#5910=DIRECTION('',(0.634924004488751,0.772574597384594,0.));
#5911=DIRECTION('',(-0.634924004488751,-0.772574597384594,0.));
#5912=DIRECTION('center_axis',(0.634924004488745,0.772574597384599,0.));
#5913=DIRECTION('ref_axis',(0.,0.,-1.));
#5914=DIRECTION('center_axis',(1.,0.,0.));
#5915=DIRECTION('ref_axis',(0.,1.,0.));
#5916=DIRECTION('',(0.,-7.105427357601E-16,1.));
#5917=DIRECTION('',(0.,0.230268783755976,-0.973127066331804));
#5918=DIRECTION('',(0.,-1.,0.));
#5919=DIRECTION('',(0.,-4.01519578658932E-14,-1.));
#5920=DIRECTION('center_axis',(-1.,0.,0.));
#5921=DIRECTION('ref_axis',(0.,0.978838293314096,0.204635274432212));
#5922=DIRECTION('center_axis',(1.,0.,0.));
#5923=DIRECTION('ref_axis',(0.,0.342354631962729,-0.939570809451669));
#5924=DIRECTION('center_axis',(-1.,0.,0.));
#5925=DIRECTION('ref_axis',(0.,0.219091726355112,0.975704266385433));
#5926=DIRECTION('',(0.,0.58934837610145,-0.807879008012081));
#5927=DIRECTION('',(0.,1.,0.));
#5928=DIRECTION('center_axis',(-1.,0.,0.));
#5929=DIRECTION('ref_axis',(0.,1.,-4.68195838065604E-16));
#5930=DIRECTION('',(0.,-2.8421709430404E-16,1.));
#5931=DIRECTION('center_axis',(-1.,0.,0.));
#5932=DIRECTION('ref_axis',(0.,-1.,0.));
#5933=DIRECTION('center_axis',(0.348951695852294,-0.937140711932743,0.));
#5934=DIRECTION('ref_axis',(-0.937140711932743,-0.348951695852294,0.));
#5935=DIRECTION('',(0.937140711932743,0.348951695852294,0.));
#5936=DIRECTION('center_axis',(-0.348951695852294,0.937140711932743,0.));
#5937=DIRECTION('ref_axis',(-0.231186061929515,-0.0860839437882699,0.969093679368192));
#5938=DIRECTION('',(0.845399634897676,0.314791186119791,-0.431515893631013));
#5939=DIRECTION('',(0.937140711932743,0.348951695852294,0.));
#5940=DIRECTION('',(0.,0.,1.));
#5941=DIRECTION('center_axis',(0.772574597384594,-0.634924004488751,0.));
#5942=DIRECTION('ref_axis',(0.634924004488751,0.772574597384594,0.));
#5943=DIRECTION('',(0.634924004488751,0.772574597384594,0.));
#5944=DIRECTION('',(0.,0.,1.));
#5945=DIRECTION('center_axis',(-0.937140711932743,-0.348951695852294,0.));
#5946=DIRECTION('ref_axis',(-0.246746110443704,0.662658552333625,0.707106781186553));
#5947=DIRECTION('center_axis',(-0.177284077214026,0.984159720759985,0.));
#5948=DIRECTION('ref_axis',(-0.984159720759985,-0.177284077214026,0.));
#5949=DIRECTION('',(-0.937140711932743,-0.348951695852294,0.));
#5950=DIRECTION('center_axis',(-0.814070610469403,-0.580765909097611,0.));
#5951=DIRECTION('ref_axis',(0.580765909097611,-0.814070610469403,0.));
#5952=DIRECTION('center_axis',(0.,0.807879008012081,0.58934837610145));
#5953=DIRECTION('ref_axis',(-0.976757372232747,-0.126325605419862,0.173167194365113));
#5954=DIRECTION('center_axis',(-0.634924004488751,-0.772574597384594,0.));
#5955=DIRECTION('ref_axis',(-0.546292736783109,0.448959069112123,0.707106781186545));
#5956=DIRECTION('',(-0.634924004488751,-0.772574597384594,0.));
#5957=DIRECTION('center_axis',(0.634924004488745,0.772574597384599,0.));
#5958=DIRECTION('ref_axis',(-0.772574597384599,0.634924004488745,0.));
#5959=DIRECTION('center_axis',(-0.937140711932743,-0.348951695852294,0.));
#5960=DIRECTION('ref_axis',(-0.246746110443704,0.662658552333625,0.707106781186553));
#5961=DIRECTION('',(-0.937140711932743,-0.348951695852294,0.));
#5962=DIRECTION('center_axis',(0.,0.,-1.));
#5963=DIRECTION('ref_axis',(1.,0.,0.));
#5964=DIRECTION('center_axis',(0.,0.,1.));
#5965=DIRECTION('ref_axis',(1.79385175161269E-16,1.,-6.34222369004348E-17));
#5966=DIRECTION('center_axis',(0.,0.807879008012081,0.58934837610145));
#5967=DIRECTION('ref_axis',(0.,0.58934837610145,-0.807879008012081));
#5968=DIRECTION('',(0.,0.58934837610145,-0.807879008012081));
#5969=DIRECTION('',(1.,0.,0.));
#5970=DIRECTION('',(0.,-0.58934837610145,0.807879008012081));
#5971=DIRECTION('',(-1.,0.,0.));
#5972=DIRECTION('',(-1.39585735823632E-16,0.58934837610145,-0.807879008012081));
#5973=DIRECTION('',(-1.,0.,0.));
#5974=DIRECTION('',(0.,-0.58934837610145,0.807879008012081));
#5975=DIRECTION('',(-1.,0.,0.));
#5976=DIRECTION('center_axis',(0.,0.,-1.));
#5977=DIRECTION('ref_axis',(-0.707106781186547,-0.707106781186547,0.));
#5978=DIRECTION('center_axis',(0.,-0.707106781186548,-0.707106781186548));
#5979=DIRECTION('ref_axis',(0.,-0.707106781186547,0.707106781186547));
#5980=DIRECTION('',(0.,0.,-1.));
#5981=DIRECTION('center_axis',(0.,0.,1.));
#5982=DIRECTION('ref_axis',(-1.,0.,0.));
#5983=DIRECTION('',(0.,0.,1.));
#5984=DIRECTION('center_axis',(1.,0.,0.));
#5985=DIRECTION('ref_axis',(0.,0.,1.));
#5986=DIRECTION('center_axis',(0.,0.892928006659878,0.450199483476399));
#5987=DIRECTION('ref_axis',(-1.,0.,0.));
#5988=DIRECTION('center_axis',(-1.,0.,0.));
#5989=DIRECTION('ref_axis',(0.,-0.851527886647407,0.524309315444424));
#5990=DIRECTION('center_axis',(1.,0.,0.));
#5991=DIRECTION('ref_axis',(0.,-0.851527886647407,0.524309315444424));
#5992=DIRECTION('center_axis',(1.,0.,0.));
#5993=DIRECTION('ref_axis',(0.,0.,1.));
#5994=DIRECTION('center_axis',(0.,0.878168078283446,0.478352198995635));
#5995=DIRECTION('ref_axis',(-1.,0.,0.));
#5996=DIRECTION('center_axis',(1.,0.,0.));
#5997=DIRECTION('ref_axis',(0.,0.46433449217868,-0.885659911802023));
#5998=DIRECTION('center_axis',(-1.,0.,0.));
#5999=DIRECTION('ref_axis',(0.,0.46433449217868,-0.885659911802023));
#6000=DIRECTION('center_axis',(-1.,0.,0.));
#6001=DIRECTION('ref_axis',(0.,-0.219091726355112,0.975704266385433));
#6002=DIRECTION('center_axis',(0.,0.589348376101451,-0.80787900801208));
#6003=DIRECTION('ref_axis',(-1.,0.,0.));
#6004=DIRECTION('center_axis',(-1.,0.,0.));
#6005=DIRECTION('ref_axis',(0.,0.219091726355112,0.975704266385433));
#6006=DIRECTION('center_axis',(1.,0.,0.));
#6007=DIRECTION('ref_axis',(0.,0.219091726355112,0.975704266385433));
#6008=DIRECTION('center_axis',(0.,0.58934837610145,-0.807879008012081));
#6009=DIRECTION('ref_axis',(-0.70710678118654,0.571256724943606,0.416732233222624));
#6010=DIRECTION('center_axis',(0.,-1.,0.));
#6011=DIRECTION('ref_axis',(6.54308136673276E-17,0.,1.));
#6012=DIRECTION('',(0.,0.58934837610145,-0.807879008012081));
#6013=DIRECTION('center_axis',(1.,0.,0.));
#6014=DIRECTION('ref_axis',(0.,1.,0.));
#6015=DIRECTION('',(0.,-3.5527136788005E-16,1.));
#6016=DIRECTION('',(0.,-1.,0.));
#6017=DIRECTION('',(0.,3.5527136788005E-16,-1.));
#6018=DIRECTION('',(0.,0.230268783755979,-0.973127066331804));
#6019=DIRECTION('',(0.,-1.,0.));
#6020=DIRECTION('',(0.,0.,1.));
#6021=DIRECTION('',(0.,1.,0.));
#6022=DIRECTION('',(0.,-0.707106781186548,0.707106781186548));
#6023=DIRECTION('center_axis',(-1.,0.,0.));
#6024=DIRECTION('ref_axis',(0.,-1.,0.));
#6025=DIRECTION('center_axis',(0.,0.58934837610145,-0.807879008012081));
#6026=DIRECTION('ref_axis',(0.707106781186554,0.571256724943598,0.416732233222612));
#6027=DIRECTION('',(0.,-0.58934837610145,0.807879008012081));
#6028=DIRECTION('center_axis',(0.,-1.,0.));
#6029=DIRECTION('ref_axis',(-6.54308136673276E-17,0.,1.));
#6030=DIRECTION('center_axis',(0.,-0.589348376101454,0.807879008012078));
#6031=DIRECTION('ref_axis',(1.,0.,0.));
#6032=DIRECTION('center_axis',(-1.,0.,0.));
#6033=DIRECTION('ref_axis',(0.,-0.219091726355111,0.975704266385434));
#6034=DIRECTION('center_axis',(0.,-0.878168078283446,-0.478352198995635));
#6035=DIRECTION('ref_axis',(1.,0.,0.));
#6036=DIRECTION('center_axis',(1.,0.,0.));
#6037=DIRECTION('ref_axis',(0.,0.219091726355111,0.975704266385433));
#6038=DIRECTION('center_axis',(-1.,0.,0.));
#6039=DIRECTION('ref_axis',(0.,0.219091726355111,0.975704266385434));
#6040=DIRECTION('center_axis',(1.,0.,0.));
#6041=DIRECTION('ref_axis',(0.,0.,1.));
#6042=DIRECTION('center_axis',(0.,-0.892928006659884,-0.450199483476388));
#6043=DIRECTION('ref_axis',(1.,0.,0.));
#6044=DIRECTION('center_axis',(-1.,0.,0.));
#6045=DIRECTION('ref_axis',(0.,0.46433449217868,-0.885659911802023));
#6046=DIRECTION('center_axis',(1.,0.,0.));
#6047=DIRECTION('ref_axis',(0.,0.46433449217868,-0.885659911802023));
#6048=DIRECTION('center_axis',(-1.,0.,0.));
#6049=DIRECTION('ref_axis',(0.,0.,-1.));
#6050=DIRECTION('center_axis',(0.,0.,-1.));
#6051=DIRECTION('ref_axis',(1.,0.,0.));
#6052=DIRECTION('center_axis',(1.,0.,0.));
#6053=DIRECTION('ref_axis',(0.,-0.851527886647407,0.524309315444424));
#6054=DIRECTION('center_axis',(-1.,0.,0.));
#6055=DIRECTION('ref_axis',(0.,-0.851527886647407,0.524309315444424));
#6056=DIRECTION('center_axis',(0.,0.,1.));
#6057=DIRECTION('ref_axis',(0.707106781186542,-0.707106781186553,0.));
#6058=DIRECTION('center_axis',(0.,-1.00884070953106E-15,-1.));
#6059=DIRECTION('ref_axis',(0.707106781186542,-0.707106781186553,0.));
#6060=DIRECTION('',(0.,0.,-1.));
#6061=DIRECTION('',(0.,0.,1.));
#6062=DIRECTION('center_axis',(0.,1.,0.));
#6063=DIRECTION('ref_axis',(0.,0.,-1.));
#6064=DIRECTION('',(1.,0.,0.));
#6065=DIRECTION('',(0.,0.,-1.));
#6066=DIRECTION('',(0.,0.,-1.));
#6067=DIRECTION('',(-1.,0.,0.));
#6068=DIRECTION('',(-1.,0.,0.));
#6069=DIRECTION('center_axis',(0.,1.00884070953106E-15,1.));
#6070=DIRECTION('ref_axis',(0.,1.,-1.00884070953106E-15));
#6071=DIRECTION('',(0.,1.,-1.00884070953106E-15));
#6072=DIRECTION('center_axis',(0.,-1.00884070953106E-15,-1.));
#6073=DIRECTION('ref_axis',(0.707106781186547,0.707106781186547,0.));
#6074=DIRECTION('',(-1.,0.,0.));
#6075=DIRECTION('',(0.,1.,-1.00884070953106E-15));
#6076=DIRECTION('center_axis',(1.,0.,0.));
#6077=DIRECTION('ref_axis',(0.,1.,0.));
#6078=DIRECTION('',(0.,-3.5527136788005E-16,1.));
#6079=DIRECTION('',(0.,-1.,0.));
#6080=DIRECTION('center_axis',(1.,0.,0.));
#6081=DIRECTION('ref_axis',(0.,-0.707106781186547,-0.707106781186547));
#6082=DIRECTION('',(0.,0.,1.));
#6083=DIRECTION('center_axis',(1.,0.,0.));
#6084=DIRECTION('ref_axis',(0.,1.,0.));
#6085=DIRECTION('center_axis',(0.,3.5527136788005E-16,-1.));
#6086=DIRECTION('ref_axis',(0.707106781186547,0.707106781186547,0.));
#6087=DIRECTION('',(0.,-3.5527136788005E-16,1.));
#6088=DIRECTION('center_axis',(0.,0.115915774742303,-0.993259046354923));
#6089=DIRECTION('ref_axis',(0.,-0.993259046354923,-0.115915774742303));
#6090=DIRECTION('',(0.,3.5527136788005E-16,-1.));
#6091=DIRECTION('center_axis',(0.,0.230268783755979,-0.973127066331804));
#6092=DIRECTION('ref_axis',(0.707106781186544,0.688104747559393,0.162824618489433));
#6093=DIRECTION('',(0.,0.230268783755979,-0.973127066331804));
#6094=DIRECTION('',(0.,-0.230268783755979,0.973127066331804));
#6095=DIRECTION('center_axis',(0.,0.,1.));
#6096=DIRECTION('ref_axis',(2.97106720605063E-15,1.,0.));
#6097=DIRECTION('center_axis',(0.,1.,0.));
#6098=DIRECTION('ref_axis',(-2.55649705578319E-17,0.,1.));
#6099=DIRECTION('center_axis',(1.,0.,0.));
#6100=DIRECTION('ref_axis',(0.,1.,0.));
#6101=DIRECTION('center_axis',(1.,0.,0.));
#6102=DIRECTION('ref_axis',(0.,0.978256153976822,0.207400330777164));
#6103=DIRECTION('center_axis',(1.,0.,0.));
#6104=DIRECTION('ref_axis',(0.,0.707106781186547,0.707106781186547));
#6105=DIRECTION('',(0.,0.,-1.));
#6106=DIRECTION('',(0.,1.,0.));
#6107=DIRECTION('center_axis',(1.,0.,0.));
#6108=DIRECTION('ref_axis',(0.,1.,0.));
#6109=DIRECTION('center_axis',(0.,3.5527136788005E-16,-1.));
#6110=DIRECTION('ref_axis',(-0.707106781186547,0.707106781186547,0.));
#6111=DIRECTION('',(0.,-3.5527136788005E-16,1.));
#6112=DIRECTION('center_axis',(0.,0.115915774742359,-0.993259046354917));
#6113=DIRECTION('ref_axis',(0.,-0.993259046354917,-0.115915774742359));
#6114=DIRECTION('center_axis',(0.,0.,-1.));
#6115=DIRECTION('ref_axis',(-0.707106781186547,0.707106781186547,0.));
#6116=DIRECTION('center_axis',(0.,0.230268783755979,-0.973127066331804));
#6117=DIRECTION('ref_axis',(-0.707106781186544,0.688104747559393,0.162824618489433));
#6118=DIRECTION('',(0.,-0.230268783755979,0.973127066331804));
#6119=DIRECTION('center_axis',(0.,1.,0.));
#6120=DIRECTION('ref_axis',(2.55649705578319E-17,0.,1.));
#6121=DIRECTION('',(1.,0.,0.));
#6122=DIRECTION('center_axis',(0.,1.,0.));
#6123=DIRECTION('ref_axis',(2.55649705578319E-17,0.,1.));
#6124=DIRECTION('center_axis',(0.,1.,3.5527136788005E-16));
#6125=DIRECTION('ref_axis',(0.,-3.5527136788005E-16,1.));
#6126=DIRECTION('',(1.,0.,0.));
#6127=DIRECTION('',(1.,0.,0.));
#6128=DIRECTION('center_axis',(0.,0.973127066331804,0.230268783755979));
#6129=DIRECTION('ref_axis',(0.,-0.230268783755979,0.973127066331804));
#6130=DIRECTION('',(1.,0.,0.));
#6131=DIRECTION('center_axis',(0.,1.,0.));
#6132=DIRECTION('ref_axis',(1.,0.,0.));
#6133=DIRECTION('',(1.,0.,0.));
#6134=DIRECTION('center_axis',(5.45386038567073E-17,-0.230268783755976,
0.973127066331804));
#6135=DIRECTION('ref_axis',(0.707106781186545,0.688104747559393,0.162824618489428));
#6136=DIRECTION('',(-5.45386038567073E-17,0.230268783755976,-0.973127066331804));
#6137=DIRECTION('center_axis',(3.52876500057752E-15,-0.115915774742202,
0.993259046354935));
#6138=DIRECTION('ref_axis',(-2.97667781895781E-14,-0.993259046354935,-0.115915774742202));
#6139=DIRECTION('',(5.45386038567073E-17,-0.230268783755976,0.973127066331804));
#6140=DIRECTION('center_axis',(0.,1.,0.));
#6141=DIRECTION('ref_axis',(-2.55649705578315E-17,0.,1.));
#6142=DIRECTION('center_axis',(1.68290326447149E-31,-7.105427357601E-16,
1.));
#6143=DIRECTION('ref_axis',(0.707106781186547,0.707106781186547,0.));
#6144=DIRECTION('',(1.68290326447149E-31,-7.105427357601E-16,1.));
#6145=DIRECTION('',(-1.68290326447149E-31,7.105427357601E-16,-1.));
#6146=DIRECTION('center_axis',(0.,0.,-1.));
#6147=DIRECTION('ref_axis',(0.707106781186547,0.707106781186547,0.));
#6148=DIRECTION('center_axis',(0.,-1.,0.));
#6149=DIRECTION('ref_axis',(0.,0.,-1.));
#6150=DIRECTION('center_axis',(0.,1.,0.));
#6151=DIRECTION('ref_axis',(5.11299411156631E-17,0.,1.));
#6152=DIRECTION('',(1.,0.,0.));
#6153=DIRECTION('center_axis',(0.,-0.973127066331804,-0.230268783755976));
#6154=DIRECTION('ref_axis',(0.,0.230268783755976,-0.973127066331804));
#6155=DIRECTION('',(0.,-0.230268783755976,0.973127066331804));
#6156=DIRECTION('',(1.,0.,0.));
#6157=DIRECTION('center_axis',(0.,-1.,-7.105427357601E-16));
#6158=DIRECTION('ref_axis',(0.,7.105427357601E-16,-1.));
#6159=DIRECTION('',(0.,-7.105427357601E-16,1.));
#6160=DIRECTION('',(1.,0.,0.));
#6161=DIRECTION('center_axis',(0.,0.230268783755976,-0.973127066331804));
#6162=DIRECTION('ref_axis',(-0.707106781186545,0.688104747559393,0.162824618489428));
#6163=DIRECTION('center_axis',(-3.52876500057753E-15,-0.115915774742175,
0.993259046354938));
#6164=DIRECTION('ref_axis',(-3.02372801896476E-14,0.993259046354938,0.115915774742175));
#6165=DIRECTION('center_axis',(0.,7.105427357601E-16,-1.));
#6166=DIRECTION('ref_axis',(-0.707106781186547,0.707106781186547,0.));
#6167=DIRECTION('center_axis',(-1.,-2.368475785867E-16,0.));
#6168=DIRECTION('ref_axis',(0.,0.,-1.));
#6169=DIRECTION('center_axis',(-1.,-2.368475785867E-16,0.));
#6170=DIRECTION('ref_axis',(-8.10858655983132E-17,0.342354631962729,-0.939570809451669));
#6171=DIRECTION('center_axis',(0.,0.878168078283452,0.478352198995623));
#6172=DIRECTION('ref_axis',(0.,-0.478352198995623,0.878168078283452));
#6173=DIRECTION('center_axis',(1.,2.368475785867E-16,0.));
#6174=DIRECTION('ref_axis',(-8.10460213103663E-17,0.342354631962729,-0.939570809451669));
#6175=DIRECTION('center_axis',(1.,2.368475785867E-16,0.));
#6176=DIRECTION('ref_axis',(0.,0.,1.));
#6177=DIRECTION('center_axis',(0.,0.589348376101451,-0.80787900801208));
#6178=DIRECTION('ref_axis',(0.,0.80787900801208,0.589348376101451));
#6179=DIRECTION('center_axis',(-1.,-2.368475785867E-16,0.));
#6180=DIRECTION('ref_axis',(-5.32907051820075E-17,0.219091726355112,0.975704266385433));
#6181=DIRECTION('center_axis',(1.,2.368475785867E-16,0.));
#6182=DIRECTION('ref_axis',(-5.18913448755882E-17,0.219091726355112,0.975704266385433));
#6183=DIRECTION('center_axis',(1.39585735823632E-16,-0.58934837610145,0.807879008012081));
#6184=DIRECTION('ref_axis',(0.707106781186546,0.571256724943611,0.416732233222608));
#6185=DIRECTION('center_axis',(0.,-1.,0.));
#6186=DIRECTION('ref_axis',(1.30861627334655E-16,0.,1.));
#6187=DIRECTION('',(1.39585735823632E-16,-0.58934837610145,0.807879008012081));
#6188=DIRECTION('center_axis',(1.,0.,0.));
#6189=DIRECTION('ref_axis',(0.,-1.,0.));
#6190=DIRECTION('center_axis',(1.,0.,0.));
#6191=DIRECTION('ref_axis',(0.,0.219091726355112,0.975704266385433));
#6192=DIRECTION('',(-1.,0.,0.));
#6193=DIRECTION('center_axis',(1.,0.,0.));
#6194=DIRECTION('ref_axis',(0.,0.478352198995639,-0.878168078283444));
#6195=DIRECTION('center_axis',(-1.,0.,0.));
#6196=DIRECTION('ref_axis',(0.,0.342354631962729,-0.939570809451669));
#6197=DIRECTION('',(-1.,0.,0.));
#6198=DIRECTION('center_axis',(0.,1.,-2.28532272713094E-15));
#6199=DIRECTION('ref_axis',(0.,2.28532272713094E-15,1.));
#6200=DIRECTION('',(1.,0.,0.));
#6201=DIRECTION('',(0.,2.28532272713094E-15,1.));
#6202=DIRECTION('',(5.41273154210118E-31,-2.28532272713094E-15,-1.));
#6203=DIRECTION('center_axis',(0.,0.58934837610145,-0.807879008012081));
#6204=DIRECTION('ref_axis',(-0.707106781186546,0.571256724943611,0.416732233222608));
#6205=DIRECTION('center_axis',(0.,-0.589348376101454,0.807879008012078));
#6206=DIRECTION('ref_axis',(0.,0.807879008012078,0.589348376101454));
#6207=DIRECTION('center_axis',(-1.,0.,0.));
#6208=DIRECTION('ref_axis',(0.,-0.219091726355112,0.975704266385433));
#6209=DIRECTION('center_axis',(0.,-0.878168078283446,-0.478352198995635));
#6210=DIRECTION('ref_axis',(0.,-0.478352198995635,0.878168078283446));
#6211=DIRECTION('center_axis',(1.,0.,0.));
#6212=DIRECTION('ref_axis',(0.,0.,1.));
#6213=DIRECTION('center_axis',(1.,0.,0.));
#6214=DIRECTION('ref_axis',(0.,-0.707106781186547,0.707106781186547));
#6215=DIRECTION('center_axis',(-1.,0.,0.));
#6216=DIRECTION('ref_axis',(0.,-0.707106781186547,0.707106781186547));
#6217=DIRECTION('',(-1.,0.,0.));
#6218=DIRECTION('center_axis',(1.,0.,0.));
#6219=DIRECTION('ref_axis',(0.,-0.707106781186547,0.707106781186547));
#6220=DIRECTION('center_axis',(1.,0.,0.));
#6221=DIRECTION('ref_axis',(0.,1.,0.));
#6222=DIRECTION('',(0.,0.,-1.));
#6223=DIRECTION('center_axis',(-1.,0.,0.));
#6224=DIRECTION('ref_axis',(0.,1.,0.));
#6225=DIRECTION('center_axis',(0.,0.,-1.));
#6226=DIRECTION('ref_axis',(1.,0.,0.));
#6227=DIRECTION('',(0.,1.,0.));
#6228=DIRECTION('',(-1.,0.,0.));
#6229=DIRECTION('center_axis',(0.,0.,1.));
#6230=DIRECTION('ref_axis',(1.,-1.38777878078145E-17,0.));
#6231=DIRECTION('center_axis',(0.,0.,-1.));
#6232=DIRECTION('ref_axis',(1.,0.,0.));
#6233=DIRECTION('',(1.,0.,0.));
#6234=DIRECTION('center_axis',(1.,2.368475785867E-16,0.));
#6235=DIRECTION('ref_axis',(-2.368475785867E-16,1.,0.));
#6236=DIRECTION('',(-2.368475785867E-16,1.,0.));
#6237=DIRECTION('',(6.73161305788597E-32,-2.8421709430404E-16,1.));
#6238=DIRECTION('',(0.,0.,-1.));
#6239=DIRECTION('center_axis',(1.,2.368475785867E-16,0.));
#6240=DIRECTION('ref_axis',(0.,1.,0.));
#6241=DIRECTION('center_axis',(0.,0.,-1.));
#6242=DIRECTION('ref_axis',(-0.707106781186547,0.707106781186547,0.));
#6243=DIRECTION('',(0.,0.,1.));
#6244=DIRECTION('center_axis',(0.,0.,1.));
#6245=DIRECTION('ref_axis',(1.,-1.38777878078145E-17,0.));
#6246=DIRECTION('',(0.,0.,-1.));
#6247=DIRECTION('center_axis',(0.,-4.01124518693659E-14,-1.));
#6248=DIRECTION('ref_axis',(1.,-1.38777878078145E-17,5.12759588393658E-31));
#6249=DIRECTION('center_axis',(1.,0.,0.));
#6250=DIRECTION('ref_axis',(0.,0.,-1.));
#6251=DIRECTION('',(0.,-1.,4.01124518693659E-14));
#6252=DIRECTION('',(0.,-4.01130587356266E-14,-1.));
#6253=DIRECTION('',(0.,1.,1.47650992354991E-13));
#6254=DIRECTION('center_axis',(-0.914033393741615,0.,-0.405638946755837));
#6255=DIRECTION('ref_axis',(0.405638946755837,-5.62937122966289E-18,-0.914033393741615));
#6256=DIRECTION('',(0.,-1.,0.));
#6257=DIRECTION('center_axis',(0.,0.,-1.));
#6258=DIRECTION('ref_axis',(0.,1.,0.));
#6259=DIRECTION('center_axis',(0.,0.,1.));
#6260=DIRECTION('ref_axis',(1.,-1.38777878078145E-17,0.));
#6261=DIRECTION('center_axis',(0.,0.,1.));
#6262=DIRECTION('ref_axis',(1.,-1.38777878078145E-17,0.));
#6263=DIRECTION('',(0.,0.,-1.));
#6264=DIRECTION('center_axis',(0.,0.,-1.));
#6265=DIRECTION('ref_axis',(0.,1.,0.));
#6266=DIRECTION('',(0.,1.,0.));
#6267=DIRECTION('',(-1.,0.,0.));
#6268=DIRECTION('center_axis',(0.,0.707106781186548,0.707106781186548));
#6269=DIRECTION('ref_axis',(1.,0.,0.));
#6270=DIRECTION('',(0.,-0.707106781186548,0.707106781186548));
#6271=DIRECTION('center_axis',(1.,0.,0.));
#6272=DIRECTION('ref_axis',(0.,1.,0.));
#6273=DIRECTION('',(0.,0.,-1.));
#6274=DIRECTION('center_axis',(-1.,0.,0.));
#6275=DIRECTION('ref_axis',(0.,1.,0.));
#6276=DIRECTION('center_axis',(0.,1.,0.));
#6277=DIRECTION('ref_axis',(0.,0.,-1.));
#6278=DIRECTION('center_axis',(1.,0.,0.));
#6279=DIRECTION('ref_axis',(0.,1.,0.));
#6280=DIRECTION('',(1.,0.,0.));
#6281=DIRECTION('center_axis',(1.,0.,0.));
#6282=DIRECTION('ref_axis',(0.,1.,0.));
#6283=DIRECTION('center_axis',(-1.,0.,0.));
#6284=DIRECTION('ref_axis',(0.,1.,0.));
#6285=DIRECTION('center_axis',(-1.,0.,0.));
#6286=DIRECTION('ref_axis',(0.,1.,0.));
#6287=DIRECTION('',(1.,0.,0.));
#6288=DIRECTION('center_axis',(1.,0.,0.));
#6289=DIRECTION('ref_axis',(0.,1.,0.));
#6290=DIRECTION('',(1.,0.,0.));
#6291=DIRECTION('center_axis',(1.,0.,0.));
#6292=DIRECTION('ref_axis',(0.,1.,0.));
#6293=DIRECTION('center_axis',(1.,0.,0.));
#6294=DIRECTION('ref_axis',(0.,1.,0.));
#6295=DIRECTION('center_axis',(-1.,0.,0.));
#6296=DIRECTION('ref_axis',(0.,1.,0.));
#6297=DIRECTION('center_axis',(1.,0.,0.));
#6298=DIRECTION('ref_axis',(0.,1.,0.));
#6299=DIRECTION('',(1.,0.,0.));
#6300=DIRECTION('center_axis',(1.,0.,0.));
#6301=DIRECTION('ref_axis',(0.,1.,0.));
#6302=DIRECTION('center_axis',(1.,0.,0.));
#6303=DIRECTION('ref_axis',(0.,1.,0.));
#6304=DIRECTION('center_axis',(-1.,0.,0.));
#6305=DIRECTION('ref_axis',(0.,1.,0.));
#6306=DIRECTION('center_axis',(-1.,0.,0.));
#6307=DIRECTION('ref_axis',(0.,-0.851527886647407,0.524309315444424));
#6308=DIRECTION('',(1.,0.,0.));
#6309=DIRECTION('center_axis',(1.,0.,0.));
#6310=DIRECTION('ref_axis',(0.,-1.,0.));
#6311=DIRECTION('',(-1.,0.,0.));
#6312=DIRECTION('center_axis',(1.,0.,0.));
#6313=DIRECTION('ref_axis',(0.,0.478352198995639,-0.878168078283444));
#6314=DIRECTION('center_axis',(0.,-1.,0.));
#6315=DIRECTION('ref_axis',(0.,0.,1.));
#6316=DIRECTION('',(1.,0.,0.));
#6317=DIRECTION('center_axis',(1.,0.,0.));
#6318=DIRECTION('ref_axis',(0.,-1.,0.));
#6319=DIRECTION('',(-1.,0.,0.));
#6320=DIRECTION('center_axis',(1.,0.,0.));
#6321=DIRECTION('ref_axis',(0.,-1.,0.));
#6322=DIRECTION('',(-1.,0.,0.));
#6323=DIRECTION('center_axis',(1.,0.,0.));
#6324=DIRECTION('ref_axis',(0.,1.,0.));
#6325=DIRECTION('',(0.,1.,1.47594908029474E-13));
#6326=DIRECTION('',(0.,-1.47598669873597E-13,1.));
#6327=DIRECTION('',(0.,-1.,1.9401115842727E-15));
#6328=DIRECTION('',(0.,-4.01519578658932E-14,-1.));
#6329=DIRECTION('center_axis',(1.,0.,0.));
#6330=DIRECTION('ref_axis',(0.,1.,0.));
#6331=DIRECTION('',(0.,4.01519578658932E-14,1.));
#6332=DIRECTION('',(0.,-1.,1.9401115842727E-15));
#6333=DIRECTION('',(0.,-1.47598669873597E-13,1.));
#6334=DIRECTION('center_axis',(1.,0.,0.));
#6335=DIRECTION('ref_axis',(0.,0.978838293314096,0.204635274432212));
#6336=DIRECTION('center_axis',(0.,-1.,4.01519578658932E-14));
#6337=DIRECTION('ref_axis',(0.,-4.01519578658932E-14,-1.));
#6338=DIRECTION('',(1.,0.,0.));
#6339=DIRECTION('',(1.,0.,0.));
#6340=DIRECTION('center_axis',(0.,1.9401115842727E-15,1.));
#6341=DIRECTION('ref_axis',(0.,-1.,1.9401115842727E-15));
#6342=DIRECTION('',(1.,0.,0.));
#6343=DIRECTION('center_axis',(-1.,0.,0.));
#6344=DIRECTION('ref_axis',(0.,0.978838293314096,0.204635274432212));
#6345=DIRECTION('center_axis',(0.,1.,0.));
#6346=DIRECTION('ref_axis',(0.,0.,-1.));
#6347=DIRECTION('center_axis',(1.,0.,0.));
#6348=DIRECTION('ref_axis',(0.,0.,1.));
#6349=DIRECTION('',(0.,1.,-4.01124518693659E-14));
#6350=DIRECTION('',(0.,0.,-1.));
#6351=DIRECTION('',(0.,-1.,0.));
#6352=DIRECTION('',(0.,4.01130587356266E-14,1.));
#6353=DIRECTION('center_axis',(1.,0.,0.));
#6354=DIRECTION('ref_axis',(0.,1.,0.));
#6355=DIRECTION('center_axis',(-1.,0.,0.));
#6356=DIRECTION('ref_axis',(0.,1.,0.));
#6357=DIRECTION('center_axis',(1.,0.,0.));
#6358=DIRECTION('ref_axis',(0.,0.707106781186547,0.707106781186547));
#6359=DIRECTION('center_axis',(1.,0.,0.));
#6360=DIRECTION('ref_axis',(0.,0.707106781186547,0.707106781186547));
#6361=DIRECTION('',(1.,0.,0.));
#6362=DIRECTION('center_axis',(1.,0.,0.));
#6363=DIRECTION('ref_axis',(0.,0.707106781186547,0.707106781186547));
#6364=DIRECTION('center_axis',(-1.,0.,0.));
#6365=DIRECTION('ref_axis',(0.,0.707106781186547,0.707106781186547));
#6366=DIRECTION('center_axis',(1.,-2.368475785867E-16,0.));
#6367=DIRECTION('ref_axis',(0.,0.707106781186547,0.707106781186547));
#6368=DIRECTION('',(-1.,0.,0.));
#6369=DIRECTION('center_axis',(-1.,0.,0.));
#6370=DIRECTION('ref_axis',(0.,0.784305037519181,-0.62037537678573));
#6371=DIRECTION('',(-1.,0.,0.));
#6372=DIRECTION('center_axis',(-1.,0.,0.));
#6373=DIRECTION('ref_axis',(0.,0.784305037519181,-0.62037537678573));
#6374=DIRECTION('',(-1.,0.,0.));
#6375=DIRECTION('center_axis',(0.,4.01124518693659E-14,1.));
#6376=DIRECTION('ref_axis',(0.,-1.,4.01124518693659E-14));
#6377=DIRECTION('',(0.,-1.,4.01124518693659E-14));
#6378=DIRECTION('',(-1.,0.,0.));
#6379=DIRECTION('',(0.,-1.,4.01124518693659E-14));
#6380=DIRECTION('',(1.,0.,0.));
#6381=DIRECTION('',(0.,1.,-4.01124518693659E-14));
#6382=DIRECTION('',(-1.,0.,0.));
#6383=DIRECTION('',(-1.,0.,0.));
#6384=DIRECTION('center_axis',(0.,4.01124518693659E-14,1.));
#6385=DIRECTION('ref_axis',(-1.,-1.38777878078145E-17,5.12759588393658E-31));
#6386=DIRECTION('center_axis',(-1.,0.,0.));
#6387=DIRECTION('ref_axis',(0.,0.,-1.));
#6388=DIRECTION('',(0.,0.,-1.));
#6389=DIRECTION('center_axis',(-1.,0.,0.));
#6390=DIRECTION('ref_axis',(0.,0.707106781186527,-0.707106781186568));
#6391=DIRECTION('',(0.,0.230268783755979,-0.973127066331804));
#6392=DIRECTION('',(0.,-1.,0.));
#6393=DIRECTION('center_axis',(-1.,0.,0.));
#6394=DIRECTION('ref_axis',(0.,1.,0.));
#6395=DIRECTION('',(0.,0.,1.));
#6396=DIRECTION('',(0.,1.,0.));
#6397=DIRECTION('',(0.,0.,-1.));
#6398=DIRECTION('center_axis',(-1.,0.,0.));
#6399=DIRECTION('ref_axis',(0.,0.707106781186497,0.707106781186598));
#6400=DIRECTION('',(-1.,0.,0.));
#6401=DIRECTION('',(-1.,0.,0.));
#6402=DIRECTION('center_axis',(-0.707106781186548,0.,-0.707106781186548));
#6403=DIRECTION('ref_axis',(0.707106781186548,0.,-0.707106781186548));
#6404=DIRECTION('center_axis',(1.,0.,0.));
#6405=DIRECTION('ref_axis',(0.,0.707106781186527,-0.707106781186568));
#6406=DIRECTION('',(1.,0.,0.));
#6407=DIRECTION('center_axis',(-0.707106781186546,0.,0.707106781186549));
#6408=DIRECTION('ref_axis',(-0.707106781186549,0.,-0.707106781186546));
#6409=DIRECTION('center_axis',(0.,0.,-1.));
#6410=DIRECTION('ref_axis',(-0.707106781186547,0.707106781186547,0.));
#6411=DIRECTION('',(0.,0.,1.));
#6412=DIRECTION('',(0.,0.,-1.));
#6413=DIRECTION('center_axis',(0.,-1.,0.));
#6414=DIRECTION('ref_axis',(0.,0.,-1.));
#6415=DIRECTION('',(-1.,0.,0.));
#6416=DIRECTION('center_axis',(0.,0.,1.));
#6417=DIRECTION('ref_axis',(2.97106720605063E-15,1.,0.));
#6418=DIRECTION('center_axis',(0.,-1.,0.));
#6419=DIRECTION('ref_axis',(-2.55649705578319E-17,0.,1.));
#6420=DIRECTION('',(-1.,0.,0.));
#6421=DIRECTION('',(0.405638946755837,0.,0.914033393741615));
#6422=DIRECTION('',(-1.,0.,0.));
#6423=DIRECTION('',(0.,0.,1.));
#6424=DIRECTION('',(1.,0.,0.));
#6425=DIRECTION('',(0.,0.,1.));
#6426=DIRECTION('',(-1.,0.,0.));
#6427=DIRECTION('center_axis',(0.,0.,1.));
#6428=DIRECTION('ref_axis',(0.707106781186547,0.707106781186547,0.));
#6429=DIRECTION('',(0.,0.,-1.));
#6430=DIRECTION('center_axis',(0.,-1.47594908029474E-13,1.));
#6431=DIRECTION('ref_axis',(0.707106781186547,0.707106781186547,0.));
#6432=DIRECTION('center_axis',(-0.707106781186548,0.,-0.707106781186548));
#6433=DIRECTION('ref_axis',(0.707106781186547,0.,-0.707106781186547));
#6434=DIRECTION('center_axis',(0.,1.,-3.75279365739696E-14));
#6435=DIRECTION('ref_axis',(0.707106781186547,-2.00971834711523E-14,-0.707106781186547));
#6436=DIRECTION('center_axis',(0.,-1.,4.2632564145606E-14));
#6437=DIRECTION('ref_axis',(0.,-4.2632564145606E-14,-1.));
#6438=DIRECTION('',(0.,-1.,3.75279365739696E-14));
#6439=DIRECTION('center_axis',(0.,-1.,4.01519578658932E-14));
#6440=DIRECTION('ref_axis',(0.707106781186547,-2.00971834711523E-14,-0.707106781186547));
#6441=DIRECTION('',(0.,1.,-3.75279365739696E-14));
#6442=DIRECTION('center_axis',(0.,3.75279365739696E-14,1.));
#6443=DIRECTION('ref_axis',(1.,0.,0.));
#6444=DIRECTION('center_axis',(1.,0.,0.));
#6445=DIRECTION('ref_axis',(0.,-4.26325641455727E-14,-1.));
#6446=DIRECTION('center_axis',(0.,-3.75279365739696E-14,-1.));
#6447=DIRECTION('ref_axis',(0.707106781186546,0.707106781186549,-2.65343302885412E-14));
#6448=DIRECTION('center_axis',(0.,3.75279365739696E-14,1.));
#6449=DIRECTION('ref_axis',(0.707106781186546,0.707106781186549,-2.65362584353926E-14));
#6450=DIRECTION('center_axis',(1.,0.,0.));
#6451=DIRECTION('ref_axis',(0.,0.707106781186527,-0.707106781186568));
#6452=DIRECTION('',(-1.,0.,0.));
#6453=DIRECTION('center_axis',(1.,0.,0.));
#6454=DIRECTION('ref_axis',(0.,1.,0.));
#6455=DIRECTION('',(0.,-1.,3.75279365739696E-14));
#6456=DIRECTION('',(0.,-4.01519578658932E-14,-1.));
#6457=DIRECTION('',(0.,1.,1.47594908029474E-13));
#6458=DIRECTION('center_axis',(0.,-3.75279365739696E-14,-1.));
#6459=DIRECTION('ref_axis',(0.,1.,-3.75279365739696E-14));
#6460=DIRECTION('',(1.,0.,0.));
#6461=DIRECTION('center_axis',(0.,3.69683181478713E-49,1.));
#6462=DIRECTION('ref_axis',(0.707106781186547,0.707106781186547,0.));
#6463=DIRECTION('',(0.,3.69683181478713E-49,1.));
#6464=DIRECTION('center_axis',(0.,0.707106781186548,0.707106781186548));
#6465=DIRECTION('ref_axis',(0.,-0.707106781186547,0.707106781186547));
#6466=DIRECTION('',(0.,-3.69683181478713E-49,-1.));
#6467=DIRECTION('center_axis',(0.,-0.707106781187145,0.70710678118595));
#6468=DIRECTION('ref_axis',(0.,-0.70710678118595,-0.707106781187146));
#6469=DIRECTION('center_axis',(-1.,0.,0.));
#6470=DIRECTION('ref_axis',(0.,0.707106781186547,0.707106781186547));
#6471=DIRECTION('',(1.,0.,0.));
#6472=DIRECTION('center_axis',(-1.,0.,0.));
#6473=DIRECTION('ref_axis',(0.,0.,1.));
#6474=DIRECTION('center_axis',(0.54514266630129,0.,-0.838343290888595));
#6475=DIRECTION('ref_axis',(0.838343290888595,0.,0.54514266630129));
#6476=DIRECTION('center_axis',(0.,0.,-1.));
#6477=DIRECTION('ref_axis',(-1.,0.,0.));
#6478=DIRECTION('center_axis',(0.,1.,0.));
#6479=DIRECTION('ref_axis',(0.,0.,1.));
#6480=DIRECTION('center_axis',(0.,0.,1.));
#6481=DIRECTION('ref_axis',(0.707106781186548,0.707106781186548,0.));
#6482=DIRECTION('center_axis',(0.,0.,-1.));
#6483=DIRECTION('ref_axis',(0.707106781186548,0.707106781186548,0.));
#6484=DIRECTION('center_axis',(0.,-1.,0.));
#6485=DIRECTION('ref_axis',(0.707106781186547,0.,0.707106781186547));
#6486=DIRECTION('',(0.,1.,0.));
#6487=DIRECTION('',(0.,-1.,0.));
#6488=DIRECTION('center_axis',(0.405638946755837,0.,0.914033393741615));
#6489=DIRECTION('ref_axis',(0.646319210945651,0.707106781186546,-0.286830049964423));
#6490=DIRECTION('center_axis',(-0.838343290888591,0.,-0.545142666301297));
#6491=DIRECTION('ref_axis',(0.545142666301297,0.,-0.838343290888591));
#6492=DIRECTION('',(-0.405638946755837,0.,-0.914033393741615));
#6493=DIRECTION('center_axis',(0.,-1.,0.));
#6494=DIRECTION('ref_axis',(0.,0.,-1.));
#6495=DIRECTION('center_axis',(0.,-1.,0.));
#6496=DIRECTION('ref_axis',(-5.11299411156631E-17,0.,1.));
#6497=DIRECTION('',(1.,0.,0.));
#6498=DIRECTION('center_axis',(0.,-1.,0.));
#6499=DIRECTION('ref_axis',(2.55649705578315E-17,0.,1.));
#6500=DIRECTION('center_axis',(0.,0.,1.));
#6501=DIRECTION('ref_axis',(2.10675674610863E-15,1.,0.));
#6502=DIRECTION('',(-1.,0.,0.));
#6503=DIRECTION('center_axis',(1.10933564796705E-31,1.,-3.69683181478713E-49));
#6504=DIRECTION('ref_axis',(-1.,1.10933564796705E-31,0.));
#6505=DIRECTION('',(1.,0.,0.));
#6506=DIRECTION('',(-0.405638946755837,-5.62937122966289E-18,-0.914033393741615));
#6507=DIRECTION('',(-1.,1.24268466331798E-18,0.));
#6508=DIRECTION('center_axis',(0.,0.,-1.));
#6509=DIRECTION('ref_axis',(0.,-1.,0.));
#6510=DIRECTION('',(0.,-1.,0.));
#6511=DIRECTION('center_axis',(0.,0.,1.));
#6512=DIRECTION('ref_axis',(-1.,-1.38777878078145E-17,0.));
#6513=DIRECTION('center_axis',(0.,-1.,0.));
#6514=DIRECTION('ref_axis',(0.707106781186547,0.,0.707106781186547));
#6515=DIRECTION('center_axis',(0.,-1.,0.));
#6516=DIRECTION('ref_axis',(1.,0.,0.));
#6517=DIRECTION('',(0.,-1.,0.));
#6518=DIRECTION('center_axis',(0.,-1.,4.01519578658932E-14));
#6519=DIRECTION('ref_axis',(0.707106781186547,0.,0.707106781186547));
#6520=DIRECTION('',(0.,1.,0.));
#6521=DIRECTION('',(0.,1.,0.));
#6522=DIRECTION('center_axis',(0.,0.,-1.));
#6523=DIRECTION('ref_axis',(-1.,0.,0.));
#6524=DIRECTION('center_axis',(1.,0.,0.));
#6525=DIRECTION('ref_axis',(0.,1.,0.));
#6526=DIRECTION('center_axis',(0.,0.,-1.));
#6527=DIRECTION('ref_axis',(0.707106781186548,0.707106781186548,0.));
#6528=DIRECTION('center_axis',(0.,0.,1.));
#6529=DIRECTION('ref_axis',(0.707106781186548,0.707106781186548,0.));
#6530=DIRECTION('center_axis',(-1.,0.,0.));
#6531=DIRECTION('ref_axis',(0.,0.707106781186547,0.707106781186547));
#6532=DIRECTION('center_axis',(-1.,0.,0.));
#6533=DIRECTION('ref_axis',(0.,0.707106781186547,0.707106781186547));
#6534=DIRECTION('',(1.,0.,0.));
#6535=DIRECTION('',(-1.,0.,0.));
#6536=DIRECTION('center_axis',(-1.,0.,0.));
#6537=DIRECTION('ref_axis',(0.,0.707106781186547,0.707106781186547));
#6538=DIRECTION('',(1.,0.,0.));
#6539=DIRECTION('center_axis',(1.,-2.368475785867E-16,0.));
#6540=DIRECTION('ref_axis',(0.,0.707106781186547,0.707106781186547));
#6541=DIRECTION('center_axis',(1.,0.,0.));
#6542=DIRECTION('ref_axis',(0.,0.,-1.));
#6543=DIRECTION('',(0.,0.,-1.));
#6544=DIRECTION('',(0.,4.01519578658932E-14,1.));
#6545=DIRECTION('center_axis',(-0.634924004488751,0.772574597384594,0.));
#6546=DIRECTION('ref_axis',(0.546292736783105,0.448959069112096,-0.707106781186566));
#6547=DIRECTION('',(-0.634924004488751,0.772574597384594,0.));
#6548=DIRECTION('center_axis',(0.634924004488745,-0.772574597384599,0.));
#6549=DIRECTION('ref_axis',(0.,0.,-1.));
#6550=DIRECTION('',(0.634924004488751,-0.772574597384594,0.));
#6551=DIRECTION('center_axis',(0.,0.,1.));
#6552=DIRECTION('ref_axis',(1.,0.,0.));
#6553=DIRECTION('center_axis',(0.,0.,1.));
#6554=DIRECTION('ref_axis',(-0.42724465796031,0.904136052950206,0.));
#6555=DIRECTION('center_axis',(0.,0.,-1.));
#6556=DIRECTION('ref_axis',(-0.42724465796031,0.904136052950206,0.));
#6557=DIRECTION('center_axis',(0.,0.,1.));
#6558=DIRECTION('ref_axis',(-1.,0.,0.));
#6559=DIRECTION('',(1.,0.,0.));
#6560=DIRECTION('center_axis',(0.,0.,1.));
#6561=DIRECTION('ref_axis',(1.,0.,0.));
#6562=DIRECTION('center_axis',(-0.772574597384594,-0.634924004488751,0.));
#6563=DIRECTION('ref_axis',(-0.634924004488751,0.772574597384594,0.));
#6564=DIRECTION('',(0.,0.,-1.));
#6565=DIRECTION('',(-0.634924004488751,0.772574597384594,0.));
#6566=DIRECTION('center_axis',(-0.634924004488751,0.772574597384594,0.));
#6567=DIRECTION('ref_axis',(0.546292736783109,0.448959069112123,0.707106781186545));
#6568=DIRECTION('center_axis',(0.634924004488745,-0.772574597384599,0.));
#6569=DIRECTION('ref_axis',(0.772574597384599,0.634924004488745,0.));
#6570=DIRECTION('',(0.634924004488751,-0.772574597384594,0.));
#6571=DIRECTION('center_axis',(-0.33721313928687,0.941428329025792,0.));
#6572=DIRECTION('ref_axis',(0.941428329025792,0.33721313928687,0.));
#6573=DIRECTION('center_axis',(0.,0.,1.));
#6574=DIRECTION('ref_axis',(1.,0.,0.));
#6575=DIRECTION('center_axis',(0.,0.,1.));
#6576=DIRECTION('ref_axis',(-0.42724465796031,0.904136052950206,0.));
#6577=DIRECTION('center_axis',(0.,0.,-1.));
#6578=DIRECTION('ref_axis',(-0.42724465796031,0.904136052950206,0.));
#6579=DIRECTION('center_axis',(0.,1.,0.));
#6580=DIRECTION('ref_axis',(0.707106781186547,0.,0.707106781186547));
#6581=DIRECTION('',(0.,-1.,0.));
#6582=DIRECTION('center_axis',(0.,-1.,0.));
#6583=DIRECTION('ref_axis',(0.707106781186547,0.,0.707106781186547));
#6584=DIRECTION('center_axis',(0.,0.,1.));
#6585=DIRECTION('ref_axis',(-1.,0.,0.));
#6586=DIRECTION('center_axis',(-1.,0.,0.));
#6587=DIRECTION('ref_axis',(0.,-0.707106781186547,-0.707106781186547));
#6588=DIRECTION('',(-1.,0.,0.));
#6589=DIRECTION('center_axis',(1.,0.,0.));
#6590=DIRECTION('ref_axis',(0.,-0.707106781186547,-0.707106781186547));
#6591=DIRECTION('',(-1.,0.,0.));
#6592=DIRECTION('center_axis',(0.,1.,0.));
#6593=DIRECTION('ref_axis',(0.,0.,1.));
#6594=DIRECTION('',(0.,0.,1.));
#6595=DIRECTION('center_axis',(0.,1.,0.));
#6596=DIRECTION('ref_axis',(6.54308136673276E-17,0.,1.));
#6597=DIRECTION('',(-1.,0.,0.));
#6598=DIRECTION('center_axis',(0.937140711932743,-0.348951695852294,0.));
#6599=DIRECTION('ref_axis',(0.246746110443704,0.662658552333625,-0.707106781186553));
#6600=DIRECTION('',(0.937140711932743,-0.348951695852294,0.));
#6601=DIRECTION('center_axis',(-1.,0.,0.));
#6602=DIRECTION('ref_axis',(0.,1.,4.68195838065604E-16));
#6603=DIRECTION('center_axis',(0.,-1.,-7.105427357601E-16));
#6604=DIRECTION('ref_axis',(1.,-2.28821803993147E-30,3.29302076134629E-16));
#6605=DIRECTION('',(-0.937140711932743,0.348951695852294,0.));
#6606=DIRECTION('center_axis',(0.814070610469425,-0.58076590909758,1.15686391732968E-14));
#6607=DIRECTION('ref_axis',(-0.580765909097579,-0.814070610469425,4.29312234904484E-14));
#6608=DIRECTION('center_axis',(-0.634924004488751,0.772574597384594,0.));
#6609=DIRECTION('ref_axis',(0.546292736783105,0.448959069112096,-0.707106781186566));
#6610=DIRECTION('',(-0.634924004488751,0.772574597384594,0.));
#6611=DIRECTION('center_axis',(0.634924004488745,-0.772574597384599,0.));
#6612=DIRECTION('ref_axis',(0.,0.,-1.));
#6613=DIRECTION('',(0.634924004488751,-0.772574597384594,0.));
#6614=DIRECTION('center_axis',(0.,0.,1.));
#6615=DIRECTION('ref_axis',(1.,0.,0.));
#6616=DIRECTION('center_axis',(0.,0.,1.));
#6617=DIRECTION('ref_axis',(-0.42724465796031,0.904136052950206,0.));
#6618=DIRECTION('center_axis',(0.,0.,-1.));
#6619=DIRECTION('ref_axis',(-0.42724465796031,0.904136052950206,0.));
#6620=DIRECTION('center_axis',(1.,0.,0.));
#6621=DIRECTION('ref_axis',(0.,1.,0.));
#6622=DIRECTION('',(0.,-7.105427357601E-16,1.));
#6623=DIRECTION('',(0.,-2.8421709430404E-16,1.));
#6624=DIRECTION('center_axis',(-1.,0.,0.));
#6625=DIRECTION('ref_axis',(0.,1.,-4.68195838065604E-16));
#6626=DIRECTION('',(0.,1.,0.));
#6627=DIRECTION('',(0.,0.58934837610145,-0.807879008012081));
#6628=DIRECTION('center_axis',(-1.,0.,0.));
#6629=DIRECTION('ref_axis',(0.,0.219091726355112,0.975704266385433));
#6630=DIRECTION('center_axis',(1.,0.,0.));
#6631=DIRECTION('ref_axis',(0.,0.342354631962729,-0.939570809451669));
#6632=DIRECTION('center_axis',(-1.,0.,0.));
#6633=DIRECTION('ref_axis',(0.,0.978838293314096,0.204635274432212));
#6634=DIRECTION('',(0.,-4.01519578658932E-14,-1.));
#6635=DIRECTION('',(0.,-1.,0.));
#6636=DIRECTION('',(0.,0.230268783755976,-0.973127066331804));
#6637=DIRECTION('center_axis',(-1.,0.,0.));
#6638=DIRECTION('ref_axis',(0.,-1.,0.));
#6639=DIRECTION('center_axis',(0.348951695852294,0.937140711932743,0.));
#6640=DIRECTION('ref_axis',(0.937140711932743,-0.348951695852294,0.));
#6641=DIRECTION('',(0.,0.,1.));
#6642=DIRECTION('',(-0.937140711932743,0.348951695852294,0.));
#6643=DIRECTION('',(-0.845399634897676,0.314791186119791,-0.431515893631013));
#6644=DIRECTION('center_axis',(-0.348951695852294,-0.937140711932743,0.));
#6645=DIRECTION('ref_axis',(0.231186061929515,-0.0860839437882699,0.969093679368192));
#6646=DIRECTION('',(-0.937140711932743,0.348951695852294,0.));
#6647=DIRECTION('center_axis',(0.772574597384594,0.634924004488751,0.));
#6648=DIRECTION('ref_axis',(-0.634924004488751,0.772574597384594,0.));
#6649=DIRECTION('',(0.,0.,1.));
#6650=DIRECTION('',(-0.634924004488751,0.772574597384594,0.));
#6651=DIRECTION('center_axis',(0.,0.,1.));
#6652=DIRECTION('ref_axis',(-1.,0.,0.));
#6653=DIRECTION('center_axis',(0.,0.,-1.));
#6654=DIRECTION('ref_axis',(-0.42724465796031,0.904136052950206,0.));
#6655=DIRECTION('center_axis',(1.,0.,0.));
#6656=DIRECTION('ref_axis',(0.,-0.707106781186547,0.707106781186547));
#6657=DIRECTION('center_axis',(-0.177284077214026,-0.984159720759985,0.));
#6658=DIRECTION('ref_axis',(0.984159720759985,-0.177284077214026,0.));
#6659=DIRECTION('',(-1.,0.,0.));
#6660=DIRECTION('',(-1.,0.,0.));
#6661=DIRECTION('center_axis',(0.,0.,1.));
#6662=DIRECTION('ref_axis',(-1.,0.,0.));
#6663=DIRECTION('',(0.937140711932743,-0.348951695852294,0.));
#6664=DIRECTION('',(0.634924004488751,-0.772574597384594,0.));
#6665=DIRECTION('center_axis',(0.,0.,1.));
#6666=DIRECTION('ref_axis',(-0.42724465796031,0.904136052950206,0.));
#6667=DIRECTION('center_axis',(0.,0.,1.));
#6668=DIRECTION('ref_axis',(1.,0.,0.));
#6669=DIRECTION('center_axis',(-0.937140711932743,0.348951695852294,0.));
#6670=DIRECTION('ref_axis',(0.246746110443704,0.662658552333625,0.707106781186553));
#6671=DIRECTION('center_axis',(0.,-0.807879008012081,-0.58934837610145));
#6672=DIRECTION('ref_axis',(0.976757372232747,-0.126325605419862,0.173167194365113));
#6673=DIRECTION('center_axis',(-0.814070610469403,0.580765909097611,0.));
#6674=DIRECTION('ref_axis',(-0.580765909097611,-0.814070610469403,0.));
#6675=DIRECTION('center_axis',(-0.634924004488751,0.772574597384594,0.));
#6676=DIRECTION('ref_axis',(0.546292736783109,0.448959069112123,0.707106781186545));
#6677=DIRECTION('center_axis',(0.634924004488745,-0.772574597384599,0.));
#6678=DIRECTION('ref_axis',(0.772574597384599,0.634924004488745,0.));
#6679=DIRECTION('center_axis',(-0.937140711932743,0.348951695852294,0.));
#6680=DIRECTION('ref_axis',(0.246746110443704,0.662658552333625,0.707106781186553));
#6681=DIRECTION('',(0.937140711932743,-0.348951695852294,0.));
#6682=DIRECTION('center_axis',(0.,0.,1.));
#6683=DIRECTION('ref_axis',(1.,0.,0.));
#6684=DIRECTION('center_axis',(0.,0.,1.));
#6685=DIRECTION('ref_axis',(-1.,0.,0.));
#6686=DIRECTION('center_axis',(0.,0.,-1.));
#6687=DIRECTION('ref_axis',(-1.79385175161269E-16,1.,-6.34222369004348E-17));
#6688=DIRECTION('center_axis',(0.,-0.807879008012081,-0.58934837610145));
#6689=DIRECTION('ref_axis',(0.,0.58934837610145,-0.807879008012081));
#6690=DIRECTION('',(0.,0.58934837610145,-0.807879008012081));
#6691=DIRECTION('',(1.,0.,0.));
#6692=DIRECTION('',(0.,-0.58934837610145,0.807879008012081));
#6693=DIRECTION('',(1.,0.,0.));
#6694=DIRECTION('',(1.39585735823632E-16,0.58934837610145,-0.807879008012081));
#6695=DIRECTION('',(1.,0.,0.));
#6696=DIRECTION('',(0.,-0.58934837610145,0.807879008012081));
#6697=DIRECTION('center_axis',(0.,0.,1.));
#6698=DIRECTION('ref_axis',(0.707106781186547,-0.707106781186547,0.));
#6699=DIRECTION('center_axis',(0.,0.707106781186548,0.707106781186548));
#6700=DIRECTION('ref_axis',(0.,-0.707106781186547,0.707106781186547));
#6701=DIRECTION('',(0.,0.,1.));
#6702=DIRECTION('center_axis',(0.,0.,-1.));
#6703=DIRECTION('ref_axis',(1.,0.,0.));
#6704=DIRECTION('',(0.,0.,-1.));
#6705=DIRECTION('center_axis',(-1.,0.,0.));
#6706=DIRECTION('ref_axis',(0.,0.,1.));
#6707=DIRECTION('center_axis',(0.,-0.892928006659878,-0.450199483476399));
#6708=DIRECTION('ref_axis',(1.,0.,0.));
#6709=DIRECTION('center_axis',(1.,0.,0.));
#6710=DIRECTION('ref_axis',(0.,-0.851527886647407,0.524309315444424));
#6711=DIRECTION('center_axis',(-1.,0.,0.));
#6712=DIRECTION('ref_axis',(0.,-0.851527886647407,0.524309315444424));
#6713=DIRECTION('center_axis',(-1.,0.,0.));
#6714=DIRECTION('ref_axis',(0.,0.,1.));
#6715=DIRECTION('center_axis',(0.,-0.878168078283446,-0.478352198995635));
#6716=DIRECTION('ref_axis',(1.,0.,0.));
#6717=DIRECTION('center_axis',(-1.,0.,0.));
#6718=DIRECTION('ref_axis',(0.,0.46433449217868,-0.885659911802023));
#6719=DIRECTION('center_axis',(1.,0.,0.));
#6720=DIRECTION('ref_axis',(0.,0.46433449217868,-0.885659911802023));
#6721=DIRECTION('center_axis',(1.,0.,0.));
#6722=DIRECTION('ref_axis',(0.,0.219091726355112,0.975704266385433));
#6723=DIRECTION('center_axis',(0.,-0.589348376101451,0.80787900801208));
#6724=DIRECTION('ref_axis',(1.,0.,0.));
#6725=DIRECTION('center_axis',(1.,0.,0.));
#6726=DIRECTION('ref_axis',(0.,0.219091726355112,0.975704266385433));
#6727=DIRECTION('center_axis',(-1.,0.,0.));
#6728=DIRECTION('ref_axis',(0.,0.219091726355112,0.975704266385433));
#6729=DIRECTION('center_axis',(0.,-0.58934837610145,0.807879008012081));
#6730=DIRECTION('ref_axis',(0.70710678118654,0.571256724943606,0.416732233222624));
#6731=DIRECTION('center_axis',(0.,1.,0.));
#6732=DIRECTION('ref_axis',(-6.54308136673276E-17,0.,1.));
#6733=DIRECTION('',(0.,0.58934837610145,-0.807879008012081));
#6734=DIRECTION('center_axis',(1.,0.,0.));
#6735=DIRECTION('ref_axis',(0.,1.,0.));
#6736=DIRECTION('',(0.,-0.707106781186548,0.707106781186548));
#6737=DIRECTION('',(0.,1.,0.));
#6738=DIRECTION('center_axis',(-1.,0.,0.));
#6739=DIRECTION('ref_axis',(0.,0.978256153976822,0.207400330777164));
#6740=DIRECTION('',(0.,0.,1.));
#6741=DIRECTION('',(0.,-1.,0.));
#6742=DIRECTION('',(0.,0.230268783755979,-0.973127066331804));
#6743=DIRECTION('',(0.,3.5527136788005E-16,-1.));
#6744=DIRECTION('',(0.,-1.,0.));
#6745=DIRECTION('',(0.,-3.5527136788005E-16,1.));
#6746=DIRECTION('center_axis',(-1.,0.,0.));
#6747=DIRECTION('ref_axis',(0.,-1.,0.));
#6748=DIRECTION('center_axis',(0.,-0.58934837610145,0.807879008012081));
#6749=DIRECTION('ref_axis',(-0.707106781186554,0.571256724943598,0.416732233222612));
#6750=DIRECTION('',(0.,-0.58934837610145,0.807879008012081));
#6751=DIRECTION('center_axis',(0.,0.589348376101454,-0.807879008012078));
#6752=DIRECTION('ref_axis',(-1.,0.,0.));
#6753=DIRECTION('center_axis',(1.,0.,0.));
#6754=DIRECTION('ref_axis',(0.,0.219091726355111,0.975704266385434));
#6755=DIRECTION('center_axis',(0.,0.878168078283446,0.478352198995635));
#6756=DIRECTION('ref_axis',(-1.,0.,0.));
#6757=DIRECTION('center_axis',(-1.,0.,0.));
#6758=DIRECTION('ref_axis',(0.,0.219091726355111,0.975704266385434));
#6759=DIRECTION('center_axis',(1.,0.,0.));
#6760=DIRECTION('ref_axis',(0.,0.219091726355111,0.975704266385433));
#6761=DIRECTION('center_axis',(-1.,0.,0.));
#6762=DIRECTION('ref_axis',(0.,0.,1.));
#6763=DIRECTION('center_axis',(0.,0.892928006659884,0.450199483476388));
#6764=DIRECTION('ref_axis',(-1.,0.,0.));
#6765=DIRECTION('center_axis',(1.,0.,0.));
#6766=DIRECTION('ref_axis',(0.,0.46433449217868,-0.885659911802023));
#6767=DIRECTION('center_axis',(-1.,0.,0.));
#6768=DIRECTION('ref_axis',(0.,0.46433449217868,-0.885659911802023));
#6769=DIRECTION('center_axis',(1.,0.,0.));
#6770=DIRECTION('ref_axis',(0.,0.,-1.));
#6771=DIRECTION('center_axis',(0.,0.,1.));
#6772=DIRECTION('ref_axis',(-1.,0.,0.));
#6773=DIRECTION('center_axis',(-1.,0.,0.));
#6774=DIRECTION('ref_axis',(0.,-0.851527886647407,0.524309315444424));
#6775=DIRECTION('center_axis',(1.,0.,0.));
#6776=DIRECTION('ref_axis',(0.,-0.851527886647407,0.524309315444424));
#6777=DIRECTION('center_axis',(0.,0.,-1.));
#6778=DIRECTION('ref_axis',(-0.707106781186542,-0.707106781186553,0.));
#6779=DIRECTION('center_axis',(0.,1.00884070953106E-15,1.));
#6780=DIRECTION('ref_axis',(-0.707106781186542,-0.707106781186553,0.));
#6781=DIRECTION('',(0.,0.,1.));
#6782=DIRECTION('',(0.,0.,-1.));
#6783=DIRECTION('center_axis',(0.,-1.,0.));
#6784=DIRECTION('ref_axis',(0.,0.,-1.));
#6785=DIRECTION('',(1.,0.,0.));
#6786=DIRECTION('',(1.,0.,0.));
#6787=DIRECTION('',(0.,0.,-1.));
#6788=DIRECTION('',(0.,0.,-1.));
#6789=DIRECTION('',(-1.,0.,0.));
#6790=DIRECTION('center_axis',(0.,-1.00884070953106E-15,-1.));
#6791=DIRECTION('ref_axis',(0.,1.,-1.00884070953106E-15));
#6792=DIRECTION('',(0.,1.,-1.00884070953106E-15));
#6793=DIRECTION('',(1.,0.,0.));
#6794=DIRECTION('center_axis',(0.,1.00884070953106E-15,1.));
#6795=DIRECTION('ref_axis',(-0.707106781186547,0.707106781186547,0.));
#6796=DIRECTION('',(0.,1.,-1.00884070953106E-15));
#6797=DIRECTION('center_axis',(1.,0.,0.));
#6798=DIRECTION('ref_axis',(0.,1.,0.));
#6799=DIRECTION('',(0.,-1.,0.));
#6800=DIRECTION('',(0.,-3.5527136788005E-16,1.));
#6801=DIRECTION('center_axis',(1.,0.,0.));
#6802=DIRECTION('ref_axis',(0.,1.,0.));
#6803=DIRECTION('center_axis',(0.,-3.5527136788005E-16,1.));
#6804=DIRECTION('ref_axis',(-0.707106781186547,0.707106781186547,0.));
#6805=DIRECTION('',(0.,-3.5527136788005E-16,1.));
#6806=DIRECTION('',(0.,3.5527136788005E-16,-1.));
#6807=DIRECTION('center_axis',(0.,-0.115915774742303,0.993259046354923));
#6808=DIRECTION('ref_axis',(0.,-0.993259046354923,-0.115915774742303));
#6809=DIRECTION('center_axis',(0.,-0.230268783755979,0.973127066331804));
#6810=DIRECTION('ref_axis',(-0.707106781186544,0.688104747559393,0.162824618489433));
#6811=DIRECTION('',(0.,0.230268783755979,-0.973127066331804));
#6812=DIRECTION('center_axis',(0.,-1.,0.));
#6813=DIRECTION('ref_axis',(2.55649705578319E-17,0.,1.));
#6814=DIRECTION('center_axis',(0.,0.,-1.));
#6815=DIRECTION('ref_axis',(-2.97106720605063E-15,1.,0.));
#6816=DIRECTION('',(0.,-0.230268783755979,0.973127066331804));
#6817=DIRECTION('center_axis',(1.,0.,0.));
#6818=DIRECTION('ref_axis',(0.,1.,0.));
#6819=DIRECTION('',(0.,1.,0.));
#6820=DIRECTION('',(0.,0.,-1.));
#6821=DIRECTION('center_axis',(1.,0.,0.));
#6822=DIRECTION('ref_axis',(0.,0.978256153976822,0.207400330777164));
#6823=DIRECTION('center_axis',(1.,0.,0.));
#6824=DIRECTION('ref_axis',(0.,1.,0.));
#6825=DIRECTION('center_axis',(0.,-3.5527136788005E-16,1.));
#6826=DIRECTION('ref_axis',(0.707106781186547,0.707106781186547,0.));
#6827=DIRECTION('',(0.,-3.5527136788005E-16,1.));
#6828=DIRECTION('center_axis',(0.,0.,1.));
#6829=DIRECTION('ref_axis',(0.707106781186547,0.707106781186547,0.));
#6830=DIRECTION('center_axis',(0.,-0.115915774742359,0.993259046354917));
#6831=DIRECTION('ref_axis',(0.,-0.993259046354917,-0.115915774742359));
#6832=DIRECTION('center_axis',(0.,-0.230268783755979,0.973127066331804));
#6833=DIRECTION('ref_axis',(0.707106781186544,0.688104747559393,0.162824618489433));
#6834=DIRECTION('center_axis',(0.,-1.,0.));
#6835=DIRECTION('ref_axis',(-2.55649705578319E-17,0.,1.));
#6836=DIRECTION('',(0.,-0.230268783755979,0.973127066331804));
#6837=DIRECTION('center_axis',(0.,-1.,-3.5527136788005E-16));
#6838=DIRECTION('ref_axis',(0.,-3.5527136788005E-16,1.));
#6839=DIRECTION('',(-1.,0.,0.));
#6840=DIRECTION('',(-1.,0.,0.));
#6841=DIRECTION('center_axis',(0.,-0.973127066331804,-0.230268783755979));
#6842=DIRECTION('ref_axis',(0.,-0.230268783755979,0.973127066331804));
#6843=DIRECTION('',(-1.,0.,0.));
#6844=DIRECTION('center_axis',(0.,-1.,0.));
#6845=DIRECTION('ref_axis',(-1.,0.,0.));
#6846=DIRECTION('center_axis',(5.45386038567073E-17,0.230268783755976,-0.973127066331804));
#6847=DIRECTION('ref_axis',(-0.707106781186545,0.688104747559393,0.162824618489428));
#6848=DIRECTION('',(5.45386038567073E-17,0.230268783755976,-0.973127066331804));
#6849=DIRECTION('center_axis',(0.,-1.,0.));
#6850=DIRECTION('ref_axis',(2.55649705578315E-17,0.,1.));
#6851=DIRECTION('',(-5.45386038567073E-17,-0.230268783755976,0.973127066331804));
#6852=DIRECTION('center_axis',(3.52876500057752E-15,0.115915774742202,-0.993259046354935));
#6853=DIRECTION('ref_axis',(2.97667781895781E-14,-0.993259046354935,-0.115915774742202));
#6854=DIRECTION('center_axis',(1.68290326447149E-31,7.105427357601E-16,
-1.));
#6855=DIRECTION('ref_axis',(-0.707106781186547,0.707106781186547,0.));
#6856=DIRECTION('',(-1.68290326447149E-31,-7.105427357601E-16,1.));
#6857=DIRECTION('center_axis',(0.,0.,1.));
#6858=DIRECTION('ref_axis',(-0.707106781186547,0.707106781186547,0.));
#6859=DIRECTION('',(1.68290326447149E-31,7.105427357601E-16,-1.));
#6860=DIRECTION('center_axis',(0.,1.,0.));
#6861=DIRECTION('ref_axis',(0.,0.,-1.));
#6862=DIRECTION('',(-1.,0.,0.));
#6863=DIRECTION('center_axis',(0.,-1.,0.));
#6864=DIRECTION('ref_axis',(-5.11299411156631E-17,0.,1.));
#6865=DIRECTION('center_axis',(0.,0.973127066331804,0.230268783755976));
#6866=DIRECTION('ref_axis',(0.,0.230268783755976,-0.973127066331804));
#6867=DIRECTION('',(-1.,0.,0.));
#6868=DIRECTION('',(0.,-0.230268783755976,0.973127066331804));
#6869=DIRECTION('center_axis',(0.,1.,7.105427357601E-16));
#6870=DIRECTION('ref_axis',(0.,7.105427357601E-16,-1.));
#6871=DIRECTION('',(-1.,0.,0.));
#6872=DIRECTION('',(0.,-7.105427357601E-16,1.));
#6873=DIRECTION('center_axis',(0.,-0.230268783755976,0.973127066331804));
#6874=DIRECTION('ref_axis',(0.707106781186545,0.688104747559393,0.162824618489428));
#6875=DIRECTION('center_axis',(-3.52876500057753E-15,0.115915774742175,
-0.993259046354938));
#6876=DIRECTION('ref_axis',(3.02372801896476E-14,0.993259046354938,0.115915774742175));
#6877=DIRECTION('center_axis',(0.,-7.105427357601E-16,1.));
#6878=DIRECTION('ref_axis',(0.707106781186547,0.707106781186547,0.));
#6879=DIRECTION('center_axis',(1.,-2.368475785867E-16,0.));
#6880=DIRECTION('ref_axis',(0.,0.,-1.));
#6881=DIRECTION('center_axis',(1.,-2.368475785867E-16,0.));
#6882=DIRECTION('ref_axis',(8.10460213103663E-17,0.342354631962729,-0.939570809451669));
#6883=DIRECTION('center_axis',(0.,-0.878168078283452,-0.478352198995623));
#6884=DIRECTION('ref_axis',(0.,-0.478352198995623,0.878168078283452));
#6885=DIRECTION('center_axis',(-1.,2.368475785867E-16,0.));
#6886=DIRECTION('ref_axis',(8.10858655983132E-17,0.342354631962729,-0.939570809451669));
#6887=DIRECTION('center_axis',(-1.,2.368475785867E-16,0.));
#6888=DIRECTION('ref_axis',(0.,0.,1.));
#6889=DIRECTION('center_axis',(0.,-0.589348376101451,0.80787900801208));
#6890=DIRECTION('ref_axis',(0.,0.80787900801208,0.589348376101451));
#6891=DIRECTION('center_axis',(1.,-2.368475785867E-16,0.));
#6892=DIRECTION('ref_axis',(5.18913448755882E-17,0.219091726355112,0.975704266385433));
#6893=DIRECTION('center_axis',(-1.,2.368475785867E-16,0.));
#6894=DIRECTION('ref_axis',(5.32907051820075E-17,0.219091726355112,0.975704266385433));
#6895=DIRECTION('center_axis',(1.39585735823632E-16,0.58934837610145,-0.807879008012081));
#6896=DIRECTION('ref_axis',(-0.707106781186546,0.571256724943611,0.416732233222608));
#6897=DIRECTION('center_axis',(0.,1.,0.));
#6898=DIRECTION('ref_axis',(-1.30861627334655E-16,0.,1.));
#6899=DIRECTION('',(-1.39585735823632E-16,-0.58934837610145,0.807879008012081));
#6900=DIRECTION('center_axis',(1.,0.,0.));
#6901=DIRECTION('ref_axis',(0.,-1.,0.));
#6902=DIRECTION('',(1.,0.,0.));
#6903=DIRECTION('center_axis',(1.,0.,0.));
#6904=DIRECTION('ref_axis',(0.,0.219091726355112,0.975704266385433));
#6905=DIRECTION('center_axis',(1.,0.,0.));
#6906=DIRECTION('ref_axis',(0.,0.478352198995639,-0.878168078283444));
#6907=DIRECTION('',(1.,0.,0.));
#6908=DIRECTION('center_axis',(-1.,0.,0.));
#6909=DIRECTION('ref_axis',(0.,0.342354631962729,-0.939570809451669));
#6910=DIRECTION('center_axis',(0.,-1.,2.28532272713094E-15));
#6911=DIRECTION('ref_axis',(0.,2.28532272713094E-15,1.));
#6912=DIRECTION('',(-5.41273154210118E-31,-2.28532272713094E-15,-1.));
#6913=DIRECTION('',(-1.,0.,0.));
#6914=DIRECTION('',(0.,2.28532272713094E-15,1.));
#6915=DIRECTION('',(-1.,0.,0.));
#6916=DIRECTION('center_axis',(0.,-0.58934837610145,0.807879008012081));
#6917=DIRECTION('ref_axis',(0.707106781186546,0.571256724943611,0.416732233222608));
#6918=DIRECTION('center_axis',(0.,0.589348376101454,-0.807879008012078));
#6919=DIRECTION('ref_axis',(0.,0.807879008012078,0.589348376101454));
#6920=DIRECTION('center_axis',(1.,0.,0.));
#6921=DIRECTION('ref_axis',(0.,0.219091726355112,0.975704266385433));
#6922=DIRECTION('center_axis',(0.,0.878168078283446,0.478352198995635));
#6923=DIRECTION('ref_axis',(0.,-0.478352198995635,0.878168078283446));
#6924=DIRECTION('center_axis',(-1.,0.,0.));
#6925=DIRECTION('ref_axis',(0.,0.,1.));
#6926=DIRECTION('center_axis',(0.,0.,1.));
#6927=DIRECTION('ref_axis',(-1.,0.,0.));
#6928=DIRECTION('',(0.,0.,-1.));
#6929=DIRECTION('center_axis',(0.,0.,-1.));
#6930=DIRECTION('ref_axis',(-1.,0.,0.));
#6931=DIRECTION('center_axis',(0.,-1.,4.01130587356266E-14));
#6932=DIRECTION('ref_axis',(0.,-4.01130587356266E-14,-1.));
#6933=DIRECTION('',(1.,0.,0.));
#6934=DIRECTION('',(0.,4.01130587356266E-14,1.));
#6935=DIRECTION('',(0.,-4.01130587356266E-14,-1.));
#6936=DIRECTION('',(-1.,0.,0.));
#6937=DIRECTION('center_axis',(0.,0.,-1.));
#6938=DIRECTION('ref_axis',(1.,0.,0.));
#6939=DIRECTION('',(-1.,0.,0.));
#6940=DIRECTION('',(0.,-1.,0.));
#6941=DIRECTION('center_axis',(0.,1.,0.));
#6942=DIRECTION('ref_axis',(-1.,0.,0.));
#6943=DIRECTION('',(0.,0.,-1.));
#6944=DIRECTION('center_axis',(0.,0.973127066331804,0.230268783755979));
#6945=DIRECTION('ref_axis',(0.,-0.230268783755979,0.973127066331804));
#6946=DIRECTION('center_axis',(0.,-1.,0.));
#6947=DIRECTION('ref_axis',(0.,0.,-1.));
#6948=DIRECTION('',(-1.,0.,0.));
#6949=DIRECTION('center_axis',(1.,0.,0.));
#6950=DIRECTION('ref_axis',(0.,-0.707106781186547,0.707106781186547));
#6951=DIRECTION('center_axis',(-1.,0.,0.));
#6952=DIRECTION('ref_axis',(0.,-0.707106781186547,0.707106781186547));
#6953=DIRECTION('center_axis',(1.,0.,0.));
#6954=DIRECTION('ref_axis',(0.,-0.707106781186547,0.707106781186547));
#6955=DIRECTION('',(1.,0.,0.));
#6956=DIRECTION('center_axis',(1.,0.,0.));
#6957=DIRECTION('ref_axis',(0.,1.,0.));
#6958=DIRECTION('center_axis',(1.,0.,0.));
#6959=DIRECTION('ref_axis',(0.,0.978256153976822,0.207400330777164));
#6960=DIRECTION('',(0.,0.,-1.));
#6961=DIRECTION('center_axis',(-1.,0.,0.));
#6962=DIRECTION('ref_axis',(0.,1.,0.));
#6963=DIRECTION('center_axis',(0.,0.,1.));
#6964=DIRECTION('ref_axis',(-1.,0.,0.));
#6965=DIRECTION('',(1.,0.,0.));
#6966=DIRECTION('',(0.,1.,0.));
#6967=DIRECTION('center_axis',(0.,0.,-1.));
#6968=DIRECTION('ref_axis',(-1.,-1.38777878078145E-17,0.));
#6969=DIRECTION('center_axis',(0.,0.,1.));
#6970=DIRECTION('ref_axis',(-1.,0.,0.));
#6971=DIRECTION('',(-1.,0.,0.));
#6972=DIRECTION('center_axis',(1.,-2.368475785867E-16,0.));
#6973=DIRECTION('ref_axis',(2.368475785867E-16,1.,0.));
#6974=DIRECTION('',(0.,0.,-1.));
#6975=DIRECTION('center_axis',(-1.,2.368475785867E-16,0.));
#6976=DIRECTION('ref_axis',(0.,0.978256153976822,0.207400330777164));
#6977=DIRECTION('',(-6.73161305788597E-32,-2.8421709430404E-16,1.));
#6978=DIRECTION('',(2.368475785867E-16,1.,0.));
#6979=DIRECTION('center_axis',(1.,-2.368475785867E-16,0.));
#6980=DIRECTION('ref_axis',(0.,1.,0.));
#6981=DIRECTION('center_axis',(0.,0.,1.));
#6982=DIRECTION('ref_axis',(0.707106781186547,0.707106781186547,0.));
#6983=DIRECTION('center_axis',(0.,0.,-1.));
#6984=DIRECTION('ref_axis',(-1.,-1.38777878078145E-17,0.));
#6985=DIRECTION('',(0.,0.,-1.));
#6986=DIRECTION('center_axis',(0.,1.47594908029474E-13,-1.));
#6987=DIRECTION('ref_axis',(0.,1.,1.47594908029474E-13));
#6988=DIRECTION('',(0.,1.,1.47594908029474E-13));
#6989=DIRECTION('',(-1.,0.,0.));
#6990=DIRECTION('center_axis',(1.,0.,0.));
#6991=DIRECTION('ref_axis',(0.,0.,-1.));
#6992=DIRECTION('',(0.,1.,1.47650992354991E-13));
#6993=DIRECTION('center_axis',(0.,1.47650992354991E-13,-1.));
#6994=DIRECTION('ref_axis',(0.,1.,1.47650992354991E-13));
#6995=DIRECTION('center_axis',(0.,0.,1.));
#6996=DIRECTION('ref_axis',(-1.,0.,0.));
#6997=DIRECTION('center_axis',(0.,0.,-1.));
#6998=DIRECTION('ref_axis',(-1.,0.,0.));
#6999=DIRECTION('center_axis',(-0.914033393741615,0.,0.405638946755837));
#7000=DIRECTION('ref_axis',(-0.405638946755837,-5.62937122966289E-18,-0.914033393741615));
#7001=DIRECTION('',(0.,-1.,0.));
#7002=DIRECTION('center_axis',(0.,0.,1.));
#7003=DIRECTION('ref_axis',(0.,1.,0.));
#7004=DIRECTION('center_axis',(0.,0.,-1.));
#7005=DIRECTION('ref_axis',(-1.,-1.38777878078145E-17,0.));
#7006=DIRECTION('center_axis',(0.,0.,-1.));
#7007=DIRECTION('ref_axis',(-1.,-1.38777878078145E-17,0.));
#7008=DIRECTION('',(0.,0.,-1.));
#7009=DIRECTION('center_axis',(0.,0.,1.));
#7010=DIRECTION('ref_axis',(0.,1.,0.));
#7011=DIRECTION('',(1.,0.,0.));
#7012=DIRECTION('',(0.,1.,0.));
#7013=DIRECTION('',(-1.,0.,0.));
#7014=DIRECTION('center_axis',(0.,-0.707106781186548,-0.707106781186548));
#7015=DIRECTION('ref_axis',(-1.,0.,0.));
#7016=DIRECTION('',(0.,-0.707106781186548,0.707106781186548));
#7017=DIRECTION('center_axis',(0.,-1.,-1.47598669873597E-13));
#7018=DIRECTION('ref_axis',(0.,-1.47598669873597E-13,1.));
#7019=DIRECTION('',(0.,-1.47598669873597E-13,1.));
#7020=DIRECTION('',(-1.,0.,0.));
#7021=DIRECTION('',(0.,-1.47598669873597E-13,1.));
#7022=DIRECTION('',(-1.,0.,0.));
#7023=DIRECTION('',(0.,1.47598669873597E-13,-1.));
#7024=DIRECTION('center_axis',(1.,0.,0.));
#7025=DIRECTION('ref_axis',(0.,1.,0.));
#7026=DIRECTION('',(0.,0.,-1.));
#7027=DIRECTION('center_axis',(-1.,0.,0.));
#7028=DIRECTION('ref_axis',(0.,0.978256153976822,0.207400330777164));
#7029=DIRECTION('center_axis',(-1.,0.,0.));
#7030=DIRECTION('ref_axis',(0.,1.,0.));
#7031=DIRECTION('center_axis',(0.,-1.,0.));
#7032=DIRECTION('ref_axis',(0.,0.,-1.));
#7033=DIRECTION('center_axis',(-1.,0.,0.));
#7034=DIRECTION('ref_axis',(0.,0.978256153976822,0.207400330777164));
#7035=DIRECTION('center_axis',(-1.,0.,0.));
#7036=DIRECTION('ref_axis',(0.,0.930063065733776,0.367399909850137));
#7037=DIRECTION('center_axis',(-1.,0.,0.));
#7038=DIRECTION('ref_axis',(0.,0.978256153976822,0.207400330777164));
#7039=DIRECTION('center_axis',(-1.,0.,0.));
#7040=DIRECTION('ref_axis',(0.,0.978256153976822,0.207400330777164));
#7041=DIRECTION('center_axis',(1.,0.,0.));
#7042=DIRECTION('ref_axis',(0.,0.978256153976822,0.207400330777164));
#7043=DIRECTION('center_axis',(1.,0.,0.));
#7044=DIRECTION('ref_axis',(0.,1.,0.));
#7045=DIRECTION('',(-1.,0.,0.));
#7046=DIRECTION('center_axis',(1.,0.,0.));
#7047=DIRECTION('ref_axis',(0.,1.,0.));
#7048=DIRECTION('center_axis',(-1.,0.,0.));
#7049=DIRECTION('ref_axis',(0.,1.,0.));
#7050=DIRECTION('center_axis',(-1.,0.,0.));
#7051=DIRECTION('ref_axis',(0.,1.,0.));
#7052=DIRECTION('',(-1.,0.,0.));
#7053=DIRECTION('center_axis',(1.,0.,0.));
#7054=DIRECTION('ref_axis',(0.,1.,0.));
#7055=DIRECTION('',(-1.,0.,0.));
#7056=DIRECTION('center_axis',(1.,0.,0.));
#7057=DIRECTION('ref_axis',(0.,1.,0.));
#7058=DIRECTION('center_axis',(1.,0.,0.));
#7059=DIRECTION('ref_axis',(0.,1.,0.));
#7060=DIRECTION('center_axis',(-1.,0.,0.));
#7061=DIRECTION('ref_axis',(0.,1.,0.));
#7062=DIRECTION('center_axis',(1.,0.,0.));
#7063=DIRECTION('ref_axis',(0.,1.,0.));
#7064=DIRECTION('',(-1.,0.,0.));
#7065=DIRECTION('center_axis',(1.,0.,0.));
#7066=DIRECTION('ref_axis',(0.,1.,0.));
#7067=DIRECTION('center_axis',(1.,0.,0.));
#7068=DIRECTION('ref_axis',(0.,1.,0.));
#7069=DIRECTION('center_axis',(-1.,0.,0.));
#7070=DIRECTION('ref_axis',(0.,1.,0.));
#7071=DIRECTION('center_axis',(-1.,0.,0.));
#7072=DIRECTION('ref_axis',(0.,-0.851527886647407,0.524309315444424));
#7073=DIRECTION('',(-1.,0.,0.));
#7074=DIRECTION('center_axis',(1.,0.,0.));
#7075=DIRECTION('ref_axis',(0.,-1.,0.));
#7076=DIRECTION('',(1.,0.,0.));
#7077=DIRECTION('center_axis',(1.,0.,0.));
#7078=DIRECTION('ref_axis',(0.,0.478352198995639,-0.878168078283444));
#7079=DIRECTION('center_axis',(0.,0.,1.));
#7080=DIRECTION('ref_axis',(-1.,0.,0.));
#7081=DIRECTION('',(-1.,0.,0.));
#7082=DIRECTION('center_axis',(0.,1.,0.));
#7083=DIRECTION('ref_axis',(0.,0.,1.));
#7084=DIRECTION('center_axis',(1.,0.,0.));
#7085=DIRECTION('ref_axis',(0.,-1.,0.));
#7086=DIRECTION('',(1.,0.,0.));
#7087=DIRECTION('center_axis',(1.,0.,0.));
#7088=DIRECTION('ref_axis',(0.,-1.,0.));
#7089=DIRECTION('',(1.,0.,0.));
#7090=DIRECTION('center_axis',(1.,0.,0.));
#7091=DIRECTION('ref_axis',(0.,1.,0.));
#7092=DIRECTION('',(0.,-4.01519578658932E-14,-1.));
#7093=DIRECTION('',(0.,-1.,1.9401115842727E-15));
#7094=DIRECTION('center_axis',(1.,0.,0.));
#7095=DIRECTION('ref_axis',(0.,1.,0.));
#7096=DIRECTION('',(0.,4.01519578658932E-14,1.));
#7097=DIRECTION('center_axis',(1.,0.,0.));
#7098=DIRECTION('ref_axis',(0.,0.978838293314096,0.204635274432212));
#7099=DIRECTION('',(0.,-1.,1.9401115842727E-15));
#7100=DIRECTION('center_axis',(0.,1.,-4.01519578658932E-14));
#7101=DIRECTION('ref_axis',(0.,-4.01519578658932E-14,-1.));
#7102=DIRECTION('',(-1.,0.,0.));
#7103=DIRECTION('',(-1.,0.,0.));
#7104=DIRECTION('center_axis',(0.,-1.9401115842727E-15,-1.));
#7105=DIRECTION('ref_axis',(0.,-1.,1.9401115842727E-15));
#7106=DIRECTION('center_axis',(-1.,0.,0.));
#7107=DIRECTION('ref_axis',(0.,0.978838293314096,0.204635274432212));
#7108=DIRECTION('center_axis',(0.,0.,1.));
#7109=DIRECTION('ref_axis',(-1.,0.,0.));
#7110=DIRECTION('',(0.,0.,1.));
#7111=DIRECTION('center_axis',(0.,-1.,0.));
#7112=DIRECTION('ref_axis',(0.,0.,-1.));
#7113=DIRECTION('center_axis',(1.,0.,0.));
#7114=DIRECTION('ref_axis',(0.,0.,1.));
#7115=DIRECTION('center_axis',(1.,0.,0.));
#7116=DIRECTION('ref_axis',(0.,1.,0.));
#7117=DIRECTION('center_axis',(-1.,0.,0.));
#7118=DIRECTION('ref_axis',(0.,1.,0.));
#7119=DIRECTION('center_axis',(-1.,0.,0.));
#7120=DIRECTION('ref_axis',(0.,1.,0.));
#7121=DIRECTION('',(1.,0.,0.));
#7122=DIRECTION('center_axis',(1.,0.,0.));
#7123=DIRECTION('ref_axis',(0.,1.,0.));
#7124=DIRECTION('center_axis',(-1.,0.,0.));
#7125=DIRECTION('ref_axis',(0.,0.978256153976822,0.207400330777164));
#7126=DIRECTION('center_axis',(1.,0.,0.));
#7127=DIRECTION('ref_axis',(0.,0.,1.));
#7128=CARTESIAN_POINT('',(0.,0.,0.));
#7129=CARTESIAN_POINT('Origin',(-726.,1024.54005722642,-307.5));
#7130=CARTESIAN_POINT('',(-716.,79.0569415042095,-307.5));
#7131=CARTESIAN_POINT('',(-726.,0.,-317.5));
#7132=CARTESIAN_POINT('Ctrl Pts',(-726.,0.,-317.5));
#7133=CARTESIAN_POINT('Ctrl Pts',(-724.894355953553,6.22998780487193,-317.5));
#7134=CARTESIAN_POINT('Ctrl Pts',(-723.733367084649,12.7615842255808,-317.313822356578));
#7135=CARTESIAN_POINT('Ctrl Pts',(-721.469402843022,26.1036333588861,-316.49568756112));
#7136=CARTESIAN_POINT('Ctrl Pts',(-720.366974950021,32.9141677948421,-315.863548247737));
#7137=CARTESIAN_POINT('Ctrl Pts',(-718.420905071211,46.499518735675,-314.15110744817));
#7138=CARTESIAN_POINT('Ctrl Pts',(-717.577235400207,53.2751281909943,-313.070724368176));
#7139=CARTESIAN_POINT('Ctrl Pts',(-716.367860272159,66.4898876733367,-310.532788270277));
#7140=CARTESIAN_POINT('Ctrl Pts',(-716.,72.9288904567775,-309.075495847778));
#7141=CARTESIAN_POINT('Ctrl Pts',(-716.,79.0569415042095,-307.5));
#7142=CARTESIAN_POINT('',(-726.,942.185807377154,-317.5));
#7143=CARTESIAN_POINT('',(-726.,1024.54005722642,-317.5));
#7144=CARTESIAN_POINT('',(-716.,942.185807377153,-307.5));
#7145=CARTESIAN_POINT('Origin',(-726.,942.185807377174,-307.5));
#7146=CARTESIAN_POINT('',(-716.,1024.54005722642,-307.5));
#7147=CARTESIAN_POINT('Origin',(-1950.,1024.54005722642,-317.5));
#7148=CARTESIAN_POINT('',(-2183.,0.,-317.5));
#7149=CARTESIAN_POINT('',(-2350.,0.,-317.5));
#7150=CARTESIAN_POINT('',(-2183.,942.185807377154,-317.5));
#7151=CARTESIAN_POINT('',(-2183.,1024.54005722642,-317.5));
#7152=CARTESIAN_POINT('',(-451.,942.185807377154,-317.5));
#7153=CARTESIAN_POINT('Origin',(-726.,1024.54005722642,307.5));
#7154=CARTESIAN_POINT('',(-716.,893.522405375478,307.5));
#7155=CARTESIAN_POINT('',(-726.,889.628905657931,317.5));
#7156=CARTESIAN_POINT('Ctrl Pts',(-726.,889.628905657931,317.5));
#7157=CARTESIAN_POINT('Ctrl Pts',(-724.74840580826,889.628905657931,317.5));
#7158=CARTESIAN_POINT('Ctrl Pts',(-723.420384322478,889.727687822663,317.250202575409));
#7159=CARTESIAN_POINT('Ctrl Pts',(-720.992843539494,890.119989558373,316.25495585476));
#7160=CARTESIAN_POINT('Ctrl Pts',(-719.89300109333,890.413103681734,315.510135111847));
#7161=CARTESIAN_POINT('Ctrl Pts',(-718.092657792976,891.099214899915,313.758979024674));
#7162=CARTESIAN_POINT('Ctrl Pts',(-717.299087080219,891.547254363751,312.611578605737));
#7163=CARTESIAN_POINT('Ctrl Pts',(-716.252926015319,892.516776468992,310.113172469398));
#7164=CARTESIAN_POINT('Ctrl Pts',(-716.,893.038089855844,308.76224163912));
#7165=CARTESIAN_POINT('Ctrl Pts',(-716.,893.522405375478,307.5));
#7166=CARTESIAN_POINT('',(-726.,0.,317.5));
#7167=CARTESIAN_POINT('',(-726.,1024.54005722642,317.5));
#7168=CARTESIAN_POINT('',(-716.,79.0569415042095,307.5));
#7169=CARTESIAN_POINT('Ctrl Pts',(-716.,79.0569415042095,307.5));
#7170=CARTESIAN_POINT('Ctrl Pts',(-716.,72.9288904567775,309.075495847778));
#7171=CARTESIAN_POINT('Ctrl Pts',(-716.367860272159,66.4898876733367,310.532788270277));
#7172=CARTESIAN_POINT('Ctrl Pts',(-717.577235400207,53.2751281909943,313.070724368176));
#7173=CARTESIAN_POINT('Ctrl Pts',(-718.420905071211,46.499518735675,314.15110744817));
#7174=CARTESIAN_POINT('Ctrl Pts',(-720.366974950021,32.9141677948421,315.863548247737));
#7175=CARTESIAN_POINT('Ctrl Pts',(-721.469402843022,26.1036333588861,316.49568756112));
#7176=CARTESIAN_POINT('Ctrl Pts',(-723.733367084649,12.7615842255808,317.313822356578));
#7177=CARTESIAN_POINT('Ctrl Pts',(-724.894355953553,6.22998780487193,317.5));
#7178=CARTESIAN_POINT('Ctrl Pts',(-726.,0.,317.5));
#7179=CARTESIAN_POINT('',(-716.,1024.54005722642,307.5));
#7180=CARTESIAN_POINT('Origin',(-959.,1024.54005722642,317.5));
#7181=CARTESIAN_POINT('',(-766.,889.628905657931,317.5));
#7182=CARTESIAN_POINT('',(56.9999999999999,889.628905657931,317.5));
#7183=CARTESIAN_POINT('',(-766.,600.,317.5));
#7184=CARTESIAN_POINT('',(-766.,918.665553121102,317.5));
#7185=CARTESIAN_POINT('',(-806.,600.,317.5));
#7186=CARTESIAN_POINT('',(-882.5,600.,317.5));
#7187=CARTESIAN_POINT('',(-806.,889.628905657931,317.5));
#7188=CARTESIAN_POINT('',(-806.,918.665553121102,317.5));
#7189=CARTESIAN_POINT('',(-1026.,889.628905657931,317.5));
#7190=CARTESIAN_POINT('',(56.9999999999999,889.628905657931,317.5));
#7191=CARTESIAN_POINT('',(-1026.,600.,317.5));
#7192=CARTESIAN_POINT('',(-1026.,600.,317.5));
#7193=CARTESIAN_POINT('',(-1066.,600.,317.5));
#7194=CARTESIAN_POINT('',(-1012.5,600.,317.5));
#7195=CARTESIAN_POINT('',(-1066.,889.628905657931,317.5));
#7196=CARTESIAN_POINT('',(-1066.,896.955715823159,317.5));
#7197=CARTESIAN_POINT('',(-1843.,889.628905657931,317.5));
#7198=CARTESIAN_POINT('',(-2966.,889.628905657931,317.5));
#7199=CARTESIAN_POINT('',(-1843.,600.,317.5));
#7200=CARTESIAN_POINT('',(-1843.,896.955715823159,317.5));
#7201=CARTESIAN_POINT('',(-1883.,600.,317.5));
#7202=CARTESIAN_POINT('',(-1896.5,600.,317.5));
#7203=CARTESIAN_POINT('',(-1883.,889.628905657931,317.5));
#7204=CARTESIAN_POINT('',(-1883.,600.,317.5));
#7205=CARTESIAN_POINT('',(-2103.,889.628905657931,317.5));
#7206=CARTESIAN_POINT('',(-2966.,889.628905657931,317.5));
#7207=CARTESIAN_POINT('',(-2103.,600.,317.5));
#7208=CARTESIAN_POINT('',(-2103.,918.665553121102,317.5));
#7209=CARTESIAN_POINT('',(-2143.,600.,317.5));
#7210=CARTESIAN_POINT('',(-2026.5,600.,317.5));
#7211=CARTESIAN_POINT('',(-2143.,889.628905657931,317.5));
#7212=CARTESIAN_POINT('',(-2143.,918.665553121102,317.5));
#7213=CARTESIAN_POINT('',(-2183.,889.628905657931,317.5));
#7214=CARTESIAN_POINT('',(-2966.,889.628905657931,317.5));
#7215=CARTESIAN_POINT('',(-2183.,0.,317.5));
#7216=CARTESIAN_POINT('',(-2183.,1024.54005722642,317.5));
#7217=CARTESIAN_POINT('',(-559.,0.,317.5));
#7218=CARTESIAN_POINT('Origin',(-2183.,1024.54005722642,-307.5));
#7219=CARTESIAN_POINT('',(-2193.,79.0569415042095,-307.5));
#7220=CARTESIAN_POINT('Ctrl Pts',(-2193.,79.0569415042095,-307.5));
#7221=CARTESIAN_POINT('Ctrl Pts',(-2193.,72.9288904567775,-309.075495847778));
#7222=CARTESIAN_POINT('Ctrl Pts',(-2192.63213972784,66.4898876733367,-310.532788270277));
#7223=CARTESIAN_POINT('Ctrl Pts',(-2191.42276459979,53.2751281909943,-313.070724368176));
#7224=CARTESIAN_POINT('Ctrl Pts',(-2190.57909492879,46.499518735675,-314.15110744817));
#7225=CARTESIAN_POINT('Ctrl Pts',(-2188.63302504998,32.9141677948421,-315.863548247737));
#7226=CARTESIAN_POINT('Ctrl Pts',(-2187.53059715698,26.1036333588862,-316.49568756112));
#7227=CARTESIAN_POINT('Ctrl Pts',(-2185.26663291535,12.7615842255809,-317.313822356578));
#7228=CARTESIAN_POINT('Ctrl Pts',(-2184.10564404645,6.22998780487193,-317.5));
#7229=CARTESIAN_POINT('Ctrl Pts',(-2183.,0.,-317.5));
#7230=CARTESIAN_POINT('',(-2193.,942.185807377153,-307.5));
#7231=CARTESIAN_POINT('',(-2193.,1024.54005722642,-307.5));
#7232=CARTESIAN_POINT('Origin',(-2183.,942.185807377174,-307.5));
#7233=CARTESIAN_POINT('Origin',(-2193.,1024.54005722642,-317.5));
#7234=CARTESIAN_POINT('',(-2193.,79.0569415042095,307.5));
#7235=CARTESIAN_POINT('Origin',(-2193.,0.,0.));
#7236=CARTESIAN_POINT('',(-2193.,893.522405375478,307.5));
#7237=CARTESIAN_POINT('',(-2193.,1024.54005722642,307.5));
#7238=CARTESIAN_POINT('',(-2193.,942.185807377086,143.012693645278));
#7239=CARTESIAN_POINT('Origin',(-2193.,-124.650006950236,-83.1674329779323));
#7240=CARTESIAN_POINT('',(-2193.,942.185807377164,-384.750000000004));
#7241=CARTESIAN_POINT('Origin',(-2183.,1024.54005722642,307.5));
#7242=CARTESIAN_POINT('Ctrl Pts',(-2193.,893.522405375478,307.5));
#7243=CARTESIAN_POINT('Ctrl Pts',(-2193.,893.038089855844,308.762241639119));
#7244=CARTESIAN_POINT('Ctrl Pts',(-2192.74707398468,892.516776468992,310.113172469398));
#7245=CARTESIAN_POINT('Ctrl Pts',(-2191.70091291978,891.547254363751,312.611578605737));
#7246=CARTESIAN_POINT('Ctrl Pts',(-2190.90734220703,891.099214899915,313.758979024674));
#7247=CARTESIAN_POINT('Ctrl Pts',(-2189.10699890667,890.413103681734,315.510135111847));
#7248=CARTESIAN_POINT('Ctrl Pts',(-2188.00715646051,890.119989558373,316.25495585476));
#7249=CARTESIAN_POINT('Ctrl Pts',(-2185.57961567752,889.727687822663,317.250202575409));
#7250=CARTESIAN_POINT('Ctrl Pts',(-2184.25159419174,889.628905657931,317.5));
#7251=CARTESIAN_POINT('Ctrl Pts',(-2183.,889.628905657931,317.5));
#7252=CARTESIAN_POINT('Ctrl Pts',(-2183.,0.,317.5));
#7253=CARTESIAN_POINT('Ctrl Pts',(-2184.10564404645,6.22998780487193,317.5));
#7254=CARTESIAN_POINT('Ctrl Pts',(-2185.26663291535,12.7615842255809,317.313822356578));
#7255=CARTESIAN_POINT('Ctrl Pts',(-2187.53059715698,26.1036333588862,316.49568756112));
#7256=CARTESIAN_POINT('Ctrl Pts',(-2188.63302504998,32.9141677948421,315.863548247737));
#7257=CARTESIAN_POINT('Ctrl Pts',(-2190.57909492879,46.499518735675,314.15110744817));
#7258=CARTESIAN_POINT('Ctrl Pts',(-2191.42276459979,53.2751281909943,313.070724368176));
#7259=CARTESIAN_POINT('Ctrl Pts',(-2192.63213972784,66.4898876733367,310.532788270277));
#7260=CARTESIAN_POINT('Ctrl Pts',(-2193.,72.9288904567775,309.075495847778));
#7261=CARTESIAN_POINT('Ctrl Pts',(-2193.,79.0569415042095,307.5));
#7262=CARTESIAN_POINT('Origin',(56.9999999999999,767.024555275138,561.90895797544));
#7263=CARTESIAN_POINT('',(-716.,758.922463137439,556.047550039438));
#7264=CARTESIAN_POINT('',(-716.,767.024555275138,571.90895797544));
#7265=CARTESIAN_POINT('Origin',(-716.,767.024555275138,561.90895797544));
#7266=CARTESIAN_POINT('',(-766.,767.024555275138,571.90895797544));
#7267=CARTESIAN_POINT('',(56.9999999999999,767.024555275138,571.90895797544));
#7268=CARTESIAN_POINT('',(-766.,758.922463137439,556.047550039437));
#7269=CARTESIAN_POINT('Origin',(-766.,767.024555275138,561.90895797544));
#7270=CARTESIAN_POINT('',(56.9999999999999,758.922463137439,556.047550039438));
#7271=CARTESIAN_POINT('Origin',(-1454.5,511.728184573268,571.90895797544));
#7272=CARTESIAN_POINT('',(-766.,700.,571.90895797544));
#7273=CARTESIAN_POINT('',(-766.,747.227866622799,571.90895797544));
#7274=CARTESIAN_POINT('',(-716.,1014.54005722642,571.90895797544));
#7275=CARTESIAN_POINT('',(-716.,1200.,571.90895797544));
#7276=CARTESIAN_POINT('',(-966.,1014.54005722642,571.90895797544));
#7277=CARTESIAN_POINT('',(-1454.5,1014.54005722642,571.90895797544));
#7278=CARTESIAN_POINT('',(-966.,767.024555275138,571.90895797544));
#7279=CARTESIAN_POINT('',(-966.,640.549779496585,571.90895797544));
#7280=CARTESIAN_POINT('',(-806.,767.024555275138,571.90895797544));
#7281=CARTESIAN_POINT('',(56.9999999999999,767.024555275138,571.90895797544));
#7282=CARTESIAN_POINT('',(-806.,700.,571.90895797544));
#7283=CARTESIAN_POINT('',(-806.,747.227866622799,571.90895797544));
#7284=CARTESIAN_POINT('',(-1130.25,700.,571.90895797544));
#7285=CARTESIAN_POINT('Origin',(-2966.,767.024555275138,561.90895797544));
#7286=CARTESIAN_POINT('',(-2193.,767.024555275138,571.90895797544));
#7287=CARTESIAN_POINT('',(-2193.,758.922463137439,556.047550039438));
#7288=CARTESIAN_POINT('Origin',(-2193.,767.024555275138,561.90895797544));
#7289=CARTESIAN_POINT('',(-2143.,758.922463137439,556.047550039437));
#7290=CARTESIAN_POINT('',(-2966.,758.922463137439,556.047550039438));
#7291=CARTESIAN_POINT('',(-2143.,767.024555275138,571.90895797544));
#7292=CARTESIAN_POINT('Origin',(-2143.,767.024555275138,561.90895797544));
#7293=CARTESIAN_POINT('',(-2966.,767.024555275138,571.90895797544));
#7294=CARTESIAN_POINT('Origin',(-2966.,-124.650006950236,-83.1674329779323));
#7295=CARTESIAN_POINT('',(-2193.,165.691299147724,968.021432252319));
#7296=CARTESIAN_POINT('Origin',(-2193.,-124.650006950236,-83.1674329779323));
#7297=CARTESIAN_POINT('',(-2966.,165.691299147724,968.021432252319));
#7298=CARTESIAN_POINT('',(-2966.,165.691299147724,968.021432252319));
#7299=CARTESIAN_POINT('',(-2966.,942.185807377086,143.012693645278));
#7300=CARTESIAN_POINT('Origin',(-2966.,-124.650006950236,-83.1674329779323));
#7301=CARTESIAN_POINT('',(-2966.,942.185807377086,143.012693645278));
#7302=CARTESIAN_POINT('Origin',(-2143.,-124.650006950236,-83.1674329779323));
#7303=CARTESIAN_POINT('Origin',(56.9999999999999,767.024555275138,561.90895797544));
#7304=CARTESIAN_POINT('',(-966.,758.922463137439,556.047550039438));
#7305=CARTESIAN_POINT('Origin',(-966.,767.024555275138,561.90895797544));
#7306=CARTESIAN_POINT('',(-806.,758.922463137439,556.047550039437));
#7307=CARTESIAN_POINT('',(56.9999999999999,758.922463137439,556.047550039438));
#7308=CARTESIAN_POINT('Origin',(-806.,767.024555275138,561.90895797544));
#7309=CARTESIAN_POINT('Origin',(-2966.,767.024555275138,561.90895797544));
#7310=CARTESIAN_POINT('',(-1943.,758.922463137439,556.047550039438));
#7311=CARTESIAN_POINT('',(-1943.,767.024555275138,571.90895797544));
#7312=CARTESIAN_POINT('Origin',(-1943.,767.024555275138,561.90895797544));
#7313=CARTESIAN_POINT('',(-2103.,767.024555275138,571.90895797544));
#7314=CARTESIAN_POINT('',(-2966.,767.024555275138,571.90895797544));
#7315=CARTESIAN_POINT('',(-2103.,758.922463137439,556.047550039437));
#7316=CARTESIAN_POINT('Origin',(-2103.,767.024555275138,561.90895797544));
#7317=CARTESIAN_POINT('',(-2966.,758.922463137439,556.047550039438));
#7318=CARTESIAN_POINT('Origin',(-2966.,-124.650006950236,-83.1674329779323));
#7319=CARTESIAN_POINT('',(-1943.,747.227866622799,571.90895797544));
#7320=CARTESIAN_POINT('Origin',(-1943.,-124.650006950236,-83.1674329779323));
#7321=CARTESIAN_POINT('Origin',(-2103.,-124.650006950236,-83.1674329779323));
#7322=CARTESIAN_POINT('',(-1883.,747.227866622799,571.90895797544));
#7323=CARTESIAN_POINT('Origin',(-1883.,-124.650006950226,-83.1674329779263));
#7324=CARTESIAN_POINT('',(-1943.,747.227866622799,571.90895797544));
#7325=CARTESIAN_POINT('Origin',(56.9999999999999,767.024555275138,561.90895797544));
#7326=CARTESIAN_POINT('',(-1066.,758.922463137439,556.047550039437));
#7327=CARTESIAN_POINT('',(-1066.,767.024555275138,571.90895797544));
#7328=CARTESIAN_POINT('Origin',(-1066.,767.024555275138,561.90895797544));
#7329=CARTESIAN_POINT('',(-1843.,767.024555275138,571.90895797544));
#7330=CARTESIAN_POINT('',(56.9999999999999,767.024555275138,571.90895797544));
#7331=CARTESIAN_POINT('',(-1843.,758.922463137439,556.047550039437));
#7332=CARTESIAN_POINT('Origin',(-1843.,767.024555275138,561.90895797544));
#7333=CARTESIAN_POINT('',(56.9999999999999,758.922463137439,556.047550039438));
#7334=CARTESIAN_POINT('Origin',(-1454.5,511.728184573268,571.90895797544));
#7335=CARTESIAN_POINT('',(-1066.,1014.54005722642,571.90895797544));
#7336=CARTESIAN_POINT('',(-1066.,640.549779496585,571.90895797544));
#7337=CARTESIAN_POINT('',(-1843.,1014.54005722642,571.90895797544));
#7338=CARTESIAN_POINT('',(-1454.5,1014.54005722642,571.90895797544));
#7339=CARTESIAN_POINT('',(-1843.,640.549779496585,571.90895797544));
#7340=CARTESIAN_POINT('Origin',(-1454.5,1014.54005722642,561.90895797544));
#7341=CARTESIAN_POINT('',(-1943.,1024.54005722642,561.90895797544));
#7342=CARTESIAN_POINT('',(-1943.,1014.54005722642,571.90895797544));
#7343=CARTESIAN_POINT('Origin',(-1943.,1014.54005722642,561.90895797544));
#7344=CARTESIAN_POINT('',(-2193.,1024.54005722642,561.90895797544));
#7345=CARTESIAN_POINT('',(-1454.5,1024.54005722642,561.90895797544));
#7346=CARTESIAN_POINT('',(-2193.,1014.54005722642,571.90895797544));
#7347=CARTESIAN_POINT('Origin',(-2193.,1014.54005722642,561.90895797544));
#7348=CARTESIAN_POINT('',(-1454.5,1014.54005722642,571.90895797544));
#7349=CARTESIAN_POINT('Origin',(-1454.5,511.728184573268,571.90895797544));
#7350=CARTESIAN_POINT('',(-2143.,700.,571.90895797544));
#7351=CARTESIAN_POINT('',(-2143.,747.227866622799,571.90895797544));
#7352=CARTESIAN_POINT('',(-2103.,700.,571.90895797544));
#7353=CARTESIAN_POINT('',(-1778.75,700.,571.90895797544));
#7354=CARTESIAN_POINT('',(-2103.,747.227866622799,571.90895797544));
#7355=CARTESIAN_POINT('',(-1943.,640.549779496585,571.90895797544));
#7356=CARTESIAN_POINT('',(-2193.,1200.,571.90895797544));
#7357=CARTESIAN_POINT('Origin',(-1855.76722426292,1362.6032344439,-132.));
#7358=CARTESIAN_POINT('',(-1855.76722426292,1280.9262344439,-51.9999999999997));
#7359=CARTESIAN_POINT('',(-1855.76722426292,1280.9266608331,-61.9999999999997));
#7360=CARTESIAN_POINT('',(-1855.76722426292,1280.9266608331,-86.9999999999997));
#7361=CARTESIAN_POINT('',(-1855.76722426292,1361.73695835908,-61.9999999999997));
#7362=CARTESIAN_POINT('',(-1855.76722426292,1377.55161722195,-61.9999999999997));
#7363=CARTESIAN_POINT('',(-1855.76722426292,1361.73695835908,-142.));
#7364=CARTESIAN_POINT('',(-1855.76722426292,1361.73695835908,-91.9999999999997));
#7365=CARTESIAN_POINT('',(-1855.76722426292,1345.98704194499,-152.));
#7366=CARTESIAN_POINT('Origin',(-1855.76722426292,1345.98704194499,-142.));
#7367=CARTESIAN_POINT('',(-1855.76722426292,1306.95570379112,-152.));
#7368=CARTESIAN_POINT('',(-1855.76722426292,1377.55161722195,-152.));
#7369=CARTESIAN_POINT('',(-1855.76722426292,1314.69316085709,-184.698869437121));
#7370=CARTESIAN_POINT('',(-1855.76722426292,1344.35547935122,-310.053268352852));
#7371=CARTESIAN_POINT('',(-1855.76722426292,1304.96189019377,-197.001557274681));
#7372=CARTESIAN_POINT('Origin',(-1855.76722426292,1304.96189019377,-187.001557274681));
#7373=CARTESIAN_POINT('',(-1855.76722426292,1270.9262344439,-197.00155727468));
#7374=CARTESIAN_POINT('',(-1855.76722426292,1299.26527578786,-197.001557274681));
#7375=CARTESIAN_POINT('',(-1855.76722426292,1280.92623444388,-187.00155727468));
#7376=CARTESIAN_POINT('Origin',(-1855.76722426292,1270.9262344439,-187.00155727468));
#7377=CARTESIAN_POINT('',(-1855.76722426292,1280.92623444388,-152.));
#7378=CARTESIAN_POINT('Origin',(-1873.75,1270.9262344439,-187.00155727468));
#7379=CARTESIAN_POINT('',(-2204.5,1270.9262344439,-197.00155727468));
#7380=CARTESIAN_POINT('',(-1873.75,1270.9262344439,-197.00155727468));
#7381=CARTESIAN_POINT('',(-2214.5,1280.9262344439,-187.00155727468));
#7382=CARTESIAN_POINT('Origin',(-2214.5,1270.9262344439,-187.00155727468));
#7383=CARTESIAN_POINT('',(-1873.75,1280.9262344439,-187.00155727468));
#7384=CARTESIAN_POINT('Origin',(-2214.5,1270.9262344439,-228.081347575899));
#7385=CARTESIAN_POINT('',(-2204.5,1270.9262344439,-391.323833028886));
#7386=CARTESIAN_POINT('',(-2204.5,1270.9262344439,-228.081347575899));
#7387=CARTESIAN_POINT('',(-2214.5,1280.9262344439,-401.323833028886));
#7388=CARTESIAN_POINT('Origin',(-2214.5,1270.9262344439,-401.323833028886));
#7389=CARTESIAN_POINT('',(-2214.5,1280.9262344439,-228.081347575899));
#7390=CARTESIAN_POINT('Origin',(-2283.,1270.9262344439,211.169041742766));
#7391=CARTESIAN_POINT('',(-2293.,1270.9262344439,-171.999999999999));
#7392=CARTESIAN_POINT('',(-2293.,1270.9262344439,-431.323833028886));
#7393=CARTESIAN_POINT('',(-2293.,1270.9262344439,211.169041742766));
#7394=CARTESIAN_POINT('',(-2283.,1280.9262344439,-161.999999999999));
#7395=CARTESIAN_POINT('Origin',(-2283.,1270.9262344439,-161.999999999999));
#7396=CARTESIAN_POINT('',(-2283.,1280.92623444388,-431.323833028885));
#7397=CARTESIAN_POINT('',(-2283.,1280.9262344439,211.169041742766));
#7398=CARTESIAN_POINT('Origin',(-2283.,1270.9262344439,-431.323833028935));
#7399=CARTESIAN_POINT('Origin',(-2433.00000000002,1049.37091414385,-161.999999999991));
#7400=CARTESIAN_POINT('',(-2433.00000000002,1180.9262344439,-171.999999999996));
#7401=CARTESIAN_POINT('',(-2443.00000000002,1180.9262344439,-161.999999999996));
#7402=CARTESIAN_POINT('Origin',(-2433.00000000002,1180.9262344439,-161.999999999996));
#7403=CARTESIAN_POINT('',(-2433.00000000002,972.185807377185,-171.999999999988));
#7404=CARTESIAN_POINT('',(-2433.00000000002,1049.37091414385,-171.999999999991));
#7405=CARTESIAN_POINT('',(-2443.00000000002,972.185807377185,-161.999999999988));
#7406=CARTESIAN_POINT('Origin',(-2433.00000000002,972.185807377186,-161.999999999988));
#7407=CARTESIAN_POINT('',(-2443.00000000002,1049.37091414385,-161.999999999991));
#7408=CARTESIAN_POINT('Origin',(-2343.00000000002,1180.9262344439,-161.999999999988));
#7409=CARTESIAN_POINT('',(-2343.00000000002,1270.9262344439,-171.999999999999));
#7410=CARTESIAN_POINT('',(-2343.00000000002,1280.9262344439,-161.999999999992));
#7411=CARTESIAN_POINT('Origin',(-2343.00000000002,1270.9262344439,-161.999999999992));
#7412=CARTESIAN_POINT('Origin',(-2343.00000000002,1180.9262344439,-171.999999999996));
#7413=CARTESIAN_POINT('Origin',(-2343.00000000002,1180.9262344439,-161.999999999988));
#7414=CARTESIAN_POINT('Origin',(-2293.00000000001,1270.9262344439,-161.999999999999));
#7415=CARTESIAN_POINT('',(-2293.00000000001,1280.9262344439,-161.999999999999));
#7416=CARTESIAN_POINT('',(-2293.00000000001,1270.9262344439,-171.999999999999));
#7417=CARTESIAN_POINT('Origin',(-2293.,769.371374419901,584.338083485533));
#7418=CARTESIAN_POINT('',(-2293.,972.185807377175,-431.32383302893));
#7419=CARTESIAN_POINT('',(-2293.,1373.05144969208,-431.323833028871));
#7420=CARTESIAN_POINT('',(-2293.00000000002,972.18580737717,-171.999999999988));
#7421=CARTESIAN_POINT('',(-2293.,972.185807377174,-451.999999999996));
#7422=CARTESIAN_POINT('',(-2293.,870.778590898522,-171.999999999984));
#7423=CARTESIAN_POINT('Origin',(-2293.00000000002,972.18580737717,-171.999999999988));
#7424=CARTESIAN_POINT('',(-2629.50000000001,972.185807377185,-171.999999999988));
#7425=CARTESIAN_POINT('Origin',(-2433.00000000002,1127.60323444389,-106.999999999998));
#7426=CARTESIAN_POINT('',(-2433.00000000002,1137.60323444387,-132.));
#7427=CARTESIAN_POINT('',(-2433.00000000002,1137.60323444389,-71.9999999999997));
#7428=CARTESIAN_POINT('',(-2433.00000000002,1137.60323444389,-106.999999999998));
#7429=CARTESIAN_POINT('',(-2443.00000000002,1127.60323444389,-142.));
#7430=CARTESIAN_POINT('Origin',(-2433.00000000002,1127.60323444389,-142.));
#7431=CARTESIAN_POINT('',(-2443.00000000002,1127.60323444389,-61.9999999999997));
#7432=CARTESIAN_POINT('',(-2443.00000000002,1127.60323444389,-106.999999999998));
#7433=CARTESIAN_POINT('Origin',(-2433.00000000002,1127.60323444389,-61.9999999999997));
#7434=CARTESIAN_POINT('Origin',(-2293.,1270.9262344439,-142.));
#7435=CARTESIAN_POINT('',(-1969.00876794304,1270.9262344439,-132.));
#7436=CARTESIAN_POINT('',(-2343.00000000002,1270.9262344439,-132.));
#7437=CARTESIAN_POINT('',(-2293.,1270.9262344439,-132.));
#7438=CARTESIAN_POINT('',(-1953.63034789427,1280.9262344439,-142.));
#7439=CARTESIAN_POINT('Origin',(-1953.63034789427,1270.9262344439,-142.));
#7440=CARTESIAN_POINT('',(-2343.00000000002,1280.9262344439,-142.));
#7441=CARTESIAN_POINT('',(-2293.,1280.9262344439,-142.));
#7442=CARTESIAN_POINT('Origin',(-2343.00000000002,1270.9262344439,-142.));
#7443=CARTESIAN_POINT('Origin',(-2343.00000000002,1180.9262344439,-142.));
#7444=CARTESIAN_POINT('',(-2433.00000000002,1180.9262344439,-132.));
#7445=CARTESIAN_POINT('',(-2443.00000000002,1180.9262344439,-142.));
#7446=CARTESIAN_POINT('Origin',(-2433.00000000002,1180.9262344439,-142.));
#7447=CARTESIAN_POINT('Origin',(-2343.00000000002,1180.9262344439,-132.));
#7448=CARTESIAN_POINT('Origin',(-2343.00000000002,1180.9262344439,-142.));
#7449=CARTESIAN_POINT('Origin',(-2433.00000000002,1244.57962767721,-142.));
#7450=CARTESIAN_POINT('',(-2443.00000000002,1244.57962767721,-142.));
#7451=CARTESIAN_POINT('',(-2433.00000000002,1244.57962767721,-132.));
#7452=CARTESIAN_POINT('Origin',(-1994.27586043453,1270.9262344439,-50.412749651717));
#7453=CARTESIAN_POINT('',(-1989.13355375377,1280.9262344439,-61.9999999999997));
#7454=CARTESIAN_POINT('',(-1994.27586043453,1280.9262344439,-50.412749651717));
#7455=CARTESIAN_POINT('',(-1995.63617233767,1270.9262344439,-71.9999999999997));
#7456=CARTESIAN_POINT('',(-2003.41619437195,1270.9262344439,-54.4691391192754));
#7457=CARTESIAN_POINT('Origin',(-1989.13355375377,1270.9262344439,-61.9999999999997));
#7458=CARTESIAN_POINT('Origin',(-2293.,1280.9262344439,-162.));
#7459=CARTESIAN_POINT('',(-2289.38376906897,1280.92658592994,-51.9999999999997));
#7460=CARTESIAN_POINT('',(-2196.61631881483,1280.92666083308,-51.9999999999997));
#7461=CARTESIAN_POINT('',(-2293.00000000002,1280.92666083308,-51.9999999999997));
#7462=CARTESIAN_POINT('',(-2196.61581853278,1280.9262344439,-51.9999999999998));
#7463=CARTESIAN_POINT('Origin',(-2203.,1273.0167871601,-51.9999999999997));
#7464=CARTESIAN_POINT('',(-2194.57963747732,1280.9262344439,-61.9999999999997));
#7465=CARTESIAN_POINT('Origin',(-2203.,1280.9262344439,-85.4257084527014));
#7466=CARTESIAN_POINT('',(-2291.42036252269,1280.9262344439,-61.9999999999997));
#7467=CARTESIAN_POINT('',(-2293.,1280.9262344439,-61.9999999999997));
#7468=CARTESIAN_POINT('Origin',(-2283.,1280.9262344439,-85.4257084527011));
#7469=CARTESIAN_POINT('Origin',(-2131.00438397152,1137.60323444389,-102.));
#7470=CARTESIAN_POINT('',(-1995.63617233767,1137.60323444389,-71.9999999999997));
#7471=CARTESIAN_POINT('',(-1995.63617233767,1137.60323444389,-71.9999999999997));
#7472=CARTESIAN_POINT('',(-1969.00876794304,1137.60323444389,-132.));
#7473=CARTESIAN_POINT('',(-1969.00876794304,1137.60323444389,-132.));
#7474=CARTESIAN_POINT('',(-2293.00000000002,1137.60323444387,-132.));
#7475=CARTESIAN_POINT('Origin',(-2293.,1362.6032344439,-132.));
#7476=CARTESIAN_POINT('',(-1969.00876794304,1362.60323444389,-132.));
#7477=CARTESIAN_POINT('',(-2064.50000000001,1221.76494763849,-132.));
#7478=CARTESIAN_POINT('Origin',(-2044.50000000001,1221.76494763849,-132.));
#7479=CARTESIAN_POINT('Origin',(-2433.00000000002,1259.52801045526,-61.9999999999997));
#7480=CARTESIAN_POINT('',(-2433.00000000002,1180.9262344439,-71.9999999999997));
#7481=CARTESIAN_POINT('',(-2433.00000000002,1180.9262344439,-51.9999999999997));
#7482=CARTESIAN_POINT('Origin',(-2433.00000000002,1180.9262344439,-61.9999999999997));
#7483=CARTESIAN_POINT('',(-2433.00000000002,1207.29075582063,-71.9999999999997));
#7484=CARTESIAN_POINT('',(-2443.00000000002,972.18580737719,-61.9999999999997));
#7485=CARTESIAN_POINT('',(-2443.00000000002,1259.52801045526,-61.9999999999997));
#7486=CARTESIAN_POINT('',(-2433.00000000002,972.18580737719,-51.9999999999997));
#7487=CARTESIAN_POINT('Origin',(-2433.00000000002,972.185807377198,-61.9999999999997));
#7488=CARTESIAN_POINT('',(-2433.00000000002,1259.52801045526,-51.9999999999997));
#7489=CARTESIAN_POINT('Origin',(-2343.00000000002,1180.9262344439,-61.9999999999997));
#7490=CARTESIAN_POINT('',(-2343.00000000002,1270.9262344439,-71.9999999999997));
#7491=CARTESIAN_POINT('',(-2343.00000000002,1270.9262344439,-51.9999999999997));
#7492=CARTESIAN_POINT('Origin',(-2343.00000000002,1270.9262344439,-61.9999999999997));
#7493=CARTESIAN_POINT('Origin',(-2343.00000000002,1180.9262344439,-71.9999999999997));
#7494=CARTESIAN_POINT('Origin',(-2343.00000000002,1180.9262344439,-51.9999999999997));
#7495=CARTESIAN_POINT('Origin',(-1873.75,1270.9262344439,-61.9999999999997));
#7496=CARTESIAN_POINT('',(-2293.,1273.07189919191,-52.2329061236634));
#7497=CARTESIAN_POINT('',(-2293.00000000002,1270.9262344439,-51.9999999999997));
#7498=CARTESIAN_POINT('Origin',(-2293.,1270.9262344439,-61.9999999999997));
#7499=CARTESIAN_POINT('Ctrl Pts',(-2293.,1273.07189919189,-52.2329061236596));
#7500=CARTESIAN_POINT('Ctrl Pts',(-2293.,1273.18949679032,-52.2587403200544));
#7501=CARTESIAN_POINT('Ctrl Pts',(-2292.99823288407,1273.30565143429,-52.2864870710486));
#7502=CARTESIAN_POINT('Ctrl Pts',(-2292.97006425117,1274.26937801353,-52.5346653891221));
#7503=CARTESIAN_POINT('Ctrl Pts',(-2292.84839921592,1275.14789584471,-52.8873180521387));
#7504=CARTESIAN_POINT('Ctrl Pts',(-2292.49370449251,1276.75460739421,-53.8211577368089));
#7505=CARTESIAN_POINT('Ctrl Pts',(-2292.26510691156,1277.48382439677,-54.4022620334252));
#7506=CARTESIAN_POINT('Ctrl Pts',(-2291.85634705582,1278.67015801851,-55.6167945692025));
#7507=CARTESIAN_POINT('Ctrl Pts',(-2291.63917651458,1279.23114062444,-56.3536080009101));
#7508=CARTESIAN_POINT('Ctrl Pts',(-2291.32879600682,1280.12490015018,-57.9703922469662));
#7509=CARTESIAN_POINT('Ctrl Pts',(-2291.24203402882,1280.45741864094,-58.8517370359757));
#7510=CARTESIAN_POINT('Ctrl Pts',(-2291.24203402882,1280.82852529926,-60.4200518019451));
#7511=CARTESIAN_POINT('Ctrl Pts',(-2291.30378982685,1280.9262344439,-61.2097495324009));
#7512=CARTESIAN_POINT('Ctrl Pts',(-2291.42036252268,1280.9262344439,-61.9999999999997));
#7513=CARTESIAN_POINT('',(-2193.,1273.0718991919,-52.2329061236634));
#7514=CARTESIAN_POINT('Ctrl Pts',(-2194.57963747732,1280.9262344439,-61.9999999999997));
#7515=CARTESIAN_POINT('Ctrl Pts',(-2194.69621017315,1280.9262344439,-61.2097495324009));
#7516=CARTESIAN_POINT('Ctrl Pts',(-2194.75796597118,1280.82852529926,-60.4200518019452));
#7517=CARTESIAN_POINT('Ctrl Pts',(-2194.75796597118,1280.45741864094,-58.8517370359757));
#7518=CARTESIAN_POINT('Ctrl Pts',(-2194.67120399318,1280.12490015018,-57.9703922469663));
#7519=CARTESIAN_POINT('Ctrl Pts',(-2194.36082348543,1279.23114062444,-56.3536080009101));
#7520=CARTESIAN_POINT('Ctrl Pts',(-2194.14365294419,1278.67015801851,-55.6167945692024));
#7521=CARTESIAN_POINT('Ctrl Pts',(-2193.73489308844,1277.48382439677,-54.4022620334252));
#7522=CARTESIAN_POINT('Ctrl Pts',(-2193.50629550749,1276.75460739421,-53.8211577368089));
#7523=CARTESIAN_POINT('Ctrl Pts',(-2193.15160078409,1275.14789584471,-52.8873180521387));
#7524=CARTESIAN_POINT('Ctrl Pts',(-2193.02993574883,1274.26937801353,-52.5346653891221));
#7525=CARTESIAN_POINT('Ctrl Pts',(-2193.00176711593,1273.3056514343,-52.28648707105));
#7526=CARTESIAN_POINT('Ctrl Pts',(-2193.,1273.18949679033,-52.258740320057));
#7527=CARTESIAN_POINT('Ctrl Pts',(-2193.,1273.0718991919,-52.2329061236634));
#7528=CARTESIAN_POINT('',(-2193.00000000002,1270.9262344439,-51.9999999999997));
#7529=CARTESIAN_POINT('Origin',(-2193.,1270.9262344439,-61.9999999999997));
#7530=CARTESIAN_POINT('',(-1943.,1270.9262344439,-51.9999999999997));
#7531=CARTESIAN_POINT('',(-1873.75,1270.9262344439,-51.9999999999997));
#7532=CARTESIAN_POINT('',(-1943.,1273.07189919192,-52.2329061236677));
#7533=CARTESIAN_POINT('Origin',(-1943.,1270.9262344439,-61.9999999999997));
#7534=CARTESIAN_POINT('',(-1941.4203625227,1280.9262344439,-61.9999999999997));
#7535=CARTESIAN_POINT('Ctrl Pts',(-1943.,1273.07189919191,-52.232906123664));
#7536=CARTESIAN_POINT('Ctrl Pts',(-1943.,1273.18949679034,-52.2587403200583));
#7537=CARTESIAN_POINT('Ctrl Pts',(-1942.99823288407,1273.30565143431,-52.286487071052));
#7538=CARTESIAN_POINT('Ctrl Pts',(-1942.97006425117,1274.26937801354,-52.5346653891256));
#7539=CARTESIAN_POINT('Ctrl Pts',(-1942.84839921592,1275.14789584471,-52.8873180521425));
#7540=CARTESIAN_POINT('Ctrl Pts',(-1942.49370449251,1276.75460739422,-53.821157736813));
#7541=CARTESIAN_POINT('Ctrl Pts',(-1942.26510691157,1277.48382439677,-54.4022620334291));
#7542=CARTESIAN_POINT('Ctrl Pts',(-1941.85634705583,1278.67015801851,-55.6167945692058));
#7543=CARTESIAN_POINT('Ctrl Pts',(-1941.63917651459,1279.23114062444,-56.353608000913));
#7544=CARTESIAN_POINT('Ctrl Pts',(-1941.32879600683,1280.12490015018,-57.9703922469679));
#7545=CARTESIAN_POINT('Ctrl Pts',(-1941.24203402884,1280.45741864094,-58.8517370359766));
#7546=CARTESIAN_POINT('Ctrl Pts',(-1941.24203402884,1280.82852529926,-60.4200518019451));
#7547=CARTESIAN_POINT('Ctrl Pts',(-1941.30378982687,1280.9262344439,-61.2097495324008));
#7548=CARTESIAN_POINT('Ctrl Pts',(-1941.4203625227,1280.9262344439,-61.9999999999997));
#7549=CARTESIAN_POINT('',(-1873.75,1280.9262344439,-61.9999999999997));
#7550=CARTESIAN_POINT('',(-2293.,1270.9262344439,-71.9999999999997));
#7551=CARTESIAN_POINT('',(-1873.75,1270.9262344439,-51.9999999999997));
#7552=CARTESIAN_POINT('Origin',(-2443.00000000002,1126.55602091053,-111.999999999997));
#7553=CARTESIAN_POINT('',(-2443.00000000002,972.185807377193,17.0681618677988));
#7554=CARTESIAN_POINT('',(-2443.00000000002,1180.9262344439,-136.999999999998));
#7555=CARTESIAN_POINT('Origin',(-1758.98170246068,1463.7555229134,-142.));
#7556=CARTESIAN_POINT('',(-1609.01491947692,1661.98480089775,-142.));
#7557=CARTESIAN_POINT('',(-1766.70744843452,1470.10476295829,-142.));
#7558=CARTESIAN_POINT('',(-1601.28917350307,1655.63556085286,-152.));
#7559=CARTESIAN_POINT('Origin',(-1601.28917350307,1655.63556085286,-142.));
#7560=CARTESIAN_POINT('',(-1758.98170246068,1463.7555229134,-152.));
#7561=CARTESIAN_POINT('Origin',(-1854.5,1363.27891498349,-51.9999999999997));
#7562=CARTESIAN_POINT('',(-1609.01491947692,1661.98480089775,-61.9999999999997));
#7563=CARTESIAN_POINT('',(-1766.70744843452,1470.10476295829,-61.9999999999997));
#7564=CARTESIAN_POINT('',(-1609.01491947692,1661.98480089775,-51.9999999999997));
#7565=CARTESIAN_POINT('Origin',(-1758.98170246068,1463.7555229134,-61.9999999999997));
#7566=CARTESIAN_POINT('',(-1845.76722426292,1358.15502727745,-51.9999999999997));
#7567=CARTESIAN_POINT('Origin',(-1845.76722426292,1358.15502727745,-61.9999999999997));
#7568=CARTESIAN_POINT('',(-1601.28917350307,1655.63556085286,-51.9999999999997));
#7569=CARTESIAN_POINT('',(-1758.98170246068,1463.7555229134,-51.9999999999997));
#7570=CARTESIAN_POINT('Origin',(-1601.28917350307,1655.63556085286,-61.9999999999997));
#7571=CARTESIAN_POINT('Origin',(-1845.76722426292,1377.55161722195,-61.9999999999997));
#7572=CARTESIAN_POINT('',(-1845.76722426292,1280.11305901047,-51.9999999999997));
#7573=CARTESIAN_POINT('',(-1845.76722426292,1377.55161722195,-51.9999999999997));
#7574=CARTESIAN_POINT('',(-1846.60653466489,1280.9266608331,-52.0352843467993));
#7575=CARTESIAN_POINT('Origin',(-1845.76722426292,1280.9266608331,-61.9999999999997));
#7576=CARTESIAN_POINT('Ctrl Pts',(-1846.60653466489,1280.9266608331,-52.0352843467993));
#7577=CARTESIAN_POINT('Ctrl Pts',(-1846.60499613213,1280.9253155707,-52.0351547589016));
#7578=CARTESIAN_POINT('Ctrl Pts',(-1846.60345793296,1280.92396988226,-52.0350255579609));
#7579=CARTESIAN_POINT('Ctrl Pts',(-1846.30616587214,1280.66374610861,-52.0101238133139));
#7580=CARTESIAN_POINT('Ctrl Pts',(-1846.02321992315,1280.38858860538,-51.9999999999998));
#7581=CARTESIAN_POINT('Ctrl Pts',(-1845.76722426292,1280.11305901047,-51.9999999999998));
#7582=CARTESIAN_POINT('Origin',(-1670.58604679743,1421.08996210917,910.));
#7583=CARTESIAN_POINT('',(-1854.5,1363.27891498349,910.));
#7584=CARTESIAN_POINT('',(-2293.,1200.,910.));
#7585=CARTESIAN_POINT('',(-1674.07556375595,1430.46136922849,910.));
#7586=CARTESIAN_POINT('',(-1848.48517817721,1354.84782494111,900.));
#7587=CARTESIAN_POINT('Origin',(-1848.48517817721,1354.84782494111,910.));
#7588=CARTESIAN_POINT('',(-2264.34273849692,1199.99999999998,900.));
#7589=CARTESIAN_POINT('',(-1670.58604679743,1421.08996210917,900.));
#7590=CARTESIAN_POINT('',(-2283.,1199.99999999998,902.409636993736));
#7591=CARTESIAN_POINT('Origin',(-2264.34273849692,1199.99999999998,910.));
#7592=CARTESIAN_POINT('',(-2293.,1189.99999999998,900.019776004999));
#7593=CARTESIAN_POINT('Ctrl Pts',(-2282.99999278937,1199.99999999999,902.409634835521));
#7594=CARTESIAN_POINT('Ctrl Pts',(-2283.59297926511,1199.99999999999,902.587119472825));
#7595=CARTESIAN_POINT('Ctrl Pts',(-2284.19114897615,1199.94671660634,902.737800953051));
#7596=CARTESIAN_POINT('Ctrl Pts',(-2285.36545507486,1199.73450712653,902.943471824675));
#7597=CARTESIAN_POINT('Ctrl Pts',(-2285.94170734928,1199.57538832482,902.997600769877));
#7598=CARTESIAN_POINT('Ctrl Pts',(-2287.03732656777,1199.1674259138,902.997600769877));
#7599=CARTESIAN_POINT('Ctrl Pts',(-2287.57731054679,1198.91090538979,902.943471824675));
#7600=CARTESIAN_POINT('Ctrl Pts',(-2288.60442465956,1198.30339878396,902.737800953051));
#7601=CARTESIAN_POINT('Ctrl Pts',(-2289.09176808175,1197.95248268385,902.587118431001));
#7602=CARTESIAN_POINT('Ctrl Pts',(-2290.43749064116,1196.78898332198,902.054667644561));
#7603=CARTESIAN_POINT('Ctrl Pts',(-2291.17928317444,1195.85802048225,901.597955036928));
#7604=CARTESIAN_POINT('Ctrl Pts',(-2292.00597102202,1194.38577360242,901.005713127163));
#7605=CARTESIAN_POINT('Ctrl Pts',(-2292.27350479153,1193.79798128338,900.79073824166));
#7606=CARTESIAN_POINT('Ctrl Pts',(-2292.68715472621,1192.56546044672,900.421803961225));
#7607=CARTESIAN_POINT('Ctrl Pts',(-2292.83297533124,1191.92019434202,900.269310844862));
#7608=CARTESIAN_POINT('Ctrl Pts',(-2292.96916072138,1190.89235752702,900.098927007461));
#7609=CARTESIAN_POINT('Ctrl Pts',(-2293.,1190.45003245206,900.046339046857));
#7610=CARTESIAN_POINT('Ctrl Pts',(-2293.,1189.99999999998,900.019776004999));
#7611=CARTESIAN_POINT('Origin',(-2293.,1189.3292438663,910.));
#7612=CARTESIAN_POINT('Origin',(-1758.98170246068,1463.7555229134,910.));
#7613=CARTESIAN_POINT('',(-1601.28917350307,1655.63556085286,900.));
#7614=CARTESIAN_POINT('',(-1758.98170246068,1463.7555229134,900.));
#7615=CARTESIAN_POINT('',(-1609.01491947692,1661.98480089775,910.));
#7616=CARTESIAN_POINT('',(-1766.70744843452,1470.10476295829,910.));
#7617=CARTESIAN_POINT('Origin',(-1601.28917350307,1655.63556085286,910.));
#7618=CARTESIAN_POINT('Origin',(-2293.,769.371374419901,584.338083485533));
#7619=CARTESIAN_POINT('',(-2293.,1189.99999999998,298.832975393805));
#7620=CARTESIAN_POINT('',(-2293.,1189.99999999998,742.169041742766));
#7621=CARTESIAN_POINT('',(-2293.,1146.9946144403,480.575823918659));
#7622=CARTESIAN_POINT('',(-2293.00000000002,972.185807377175,-51.9999999999934));
#7623=CARTESIAN_POINT('',(-2293.00000000002,1300.88241520827,-51.9999999999997));
#7624=CARTESIAN_POINT('',(-2293.,972.185807377198,146.136323735588));
#7625=CARTESIAN_POINT('',(-2293.,972.185807377174,-451.999999999996));
#7626=CARTESIAN_POINT('',(-2293.,186.698295485714,993.257785513585));
#7627=CARTESIAN_POINT('Origin',(-2293.,-124.650006950236,-83.1674329779323));
#7628=CARTESIAN_POINT('',(-2293.,775.677095071891,1210.85094650172));
#7629=CARTESIAN_POINT('Origin',(-2293.,-264.447377969324,3120.33126578109));
#7630=CARTESIAN_POINT('',(-2293.,1084.37258475374,1141.53421797804));
#7631=CARTESIAN_POINT('Origin',(-2293.,890.481622830844,1000.09060771369));
#7632=CARTESIAN_POINT('',(-2293.,1187.62190884919,1000.));
#7633=CARTESIAN_POINT('',(-2293.,1162.31438151246,1034.69156938258));
#7634=CARTESIAN_POINT('',(-2293.,1189.3292438663,1000.));
#7635=CARTESIAN_POINT('',(-2293.,1080.93568720995,1000.));
#7636=CARTESIAN_POINT('',(-2293.,1200.,990.));
#7637=CARTESIAN_POINT('Origin',(-2293.,1189.3292438663,990.));
#7638=CARTESIAN_POINT('',(-2293.,1200.,1300.));
#7639=CARTESIAN_POINT('',(-2293.,980.481622830844,1000.09060771369));
#7640=CARTESIAN_POINT('Origin',(-2293.,890.481622830844,1000.09060771369));
#7641=CARTESIAN_POINT('Origin',(-1854.5,1363.27891498349,1000.));
#7642=CARTESIAN_POINT('',(-2291.97228035208,1200.38267947325,990.));
#7643=CARTESIAN_POINT('',(-1674.07556375595,1430.46136922849,990.));
#7644=CARTESIAN_POINT('',(-2283.,1203.72357844888,994.895717057138));
#7645=CARTESIAN_POINT('Origin',(-2283.,1203.72357844888,977.927824371745));
#7646=CARTESIAN_POINT('',(-2273.40860956977,1207.29500791897,990.));
#7647=CARTESIAN_POINT('',(-1556.50096916305,1474.24119188471,624.070055946443));
#7648=CARTESIAN_POINT('',(-1854.5,1363.27891498349,990.));
#7649=CARTESIAN_POINT('',(-1674.07556375595,1430.46136922849,990.));
#7650=CARTESIAN_POINT('',(-1854.5,1363.27891498349,900.));
#7651=CARTESIAN_POINT('Origin',(-1854.5,1363.27891498349,900.));
#7652=CARTESIAN_POINT('',(-1609.01491947692,1661.98480089775,990.));
#7653=CARTESIAN_POINT('',(-1766.70744843452,1470.10476295829,990.));
#7654=CARTESIAN_POINT('',(-1609.01491947692,1661.98480089775,900.));
#7655=CARTESIAN_POINT('Origin',(-1670.58604679743,1421.08996210917,990.));
#7656=CARTESIAN_POINT('',(-2279.21332017233,1202.48349811472,996.595619713768));
#7657=CARTESIAN_POINT('',(-2237.48685204978,1210.,1000.));
#7658=CARTESIAN_POINT('Origin',(-2237.48685204978,1210.,990.));
#7659=CARTESIAN_POINT('',(-1848.48517817721,1354.84782494111,1000.));
#7660=CARTESIAN_POINT('',(-1670.58604679743,1421.08996210917,1000.));
#7661=CARTESIAN_POINT('Origin',(-1848.48517817721,1354.84782494111,990.));
#7662=CARTESIAN_POINT('Origin',(-2244.75134806664,1207.29500791897,990.));
#7663=CARTESIAN_POINT('Origin',(-1758.98170246068,1463.7555229134,990.));
#7664=CARTESIAN_POINT('',(-1601.28917350307,1655.63556085286,1000.));
#7665=CARTESIAN_POINT('',(-1758.98170246068,1463.7555229134,1000.));
#7666=CARTESIAN_POINT('Origin',(-1601.28917350307,1655.63556085286,990.));
#7667=CARTESIAN_POINT('Origin',(-1670.58604679743,1421.08996210917,990.));
#7668=CARTESIAN_POINT('',(-2292.90018919333,1189.36640920316,1000.));
#7669=CARTESIAN_POINT('Ctrl Pts',(-2292.90018919333,1189.36640920316,1000.));
#7670=CARTESIAN_POINT('Ctrl Pts',(-2292.8962183843,1189.40093619845,1000.));
#7671=CARTESIAN_POINT('Ctrl Pts',(-2292.89213927071,1189.43546407533,999.999856123447));
#7672=CARTESIAN_POINT('Ctrl Pts',(-2292.74000637832,1190.69042010108,999.989434109994));
#7673=CARTESIAN_POINT('Ctrl Pts',(-2292.45560898001,1191.90748439436,999.794917287851));
#7674=CARTESIAN_POINT('Ctrl Pts',(-2291.8273866596,1194.11528591289,999.186256250209));
#7675=CARTESIAN_POINT('Ctrl Pts',(-2291.41662691102,1195.28890720678,998.70905181621));
#7676=CARTESIAN_POINT('Ctrl Pts',(-2290.70750558972,1197.41872009202,997.42911741524));
#7677=CARTESIAN_POINT('Ctrl Pts',(-2290.41923145053,1198.38007508411,996.629417496339));
#7678=CARTESIAN_POINT('Ctrl Pts',(-2290.41923145053,1199.40454749494,995.225070273943));
#7679=CARTESIAN_POINT('Ctrl Pts',(-2290.47167369834,1199.66577573838,994.770715175059));
#7680=CARTESIAN_POINT('Ctrl Pts',(-2290.67136785216,1200.07567277434,993.816088505529));
#7681=CARTESIAN_POINT('Ctrl Pts',(-2290.81726941612,1200.22492750626,993.315786620756));
#7682=CARTESIAN_POINT('Ctrl Pts',(-2291.29147109182,1200.49848811314,991.873743234312));
#7683=CARTESIAN_POINT('Ctrl Pts',(-2291.66370991657,1200.49757809561,990.906365445775));
#7684=CARTESIAN_POINT('Ctrl Pts',(-2291.97228035208,1200.38267947325,989.999999999997));
#7685=CARTESIAN_POINT('',(-1670.58604679743,1421.08996210917,1000.));
#7686=CARTESIAN_POINT('Origin',(-1454.5,1392.5,1000.));
#7687=CARTESIAN_POINT('Origin',(-2283.,1187.62190884919,1000.));
#7688=CARTESIAN_POINT('Origin',(-616.000000000002,1092.45137483386,1147.42770173905));
#7689=CARTESIAN_POINT('',(-1714.5,1092.45137483386,1147.42770173905));
#7690=CARTESIAN_POINT('',(-1714.5,1202.48349811472,996.595619713768));
#7691=CARTESIAN_POINT('',(-1714.5,1055.95373208392,1197.45868615384));
#7692=CARTESIAN_POINT('',(-1035.25,1202.48349811472,996.595619713768));
#7693=CARTESIAN_POINT('',(-2283.,1092.45137483386,1147.42770173905));
#7694=CARTESIAN_POINT('',(-2283.,1170.39317159258,1040.58505314359));
#7695=CARTESIAN_POINT('',(-2203.,1092.45137483386,1147.42770173905));
#7696=CARTESIAN_POINT('',(-616.000000000002,1092.45137483386,1147.42770173905));
#7697=CARTESIAN_POINT('',(-2203.,1200.,1000.));
#7698=CARTESIAN_POINT('',(-2203.,1009.07901996209,1261.71456173687));
#7699=CARTESIAN_POINT('',(-1933.,1200.,1000.));
#7700=CARTESIAN_POINT('',(-1279.5,1200.,1000.));
#7701=CARTESIAN_POINT('',(-1933.,1092.45137483386,1147.42770173905));
#7702=CARTESIAN_POINT('',(-1933.,1170.39317159258,1040.58505314359));
#7703=CARTESIAN_POINT('',(-616.000000000002,1092.45137483386,1147.42770173905));
#7704=CARTESIAN_POINT('Origin',(-1933.,610.,942.169041742767));
#7705=CARTESIAN_POINT('',(-1933.,600.,707.862150349082));
#7706=CARTESIAN_POINT('',(-1943.,610.,697.862150349082));
#7707=CARTESIAN_POINT('Origin',(-1933.,610.,697.862150349082));
#7708=CARTESIAN_POINT('',(-1933.,600.,1009.10077732073));
#7709=CARTESIAN_POINT('',(-1933.,600.,942.169041742767));
#7710=CARTESIAN_POINT('',(-1943.,610.,1009.10077732073));
#7711=CARTESIAN_POINT('Origin',(-1933.,610.,1009.10077732073));
#7712=CARTESIAN_POINT('',(-1943.,610.,942.169041742767));
#7713=CARTESIAN_POINT('Origin',(-1933.,800.,1009.10077732073));
#7714=CARTESIAN_POINT('',(-1943.,714.462098139484,1178.75709858611));
#7715=CARTESIAN_POINT('',(-1933.,709.96010330472,1187.68637865271));
#7716=CARTESIAN_POINT('Origin',(-1933.,714.462098139484,1178.75709858611));
#7717=CARTESIAN_POINT('Origin',(-1943.,800.,1009.10077732073));
#7718=CARTESIAN_POINT('Origin',(-1933.,800.,1009.10077732073));
#7719=CARTESIAN_POINT('Origin',(-1933.,-264.447377969324,3120.33126578109));
#7720=CARTESIAN_POINT('',(-1943.,775.677095071891,1210.85094650172));
#7721=CARTESIAN_POINT('',(-1933.,770.893573081935,1219.63262728455));
#7722=CARTESIAN_POINT('Origin',(-1933.,775.677095071891,1210.85094650172));
#7723=CARTESIAN_POINT('Origin',(-1943.,-264.447377969324,3120.33126578109));
#7724=CARTESIAN_POINT('Origin',(-1933.,-264.447377969324,3120.33126578109));
#7725=CARTESIAN_POINT('Origin',(-1933.,890.481622830844,1000.09060771369));
#7726=CARTESIAN_POINT('',(-1943.,1084.37258475374,1141.53421797804));
#7727=CARTESIAN_POINT('Origin',(-1933.,1084.37258475374,1141.53421797804));
#7728=CARTESIAN_POINT('Origin',(-1943.,890.481622830844,1000.09060771369));
#7729=CARTESIAN_POINT('Origin',(-1933.,890.481622830844,1000.09060771369));
#7730=CARTESIAN_POINT('Origin',(-1933.,1162.31438151246,1034.69156938258));
#7731=CARTESIAN_POINT('',(-1943.,1200.,983.032107314607));
#7732=CARTESIAN_POINT('Origin',(-1933.,1200.,983.032107314607));
#7733=CARTESIAN_POINT('',(-1943.,1162.31438151246,1034.69156938258));
#7734=CARTESIAN_POINT('Origin',(-1943.,769.371374419901,584.338083485535));
#7735=CARTESIAN_POINT('',(-1943.,1200.,900.));
#7736=CARTESIAN_POINT('',(-1943.,1200.,300.));
#7737=CARTESIAN_POINT('',(-1943.,1190.,900.));
#7738=CARTESIAN_POINT('',(-1943.,1080.93568720995,900.));
#7739=CARTESIAN_POINT('',(-1943.,1190.,298.832975393803));
#7740=CARTESIAN_POINT('',(-1943.,1190.,442.169041742768));
#7741=CARTESIAN_POINT('',(-1943.,1233.52033928635,114.913907404227));
#7742=CARTESIAN_POINT('',(-1943.,1024.54005722642,-51.9999999999997));
#7743=CARTESIAN_POINT('',(-1943.,1080.93568720995,-51.9999999999997));
#7744=CARTESIAN_POINT('',(-1943.,1024.54005722642,842.169041742767));
#7745=CARTESIAN_POINT('',(-1943.,735.953192373643,571.90895797544));
#7746=CARTESIAN_POINT('',(-1943.,752.662283396772,571.90895797544));
#7747=CARTESIAN_POINT('',(-1943.,710.723860320862,597.13829002822));
#7748=CARTESIAN_POINT('',(-1943.,980.481622830844,1000.09060771369));
#7749=CARTESIAN_POINT('Origin',(-1943.,890.481622830844,1000.09060771369));
#7750=CARTESIAN_POINT('Origin',(-1714.5,1047.87494200379,1191.56520239282));
#7751=CARTESIAN_POINT('',(-1704.5,1200.,983.032107314607));
#7752=CARTESIAN_POINT('',(-1704.5,1084.37258475374,1141.53421797804));
#7753=CARTESIAN_POINT('',(-1704.5,1047.87494200379,1191.56520239282));
#7754=CARTESIAN_POINT('',(-1705.38207675077,1200.,990.));
#7755=CARTESIAN_POINT('Origin',(-1714.5,1200.,983.032107314607));
#7756=CARTESIAN_POINT('Ctrl Pts',(-1714.5,1202.48349811472,996.595619713768));
#7757=CARTESIAN_POINT('Ctrl Pts',(-1713.15042062183,1202.48349811472,996.595619713768));
#7758=CARTESIAN_POINT('Ctrl Pts',(-1711.72201512674,1202.27791801543,996.381585243062));
#7759=CARTESIAN_POINT('Ctrl Pts',(-1709.80355146581,1201.75041975313,995.659792285913));
#7760=CARTESIAN_POINT('Ctrl Pts',(-1709.19939604695,1201.54177248462,995.352027663532));
#7761=CARTESIAN_POINT('Ctrl Pts',(-1708.10689280841,1201.11259359459,994.604326281856));
#7762=CARTESIAN_POINT('Ctrl Pts',(-1707.6186794141,1200.89271141493,994.16382058419));
#7763=CARTESIAN_POINT('Ctrl Pts',(-1706.83470292506,1200.52879351378,993.241856439773));
#7764=CARTESIAN_POINT('Ctrl Pts',(-1706.48694517113,1200.36159546463,992.725286314592));
#7765=CARTESIAN_POINT('Ctrl Pts',(-1705.911226351,1200.1140282812,991.610464126263));
#7766=CARTESIAN_POINT('Ctrl Pts',(-1705.68171460293,1200.0354603145,991.01261418947));
#7767=CARTESIAN_POINT('Ctrl Pts',(-1705.46509245157,1200.00346748608,990.302014628145));
#7768=CARTESIAN_POINT('Ctrl Pts',(-1705.42240681851,1200.,990.151942493035));
#7769=CARTESIAN_POINT('Ctrl Pts',(-1705.38207675077,1200.,990.));
#7770=CARTESIAN_POINT('Origin',(-1714.5,1084.37258475374,1141.53421797804));
#7771=CARTESIAN_POINT('Origin',(-1714.5,890.481622830844,1000.09060771369));
#7772=CARTESIAN_POINT('',(-1704.5,775.677095071891,1210.85094650172));
#7773=CARTESIAN_POINT('',(-1714.5,770.893573081935,1219.63262728455));
#7774=CARTESIAN_POINT('Origin',(-1714.5,775.677095071891,1210.85094650172));
#7775=CARTESIAN_POINT('Origin',(-1704.5,890.481622830844,1000.09060771369));
#7776=CARTESIAN_POINT('Origin',(-1714.5,890.481622830844,1000.09060771369));
#7777=CARTESIAN_POINT('Origin',(-1714.5,-264.447377969324,3120.33126578109));
#7778=CARTESIAN_POINT('',(-1704.5,714.462098139484,1178.75709858611));
#7779=CARTESIAN_POINT('',(-1714.5,709.96010330472,1187.68637865271));
#7780=CARTESIAN_POINT('Origin',(-1714.5,714.462098139484,1178.75709858611));
#7781=CARTESIAN_POINT('Origin',(-1704.5,-264.447377969324,3120.33126578109));
#7782=CARTESIAN_POINT('Origin',(-1714.5,-264.447377969324,3120.33126578109));
#7783=CARTESIAN_POINT('Origin',(-1714.5,800.,1009.10077732073));
#7784=CARTESIAN_POINT('',(-1704.5,610.,1009.10077732073));
#7785=CARTESIAN_POINT('',(-1714.5,600.,1009.10077732073));
#7786=CARTESIAN_POINT('Origin',(-1714.5,610.,1009.10077732073));
#7787=CARTESIAN_POINT('Origin',(-1704.5,800.,1009.10077732073));
#7788=CARTESIAN_POINT('Origin',(-1714.5,800.,1009.10077732073));
#7789=CARTESIAN_POINT('Origin',(-1714.5,610.,1150.96604410148));
#7790=CARTESIAN_POINT('',(-1704.5,610.,753.773568692226));
#7791=CARTESIAN_POINT('',(-1714.5,600.,753.773568692226));
#7792=CARTESIAN_POINT('Origin',(-1714.5,610.,753.773568692226));
#7793=CARTESIAN_POINT('',(-1704.5,610.,1150.96604410148));
#7794=CARTESIAN_POINT('',(-1714.5,600.,1150.96604410148));
#7795=CARTESIAN_POINT('Origin',(-1843.,600.,1300.));
#7796=CARTESIAN_POINT('',(-1883.,600.,707.862150349082));
#7797=CARTESIAN_POINT('',(-1893.,600.,707.862150349082));
#7798=CARTESIAN_POINT('',(-1883.,600.,868.840537587271));
#7799=CARTESIAN_POINT('',(-1843.,600.,753.773568692226));
#7800=CARTESIAN_POINT('',(-1843.,600.,942.169041742767));
#7801=CARTESIAN_POINT('',(-1066.,600.,753.773568692226));
#7802=CARTESIAN_POINT('',(-616.000000000002,600.,1009.10077732073));
#7803=CARTESIAN_POINT('Origin',(-1066.,600.,753.773568692226));
#7804=CARTESIAN_POINT('',(-1843.,1190.,753.773568692225));
#7805=CARTESIAN_POINT('',(-1843.,684.685687209951,753.773568692226));
#7806=CARTESIAN_POINT('',(-1853.,1200.,753.773568692226));
#7807=CARTESIAN_POINT('Origin',(-1853.,1190.,753.773568692226));
#7808=CARTESIAN_POINT('',(-1704.5,1200.,753.773568692226));
#7809=CARTESIAN_POINT('',(-1066.,1200.,753.773568692226));
#7810=CARTESIAN_POINT('',(-1704.5,641.422824786931,753.773568692226));
#7811=CARTESIAN_POINT('Origin',(-1704.5,682.845649573862,1001.93208820296));
#7812=CARTESIAN_POINT('',(-1704.5,1200.,900.));
#7813=CARTESIAN_POINT('',(-1704.5,1200.,650.966044101479));
#7814=CARTESIAN_POINT('',(-1704.5,1210.,900.));
#7815=CARTESIAN_POINT('',(-1704.5,1037.67282478693,900.));
#7816=CARTESIAN_POINT('',(-1704.5,1200.,910.));
#7817=CARTESIAN_POINT('Origin',(-1704.5,1210.,910.));
#7818=CARTESIAN_POINT('',(-1704.5,1200.,850.));
#7819=CARTESIAN_POINT('',(-1704.5,765.481622830844,1000.09060771369));
#7820=CARTESIAN_POINT('Origin',(-1704.5,890.481622830844,1000.09060771369));
#7821=CARTESIAN_POINT('Origin',(-1853.,1190.,442.169041742768));
#7822=CARTESIAN_POINT('',(-1843.,1190.,298.832975393804));
#7823=CARTESIAN_POINT('',(-1843.,1190.,442.169041742768));
#7824=CARTESIAN_POINT('',(-1853.,1200.,300.));
#7825=CARTESIAN_POINT('Origin',(-1853.,1190.,298.832975393804));
#7826=CARTESIAN_POINT('',(-1853.,1200.,442.169041742768));
#7827=CARTESIAN_POINT('Origin',(-1853.,1233.52033928635,114.913907404227));
#7828=CARTESIAN_POINT('',(-1853.,1280.9266608331,-41.9999999999997));
#7829=CARTESIAN_POINT('',(-1853.,1243.25160994967,117.216595241787));
#7830=CARTESIAN_POINT('',(-1843.,1273.01678716012,-51.9999999999997));
#7831=CARTESIAN_POINT('',(-1843.,1233.52033928635,114.913907404227));
#7832=CARTESIAN_POINT('Origin',(-1853.,1273.01678716012,-51.9999999999997));
#7833=CARTESIAN_POINT('Origin',(-1853.,1280.9266608331,-85.427510394102));
#7834=CARTESIAN_POINT('Origin',(-1843.,769.371374419901,584.338083485535));
#7835=CARTESIAN_POINT('Origin',(-1843.,-124.650006950236,-83.1674329779323));
#7836=CARTESIAN_POINT('',(-1843.,1024.54005722642,561.90895797544));
#7837=CARTESIAN_POINT('Origin',(-1843.,1014.54005722642,561.90895797544));
#7838=CARTESIAN_POINT('',(-1843.,1024.54005722642,-51.9999999999997));
#7839=CARTESIAN_POINT('',(-1843.,1024.54005722642,842.169041742767));
#7840=CARTESIAN_POINT('',(-1843.,1080.93568720995,-51.9999999999997));
#7841=CARTESIAN_POINT('',(-1843.,620.,431.26768461857));
#7842=CARTESIAN_POINT('Origin',(-1843.,670.,431.26768461857));
#7843=CARTESIAN_POINT('Origin',(-1933.,1190.,442.169041742768));
#7844=CARTESIAN_POINT('',(-1933.,1200.,300.));
#7845=CARTESIAN_POINT('',(-1933.,1200.,900.));
#7846=CARTESIAN_POINT('',(-1933.,1200.,442.169041742768));
#7847=CARTESIAN_POINT('Origin',(-1933.,1190.,298.832975393803));
#7848=CARTESIAN_POINT('Origin',(-1933.,1190.,900.));
#7849=CARTESIAN_POINT('Origin',(-1933.,1233.52033928635,114.913907404227));
#7850=CARTESIAN_POINT('',(-1933.,1280.9266608331,-41.9999999999997));
#7851=CARTESIAN_POINT('',(-1933.,1243.25160994967,117.216595241787));
#7852=CARTESIAN_POINT('',(-1939.38368118518,1280.9262344439,-51.9999999999997));
#7853=CARTESIAN_POINT('Origin',(-1933.,1280.9266608331,-85.4275103941026));
#7854=CARTESIAN_POINT('',(-1939.38418146725,1280.9262344439,-51.9999999999997));
#7855=CARTESIAN_POINT('',(-2293.,1280.9262344439,-51.9999999999997));
#7856=CARTESIAN_POINT('Origin',(-1933.,1280.9262344439,-85.4257084526213));
#7857=CARTESIAN_POINT('Origin',(-1943.,1200.,300.));
#7858=CARTESIAN_POINT('',(-1943.,1200.,300.));
#7859=CARTESIAN_POINT('',(-1210.25,1200.,900.));
#7860=CARTESIAN_POINT('Origin',(-1943.,1373.05144969208,-431.323833028871));
#7861=CARTESIAN_POINT('',(-2118.,1280.9266608331,-41.9999999999997));
#7862=CARTESIAN_POINT('Origin',(-2193.,1280.9266608331,-41.9999999999997));
#7863=CARTESIAN_POINT('',(-2293.,1280.9262344439,-51.9999999999997));
#7864=CARTESIAN_POINT('Origin',(-2203.,1123.30921577373,580.671469291575));
#7865=CARTESIAN_POINT('',(-2203.,1199.99999999998,300.));
#7866=CARTESIAN_POINT('',(-2203.,1280.92666083308,-41.9999999999997));
#7867=CARTESIAN_POINT('',(-2203.,1133.04048643705,582.974157129135));
#7868=CARTESIAN_POINT('',(-2193.,1189.99999999998,298.832975393805));
#7869=CARTESIAN_POINT('Origin',(-2203.,1189.99999999998,298.832975393805));
#7870=CARTESIAN_POINT('',(-2193.,1123.30921577373,580.671469291575));
#7871=CARTESIAN_POINT('Origin',(-2203.,1280.92666083308,-85.4275103941024));
#7872=CARTESIAN_POINT('Origin',(-2203.,1189.99999999998,735.95447898772));
#7873=CARTESIAN_POINT('',(-2193.,1189.99999999998,900.));
#7874=CARTESIAN_POINT('',(-2193.,1189.99999999998,735.95447898772));
#7875=CARTESIAN_POINT('',(-2203.,1199.99999999998,900.));
#7876=CARTESIAN_POINT('',(-2203.,1199.99999999998,735.95447898772));
#7877=CARTESIAN_POINT('Origin',(-2203.,1189.99999999998,900.));
#7878=CARTESIAN_POINT('Origin',(-2293.00000000002,1280.92666083308,-41.9999999999997));
#7879=CARTESIAN_POINT('',(-2283.,1280.92666083308,-41.9999999999997));
#7880=CARTESIAN_POINT('Origin',(-2283.,1280.92666083308,-85.4275103941021));
#7881=CARTESIAN_POINT('',(-2293.00000000002,1280.92666083308,-41.9999999999997));
#7882=CARTESIAN_POINT('Origin',(-2293.00000000002,1199.99999999998,300.));
#7883=CARTESIAN_POINT('',(-2283.,1199.99999999998,300.));
#7884=CARTESIAN_POINT('',(-2283.,1156.72588510362,482.878511756219));
#7885=CARTESIAN_POINT('',(-2293.00000000002,1199.99999999998,300.));
#7886=CARTESIAN_POINT('Origin',(-2293.00000000002,1199.99999999998,900.));
#7887=CARTESIAN_POINT('',(-2283.,1199.99999999998,742.169041742766));
#7888=CARTESIAN_POINT('',(-1873.75000000001,1199.99999999998,900.));
#7889=CARTESIAN_POINT('Origin',(-2283.,1146.9946144403,480.575823918659));
#7890=CARTESIAN_POINT('Origin',(-2283.,1189.99999999998,298.832975393805));
#7891=CARTESIAN_POINT('Origin',(-2283.,1189.99999999998,742.169041742766));
#7892=CARTESIAN_POINT('Origin',(-2203.,-264.447377969324,3120.33126578109));
#7893=CARTESIAN_POINT('',(-2193.,165.691299147724,988.910442109117));
#7894=CARTESIAN_POINT('',(-2203.,165.691299147724,999.113003141833));
#7895=CARTESIAN_POINT('Ctrl Pts',(-2193.,165.691299147724,988.910442109117));
#7896=CARTESIAN_POINT('Ctrl Pts',(-2193.,165.691299147724,989.543993987157));
#7897=CARTESIAN_POINT('Ctrl Pts',(-2193.06164339991,165.691299147724,990.23605563218));
#7898=CARTESIAN_POINT('Ctrl Pts',(-2193.32787365165,165.691299147724,991.592061972017));
#7899=CARTESIAN_POINT('Ctrl Pts',(-2193.53248877908,165.691299147724,992.256001115215));
#7900=CARTESIAN_POINT('Ctrl Pts',(-2194.01013935585,165.691299147724,993.42274869763));
#7901=CARTESIAN_POINT('Ctrl Pts',(-2194.32610112748,165.691299147724,994.033715070266));
#7902=CARTESIAN_POINT('Ctrl Pts',(-2195.0790322919,165.691299147724,995.175714285736));
#7903=CARTESIAN_POINT('Ctrl Pts',(-2195.51606138409,165.691299147724,995.706707767065));
#7904=CARTESIAN_POINT('Ctrl Pts',(-2196.39217472626,165.691299147724,996.593591420882));
#7905=CARTESIAN_POINT('Ctrl Pts',(-2196.9108860316,165.691299147724,997.032266727916));
#7906=CARTESIAN_POINT('Ctrl Pts',(-2198.02936773513,165.691299147724,997.789686581316));
#7907=CARTESIAN_POINT('Ctrl Pts',(-2198.62917895023,165.691299147724,998.10837085161));
#7908=CARTESIAN_POINT('Ctrl Pts',(-2199.76595713601,165.691299147724,998.584803247069));
#7909=CARTESIAN_POINT('Ctrl Pts',(-2200.40697132778,165.691299147724,998.787538902051));
#7910=CARTESIAN_POINT('Ctrl Pts',(-2201.71743414145,165.691299147724,999.051653727196));
#7911=CARTESIAN_POINT('Ctrl Pts',(-2202.38688876019,165.691299147724,999.113003141833));
#7912=CARTESIAN_POINT('Ctrl Pts',(-2203.,165.691299147724,999.113003141833));
#7913=CARTESIAN_POINT('',(-2193.,775.677095071891,1210.85094650172));
#7914=CARTESIAN_POINT('Origin',(-2193.,-264.447377969324,3120.33126578109));
#7915=CARTESIAN_POINT('',(-2203.,770.893573081935,1219.63262728455));
#7916=CARTESIAN_POINT('Origin',(-2203.,775.677095071891,1210.85094650172));
#7917=CARTESIAN_POINT('Origin',(-2203.,-264.447377969324,3120.33126578109));
#7918=CARTESIAN_POINT('Origin',(-2203.,890.481622830844,1000.09060771369));
#7919=CARTESIAN_POINT('',(-2193.,1084.37258475374,1141.53421797804));
#7920=CARTESIAN_POINT('Origin',(-2203.,1084.37258475374,1141.53421797804));
#7921=CARTESIAN_POINT('Origin',(-2203.,890.481622830844,1000.09060771369));
#7922=CARTESIAN_POINT('Origin',(-2193.,890.481622830844,1000.09060771369));
#7923=CARTESIAN_POINT('Origin',(-2203.,1001.00022988196,1255.82107797585));
#7924=CARTESIAN_POINT('',(-2193.,1200.,983.032107314607));
#7925=CARTESIAN_POINT('Origin',(-2203.,1200.,983.032107314607));
#7926=CARTESIAN_POINT('',(-2193.,1001.00022988196,1255.82107797585));
#7927=CARTESIAN_POINT('Origin',(-616.000000000002,890.481622830844,1000.09060771369));
#7928=CARTESIAN_POINT('',(-2283.,770.893573081935,1219.63262728455));
#7929=CARTESIAN_POINT('Origin',(-2283.,890.481622830844,1000.09060771369));
#7930=CARTESIAN_POINT('',(-616.000000000002,770.893573081935,1219.63262728455));
#7931=CARTESIAN_POINT('Origin',(-616.000000000002,-264.447377969324,3120.33126578109));
#7932=CARTESIAN_POINT('',(-2283.,165.691299147724,999.113003141833));
#7933=CARTESIAN_POINT('Origin',(-2283.,-264.447377969324,3120.33126578109));
#7934=CARTESIAN_POINT('',(-1454.5,165.691299147724,999.113003141833));
#7935=CARTESIAN_POINT('Origin',(-2966.,165.691299147724,968.021432252319));
#7936=CARTESIAN_POINT('',(-2966.,165.691299147724,999.113003141833));
#7937=CARTESIAN_POINT('',(-2966.,165.691299147724,999.113003141833));
#7938=CARTESIAN_POINT('',(-2966.,165.691299147724,968.021432252319));
#7939=CARTESIAN_POINT('',(-2193.,165.691299147723,769.965195113879));
#7940=CARTESIAN_POINT('Origin',(-2283.,1162.31438151246,1034.69156938258));
#7941=CARTESIAN_POINT('Origin',(-2283.,1084.37258475374,1141.53421797804));
#7942=CARTESIAN_POINT('Origin',(-2283.,890.481622830844,1000.09060771369));
#7943=CARTESIAN_POINT('Origin',(-2283.,775.677095071891,1210.85094650172));
#7944=CARTESIAN_POINT('Origin',(-2283.,-264.447377969324,3120.33126578109));
#7945=CARTESIAN_POINT('Ctrl Pts',(-2293.,186.698295485714,993.257785513585));
#7946=CARTESIAN_POINT('Ctrl Pts',(-2293.,185.769553764864,993.526417419657));
#7947=CARTESIAN_POINT('Ctrl Pts',(-2292.96889494984,184.834406515333,993.795593964649));
#7948=CARTESIAN_POINT('Ctrl Pts',(-2292.62830771931,179.764306352407,995.247811196783));
#7949=CARTESIAN_POINT('Ctrl Pts',(-2291.74240691461,175.810589605624,996.352534152644));
#7950=CARTESIAN_POINT('Ctrl Pts',(-2289.62284898258,170.914430843004,997.699732238169));
#7951=CARTESIAN_POINT('Ctrl Pts',(-2288.7542989807,169.45652652358,998.096527056731));
#7952=CARTESIAN_POINT('Ctrl Pts',(-2287.14356115768,167.570952375874,998.607279558));
#7953=CARTESIAN_POINT('Ctrl Pts',(-2286.38285342641,166.871325354689,998.795870203189));
#7954=CARTESIAN_POINT('Ctrl Pts',(-2284.91477726947,166.051715179711,999.016303672197));
#7955=CARTESIAN_POINT('Ctrl Pts',(-2284.27865988852,165.818321489839,999.078922972331));
#7956=CARTESIAN_POINT('Ctrl Pts',(-2283.3984319103,165.704185210549,999.109546470499));
#7957=CARTESIAN_POINT('Ctrl Pts',(-2283.19914413326,165.691299147724,999.113003141833));
#7958=CARTESIAN_POINT('Ctrl Pts',(-2283.,165.691299147724,999.113003141833));
#7959=CARTESIAN_POINT('Origin',(-1778.75,700.,471.90895797544));
#7960=CARTESIAN_POINT('',(-2143.,600.,471.90895797544));
#7961=CARTESIAN_POINT('Origin',(-2143.,700.,471.90895797544));
#7962=CARTESIAN_POINT('',(-2103.,600.,471.90895797544));
#7963=CARTESIAN_POINT('',(-1778.75,600.,471.90895797544));
#7964=CARTESIAN_POINT('Origin',(-2103.,700.,471.90895797544));
#7965=CARTESIAN_POINT('Origin',(-2103.,690.,512.681075174541));
#7966=CARTESIAN_POINT('',(-2103.,600.,707.862150349082));
#7967=CARTESIAN_POINT('',(-2103.,620.,431.26768461857));
#7968=CARTESIAN_POINT('Origin',(-2103.,670.,431.26768461857));
#7969=CARTESIAN_POINT('Origin',(-1454.5,1392.5,-51.9999999999997));
#7970=CARTESIAN_POINT('',(-2193.,1024.54005722642,-51.9999999999997));
#7971=CARTESIAN_POINT('',(-2193.00000000002,1300.88241520827,-51.9999999999997));
#7972=CARTESIAN_POINT('',(-1454.5,1024.54005722642,-51.9999999999997));
#7973=CARTESIAN_POINT('',(-2064.50000000001,1221.76494763849,-51.9999999999997));
#7974=CARTESIAN_POINT('Origin',(-2044.50000000001,1221.76494763849,-51.9999999999997));
#7975=CARTESIAN_POINT('Origin',(-1454.5,1392.5,-51.9999999999997));
#7976=CARTESIAN_POINT('',(-2629.50000000001,972.18580737719,-51.9999999999997));
#7977=CARTESIAN_POINT('Origin',(-2193.,-176.543630853464,571.90895797544));
#7978=CARTESIAN_POINT('',(-2193.,1200.,900.));
#7979=CARTESIAN_POINT('',(-2193.,607.978184573268,900.));
#7980=CARTESIAN_POINT('',(-2193.,1200.,435.95447898772));
#7981=CARTESIAN_POINT('',(-2193.,1024.54005722642,812.));
#7982=CARTESIAN_POINT('',(-2193.,665.481622830844,1000.09060771369));
#7983=CARTESIAN_POINT('Origin',(-2193.,890.481622830844,1000.09060771369));
#7984=CARTESIAN_POINT('Origin',(-2343.00000000002,1180.9262344439,-136.999999999998));
#7985=CARTESIAN_POINT('',(-2343.00000000002,1280.9262344439,-136.999999999998));
#7986=CARTESIAN_POINT('Origin',(-2044.50000000001,1221.76494763849,-41.9999999999997));
#7987=CARTESIAN_POINT('',(-2064.50000000001,1221.76494763849,-197.001557274678));
#7988=CARTESIAN_POINT('',(-2064.50000000001,1221.76494763849,-41.9999999999997));
#7989=CARTESIAN_POINT('Origin',(-2044.50000000001,1221.76494763849,-197.001557274678));
#7990=CARTESIAN_POINT('Origin',(-2204.5,1167.88607526953,-294.162695151799));
#7991=CARTESIAN_POINT('',(-2204.5,972.185807377184,-197.001557274668));
#7992=CARTESIAN_POINT('',(-2204.5,1317.60431713185,-197.001557274681));
#7993=CARTESIAN_POINT('',(-2204.5,972.185807377169,-391.32383302893));
#7994=CARTESIAN_POINT('',(-2204.5,972.185807377175,-431.32383302893));
#7995=CARTESIAN_POINT('',(-2204.5,1373.05144969207,-391.323833028871));
#7996=CARTESIAN_POINT('Origin',(-1995.63617233767,1362.60323444389,-71.9999999999997));
#7997=CARTESIAN_POINT('',(-1995.63617233767,1362.60323444389,-71.9999999999997));
#7998=CARTESIAN_POINT('Origin',(-2293.,1288.02549073074,-71.9999999999997));
#7999=CARTESIAN_POINT('',(-2064.50000000001,1221.76494763849,-71.9999999999997));
#8000=CARTESIAN_POINT('Origin',(-2044.50000000001,1221.76494763849,-71.9999999999997));
#8001=CARTESIAN_POINT('Origin',(-2044.50000000001,1221.76494763849,-41.9999999999997));
#8002=CARTESIAN_POINT('',(-2064.50000000001,1221.76494763849,-41.9999999999997));
#8003=CARTESIAN_POINT('Origin',(-1943.,735.953192373643,571.90895797544));
#8004=CARTESIAN_POINT('',(-1883.,735.953192373643,571.90895797544));
#8005=CARTESIAN_POINT('',(-1883.,747.227866622799,571.90895797544));
#8006=CARTESIAN_POINT('',(-1918.,735.953192373643,571.90895797544));
#8007=CARTESIAN_POINT('Origin',(-1893.,675.,632.862150349082));
#8008=CARTESIAN_POINT('',(-1883.,724.079035994245,583.783114354837));
#8009=CARTESIAN_POINT('Origin',(-2143.,690.,512.681075174541));
#8010=CARTESIAN_POINT('',(-2143.,600.,707.862150349082));
#8011=CARTESIAN_POINT('',(-2143.,620.,431.26768461857));
#8012=CARTESIAN_POINT('Origin',(-2143.,670.,431.26768461857));
#8013=CARTESIAN_POINT('Origin',(-2103.,600.,707.862150349082));
#8014=CARTESIAN_POINT('Origin',(-2103.,670.,431.26768461857));
#8015=CARTESIAN_POINT('',(-2103.,620.,431.26768461857));
#8016=CARTESIAN_POINT('Origin',(-1883.,676.13506880244,437.681075174541));
#8017=CARTESIAN_POINT('',(-1883.,620.,431.26768461857));
#8018=CARTESIAN_POINT('Origin',(-1883.,670.,431.26768461857));
#8019=CARTESIAN_POINT('Origin',(-1943.,670.,431.26768461857));
#8020=CARTESIAN_POINT('',(-1943.,620.,431.26768461857));
#8021=CARTESIAN_POINT('Origin',(-2043.,890.481622830844,1000.09060771369));
#8022=CARTESIAN_POINT('',(-2043.,665.481622830844,1000.09060771369));
#8023=CARTESIAN_POINT('',(-2043.,665.481622830844,1000.09060771369));
#8024=CARTESIAN_POINT('Origin',(-2043.,890.481622830844,1000.09060771369));
#8025=CARTESIAN_POINT('Origin',(-2043.,890.481622830844,1000.09060771369));
#8026=CARTESIAN_POINT('',(-2043.,980.481622830844,1000.09060771369));
#8027=CARTESIAN_POINT('Origin',(-2043.,890.481622830844,1000.09060771369));
#8028=CARTESIAN_POINT('Origin',(-1604.5,890.481622830844,1000.09060771369));
#8029=CARTESIAN_POINT('',(-1604.5,765.481622830844,1000.09060771369));
#8030=CARTESIAN_POINT('',(-1604.5,765.481622830844,1000.09060771369));
#8031=CARTESIAN_POINT('Origin',(-1604.5,890.481622830844,1000.09060771369));
#8032=CARTESIAN_POINT('Origin',(-1604.5,890.481622830844,1000.09060771369));
#8033=CARTESIAN_POINT('',(-1604.5,980.481622830844,1000.09060771369));
#8034=CARTESIAN_POINT('Origin',(-1604.5,890.481622830844,1000.09060771369));
#8035=CARTESIAN_POINT('Origin',(-616.000000000002,800.,1009.10077732073));
#8036=CARTESIAN_POINT('',(-616.000000000002,709.96010330472,1187.68637865271));
#8037=CARTESIAN_POINT('Origin',(-616.000000000002,890.481622830844,1000.09060771369));
#8038=CARTESIAN_POINT('',(-616.000000000002,770.893573081935,1219.63262728455));
#8039=CARTESIAN_POINT('Origin',(-616.000000000002,-264.447377969324,3120.33126578109));
#8040=CARTESIAN_POINT('Origin',(-616.000000000002,1200.,800.));
#8041=CARTESIAN_POINT('',(-1210.25,1200.,900.));
#8042=CARTESIAN_POINT('Origin',(-616.000000000002,890.481622830844,1000.09060771369));
#8043=CARTESIAN_POINT('',(-616.000000000002,980.481622830844,1000.09060771369));
#8044=CARTESIAN_POINT('Origin',(-616.000000000002,890.481622830844,1000.09060771369));
#8045=CARTESIAN_POINT('',(-616.000000000002,980.481622830844,1000.09060771369));
#8046=CARTESIAN_POINT('Origin',(-2293.,568.938553262461,273.556501570918));
#8047=CARTESIAN_POINT('',(-2293.,942.185807377171,-431.323833028935));
#8048=CARTESIAN_POINT('',(-2293.,755.562180319868,-431.323833028962));
#8049=CARTESIAN_POINT('',(-2293.,942.185807377174,-451.999999999996));
#8050=CARTESIAN_POINT('',(-2293.,942.185807377174,-451.999999999996));
#8051=CARTESIAN_POINT('',(-2293.,972.185807377174,-451.999999999996));
#8052=CARTESIAN_POINT('',(-2293.,2810.,-452.));
#8053=CARTESIAN_POINT('',(-2293.,972.185807377174,-451.999999999996));
#8054=CARTESIAN_POINT('Origin',(-2966.,568.938553262461,273.556501570918));
#8055=CARTESIAN_POINT('',(-2966.,972.185807377174,-451.999999999996));
#8056=CARTESIAN_POINT('',(-2966.,972.185807377198,146.136323735588));
#8057=CARTESIAN_POINT('',(-2966.,972.185807377174,-451.999999999996));
#8058=CARTESIAN_POINT('',(-2966.,942.185807377174,-451.999999999996));
#8059=CARTESIAN_POINT('',(-2966.,2810.,-452.));
#8060=CARTESIAN_POINT('',(-2966.,942.185807377174,-451.999999999996));
#8061=CARTESIAN_POINT('Origin',(-2966.,-124.650006950236,-83.1674329779323));
#8062=CARTESIAN_POINT('Origin',(-2966.,972.185807377198,146.136323735588));
#8063=CARTESIAN_POINT('',(-2966.,972.185807377174,-451.999999999996));
#8064=CARTESIAN_POINT('',(-2966.,972.185807377198,146.136323735588));
#8065=CARTESIAN_POINT('Origin',(-2966.,972.185807377174,-451.999999999996));
#8066=CARTESIAN_POINT('',(-2966.,942.185807377174,-451.999999999996));
#8067=CARTESIAN_POINT('Origin',(-2966.,-124.650006950236,-83.1674329779323));
#8068=CARTESIAN_POINT('Origin',(-1454.5,1024.54005722642,1100.));
#8069=CARTESIAN_POINT('Origin',(-1950.,1024.54005722642,-317.5));
#8070=CARTESIAN_POINT('',(-1950.,972.185807377184,-197.001557274668));
#8071=CARTESIAN_POINT('',(-1950.,1024.54005722642,-197.00155727467));
#8072=CARTESIAN_POINT('',(-1950.,1171.07218717913,-197.001557274676));
#8073=CARTESIAN_POINT('',(-1950.,1024.54005722642,-317.5));
#8074=CARTESIAN_POINT('',(-1950.,1024.54005722642,317.5));
#8075=CARTESIAN_POINT('',(-1950.,972.185807377179,-317.5));
#8076=CARTESIAN_POINT('',(-1950.,1024.54005722642,-317.5));
#8077=CARTESIAN_POINT('',(-1950.,972.185807377182,-257.250778637333));
#8078=CARTESIAN_POINT('Origin',(-2350.,0.,0.));
#8079=CARTESIAN_POINT('',(-2350.,-317.5,-3.88825358729285E-14));
#8080=CARTESIAN_POINT('Origin',(-2350.,0.,0.));
#8081=CARTESIAN_POINT('Origin',(-1454.5,1014.54005722642,561.90895797544));
#8082=CARTESIAN_POINT('',(-1066.,1024.54005722642,561.90895797544));
#8083=CARTESIAN_POINT('Origin',(-1066.,1014.54005722642,561.90895797544));
#8084=CARTESIAN_POINT('',(-1454.5,1024.54005722642,561.90895797544));
#8085=CARTESIAN_POINT('Origin',(-1454.5,1014.54005722642,561.90895797544));
#8086=CARTESIAN_POINT('',(-966.,1024.54005722642,561.90895797544));
#8087=CARTESIAN_POINT('Origin',(-966.,1014.54005722642,561.90895797544));
#8088=CARTESIAN_POINT('',(-716.,1024.54005722642,561.90895797544));
#8089=CARTESIAN_POINT('Origin',(-716.,1014.54005722642,561.90895797544));
#8090=CARTESIAN_POINT('',(-1454.5,1024.54005722642,561.90895797544));
#8091=CARTESIAN_POINT('Origin',(-1454.5,1304.96189019377,-187.001557274681));
#8092=CARTESIAN_POINT('',(-1053.23277573708,1314.69316085709,-184.698869437121));
#8093=CARTESIAN_POINT('',(-1454.5,1314.69316085709,-184.698869437121));
#8094=CARTESIAN_POINT('',(-1053.23277573708,1304.96189019377,-197.001557274681));
#8095=CARTESIAN_POINT('Origin',(-1053.23277573709,1304.96189019377,-187.001557274681));
#8096=CARTESIAN_POINT('',(-1454.5,1304.96189019377,-197.001557274681));
#8097=CARTESIAN_POINT('Origin',(-1454.5,1317.60431713185,-197.001557274681));
#8098=CARTESIAN_POINT('',(-1053.23277573709,1270.9262344439,-197.00155727468));
#8099=CARTESIAN_POINT('',(-1053.23277573708,1299.26527578786,-197.001557274681));
#8100=CARTESIAN_POINT('',(-704.5,1270.9262344439,-197.00155727468));
#8101=CARTESIAN_POINT('',(-1035.25,1270.9262344439,-197.00155727468));
#8102=CARTESIAN_POINT('',(-704.5,972.185807377184,-197.001557274668));
#8103=CARTESIAN_POINT('',(-704.5,1317.60431713185,-197.001557274681));
#8104=CARTESIAN_POINT('',(-959.,972.185807377184,-197.001557274668));
#8105=CARTESIAN_POINT('',(-1454.5,972.185807377184,-197.001557274668));
#8106=CARTESIAN_POINT('',(-959.,1024.54005722642,-197.00155727467));
#8107=CARTESIAN_POINT('',(-959.,1171.07218717913,-197.001557274676));
#8108=CARTESIAN_POINT('',(-1454.5,1024.54005722642,-197.00155727467));
#8109=CARTESIAN_POINT('',(-1454.5,972.185807377184,-197.001557274668));
#8110=CARTESIAN_POINT('',(-844.499999999994,1221.76494763849,-197.001557274678));
#8111=CARTESIAN_POINT('Origin',(-864.499999999994,1221.76494763849,-197.001557274678));
#8112=CARTESIAN_POINT('Origin',(-1053.23277573709,1362.6032344439,-132.));
#8113=CARTESIAN_POINT('',(-1053.23277573709,1280.92666083309,-51.9999999999997));
#8114=CARTESIAN_POINT('',(-1053.23277573708,1280.92623444388,-187.00155727468));
#8115=CARTESIAN_POINT('',(-1053.23277573708,1280.92623444388,-152.));
#8116=CARTESIAN_POINT('Origin',(-1053.23277573709,1270.9262344439,-187.00155727468));
#8117=CARTESIAN_POINT('',(-1053.23277573709,1306.95570379112,-152.));
#8118=CARTESIAN_POINT('',(-1053.23277573708,1344.35547935122,-310.053268352852));
#8119=CARTESIAN_POINT('',(-1053.23277573709,1345.98704194499,-152.));
#8120=CARTESIAN_POINT('',(-1053.23277573709,1377.55161722195,-152.));
#8121=CARTESIAN_POINT('',(-1053.23277573709,1361.73695835908,-142.));
#8122=CARTESIAN_POINT('Origin',(-1053.23277573709,1345.98704194499,-142.));
#8123=CARTESIAN_POINT('',(-1053.23277573709,1361.73695835908,-61.9999999999997));
#8124=CARTESIAN_POINT('',(-1053.23277573709,1361.73695835908,-91.9999999999997));
#8125=CARTESIAN_POINT('',(-1053.23277573709,1280.9266608331,-61.9999999999997));
#8126=CARTESIAN_POINT('',(-1053.23277573709,1377.55161722195,-61.9999999999997));
#8127=CARTESIAN_POINT('',(-1053.23277573709,1280.9266608331,-86.9999999999997));
#8128=CARTESIAN_POINT('Origin',(-1035.25,1270.9262344439,-401.323833028886));
#8129=CARTESIAN_POINT('',(-694.5,1280.9262344439,-401.323833028886));
#8130=CARTESIAN_POINT('',(-1035.25,1280.9262344439,-401.323833028886));
#8131=CARTESIAN_POINT('',(-704.5,1270.9262344439,-391.323833028886));
#8132=CARTESIAN_POINT('',(-1873.75,1270.9262344439,-391.323833028886));
#8133=CARTESIAN_POINT('Origin',(-694.5,1270.9262344439,-401.323833028886));
#8134=CARTESIAN_POINT('Origin',(-1035.25,1270.9262344439,-187.00155727468));
#8135=CARTESIAN_POINT('',(-694.5,1280.9262344439,-187.00155727468));
#8136=CARTESIAN_POINT('',(-1035.25,1280.9262344439,-187.00155727468));
#8137=CARTESIAN_POINT('Origin',(-694.5,1270.9262344439,-187.00155727468));
#8138=CARTESIAN_POINT('Origin',(-694.5,1270.9262344439,-228.081347575899));
#8139=CARTESIAN_POINT('',(-704.5,1270.9262344439,-228.081347575899));
#8140=CARTESIAN_POINT('',(-694.5,1280.9262344439,-228.081347575899));
#8141=CARTESIAN_POINT('Origin',(-616.,1280.9262344439,-162.));
#8142=CARTESIAN_POINT('',(-969.616318814826,1280.9266608331,-51.9999999999997));
#8143=CARTESIAN_POINT('',(-616.,1280.9266608331,-51.9999999999997));
#8144=CARTESIAN_POINT('',(-969.615818532757,1280.9262344439,-51.9999999999997));
#8145=CARTESIAN_POINT('Origin',(-976.,1273.01678716012,-51.9999999999997));
#8146=CARTESIAN_POINT('',(-967.579637477305,1280.9262344439,-61.9999999999997));
#8147=CARTESIAN_POINT('Origin',(-976.,1280.9262344439,-85.4257084526213));
#8148=CARTESIAN_POINT('',(-919.866446246227,1280.9262344439,-61.9999999999997));
#8149=CARTESIAN_POINT('',(-1035.25,1280.9262344439,-61.9999999999997));
#8150=CARTESIAN_POINT('',(-955.369652105728,1280.9262344439,-142.));
#8151=CARTESIAN_POINT('',(-914.724139565469,1280.9262344439,-50.412749651717));
#8152=CARTESIAN_POINT('',(-565.999999999982,1280.9262344439,-142.));
#8153=CARTESIAN_POINT('',(-616.,1280.9262344439,-142.));
#8154=CARTESIAN_POINT('',(-565.999999999982,1280.9262344439,-161.999999999992));
#8155=CARTESIAN_POINT('',(-565.999999999982,1280.9262344439,-136.999999999998));
#8156=CARTESIAN_POINT('',(-626.,1280.9262344439,-161.999999999999));
#8157=CARTESIAN_POINT('',(-615.999999999991,1280.9262344439,-161.999999999999));
#8158=CARTESIAN_POINT('',(-626.,1280.92623444388,-431.323833028885));
#8159=CARTESIAN_POINT('',(-626.,1280.9262344439,211.169041742766));
#8160=CARTESIAN_POINT('',(-1655.13361213146,1280.92623444388,-431.323833028885));
#8161=CARTESIAN_POINT('Origin',(-626.,1270.9262344439,211.169041742766));
#8162=CARTESIAN_POINT('',(-616.,1270.9262344439,-171.999999999999));
#8163=CARTESIAN_POINT('',(-616.,1270.9262344439,-431.323833028886));
#8164=CARTESIAN_POINT('',(-616.,1270.9262344439,211.169041742766));
#8165=CARTESIAN_POINT('Origin',(-626.,1270.9262344439,-431.323833028935));
#8166=CARTESIAN_POINT('Origin',(-626.,1270.9262344439,-161.999999999999));
#8167=CARTESIAN_POINT('Origin',(-475.999999999982,1049.37091414385,-161.999999999991));
#8168=CARTESIAN_POINT('',(-475.999999999982,1180.9262344439,-171.999999999996));
#8169=CARTESIAN_POINT('',(-465.999999999982,1180.9262344439,-161.999999999996));
#8170=CARTESIAN_POINT('Origin',(-475.999999999982,1180.9262344439,-161.999999999996));
#8171=CARTESIAN_POINT('',(-465.999999999982,972.185807377185,-161.999999999988));
#8172=CARTESIAN_POINT('',(-465.999999999982,1049.37091414385,-161.999999999991));
#8173=CARTESIAN_POINT('',(-475.999999999982,972.185807377185,-171.999999999988));
#8174=CARTESIAN_POINT('Origin',(-475.999999999982,972.185807377186,-161.999999999988));
#8175=CARTESIAN_POINT('',(-475.999999999982,1049.37091414385,-171.999999999991));
#8176=CARTESIAN_POINT('Origin',(-565.999999999982,1180.9262344439,-161.999999999988));
#8177=CARTESIAN_POINT('',(-565.999999999982,1270.9262344439,-171.999999999999));
#8178=CARTESIAN_POINT('Origin',(-565.999999999982,1270.9262344439,-161.999999999992));
#8179=CARTESIAN_POINT('Origin',(-565.999999999982,1180.9262344439,-161.999999999988));
#8180=CARTESIAN_POINT('Origin',(-565.999999999982,1180.9262344439,-171.999999999996));
#8181=CARTESIAN_POINT('Origin',(-615.999999999991,1270.9262344439,-161.999999999999));
#8182=CARTESIAN_POINT('',(-615.999999999991,1270.9262344439,-171.999999999999));
#8183=CARTESIAN_POINT('Origin',(-616.,769.371374419901,584.338083485533));
#8184=CARTESIAN_POINT('',(-615.999999999982,972.18580737717,-171.999999999988));
#8185=CARTESIAN_POINT('',(-616.,870.778590898522,-171.999999999984));
#8186=CARTESIAN_POINT('',(-616.,972.185807377175,-431.32383302893));
#8187=CARTESIAN_POINT('',(-616.,972.185807377174,-451.999999999996));
#8188=CARTESIAN_POINT('',(-616.,1373.05144969208,-431.323833028871));
#8189=CARTESIAN_POINT('Origin',(-615.999999999982,972.18580737717,-171.999999999988));
#8190=CARTESIAN_POINT('',(-279.499999999991,972.185807377185,-171.999999999988));
#8191=CARTESIAN_POINT('Origin',(-475.999999999982,1127.60323444389,-106.999999999998));
#8192=CARTESIAN_POINT('',(-475.999999999982,1137.60323444387,-132.));
#8193=CARTESIAN_POINT('',(-475.999999999982,1137.60323444389,-71.9999999999997));
#8194=CARTESIAN_POINT('',(-475.999999999982,1137.60323444389,-106.999999999998));
#8195=CARTESIAN_POINT('',(-465.999999999982,1127.60323444389,-61.9999999999997));
#8196=CARTESIAN_POINT('Origin',(-475.999999999982,1127.60323444389,-61.9999999999997));
#8197=CARTESIAN_POINT('',(-465.999999999982,1127.60323444389,-142.));
#8198=CARTESIAN_POINT('',(-465.999999999982,1127.60323444389,-106.999999999998));
#8199=CARTESIAN_POINT('Origin',(-475.999999999982,1127.60323444389,-142.));
#8200=CARTESIAN_POINT('Origin',(-616.,1270.9262344439,-142.));
#8201=CARTESIAN_POINT('',(-939.991232056962,1270.9262344439,-132.));
#8202=CARTESIAN_POINT('',(-565.999999999982,1270.9262344439,-132.));
#8203=CARTESIAN_POINT('',(-616.,1270.9262344439,-132.));
#8204=CARTESIAN_POINT('Origin',(-565.999999999982,1270.9262344439,-142.));
#8205=CARTESIAN_POINT('Origin',(-955.369652105728,1270.9262344439,-142.));
#8206=CARTESIAN_POINT('Origin',(-565.999999999982,1180.9262344439,-142.));
#8207=CARTESIAN_POINT('',(-475.999999999982,1180.9262344439,-132.));
#8208=CARTESIAN_POINT('',(-465.999999999982,1180.9262344439,-142.));
#8209=CARTESIAN_POINT('Origin',(-475.999999999982,1180.9262344439,-142.));
#8210=CARTESIAN_POINT('Origin',(-565.999999999982,1180.9262344439,-142.));
#8211=CARTESIAN_POINT('Origin',(-565.999999999982,1180.9262344439,-132.));
#8212=CARTESIAN_POINT('Origin',(-475.999999999982,1244.57962767721,-142.));
#8213=CARTESIAN_POINT('',(-465.999999999982,1244.57962767721,-142.));
#8214=CARTESIAN_POINT('',(-475.999999999982,1244.57962767721,-132.));
#8215=CARTESIAN_POINT('Origin',(-914.724139565469,1270.9262344439,-50.412749651717));
#8216=CARTESIAN_POINT('',(-913.363827662336,1270.9262344439,-71.9999999999997));
#8217=CARTESIAN_POINT('Origin',(-919.866446246227,1270.9262344439,-61.9999999999997));
#8218=CARTESIAN_POINT('',(-905.583805628053,1270.9262344439,-54.4691391192754));
#8219=CARTESIAN_POINT('Origin',(-616.,1280.9262344439,-162.));
#8220=CARTESIAN_POINT('',(-617.579637477317,1280.9262344439,-61.9999999999997));
#8221=CARTESIAN_POINT('',(-619.616230931034,1280.92658592994,-51.9999999999997));
#8222=CARTESIAN_POINT('Origin',(-626.,1280.9262344439,-85.4257084527011));
#8223=CARTESIAN_POINT('',(-714.420362522683,1280.9262344439,-61.9999999999997));
#8224=CARTESIAN_POINT('',(-616.,1280.9262344439,-61.9999999999997));
#8225=CARTESIAN_POINT('',(-712.384181467221,1280.9262344439,-51.9999999999998));
#8226=CARTESIAN_POINT('Origin',(-706.,1280.9262344439,-85.4257084527014));
#8227=CARTESIAN_POINT('',(-712.383681185174,1280.92666083308,-51.9999999999997));
#8228=CARTESIAN_POINT('Origin',(-706.,1273.0167871601,-51.9999999999997));
#8229=CARTESIAN_POINT('',(-615.999999999982,1280.92666083308,-51.9999999999997));
#8230=CARTESIAN_POINT('Origin',(-777.995616028478,1137.60323444389,-102.));
#8231=CARTESIAN_POINT('',(-939.991232056962,1137.60323444389,-132.));
#8232=CARTESIAN_POINT('',(-615.999999999982,1137.60323444387,-132.));
#8233=CARTESIAN_POINT('',(-913.363827662336,1137.60323444389,-71.9999999999997));
#8234=CARTESIAN_POINT('',(-939.991232056962,1137.60323444389,-132.));
#8235=CARTESIAN_POINT('',(-913.363827662336,1137.60323444389,-71.9999999999997));
#8236=CARTESIAN_POINT('Origin',(-616.,1362.6032344439,-132.));
#8237=CARTESIAN_POINT('',(-939.991232056962,1362.60323444389,-132.));
#8238=CARTESIAN_POINT('',(-844.499999999994,1221.76494763849,-132.));
#8239=CARTESIAN_POINT('Origin',(-864.499999999994,1221.76494763849,-132.));
#8240=CARTESIAN_POINT('Origin',(-475.999999999982,1259.52801045526,-61.9999999999997));
#8241=CARTESIAN_POINT('',(-475.999999999982,1180.9262344439,-71.9999999999997));
#8242=CARTESIAN_POINT('',(-475.999999999982,1180.9262344439,-51.9999999999997));
#8243=CARTESIAN_POINT('Origin',(-475.999999999982,1180.9262344439,-61.9999999999997));
#8244=CARTESIAN_POINT('',(-475.999999999982,972.18580737719,-51.9999999999997));
#8245=CARTESIAN_POINT('',(-475.999999999982,1259.52801045526,-51.9999999999997));
#8246=CARTESIAN_POINT('',(-465.999999999982,972.18580737719,-61.9999999999997));
#8247=CARTESIAN_POINT('Origin',(-475.999999999982,972.185807377198,-61.9999999999997));
#8248=CARTESIAN_POINT('',(-465.999999999982,1259.52801045526,-61.9999999999997));
#8249=CARTESIAN_POINT('',(-475.999999999982,1207.29075582063,-71.9999999999997));
#8250=CARTESIAN_POINT('Origin',(-565.999999999982,1180.9262344439,-61.9999999999997));
#8251=CARTESIAN_POINT('',(-565.999999999982,1270.9262344439,-71.9999999999997));
#8252=CARTESIAN_POINT('',(-565.999999999982,1270.9262344439,-51.9999999999997));
#8253=CARTESIAN_POINT('Origin',(-565.999999999982,1270.9262344439,-61.9999999999997));
#8254=CARTESIAN_POINT('Origin',(-565.999999999982,1180.9262344439,-51.9999999999997));
#8255=CARTESIAN_POINT('Origin',(-565.999999999982,1180.9262344439,-71.9999999999997));
#8256=CARTESIAN_POINT('Origin',(-1035.25,1270.9262344439,-61.9999999999997));
#8257=CARTESIAN_POINT('',(-616.,1273.07189919191,-52.2329061236634));
#8258=CARTESIAN_POINT('',(-615.999999999982,1270.9262344439,-51.9999999999997));
#8259=CARTESIAN_POINT('Origin',(-616.,1270.9262344439,-61.9999999999997));
#8260=CARTESIAN_POINT('',(-1035.25,1270.9262344439,-51.9999999999997));
#8261=CARTESIAN_POINT('',(-616.,1270.9262344439,-71.9999999999997));
#8262=CARTESIAN_POINT('',(-966.,1273.07189919192,-52.2329061236677));
#8263=CARTESIAN_POINT('Ctrl Pts',(-966.,1273.07189919191,-52.232906123664));
#8264=CARTESIAN_POINT('Ctrl Pts',(-966.,1273.18949679034,-52.2587403200583));
#8265=CARTESIAN_POINT('Ctrl Pts',(-966.001767115928,1273.30565143431,-52.286487071052));
#8266=CARTESIAN_POINT('Ctrl Pts',(-966.029935748832,1274.26937801354,-52.5346653891256));
#8267=CARTESIAN_POINT('Ctrl Pts',(-966.151600784083,1275.14789584471,-52.8873180521425));
#8268=CARTESIAN_POINT('Ctrl Pts',(-966.506295507489,1276.75460739422,-53.821157736813));
#8269=CARTESIAN_POINT('Ctrl Pts',(-966.734893088434,1277.48382439677,-54.4022620334291));
#8270=CARTESIAN_POINT('Ctrl Pts',(-967.143652944176,1278.67015801851,-55.6167945692058));
#8271=CARTESIAN_POINT('Ctrl Pts',(-967.360823485416,1279.23114062444,-56.353608000913));
#8272=CARTESIAN_POINT('Ctrl Pts',(-967.671203993169,1280.12490015018,-57.9703922469679));
#8273=CARTESIAN_POINT('Ctrl Pts',(-967.757965971166,1280.45741864094,-58.8517370359766));
#8274=CARTESIAN_POINT('Ctrl Pts',(-967.757965971166,1280.82852529926,-60.4200518019451));
#8275=CARTESIAN_POINT('Ctrl Pts',(-967.696210173136,1280.9262344439,-61.2097495324008));
#8276=CARTESIAN_POINT('Ctrl Pts',(-967.579637477305,1280.9262344439,-61.9999999999997));
#8277=CARTESIAN_POINT('',(-966.,1270.9262344439,-51.9999999999997));
#8278=CARTESIAN_POINT('Origin',(-966.,1270.9262344439,-61.9999999999997));
#8279=CARTESIAN_POINT('',(-715.999999999982,1270.9262344439,-51.9999999999997));
#8280=CARTESIAN_POINT('',(-1035.25,1270.9262344439,-51.9999999999997));
#8281=CARTESIAN_POINT('',(-716.,1273.0718991919,-52.2329061236634));
#8282=CARTESIAN_POINT('Origin',(-716.,1270.9262344439,-61.9999999999997));
#8283=CARTESIAN_POINT('Ctrl Pts',(-714.420362522683,1280.9262344439,-61.9999999999997));
#8284=CARTESIAN_POINT('Ctrl Pts',(-714.303789826852,1280.9262344439,-61.2097495324009));
#8285=CARTESIAN_POINT('Ctrl Pts',(-714.242034028822,1280.82852529926,-60.4200518019452));
#8286=CARTESIAN_POINT('Ctrl Pts',(-714.242034028822,1280.45741864094,-58.8517370359757));
#8287=CARTESIAN_POINT('Ctrl Pts',(-714.328796006819,1280.12490015018,-57.9703922469663));
#8288=CARTESIAN_POINT('Ctrl Pts',(-714.639176514574,1279.23114062444,-56.3536080009101));
#8289=CARTESIAN_POINT('Ctrl Pts',(-714.856347055816,1278.67015801851,-55.6167945692024));
#8290=CARTESIAN_POINT('Ctrl Pts',(-715.26510691156,1277.48382439677,-54.4022620334252));
#8291=CARTESIAN_POINT('Ctrl Pts',(-715.493704492507,1276.75460739421,-53.8211577368089));
#8292=CARTESIAN_POINT('Ctrl Pts',(-715.848399215915,1275.14789584471,-52.8873180521387));
#8293=CARTESIAN_POINT('Ctrl Pts',(-715.970064251167,1274.26937801353,-52.5346653891221));
#8294=CARTESIAN_POINT('Ctrl Pts',(-715.998232884072,1273.3056514343,-52.28648707105));
#8295=CARTESIAN_POINT('Ctrl Pts',(-716.,1273.18949679033,-52.258740320057));
#8296=CARTESIAN_POINT('Ctrl Pts',(-716.,1273.0718991919,-52.2329061236634));
#8297=CARTESIAN_POINT('Ctrl Pts',(-616.,1273.07189919189,-52.2329061236596));
#8298=CARTESIAN_POINT('Ctrl Pts',(-616.,1273.18949679032,-52.2587403200544));
#8299=CARTESIAN_POINT('Ctrl Pts',(-616.001767115928,1273.30565143429,-52.2864870710486));
#8300=CARTESIAN_POINT('Ctrl Pts',(-616.029935748833,1274.26937801353,-52.5346653891221));
#8301=CARTESIAN_POINT('Ctrl Pts',(-616.151600784086,1275.14789584471,-52.8873180521387));
#8302=CARTESIAN_POINT('Ctrl Pts',(-616.506295507493,1276.75460739421,-53.8211577368089));
#8303=CARTESIAN_POINT('Ctrl Pts',(-616.734893088441,1277.48382439677,-54.4022620334252));
#8304=CARTESIAN_POINT('Ctrl Pts',(-617.143652944184,1278.67015801851,-55.6167945692025));
#8305=CARTESIAN_POINT('Ctrl Pts',(-617.360823485426,1279.23114062444,-56.3536080009101));
#8306=CARTESIAN_POINT('Ctrl Pts',(-617.671203993181,1280.12490015018,-57.9703922469662));
#8307=CARTESIAN_POINT('Ctrl Pts',(-617.757965971179,1280.45741864094,-58.8517370359757));
#8308=CARTESIAN_POINT('Ctrl Pts',(-617.757965971179,1280.82852529926,-60.4200518019451));
#8309=CARTESIAN_POINT('Ctrl Pts',(-617.696210173149,1280.9262344439,-61.2097495324009));
#8310=CARTESIAN_POINT('Ctrl Pts',(-617.579637477317,1280.9262344439,-61.9999999999997));
#8311=CARTESIAN_POINT('Origin',(-465.999999999982,1126.55602091053,-111.999999999997));
#8312=CARTESIAN_POINT('',(-465.999999999982,1180.9262344439,-136.999999999998));
#8313=CARTESIAN_POINT('',(-465.999999999982,972.185807377193,17.0681618677988));
#8314=CARTESIAN_POINT('Origin',(-1150.01829753932,1463.7555229134,-142.));
#8315=CARTESIAN_POINT('',(-1307.71082649693,1655.63556085286,-152.));
#8316=CARTESIAN_POINT('',(-1150.01829753932,1463.7555229134,-152.));
#8317=CARTESIAN_POINT('',(-1299.98508052308,1661.98480089775,-142.));
#8318=CARTESIAN_POINT('Origin',(-1307.71082649693,1655.63556085286,-142.));
#8319=CARTESIAN_POINT('',(-1142.29255156548,1470.10476295829,-142.));
#8320=CARTESIAN_POINT('Origin',(-1454.5,1535.,-142.));
#8321=CARTESIAN_POINT('Origin',(-1454.5,1535.,-142.));
#8322=CARTESIAN_POINT('Origin',(-1454.5,1535.,-152.));
#8323=CARTESIAN_POINT('Origin',(-1454.5,1392.5,-152.));
#8324=CARTESIAN_POINT('',(-1454.5,1306.95570379112,-152.));
#8325=CARTESIAN_POINT('',(-1354.5,1535.,-152.));
#8326=CARTESIAN_POINT('Origin',(-1454.5,1535.,-152.));
#8327=CARTESIAN_POINT('Origin',(-1054.5,1363.27891498349,-51.9999999999997));
#8328=CARTESIAN_POINT('',(-1299.98508052308,1661.98480089775,-61.9999999999997));
#8329=CARTESIAN_POINT('',(-1299.98508052308,1661.98480089775,-51.9999999999997));
#8330=CARTESIAN_POINT('',(-1142.29255156548,1470.10476295829,-61.9999999999997));
#8331=CARTESIAN_POINT('Origin',(-1150.01829753932,1463.7555229134,-61.9999999999997));
#8332=CARTESIAN_POINT('',(-1307.71082649693,1655.63556085286,-51.9999999999997));
#8333=CARTESIAN_POINT('Origin',(-1307.71082649693,1655.63556085286,-61.9999999999997));
#8334=CARTESIAN_POINT('',(-1063.23277573709,1358.15502727745,-51.9999999999997));
#8335=CARTESIAN_POINT('',(-1150.01829753932,1463.7555229134,-51.9999999999997));
#8336=CARTESIAN_POINT('Origin',(-1063.23277573709,1358.15502727745,-61.9999999999997));
#8337=CARTESIAN_POINT('Origin',(-1454.5,1535.,-61.9999999999997));
#8338=CARTESIAN_POINT('Origin',(-1454.5,1535.,-51.9999999999997));
#8339=CARTESIAN_POINT('Origin',(-1454.5,1535.,-61.9999999999997));
#8340=CARTESIAN_POINT('Origin',(-1063.23277573709,1377.55161722195,-61.9999999999997));
#8341=CARTESIAN_POINT('',(-1063.23277573709,1280.11305901047,-51.9999999999997));
#8342=CARTESIAN_POINT('',(-1063.23277573709,1377.55161722195,-51.9999999999997));
#8343=CARTESIAN_POINT('',(-1062.39346533511,1280.9266608331,-52.0352843467993));
#8344=CARTESIAN_POINT('Ctrl Pts',(-1062.39346533511,1280.9266608331,-52.0352843467993));
#8345=CARTESIAN_POINT('Ctrl Pts',(-1062.39500386788,1280.9253155707,-52.0351547589016));
#8346=CARTESIAN_POINT('Ctrl Pts',(-1062.39654206704,1280.92396988226,-52.0350255579609));
#8347=CARTESIAN_POINT('Ctrl Pts',(-1062.69383412786,1280.66374610861,-52.0101238133139));
#8348=CARTESIAN_POINT('Ctrl Pts',(-1062.97678007685,1280.38858860538,-51.9999999999997));
#8349=CARTESIAN_POINT('Ctrl Pts',(-1063.23277573709,1280.11305901048,-51.9999999999997));
#8350=CARTESIAN_POINT('Origin',(-1063.23277573709,1280.9266608331,-61.9999999999997));
#8351=CARTESIAN_POINT('Origin',(-1454.5,1535.,-51.9999999999997));
#8352=CARTESIAN_POINT('Origin',(-1873.75,1210.,910.));
#8353=CARTESIAN_POINT('',(-1204.5,1210.,900.));
#8354=CARTESIAN_POINT('',(-1035.25,1210.,900.));
#8355=CARTESIAN_POINT('',(-1204.5,1200.,910.));
#8356=CARTESIAN_POINT('Origin',(-1204.5,1210.,910.));
#8357=CARTESIAN_POINT('',(-1873.75,1200.,910.));
#8358=CARTESIAN_POINT('Origin',(-2293.,1200.,800.));
#8359=CARTESIAN_POINT('',(-1204.5,1200.,983.032107314607));
#8360=CARTESIAN_POINT('',(-1204.5,1200.,850.));
#8361=CARTESIAN_POINT('',(-1203.61792324924,1200.,990.));
#8362=CARTESIAN_POINT('Origin',(-1194.5,1200.,983.032107314607));
#8363=CARTESIAN_POINT('',(-1035.25,1200.,990.));
#8364=CARTESIAN_POINT('Origin',(-1238.41395320257,1421.08996210917,910.));
#8365=CARTESIAN_POINT('',(-1054.5,1363.27891498349,910.));
#8366=CARTESIAN_POINT('',(-616.,1200.,910.));
#8367=CARTESIAN_POINT('',(-1234.92443624405,1430.46136922849,910.));
#8368=CARTESIAN_POINT('',(-616.,1189.99999999998,900.019776004999));
#8369=CARTESIAN_POINT('Origin',(-616.,1189.3292438663,910.));
#8370=CARTESIAN_POINT('',(-626.,1199.99999999998,902.409636993736));
#8371=CARTESIAN_POINT('Ctrl Pts',(-626.000007210629,1199.99999999999,902.409634835521));
#8372=CARTESIAN_POINT('Ctrl Pts',(-625.407020734893,1199.99999999999,902.587119472825));
#8373=CARTESIAN_POINT('Ctrl Pts',(-624.808851023857,1199.94671660634,902.737800953051));
#8374=CARTESIAN_POINT('Ctrl Pts',(-623.634544925146,1199.73450712653,902.943471824675));
#8375=CARTESIAN_POINT('Ctrl Pts',(-623.05829265072,1199.57538832482,902.997600769877));
#8376=CARTESIAN_POINT('Ctrl Pts',(-621.962673432234,1199.1674259138,902.997600769877));
#8377=CARTESIAN_POINT('Ctrl Pts',(-621.422689453213,1198.91090538979,902.943471824675));
#8378=CARTESIAN_POINT('Ctrl Pts',(-620.395575340437,1198.30339878396,902.737800953051));
#8379=CARTESIAN_POINT('Ctrl Pts',(-619.908231918253,1197.95248268385,902.587118431001));
#8380=CARTESIAN_POINT('Ctrl Pts',(-618.562509358841,1196.78898332198,902.054667644561));
#8381=CARTESIAN_POINT('Ctrl Pts',(-617.820716825558,1195.85802048225,901.597955036928));
#8382=CARTESIAN_POINT('Ctrl Pts',(-616.994028977987,1194.38577360242,901.005713127163));
#8383=CARTESIAN_POINT('Ctrl Pts',(-616.726495208475,1193.79798128338,900.79073824166));
#8384=CARTESIAN_POINT('Ctrl Pts',(-616.312845273796,1192.56546044672,900.421803961225));
#8385=CARTESIAN_POINT('Ctrl Pts',(-616.167024668757,1191.92019434202,900.269310844862));
#8386=CARTESIAN_POINT('Ctrl Pts',(-616.03083927862,1190.89235752702,900.098927007461));
#8387=CARTESIAN_POINT('Ctrl Pts',(-616.,1190.45003245206,900.046339046857));
#8388=CARTESIAN_POINT('Ctrl Pts',(-616.,1189.99999999998,900.019776004999));
#8389=CARTESIAN_POINT('',(-644.657261503082,1199.99999999998,900.));
#8390=CARTESIAN_POINT('Origin',(-644.657261503082,1199.99999999998,910.));
#8391=CARTESIAN_POINT('',(-1060.51482182279,1354.84782494111,900.));
#8392=CARTESIAN_POINT('',(-1238.41395320257,1421.08996210917,900.));
#8393=CARTESIAN_POINT('Origin',(-1060.51482182279,1354.84782494111,910.));
#8394=CARTESIAN_POINT('Origin',(-1150.01829753932,1463.7555229134,910.));
#8395=CARTESIAN_POINT('',(-1307.71082649693,1655.63556085286,900.));
#8396=CARTESIAN_POINT('',(-1150.01829753932,1463.7555229134,900.));
#8397=CARTESIAN_POINT('',(-1299.98508052308,1661.98480089775,910.));
#8398=CARTESIAN_POINT('Origin',(-1307.71082649693,1655.63556085286,910.));
#8399=CARTESIAN_POINT('',(-1142.29255156548,1470.10476295829,910.));
#8400=CARTESIAN_POINT('Origin',(-1454.5,1535.,910.));
#8401=CARTESIAN_POINT('Origin',(-1454.5,1535.,910.));
#8402=CARTESIAN_POINT('Origin',(-1454.5,1535.,900.));
#8403=CARTESIAN_POINT('Origin',(-616.,769.371374419901,584.338083485533));
#8404=CARTESIAN_POINT('',(-616.,1189.99999999998,298.832975393805));
#8405=CARTESIAN_POINT('',(-616.,1189.99999999998,742.169041742766));
#8406=CARTESIAN_POINT('',(-616.,1200.,990.));
#8407=CARTESIAN_POINT('',(-616.,1200.,1300.));
#8408=CARTESIAN_POINT('',(-616.,1189.3292438663,1000.));
#8409=CARTESIAN_POINT('Origin',(-616.,1189.3292438663,990.));
#8410=CARTESIAN_POINT('',(-616.,1187.62190884919,1000.));
#8411=CARTESIAN_POINT('',(-616.,1080.93568720995,1000.));
#8412=CARTESIAN_POINT('',(-616.,1084.37258475374,1141.53421797804));
#8413=CARTESIAN_POINT('',(-616.,1162.31438151246,1034.69156938258));
#8414=CARTESIAN_POINT('',(-616.,775.677095071891,1210.85094650172));
#8415=CARTESIAN_POINT('Origin',(-616.,890.481622830844,1000.09060771369));
#8416=CARTESIAN_POINT('',(-616.,186.698295485714,993.257785513585));
#8417=CARTESIAN_POINT('Origin',(-616.,-264.447377969324,3120.33126578109));
#8418=CARTESIAN_POINT('',(-616.,972.185807377198,146.136323735588));
#8419=CARTESIAN_POINT('Origin',(-616.,-124.650006950236,-83.1674329779323));
#8420=CARTESIAN_POINT('',(-615.999999999982,972.185807377175,-51.9999999999934));
#8421=CARTESIAN_POINT('',(-616.,972.185807377174,-451.999999999996));
#8422=CARTESIAN_POINT('',(-615.999999999982,1300.88241520827,-51.9999999999997));
#8423=CARTESIAN_POINT('',(-616.,1146.9946144403,480.575823918659));
#8424=CARTESIAN_POINT('',(-616.,980.481622830844,1000.09060771369));
#8425=CARTESIAN_POINT('Origin',(-616.,890.481622830844,1000.09060771369));
#8426=CARTESIAN_POINT('Origin',(-1054.5,1363.27891498349,1000.));
#8427=CARTESIAN_POINT('',(-1054.5,1363.27891498349,990.));
#8428=CARTESIAN_POINT('',(-1054.5,1363.27891498349,900.));
#8429=CARTESIAN_POINT('',(-635.591390430235,1207.29500791897,990.));
#8430=CARTESIAN_POINT('',(-1234.92443624405,1430.46136922849,990.));
#8431=CARTESIAN_POINT('',(-626.,1203.72357844888,994.895717057138));
#8432=CARTESIAN_POINT('',(-1352.49903083695,1474.24119188471,624.070055946443));
#8433=CARTESIAN_POINT('',(-617.027719647919,1200.38267947325,990.));
#8434=CARTESIAN_POINT('Origin',(-626.,1203.72357844888,977.927824371745));
#8435=CARTESIAN_POINT('',(-1234.92443624405,1430.46136922849,990.));
#8436=CARTESIAN_POINT('Origin',(-1054.5,1363.27891498349,900.));
#8437=CARTESIAN_POINT('',(-1299.98508052308,1661.98480089775,990.));
#8438=CARTESIAN_POINT('',(-1299.98508052308,1661.98480089775,900.));
#8439=CARTESIAN_POINT('',(-1142.29255156548,1470.10476295829,990.));
#8440=CARTESIAN_POINT('Origin',(-1454.5,1535.,900.));
#8441=CARTESIAN_POINT('Origin',(-1454.5,1535.,990.));
#8442=CARTESIAN_POINT('Origin',(-1873.75,1210.,990.));
#8443=CARTESIAN_POINT('',(-629.786679827675,1202.48349811472,996.595619713768));
#8444=CARTESIAN_POINT('',(-671.513147950217,1210.,1000.));
#8445=CARTESIAN_POINT('Origin',(-671.513147950217,1210.,990.));
#8446=CARTESIAN_POINT('',(-1873.75,1210.,1000.));
#8447=CARTESIAN_POINT('',(-1194.5,1202.48349811472,996.595619713768));
#8448=CARTESIAN_POINT('Ctrl Pts',(-1194.5,1202.48349811472,996.595619713768));
#8449=CARTESIAN_POINT('Ctrl Pts',(-1195.84957937817,1202.48349811472,996.595619713768));
#8450=CARTESIAN_POINT('Ctrl Pts',(-1197.27798487326,1202.27791801543,996.381585243062));
#8451=CARTESIAN_POINT('Ctrl Pts',(-1199.19644853419,1201.75041975313,995.659792285913));
#8452=CARTESIAN_POINT('Ctrl Pts',(-1199.80060395305,1201.54177248462,995.352027663532));
#8453=CARTESIAN_POINT('Ctrl Pts',(-1200.89310719159,1201.11259359459,994.604326281856));
#8454=CARTESIAN_POINT('Ctrl Pts',(-1201.3813205859,1200.89271141493,994.16382058419));
#8455=CARTESIAN_POINT('Ctrl Pts',(-1202.16529707494,1200.52879351378,993.241856439773));
#8456=CARTESIAN_POINT('Ctrl Pts',(-1202.51305482887,1200.36159546463,992.725286314592));
#8457=CARTESIAN_POINT('Ctrl Pts',(-1203.088773649,1200.1140282812,991.610464126263));
#8458=CARTESIAN_POINT('Ctrl Pts',(-1203.31828539707,1200.0354603145,991.01261418947));
#8459=CARTESIAN_POINT('Ctrl Pts',(-1203.53490754843,1200.00346748608,990.302014628145));
#8460=CARTESIAN_POINT('Ctrl Pts',(-1203.57759318149,1200.,990.151942493035));
#8461=CARTESIAN_POINT('Ctrl Pts',(-1203.61792324924,1200.,990.));
#8462=CARTESIAN_POINT('',(-1873.75,1202.48349811472,996.595619713768));
#8463=CARTESIAN_POINT('Origin',(-1454.5,1392.5,1000.));
#8464=CARTESIAN_POINT('',(-1060.5148218228,1354.84782494111,1000.));
#8465=CARTESIAN_POINT('',(-1238.41395320257,1421.08996210917,1000.));
#8466=CARTESIAN_POINT('',(-1307.71082649693,1655.63556085286,1000.));
#8467=CARTESIAN_POINT('',(-1150.01829753932,1463.7555229134,1000.));
#8468=CARTESIAN_POINT('Origin',(-1454.5,1535.,1000.));
#8469=CARTESIAN_POINT('',(-1354.5,1535.,1000.));
#8470=CARTESIAN_POINT('Origin',(-1454.5,1535.,1000.));
#8471=CARTESIAN_POINT('Origin',(-1238.41395320257,1421.08996210917,990.));
#8472=CARTESIAN_POINT('Origin',(-664.248651933366,1207.29500791897,990.));
#8473=CARTESIAN_POINT('Origin',(-1060.5148218228,1354.84782494111,990.));
#8474=CARTESIAN_POINT('Origin',(-1150.01829753932,1463.7555229134,990.));
#8475=CARTESIAN_POINT('Origin',(-1307.71082649693,1655.63556085286,990.));
#8476=CARTESIAN_POINT('Origin',(-1238.41395320257,1421.08996210917,990.));
#8477=CARTESIAN_POINT('',(-616.099810806672,1189.36640920316,1000.));
#8478=CARTESIAN_POINT('Ctrl Pts',(-616.099810806672,1189.36640920316,1000.));
#8479=CARTESIAN_POINT('Ctrl Pts',(-616.103781615697,1189.40093619845,1000.));
#8480=CARTESIAN_POINT('Ctrl Pts',(-616.107860729293,1189.43546407533,999.999856123447));
#8481=CARTESIAN_POINT('Ctrl Pts',(-616.259993621685,1190.69042010108,999.989434109994));
#8482=CARTESIAN_POINT('Ctrl Pts',(-616.544391019995,1191.90748439436,999.794917287851));
#8483=CARTESIAN_POINT('Ctrl Pts',(-617.172613340399,1194.11528591289,999.186256250209));
#8484=CARTESIAN_POINT('Ctrl Pts',(-617.583373088984,1195.28890720678,998.70905181621));
#8485=CARTESIAN_POINT('Ctrl Pts',(-618.292494410285,1197.41872009202,997.42911741524));
#8486=CARTESIAN_POINT('Ctrl Pts',(-618.580768549469,1198.38007508411,996.629417496339));
#8487=CARTESIAN_POINT('Ctrl Pts',(-618.580768549469,1199.40454749494,995.225070273943));
#8488=CARTESIAN_POINT('Ctrl Pts',(-618.528326301667,1199.66577573838,994.770715175059));
#8489=CARTESIAN_POINT('Ctrl Pts',(-618.328632147839,1200.07567277434,993.816088505529));
#8490=CARTESIAN_POINT('Ctrl Pts',(-618.182730583881,1200.22492750626,993.315786620756));
#8491=CARTESIAN_POINT('Ctrl Pts',(-617.708528908181,1200.49848811314,991.873743234312));
#8492=CARTESIAN_POINT('Ctrl Pts',(-617.336290083429,1200.49757809561,990.906365445775));
#8493=CARTESIAN_POINT('Ctrl Pts',(-617.027719647918,1200.38267947325,989.999999999997));
#8494=CARTESIAN_POINT('',(-1238.41395320257,1421.08996210917,1000.));
#8495=CARTESIAN_POINT('Origin',(-1454.5,1535.,990.));
#8496=CARTESIAN_POINT('Origin',(-1454.5,1392.5,1000.));
#8497=CARTESIAN_POINT('Origin',(-626.,1187.62190884919,1000.));
#8498=CARTESIAN_POINT('Origin',(-2293.,1092.45137483386,1147.42770173905));
#8499=CARTESIAN_POINT('',(-1194.5,1092.45137483386,1147.42770173905));
#8500=CARTESIAN_POINT('',(-1194.5,1055.95373208392,1197.45868615384));
#8501=CARTESIAN_POINT('',(-976.,1092.45137483386,1147.42770173905));
#8502=CARTESIAN_POINT('',(-2293.,1092.45137483386,1147.42770173905));
#8503=CARTESIAN_POINT('',(-976.,1200.,1000.));
#8504=CARTESIAN_POINT('',(-976.,1170.39317159258,1040.58505314359));
#8505=CARTESIAN_POINT('',(-706.,1200.,1000.));
#8506=CARTESIAN_POINT('',(-1629.5,1200.,1000.));
#8507=CARTESIAN_POINT('',(-706.,1092.45137483386,1147.42770173905));
#8508=CARTESIAN_POINT('',(-706.,1009.07901996209,1261.71456173687));
#8509=CARTESIAN_POINT('',(-626.,1092.45137483386,1147.42770173905));
#8510=CARTESIAN_POINT('',(-2293.,1092.45137483386,1147.42770173905));
#8511=CARTESIAN_POINT('',(-626.,1170.39317159258,1040.58505314359));
#8512=CARTESIAN_POINT('Origin',(-976.,610.,942.169041742767));
#8513=CARTESIAN_POINT('',(-976.,600.,707.862150349082));
#8514=CARTESIAN_POINT('',(-966.,610.,697.862150349082));
#8515=CARTESIAN_POINT('Origin',(-976.,610.,697.862150349082));
#8516=CARTESIAN_POINT('',(-966.,610.,1009.10077732073));
#8517=CARTESIAN_POINT('',(-966.,610.,942.169041742767));
#8518=CARTESIAN_POINT('',(-976.,600.,1009.10077732073));
#8519=CARTESIAN_POINT('Origin',(-976.,610.,1009.10077732073));
#8520=CARTESIAN_POINT('',(-976.,600.,942.169041742767));
#8521=CARTESIAN_POINT('Origin',(-976.,800.,1009.10077732073));
#8522=CARTESIAN_POINT('',(-966.,714.462098139484,1178.75709858611));
#8523=CARTESIAN_POINT('',(-976.,709.96010330472,1187.68637865271));
#8524=CARTESIAN_POINT('Origin',(-976.,714.462098139484,1178.75709858611));
#8525=CARTESIAN_POINT('Origin',(-976.,800.,1009.10077732073));
#8526=CARTESIAN_POINT('Origin',(-966.,800.,1009.10077732073));
#8527=CARTESIAN_POINT('Origin',(-976.,-264.447377969324,3120.33126578109));
#8528=CARTESIAN_POINT('',(-966.,775.677095071891,1210.85094650172));
#8529=CARTESIAN_POINT('',(-976.,770.893573081935,1219.63262728455));
#8530=CARTESIAN_POINT('Origin',(-976.,775.677095071891,1210.85094650172));
#8531=CARTESIAN_POINT('Origin',(-976.,-264.447377969324,3120.33126578109));
#8532=CARTESIAN_POINT('Origin',(-966.,-264.447377969324,3120.33126578109));
#8533=CARTESIAN_POINT('Origin',(-976.,890.481622830844,1000.09060771369));
#8534=CARTESIAN_POINT('',(-966.,1084.37258475374,1141.53421797804));
#8535=CARTESIAN_POINT('Origin',(-976.,1084.37258475374,1141.53421797804));
#8536=CARTESIAN_POINT('Origin',(-976.,890.481622830844,1000.09060771369));
#8537=CARTESIAN_POINT('Origin',(-966.,890.481622830844,1000.09060771369));
#8538=CARTESIAN_POINT('Origin',(-976.,1162.31438151246,1034.69156938258));
#8539=CARTESIAN_POINT('',(-966.,1200.,983.032107314607));
#8540=CARTESIAN_POINT('Origin',(-976.,1200.,983.032107314607));
#8541=CARTESIAN_POINT('',(-966.,1162.31438151246,1034.69156938258));
#8542=CARTESIAN_POINT('Origin',(-966.,769.371374419901,584.338083485535));
#8543=CARTESIAN_POINT('',(-966.,735.953192373643,571.90895797544));
#8544=CARTESIAN_POINT('',(-966.,710.723860320862,597.13829002822));
#8545=CARTESIAN_POINT('',(-966.,747.227866622799,571.90895797544));
#8546=CARTESIAN_POINT('',(-966.,752.662283396772,571.90895797544));
#8547=CARTESIAN_POINT('Origin',(-966.,-124.650006950236,-83.1674329779323));
#8548=CARTESIAN_POINT('',(-966.,1024.54005722642,-51.9999999999997));
#8549=CARTESIAN_POINT('',(-966.,1024.54005722642,842.169041742767));
#8550=CARTESIAN_POINT('',(-966.,1080.93568720995,-51.9999999999997));
#8551=CARTESIAN_POINT('',(-966.,1190.,298.832975393803));
#8552=CARTESIAN_POINT('',(-966.,1233.52033928635,114.913907404227));
#8553=CARTESIAN_POINT('',(-966.,1190.,900.));
#8554=CARTESIAN_POINT('',(-966.,1190.,442.169041742768));
#8555=CARTESIAN_POINT('',(-966.,1200.,900.));
#8556=CARTESIAN_POINT('',(-966.,1080.93568720995,900.));
#8557=CARTESIAN_POINT('',(-966.,1200.,300.));
#8558=CARTESIAN_POINT('',(-966.,980.481622830844,1000.09060771369));
#8559=CARTESIAN_POINT('Origin',(-966.,890.481622830844,1000.09060771369));
#8560=CARTESIAN_POINT('Origin',(-1194.5,1047.87494200379,1191.56520239282));
#8561=CARTESIAN_POINT('',(-1204.5,1084.37258475374,1141.53421797804));
#8562=CARTESIAN_POINT('',(-1204.5,1047.87494200379,1191.56520239282));
#8563=CARTESIAN_POINT('Origin',(-1194.5,1084.37258475374,1141.53421797804));
#8564=CARTESIAN_POINT('Origin',(-1194.5,890.481622830844,1000.09060771369));
#8565=CARTESIAN_POINT('',(-1204.5,775.677095071891,1210.85094650172));
#8566=CARTESIAN_POINT('',(-1194.5,770.893573081935,1219.63262728455));
#8567=CARTESIAN_POINT('Origin',(-1194.5,775.677095071891,1210.85094650172));
#8568=CARTESIAN_POINT('Origin',(-1194.5,890.481622830844,1000.09060771369));
#8569=CARTESIAN_POINT('Origin',(-1204.5,890.481622830844,1000.09060771369));
#8570=CARTESIAN_POINT('Origin',(-1194.5,-264.447377969324,3120.33126578109));
#8571=CARTESIAN_POINT('',(-1204.5,714.462098139484,1178.75709858611));
#8572=CARTESIAN_POINT('',(-1194.5,709.96010330472,1187.68637865271));
#8573=CARTESIAN_POINT('Origin',(-1194.5,714.462098139484,1178.75709858611));
#8574=CARTESIAN_POINT('Origin',(-1194.5,-264.447377969324,3120.33126578109));
#8575=CARTESIAN_POINT('Origin',(-1204.5,-264.447377969324,3120.33126578109));
#8576=CARTESIAN_POINT('Origin',(-1194.5,800.,1009.10077732073));
#8577=CARTESIAN_POINT('',(-1204.5,610.,1009.10077732073));
#8578=CARTESIAN_POINT('',(-1194.5,600.,1009.10077732073));
#8579=CARTESIAN_POINT('Origin',(-1194.5,610.,1009.10077732073));
#8580=CARTESIAN_POINT('Origin',(-1194.5,800.,1009.10077732073));
#8581=CARTESIAN_POINT('Origin',(-1204.5,800.,1009.10077732073));
#8582=CARTESIAN_POINT('Origin',(-1194.5,610.,1150.96604410148));
#8583=CARTESIAN_POINT('',(-1204.5,610.,753.773568692226));
#8584=CARTESIAN_POINT('',(-1194.5,600.,753.773568692226));
#8585=CARTESIAN_POINT('Origin',(-1194.5,610.,753.773568692226));
#8586=CARTESIAN_POINT('',(-1194.5,600.,1150.96604410148));
#8587=CARTESIAN_POINT('',(-1204.5,610.,1150.96604410148));
#8588=CARTESIAN_POINT('Origin',(-1066.,600.,1300.));
#8589=CARTESIAN_POINT('',(-2293.,600.,1009.10077732073));
#8590=CARTESIAN_POINT('',(-1066.,600.,753.773568692226));
#8591=CARTESIAN_POINT('',(-1843.,600.,753.773568692226));
#8592=CARTESIAN_POINT('',(-1066.,600.,942.169041742767));
#8593=CARTESIAN_POINT('',(-1026.,600.,707.862150349082));
#8594=CARTESIAN_POINT('',(-1026.,600.,868.840537587271));
#8595=CARTESIAN_POINT('',(-1016.,600.,707.862150349082));
#8596=CARTESIAN_POINT('Origin',(-1843.,600.,753.773568692226));
#8597=CARTESIAN_POINT('',(-1204.5,1200.,753.773568692226));
#8598=CARTESIAN_POINT('',(-1204.5,641.422824786931,753.773568692226));
#8599=CARTESIAN_POINT('',(-1056.,1200.,753.773568692226));
#8600=CARTESIAN_POINT('',(-1843.,1200.,753.773568692226));
#8601=CARTESIAN_POINT('',(-1066.,1190.,753.773568692225));
#8602=CARTESIAN_POINT('Origin',(-1056.,1190.,753.773568692226));
#8603=CARTESIAN_POINT('',(-1066.,684.685687209951,753.773568692226));
#8604=CARTESIAN_POINT('Origin',(-1204.5,682.845649573862,1001.93208820296));
#8605=CARTESIAN_POINT('',(-1204.5,1200.,900.));
#8606=CARTESIAN_POINT('',(-1204.5,1037.67282478693,900.));
#8607=CARTESIAN_POINT('',(-1204.5,1200.,650.966044101479));
#8608=CARTESIAN_POINT('',(-1204.5,765.481622830844,1000.09060771369));
#8609=CARTESIAN_POINT('Origin',(-1204.5,890.481622830844,1000.09060771369));
#8610=CARTESIAN_POINT('Origin',(-1056.,1190.,442.169041742768));
#8611=CARTESIAN_POINT('',(-1066.,1190.,298.832975393804));
#8612=CARTESIAN_POINT('',(-1066.,1190.,442.169041742768));
#8613=CARTESIAN_POINT('',(-1056.,1200.,300.));
#8614=CARTESIAN_POINT('',(-1056.,1200.,442.169041742768));
#8615=CARTESIAN_POINT('Origin',(-1056.,1190.,298.832975393804));
#8616=CARTESIAN_POINT('Origin',(-1056.,1233.52033928635,114.913907404227));
#8617=CARTESIAN_POINT('',(-1056.,1280.9266608331,-41.9999999999997));
#8618=CARTESIAN_POINT('',(-1056.,1243.25160994967,117.216595241787));
#8619=CARTESIAN_POINT('Origin',(-1056.,1280.9266608331,-85.427510394102));
#8620=CARTESIAN_POINT('',(-1066.,1273.01678716012,-51.9999999999997));
#8621=CARTESIAN_POINT('Origin',(-1056.,1273.01678716012,-51.9999999999997));
#8622=CARTESIAN_POINT('',(-1066.,1233.52033928635,114.913907404227));
#8623=CARTESIAN_POINT('Origin',(-1066.,769.371374419901,584.338083485535));
#8624=CARTESIAN_POINT('',(-1066.,1024.54005722642,-51.9999999999997));
#8625=CARTESIAN_POINT('',(-1066.,1080.93568720995,-51.9999999999997));
#8626=CARTESIAN_POINT('',(-1066.,1024.54005722642,842.169041742767));
#8627=CARTESIAN_POINT('Origin',(-1066.,-124.650006950236,-83.1674329779323));
#8628=CARTESIAN_POINT('',(-1066.,620.,431.26768461857));
#8629=CARTESIAN_POINT('Origin',(-1066.,670.,431.26768461857));
#8630=CARTESIAN_POINT('Origin',(-976.,1190.,442.169041742768));
#8631=CARTESIAN_POINT('',(-976.,1200.,300.));
#8632=CARTESIAN_POINT('',(-976.,1200.,900.));
#8633=CARTESIAN_POINT('',(-976.,1200.,442.169041742768));
#8634=CARTESIAN_POINT('Origin',(-976.,1190.,900.));
#8635=CARTESIAN_POINT('Origin',(-976.,1190.,298.832975393803));
#8636=CARTESIAN_POINT('Origin',(-976.,1233.52033928635,114.913907404227));
#8637=CARTESIAN_POINT('',(-976.,1280.9266608331,-41.9999999999997));
#8638=CARTESIAN_POINT('Origin',(-976.,1280.9266608331,-85.4275103941026));
#8639=CARTESIAN_POINT('',(-976.,1243.25160994967,117.216595241787));
#8640=CARTESIAN_POINT('Origin',(-966.,1200.,300.));
#8641=CARTESIAN_POINT('',(-1698.75,1200.,900.));
#8642=CARTESIAN_POINT('',(-966.,1200.,300.));
#8643=CARTESIAN_POINT('Origin',(-966.,1373.05144969208,-431.323833028871));
#8644=CARTESIAN_POINT('',(-791.,1280.9266608331,-41.9999999999997));
#8645=CARTESIAN_POINT('Origin',(-716.,1280.9266608331,-41.9999999999997));
#8646=CARTESIAN_POINT('Origin',(-706.,1123.30921577373,580.671469291575));
#8647=CARTESIAN_POINT('',(-706.,1199.99999999998,300.));
#8648=CARTESIAN_POINT('',(-706.,1280.92666083308,-41.9999999999997));
#8649=CARTESIAN_POINT('',(-706.,1133.04048643705,582.974157129135));
#8650=CARTESIAN_POINT('Origin',(-706.,1280.92666083308,-85.4275103941024));
#8651=CARTESIAN_POINT('',(-716.,1189.99999999998,298.832975393805));
#8652=CARTESIAN_POINT('',(-716.,1123.30921577373,580.671469291575));
#8653=CARTESIAN_POINT('Origin',(-706.,1189.99999999998,298.832975393805));
#8654=CARTESIAN_POINT('Origin',(-706.,1189.99999999998,735.95447898772));
#8655=CARTESIAN_POINT('',(-716.,1189.99999999998,900.));
#8656=CARTESIAN_POINT('',(-716.,1189.99999999998,735.95447898772));
#8657=CARTESIAN_POINT('',(-706.,1199.99999999998,900.));
#8658=CARTESIAN_POINT('Origin',(-706.,1189.99999999998,900.));
#8659=CARTESIAN_POINT('',(-706.,1199.99999999998,735.95447898772));
#8660=CARTESIAN_POINT('Origin',(-615.999999999982,1280.92666083308,-41.9999999999997));
#8661=CARTESIAN_POINT('',(-626.,1280.92666083308,-41.9999999999997));
#8662=CARTESIAN_POINT('',(-615.999999999982,1280.92666083308,-41.9999999999997));
#8663=CARTESIAN_POINT('Origin',(-626.,1280.92666083308,-85.4275103941021));
#8664=CARTESIAN_POINT('Origin',(-615.999999999982,1199.99999999998,300.));
#8665=CARTESIAN_POINT('',(-626.,1199.99999999998,300.));
#8666=CARTESIAN_POINT('',(-615.999999999982,1199.99999999998,300.));
#8667=CARTESIAN_POINT('',(-626.,1156.72588510362,482.878511756219));
#8668=CARTESIAN_POINT('Origin',(-615.999999999982,1199.99999999998,900.));
#8669=CARTESIAN_POINT('',(-1035.24999999999,1199.99999999998,900.));
#8670=CARTESIAN_POINT('',(-626.,1199.99999999998,742.169041742766));
#8671=CARTESIAN_POINT('Origin',(-626.,1146.9946144403,480.575823918659));
#8672=CARTESIAN_POINT('Origin',(-626.,1189.99999999998,298.832975393805));
#8673=CARTESIAN_POINT('Origin',(-626.,1189.99999999998,742.169041742766));
#8674=CARTESIAN_POINT('Origin',(-706.,-264.447377969324,3120.33126578109));
#8675=CARTESIAN_POINT('',(-716.,165.691299147724,988.910442109117));
#8676=CARTESIAN_POINT('',(-706.,165.691299147724,999.113003141833));
#8677=CARTESIAN_POINT('Ctrl Pts',(-716.,165.691299147724,988.910442109117));
#8678=CARTESIAN_POINT('Ctrl Pts',(-716.,165.691299147724,989.543993987157));
#8679=CARTESIAN_POINT('Ctrl Pts',(-715.938356600091,165.691299147724,990.23605563218));
#8680=CARTESIAN_POINT('Ctrl Pts',(-715.672126348351,165.691299147724,991.592061972017));
#8681=CARTESIAN_POINT('Ctrl Pts',(-715.467511220922,165.691299147724,992.256001115215));
#8682=CARTESIAN_POINT('Ctrl Pts',(-714.989860644148,165.691299147724,993.42274869763));
#8683=CARTESIAN_POINT('Ctrl Pts',(-714.673898872526,165.691299147724,994.033715070266));
#8684=CARTESIAN_POINT('Ctrl Pts',(-713.920967708103,165.691299147724,995.175714285736));
#8685=CARTESIAN_POINT('Ctrl Pts',(-713.483938615913,165.691299147724,995.706707767065));
#8686=CARTESIAN_POINT('Ctrl Pts',(-712.607825273744,165.691299147724,996.593591420882));
#8687=CARTESIAN_POINT('Ctrl Pts',(-712.089113968407,165.691299147724,997.032266727916));
#8688=CARTESIAN_POINT('Ctrl Pts',(-710.970632264877,165.691299147724,997.789686581316));
#8689=CARTESIAN_POINT('Ctrl Pts',(-710.370821049773,165.691299147724,998.10837085161));
#8690=CARTESIAN_POINT('Ctrl Pts',(-709.234042863991,165.691299147724,998.584803247069));
#8691=CARTESIAN_POINT('Ctrl Pts',(-708.593028672221,165.691299147724,998.787538902051));
#8692=CARTESIAN_POINT('Ctrl Pts',(-707.282565858555,165.691299147724,999.051653727196));
#8693=CARTESIAN_POINT('Ctrl Pts',(-706.613111239813,165.691299147724,999.113003141833));
#8694=CARTESIAN_POINT('Ctrl Pts',(-706.,165.691299147724,999.113003141833));
#8695=CARTESIAN_POINT('',(-706.,770.893573081935,1219.63262728455));
#8696=CARTESIAN_POINT('Origin',(-706.,-264.447377969324,3120.33126578109));
#8697=CARTESIAN_POINT('',(-716.,775.677095071891,1210.85094650172));
#8698=CARTESIAN_POINT('Origin',(-706.,775.677095071891,1210.85094650172));
#8699=CARTESIAN_POINT('Origin',(-716.,-264.447377969324,3120.33126578109));
#8700=CARTESIAN_POINT('Origin',(-706.,890.481622830844,1000.09060771369));
#8701=CARTESIAN_POINT('',(-716.,1084.37258475374,1141.53421797804));
#8702=CARTESIAN_POINT('Origin',(-706.,1084.37258475374,1141.53421797804));
#8703=CARTESIAN_POINT('Origin',(-716.,890.481622830844,1000.09060771369));
#8704=CARTESIAN_POINT('Origin',(-706.,890.481622830844,1000.09060771369));
#8705=CARTESIAN_POINT('Origin',(-706.,1001.00022988196,1255.82107797585));
#8706=CARTESIAN_POINT('',(-716.,1200.,983.032107314607));
#8707=CARTESIAN_POINT('Origin',(-706.,1200.,983.032107314607));
#8708=CARTESIAN_POINT('',(-716.,1001.00022988196,1255.82107797585));
#8709=CARTESIAN_POINT('Origin',(-2293.,890.481622830844,1000.09060771369));
#8710=CARTESIAN_POINT('',(-626.,770.893573081935,1219.63262728455));
#8711=CARTESIAN_POINT('',(-2293.,770.893573081935,1219.63262728455));
#8712=CARTESIAN_POINT('Origin',(-626.,890.481622830844,1000.09060771369));
#8713=CARTESIAN_POINT('Origin',(-2293.,-264.447377969324,3120.33126578109));
#8714=CARTESIAN_POINT('',(-626.,165.691299147724,999.113003141833));
#8715=CARTESIAN_POINT('',(-1454.5,165.691299147724,999.113003141833));
#8716=CARTESIAN_POINT('Origin',(-626.,-264.447377969324,3120.33126578109));
#8717=CARTESIAN_POINT('Origin',(56.9999999999999,165.691299147724,968.021432252319));
#8718=CARTESIAN_POINT('',(-716.,165.691299147724,968.021432252319));
#8719=CARTESIAN_POINT('',(-716.,165.691299147723,769.965195113879));
#8720=CARTESIAN_POINT('',(56.9999999999999,165.691299147724,968.021432252319));
#8721=CARTESIAN_POINT('',(56.9999999999999,165.691299147724,968.021432252319));
#8722=CARTESIAN_POINT('',(56.9999999999999,165.691299147724,999.113003141833));
#8723=CARTESIAN_POINT('',(56.9999999999999,165.691299147724,968.021432252319));
#8724=CARTESIAN_POINT('',(56.9999999999999,165.691299147724,999.113003141833));
#8725=CARTESIAN_POINT('Origin',(-626.,1162.31438151246,1034.69156938258));
#8726=CARTESIAN_POINT('Origin',(-626.,1084.37258475374,1141.53421797804));
#8727=CARTESIAN_POINT('Origin',(-626.,890.481622830844,1000.09060771369));
#8728=CARTESIAN_POINT('Origin',(-626.,775.677095071891,1210.85094650172));
#8729=CARTESIAN_POINT('Origin',(-626.,-264.447377969324,3120.33126578109));
#8730=CARTESIAN_POINT('Ctrl Pts',(-616.,186.698295485714,993.257785513585));
#8731=CARTESIAN_POINT('Ctrl Pts',(-616.,185.769553764864,993.526417419657));
#8732=CARTESIAN_POINT('Ctrl Pts',(-616.031105050159,184.834406515333,993.795593964649));
#8733=CARTESIAN_POINT('Ctrl Pts',(-616.371692280688,179.764306352407,995.247811196783));
#8734=CARTESIAN_POINT('Ctrl Pts',(-617.257593085392,175.810589605624,996.352534152644));
#8735=CARTESIAN_POINT('Ctrl Pts',(-619.377151017418,170.914430843004,997.699732238169));
#8736=CARTESIAN_POINT('Ctrl Pts',(-620.245701019299,169.45652652358,998.096527056731));
#8737=CARTESIAN_POINT('Ctrl Pts',(-621.856438842322,167.570952375874,998.607279558));
#8738=CARTESIAN_POINT('Ctrl Pts',(-622.61714657359,166.871325354689,998.795870203189));
#8739=CARTESIAN_POINT('Ctrl Pts',(-624.085222730532,166.051715179711,999.016303672197));
#8740=CARTESIAN_POINT('Ctrl Pts',(-624.721340111478,165.818321489839,999.078922972331));
#8741=CARTESIAN_POINT('Ctrl Pts',(-625.601568089706,165.704185210549,999.109546470499));
#8742=CARTESIAN_POINT('Ctrl Pts',(-625.800855866744,165.691299147724,999.113003141833));
#8743=CARTESIAN_POINT('Ctrl Pts',(-626.,165.691299147724,999.113003141833));
#8744=CARTESIAN_POINT('Origin',(-1454.5,1535.,900.));
#8745=CARTESIAN_POINT('',(-1354.5,1535.,900.));
#8746=CARTESIAN_POINT('',(-1354.5,1535.,900.));
#8747=CARTESIAN_POINT('Origin',(-1454.5,1535.,900.));
#8748=CARTESIAN_POINT('Origin',(-1454.5,972.185807377184,-197.001557274668));
#8749=CARTESIAN_POINT('',(-959.,972.185807377179,-317.5));
#8750=CARTESIAN_POINT('',(-1702.25,972.185807377179,-317.5));
#8751=CARTESIAN_POINT('',(-959.,972.185807377182,-257.250778637333));
#8752=CARTESIAN_POINT('',(-704.5,972.185807377169,-391.32383302893));
#8753=CARTESIAN_POINT('',(-704.5,972.185807377175,-431.32383302893));
#8754=CARTESIAN_POINT('',(-1454.5,972.185807377169,-391.32383302893));
#8755=CARTESIAN_POINT('Origin',(-1950.,1024.54005722642,-317.5));
#8756=CARTESIAN_POINT('',(-959.,1024.54005722642,-317.5));
#8757=CARTESIAN_POINT('',(-959.,1024.54005722642,-317.5));
#8758=CARTESIAN_POINT('',(-959.,1024.54005722642,-317.5));
#8759=CARTESIAN_POINT('Origin',(-1454.5,1024.54005722642,0.));
#8760=CARTESIAN_POINT('',(-959.,1024.54005722642,317.5));
#8761=CARTESIAN_POINT('Origin',(-1454.5,1373.05144969208,-431.323833028871));
#8762=CARTESIAN_POINT('Origin',(-1454.5,1024.54005722642,1100.));
#8763=CARTESIAN_POINT('',(-1454.5,1024.54005722642,-51.9999999999997));
#8764=CARTESIAN_POINT('Origin',(-1130.25,700.,471.90895797544));
#8765=CARTESIAN_POINT('',(-766.,600.,471.90895797544));
#8766=CARTESIAN_POINT('Origin',(-766.,700.,471.90895797544));
#8767=CARTESIAN_POINT('',(-806.,600.,471.90895797544));
#8768=CARTESIAN_POINT('Origin',(-806.,700.,471.90895797544));
#8769=CARTESIAN_POINT('',(-1130.25,600.,471.90895797544));
#8770=CARTESIAN_POINT('Origin',(-806.,690.,512.681075174541));
#8771=CARTESIAN_POINT('Origin',(-806.,-124.650006950236,-83.1674329779323));
#8772=CARTESIAN_POINT('',(-806.,600.,707.862150349082));
#8773=CARTESIAN_POINT('',(-806.,620.,431.26768461857));
#8774=CARTESIAN_POINT('Origin',(-806.,670.,431.26768461857));
#8775=CARTESIAN_POINT('Origin',(-1454.5,1392.5,-51.9999999999997));
#8776=CARTESIAN_POINT('',(-716.,1024.54005722642,-51.9999999999997));
#8777=CARTESIAN_POINT('',(-1454.5,1024.54005722642,-51.9999999999997));
#8778=CARTESIAN_POINT('',(-715.999999999982,1300.88241520827,-51.9999999999997));
#8779=CARTESIAN_POINT('',(-844.499999999994,1221.76494763849,-51.9999999999997));
#8780=CARTESIAN_POINT('Origin',(-864.499999999994,1221.76494763849,-51.9999999999997));
#8781=CARTESIAN_POINT('Origin',(-1454.5,1392.5,-51.9999999999997));
#8782=CARTESIAN_POINT('',(-279.499999999991,972.18580737719,-51.9999999999997));
#8783=CARTESIAN_POINT('Origin',(-716.,-176.543630853464,571.90895797544));
#8784=CARTESIAN_POINT('',(-716.,1024.54005722642,812.));
#8785=CARTESIAN_POINT('Origin',(-716.,-124.650006950236,-83.1674329779323));
#8786=CARTESIAN_POINT('',(-716.,1200.,900.));
#8787=CARTESIAN_POINT('',(-716.,1200.,435.95447898772));
#8788=CARTESIAN_POINT('',(-716.,607.978184573268,900.));
#8789=CARTESIAN_POINT('',(-716.,665.481622830844,1000.09060771369));
#8790=CARTESIAN_POINT('Origin',(-716.,890.481622830844,1000.09060771369));
#8791=CARTESIAN_POINT('Origin',(-565.999999999982,1180.9262344439,-136.999999999998));
#8792=CARTESIAN_POINT('Origin',(-864.499999999994,1221.76494763849,-41.9999999999997));
#8793=CARTESIAN_POINT('',(-844.499999999994,1221.76494763849,-41.9999999999997));
#8794=CARTESIAN_POINT('Origin',(-1454.5,942.185807377171,-431.323833028935));
#8795=CARTESIAN_POINT('',(-616.,942.185807377171,-431.323833028935));
#8796=CARTESIAN_POINT('',(-616.,755.562180319868,-431.323833028962));
#8797=CARTESIAN_POINT('',(-1454.5,942.185807377171,-431.323833028935));
#8798=CARTESIAN_POINT('Origin',(-704.5,1167.88607526953,-294.162695151799));
#8799=CARTESIAN_POINT('',(-704.5,1373.05144969207,-391.323833028871));
#8800=CARTESIAN_POINT('Origin',(-1454.5,972.185807377169,-391.32383302893));
#8801=CARTESIAN_POINT('Origin',(-1454.5,1392.5,-51.9999999999997));
#8802=CARTESIAN_POINT('',(-1354.5,1535.,-51.9999999999997));
#8803=CARTESIAN_POINT('Origin',(-1454.5,1535.,-51.9999999999997));
#8804=CARTESIAN_POINT('Origin',(-913.363827662336,1362.60323444389,-71.9999999999997));
#8805=CARTESIAN_POINT('',(-913.363827662336,1362.60323444389,-71.9999999999997));
#8806=CARTESIAN_POINT('Origin',(-616.,1288.02549073074,-71.9999999999997));
#8807=CARTESIAN_POINT('',(-844.499999999994,1221.76494763849,-71.9999999999997));
#8808=CARTESIAN_POINT('Origin',(-864.499999999994,1221.76494763849,-71.9999999999997));
#8809=CARTESIAN_POINT('Origin',(-864.499999999994,1221.76494763849,-41.9999999999997));
#8810=CARTESIAN_POINT('',(-844.499999999994,1221.76494763849,-41.9999999999997));
#8811=CARTESIAN_POINT('Origin',(-966.,735.953192373643,571.90895797544));
#8812=CARTESIAN_POINT('',(-1026.,735.953192373643,571.90895797544));
#8813=CARTESIAN_POINT('',(-991.,735.953192373643,571.90895797544));
#8814=CARTESIAN_POINT('',(-1026.,747.227866622799,571.90895797544));
#8815=CARTESIAN_POINT('',(-1026.,747.227866622799,571.90895797544));
#8816=CARTESIAN_POINT('',(-966.,747.227866622799,571.90895797544));
#8817=CARTESIAN_POINT('Origin',(-1016.,675.,632.862150349082));
#8818=CARTESIAN_POINT('',(-1026.,724.079035994245,583.783114354837));
#8819=CARTESIAN_POINT('Origin',(56.9999999999999,942.185807377174,-451.999999999996));
#8820=CARTESIAN_POINT('',(-616.,942.185807377174,-451.999999999996));
#8821=CARTESIAN_POINT('',(-616.,942.185807377174,-451.999999999996));
#8822=CARTESIAN_POINT('',(56.9999999999999,942.185807377174,-451.999999999996));
#8823=CARTESIAN_POINT('',(56.9999999999999,942.185807377174,-451.999999999996));
#8824=CARTESIAN_POINT('',(56.9999999999999,942.185807377086,143.012693645278));
#8825=CARTESIAN_POINT('',(56.9999999999999,942.185807377174,-451.999999999996));
#8826=CARTESIAN_POINT('',(-716.,942.185807377086,143.012693645278));
#8827=CARTESIAN_POINT('',(56.9999999999999,942.185807377086,143.012693645278));
#8828=CARTESIAN_POINT('',(-716.,942.185807377164,-384.750000000004));
#8829=CARTESIAN_POINT('Origin',(-766.,690.,512.681075174541));
#8830=CARTESIAN_POINT('',(-766.,600.,707.862150349082));
#8831=CARTESIAN_POINT('Origin',(-766.,-124.650006950236,-83.1674329779323));
#8832=CARTESIAN_POINT('',(-766.,620.,431.26768461857));
#8833=CARTESIAN_POINT('Origin',(-766.,670.,431.26768461857));
#8834=CARTESIAN_POINT('Origin',(-806.,600.,707.862150349082));
#8835=CARTESIAN_POINT('Origin',(56.9999999999999,-124.650006950236,-83.1674329779323));
#8836=CARTESIAN_POINT('Origin',(-1026.,-124.650006950226,-83.1674329779263));
#8837=CARTESIAN_POINT('Origin',(56.9999999999999,-124.650006950236,-83.1674329779323));
#8838=CARTESIAN_POINT('Origin',(-716.,-124.650006950236,-83.1674329779323));
#8839=CARTESIAN_POINT('Origin',(56.9999999999999,-124.650006950236,-83.1674329779323));
#8840=CARTESIAN_POINT('Origin',(-806.,670.,431.26768461857));
#8841=CARTESIAN_POINT('',(-806.,620.,431.26768461857));
#8842=CARTESIAN_POINT('Origin',(-1026.,676.13506880244,437.681075174541));
#8843=CARTESIAN_POINT('',(-1026.,620.,431.26768461857));
#8844=CARTESIAN_POINT('Origin',(-1026.,670.,431.26768461857));
#8845=CARTESIAN_POINT('Origin',(-966.,670.,431.26768461857));
#8846=CARTESIAN_POINT('',(-966.,620.,431.26768461857));
#8847=CARTESIAN_POINT('Origin',(-866.,890.481622830844,1000.09060771369));
#8848=CARTESIAN_POINT('',(-866.,665.481622830844,1000.09060771369));
#8849=CARTESIAN_POINT('',(-866.,665.481622830844,1000.09060771369));
#8850=CARTESIAN_POINT('Origin',(-866.,890.481622830844,1000.09060771369));
#8851=CARTESIAN_POINT('Origin',(-866.,890.481622830844,1000.09060771369));
#8852=CARTESIAN_POINT('',(-866.,980.481622830844,1000.09060771369));
#8853=CARTESIAN_POINT('Origin',(-866.,890.481622830844,1000.09060771369));
#8854=CARTESIAN_POINT('Origin',(-1304.5,890.481622830844,1000.09060771369));
#8855=CARTESIAN_POINT('',(-1304.5,765.481622830844,1000.09060771369));
#8856=CARTESIAN_POINT('',(-1304.5,765.481622830844,1000.09060771369));
#8857=CARTESIAN_POINT('Origin',(-1304.5,890.481622830844,1000.09060771369));
#8858=CARTESIAN_POINT('Origin',(-1304.5,890.481622830844,1000.09060771369));
#8859=CARTESIAN_POINT('',(-1304.5,980.481622830844,1000.09060771369));
#8860=CARTESIAN_POINT('Origin',(-1304.5,890.481622830844,1000.09060771369));
#8861=CARTESIAN_POINT('Origin',(-2293.,800.,1009.10077732073));
#8862=CARTESIAN_POINT('',(-2293.,709.96010330472,1187.68637865271));
#8863=CARTESIAN_POINT('Origin',(-2293.,890.481622830844,1000.09060771369));
#8864=CARTESIAN_POINT('',(-2293.,770.893573081935,1219.63262728455));
#8865=CARTESIAN_POINT('Origin',(-2293.,-264.447377969324,3120.33126578109));
#8866=CARTESIAN_POINT('Origin',(-1454.5,1392.5,900.));
#8867=CARTESIAN_POINT('',(-1698.75,1200.,900.));
#8868=CARTESIAN_POINT('Origin',(-2293.,1200.,800.));
#8869=CARTESIAN_POINT('Origin',(-2293.,890.481622830844,1000.09060771369));
#8870=CARTESIAN_POINT('',(-2293.,980.481622830844,1000.09060771369));
#8871=CARTESIAN_POINT('Origin',(-2293.,890.481622830844,1000.09060771369));
#8872=CARTESIAN_POINT('',(-2293.,980.481622830844,1000.09060771369));
#8873=CARTESIAN_POINT('Origin',(-616.,568.938553262461,273.556501570918));
#8874=CARTESIAN_POINT('',(-616.,972.185807377174,-451.999999999996));
#8875=CARTESIAN_POINT('',(-616.,972.185807377174,-451.999999999996));
#8876=CARTESIAN_POINT('',(-616.,2810.,-452.));
#8877=CARTESIAN_POINT('Origin',(56.9999999999999,568.938553262461,273.556501570918));
#8878=CARTESIAN_POINT('',(56.9999999999999,972.185807377174,-451.999999999996));
#8879=CARTESIAN_POINT('',(56.9999999999999,972.185807377198,146.136323735588));
#8880=CARTESIAN_POINT('',(56.9999999999999,972.185807377174,-451.999999999996));
#8881=CARTESIAN_POINT('Origin',(56.9999999999999,-124.650006950236,-83.1674329779323));
#8882=CARTESIAN_POINT('',(56.9999999999999,2810.,-452.));
#8883=CARTESIAN_POINT('Origin',(56.9999999999999,972.185807377198,146.136323735588));
#8884=CARTESIAN_POINT('',(56.9999999999999,972.185807377198,146.136323735588));
#8885=CARTESIAN_POINT('',(56.9999999999999,972.185807377174,-451.999999999996));
#8886=CARTESIAN_POINT('Origin',(56.9999999999999,972.185807377174,-451.999999999996));
#8887=CARTESIAN_POINT('Origin',(56.9999999999999,-124.650006950236,-83.1674329779323));
#8888=CARTESIAN_POINT('Origin',(-1454.5,1535.,-51.9999999999997));
#8889=CARTESIAN_POINT('',(-1354.5,1535.,-51.9999999999997));
#8890=CARTESIAN_POINT('Origin',(-1454.5,1024.54005722642,1100.));
#8891=CARTESIAN_POINT('Origin',(-959.,1024.54005722642,-317.5));
#8892=CARTESIAN_POINT('Origin',(-559.,0.,0.));
#8893=CARTESIAN_POINT('',(-559.,-317.5,-3.88825358729285E-14));
#8894=CARTESIAN_POINT('Origin',(-559.,0.,0.));
#8895=CARTESIAN_POINT('Origin',(-559.,0.,0.));
#8896=CARTESIAN_POINT('',(-559.,-317.5,3.88825358729285E-14));
#8897=CARTESIAN_POINT('Origin',(-716.,0.,0.));
#8898=CARTESIAN_POINT('Origin',(56.9999999999999,-124.650006950236,-83.1674329779323));
#8899=CARTESIAN_POINT('Origin',(-716.,1024.54005722642,-317.5));
#8900=UNCERTAINTY_MEASURE_WITH_UNIT(LENGTH_MEASURE(0.01),#8904,
'DISTANCE_ACCURACY_VALUE',
'Maximum model space distance between geometric entities at asserted c
onnectivities');
#8901=UNCERTAINTY_MEASURE_WITH_UNIT(LENGTH_MEASURE(0.01),#8904,
'DISTANCE_ACCURACY_VALUE',
'Maximum model space distance between geometric entities at asserted c
onnectivities');
#8902=(
GEOMETRIC_REPRESENTATION_CONTEXT(3)
GLOBAL_UNCERTAINTY_ASSIGNED_CONTEXT((#8900))
GLOBAL_UNIT_ASSIGNED_CONTEXT((#8904,#8906,#8907))
REPRESENTATION_CONTEXT('','3D')
);
#8903=(
GEOMETRIC_REPRESENTATION_CONTEXT(3)
GLOBAL_UNCERTAINTY_ASSIGNED_CONTEXT((#8901))
GLOBAL_UNIT_ASSIGNED_CONTEXT((#8904,#8906,#8907))
REPRESENTATION_CONTEXT('','3D')
);
#8904=(
LENGTH_UNIT()
NAMED_UNIT(*)
SI_UNIT(.MILLI.,.METRE.)
);
#8905=(
LENGTH_UNIT()
NAMED_UNIT(*)
SI_UNIT($,.METRE.)
);
#8906=(
NAMED_UNIT(*)
PLANE_ANGLE_UNIT()
SI_UNIT($,.RADIAN.)
);
#8907=(
NAMED_UNIT(*)
SI_UNIT($,.STERADIAN.)
SOLID_ANGLE_UNIT()
);
#8908=SHAPE_DEFINITION_REPRESENTATION(#8909,#8910);
#8909=PRODUCT_DEFINITION_SHAPE('',$,#8912);
#8910=SHAPE_REPRESENTATION('',(#5030),#8902);
#8911=PRODUCT_DEFINITION_CONTEXT('part definition',#8916,'design');
#8912=PRODUCT_DEFINITION('FrontFrame','FrontFrame',#8913,#8911);
#8913=PRODUCT_DEFINITION_FORMATION('',$,#8918);
#8914=PRODUCT_RELATED_PRODUCT_CATEGORY('FrontFrame','FrontFrame',(#8918));
#8915=APPLICATION_PROTOCOL_DEFINITION('international standard',
'automotive_design',2009,#8916);
#8916=APPLICATION_CONTEXT(
'Core Data for Automotive Mechanical Design Process');
#8917=PRODUCT_CONTEXT('part definition',#8916,'mechanical');
#8918=PRODUCT('FrontFrame','FrontFrame',$,(#8917));
#8919=PRESENTATION_STYLE_ASSIGNMENT((#8920));
#8920=SURFACE_STYLE_USAGE(.BOTH.,#8921);
#8921=SURFACE_SIDE_STYLE('',(#8922));
#8922=SURFACE_STYLE_FILL_AREA(#8923);
#8923=FILL_AREA_STYLE('Steel - Satin',(#8924));
#8924=FILL_AREA_STYLE_COLOUR('Steel - Satin',#8925);
#8925=COLOUR_RGB('Steel - Satin',0.627450980392157,0.627450980392157,0.627450980392157);
ENDSEC;
END-ISO-10303-21;
