ISO-10303-21;
HEADER;
/* Generated by software containing ST-Developer
 * from STEP Tools, Inc. (www.steptools.com) 
 */

FILE_DESCRIPTION(
/* description */ (''),
/* implementation_level */ '2;1');

FILE_NAME(
/* name */ 'RearChassis.step',
/* time_stamp */ '2026-03-29T20:34:40-04:00',
/* author */ (''),
/* organization */ (''),
/* preprocessor_version */ 'ST-DEVELOPER v20.1',
/* originating_system */ 'Autodesk Translation Framework v14.24.0.0',
/* authorisation */ '');

FILE_SCHEMA (('AUTOMOTIVE_DESIGN { 1 0 10303 214 3 1 1 }'));
ENDSEC;

DATA;
#10=MECHANICAL_DESIGN_GEOMETRIC_PRESENTATION_REPRESENTATION('',(#13),#3034);
#11=SHAPE_REPRESENTATION_RELATIONSHIP('SRR','None',#3041,#12);
#12=ADVANCED_BREP_SHAPE_REPRESENTATION('',(#14),#3033);
#13=STYLED_ITEM('',(#3050),#14);
#14=MANIFOLD_SOLID_BREP('RearChassis',#1568);
#15=B_SPLINE_SURFACE_WITH_KNOTS('',3,3,((#2625,#2626,#2627,#2628,#2629,
#2630,#2631,#2632,#2633,#2634),(#2635,#2636,#2637,#2638,#2639,#2640,#2641,
#2642,#2643,#2644),(#2645,#2646,#2647,#2648,#2649,#2650,#2651,#2652,#2653,
#2654),(#2655,#2656,#2657,#2658,#2659,#2660,#2661,#2662,#2663,#2664),(#2665,
#2666,#2667,#2668,#2669,#2670,#2671,#2672,#2673,#2674),(#2675,#2676,#2677,
#2678,#2679,#2680,#2681,#2682,#2683,#2684),(#2685,#2686,#2687,#2688,#2689,
#2690,#2691,#2692,#2693,#2694)),.UNSPECIFIED.,.F.,.F.,.F.,(4,1,1,1,4),(4,
1,1,1,1,1,1,4),(0.,0.285714285714286,0.571428571428571,0.714285714285714,
1.),(4.71238898038468,4.93678845564111,5.16118793089753,5.38558740615395,
5.60998688141037,5.83438635666679,6.05878583192322,6.28318530717964),
 .UNSPECIFIED.);
#16=B_SPLINE_SURFACE_WITH_KNOTS('',3,3,((#2726,#2727,#2728,#2729,#2730,
#2731,#2732,#2733,#2734),(#2735,#2736,#2737,#2738,#2739,#2740,#2741,#2742,
#2743),(#2744,#2745,#2746,#2747,#2748,#2749,#2750,#2751,#2752),(#2753,#2754,
#2755,#2756,#2757,#2758,#2759,#2760,#2761),(#2762,#2763,#2764,#2765,#2766,
#2767,#2768,#2769,#2770),(#2771,#2772,#2773,#2774,#2775,#2776,#2777,#2778,
#2779)),.UNSPECIFIED.,.F.,.F.,.F.,(4,1,1,4),(4,1,1,1,1,1,4),(0.,0.285714285714286,
0.571428571428571,1.),(-0.00553510615811161,0.219655098549461,0.670035507964606,
0.895225712672178,1.12041591737975,1.34560612208732,1.5707963267949),
 .UNSPECIFIED.);
#17=B_SPLINE_SURFACE_WITH_KNOTS('',3,3,((#2823,#2824,#2825,#2826,#2827,
#2828,#2829,#2830,#2831,#2832),(#2833,#2834,#2835,#2836,#2837,#2838,#2839,
#2840,#2841,#2842),(#2843,#2844,#2845,#2846,#2847,#2848,#2849,#2850,#2851,
#2852),(#2853,#2854,#2855,#2856,#2857,#2858,#2859,#2860,#2861,#2862),(#2863,
#2864,#2865,#2866,#2867,#2868,#2869,#2870,#2871,#2872),(#2873,#2874,#2875,
#2876,#2877,#2878,#2879,#2880,#2881,#2882)),.UNSPECIFIED.,.F.,.F.,.F.,(4,
1,1,4),(4,1,1,1,1,1,1,4),(0.,0.285714285714286,0.571428571428571,1.),(4.71238898038469,
4.93756316657497,5.16273735276526,5.38791153895554,5.61308572514582,5.83825991133611,
6.06343409752639,6.28860828371668),.UNSPECIFIED.);
#18=B_SPLINE_SURFACE_WITH_KNOTS('',3,3,((#2953,#2954,#2955,#2956,#2957,
#2958,#2959,#2960,#2961,#2962),(#2963,#2964,#2965,#2966,#2967,#2968,#2969,
#2970,#2971,#2972),(#2973,#2974,#2975,#2976,#2977,#2978,#2979,#2980,#2981,
#2982),(#2983,#2984,#2985,#2986,#2987,#2988,#2989,#2990,#2991,#2992),(#2993,
#2994,#2995,#2996,#2997,#2998,#2999,#3000,#3001,#3002),(#3003,#3004,#3005,
#3006,#3007,#3008,#3009,#3010,#3011,#3012),(#3013,#3014,#3015,#3016,#3017,
#3018,#3019,#3020,#3021,#3022)),.UNSPECIFIED.,.F.,.F.,.F.,(4,1,1,1,4),(4,
1,1,1,1,1,1,4),(0.,0.285714285714286,0.571428571428571,0.714285714285714,
1.),(-5.7065463465733E-14,0.224399475256365,0.448798950512787,0.673198425769209,
0.897597901025632,1.12199737628205,1.34639685153848,1.5707963267949),
 .UNSPECIFIED.);
#19=B_SPLINE_CURVE_WITH_KNOTS('',3,(#2488,#2489,#2490,#2491,#2492,#2493,
#2494,#2495,#2496,#2497,#2498,#2499,#2500),.UNSPECIFIED.,.F.,.F.,(4,3,3,
3,4),(0.,0.511235780962267,0.766853671443401,1.27808945240567,1.78932523336793),
 .UNSPECIFIED.);
#20=B_SPLINE_CURVE_WITH_KNOTS('',3,(#2509,#2510,#2511,#2512),
 .UNSPECIFIED.,.F.,.F.,(4,4),(0.,0.010906348239406),.UNSPECIFIED.);
#21=B_SPLINE_CURVE_WITH_KNOTS('',3,(#2516,#2517,#2518,#2519),
 .UNSPECIFIED.,.F.,.F.,(4,4),(3.82328904336056,3.83226737110944),
 .UNSPECIFIED.);
#22=B_SPLINE_CURVE_WITH_KNOTS('',3,(#2526,#2527,#2528,#2529,#2530,#2531,
#2532,#2533,#2534,#2535,#2536,#2537,#2538),.UNSPECIFIED.,.F.,.F.,(4,3,3,
3,4),(0.,0.51123578096228,1.02247156192456,1.2780894524057,1.78932523336798),
 .UNSPECIFIED.);
#23=B_SPLINE_CURVE_WITH_KNOTS('',3,(#2709,#2710,#2711,#2712),
 .UNSPECIFIED.,.F.,.F.,(4,4),(-0.00109667871518868,-6.97169229555907E-8),
 .UNSPECIFIED.);
#24=B_SPLINE_CURVE_WITH_KNOTS('',3,(#2781,#2782,#2783,#2784,#2785,#2786,
#2787,#2788,#2789,#2790,#2791,#2792,#2793,#2794),.UNSPECIFIED.,.F.,.F.,
(4,2,2,2,2,2,4),(-0.933296231464008,-0.732649918022213,-0.525034623672357,
-0.402641705818241,-0.177635817005038,-0.0388193827762333,0.),
 .UNSPECIFIED.);
#25=B_SPLINE_CURVE_WITH_KNOTS('',3,(#2819,#2820,#2821,#2822),
 .UNSPECIFIED.,.F.,.F.,(4,4),(6.28318530301144,6.28428193813131),
 .UNSPECIFIED.);
#26=B_SPLINE_CURVE_WITH_KNOTS('',3,(#2886,#2887,#2888,#2889,#2890,#2891,
#2892,#2893,#2894,#2895,#2896,#2897),.UNSPECIFIED.,.F.,.F.,(4,2,2,2,2,4),
(-1.45886770507246,-1.26962717291061,-1.09328592380127,-0.772874273597,
-0.385000928105961,-0.0108895224228951),.UNSPECIFIED.);
#27=ELLIPSE('',#1625,10.1542661188577,10.);
#28=ELLIPSE('',#1642,10.1542661188574,10.);
#29=ELLIPSE('',#1651,10.1542661188574,10.);
#30=ELLIPSE('',#1663,10.1542661188575,10.);
#31=ELLIPSE('',#1679,388.86195821184,10.);
#32=ELLIPSE('',#1680,66.5120322615734,65.);
#33=ELLIPSE('',#1682,66.5120322615734,65.);
#34=ELLIPSE('',#1683,388.86195821184,10.);
#35=ELLIPSE('',#1688,76.3141561937537,75.);
#36=ELLIPSE('',#1689,76.3141561937537,75.);
#37=ELLIPSE('',#1691,29.8394202217733,10.);
#38=ELLIPSE('',#1693,29.9181803984891,10.);
#39=ELLIPSE('',#1702,10.0008312564634,10.);
#40=ELLIPSE('',#1703,10.0646973269891,10.);
#41=ELLIPSE('',#1706,10.1477802002601,10.);
#42=ELLIPSE('',#1710,66.5120322615734,65.);
#43=ELLIPSE('',#1711,137.906666214058,10.);
#44=ELLIPSE('',#1720,10.1477802002602,10.);
#45=ELLIPSE('',#1722,387.838271739646,10.);
#46=ELLIPSE('',#1723,10.0008312564636,10.);
#47=ELLIPSE('',#1725,10.0646973269893,10.);
#48=ELLIPSE('',#1728,66.5120322615734,65.);
#49=ELLIPSE('',#1729,137.906666214058,10.);
#50=ELLIPSE('',#1730,76.3141561937537,74.9999999999998);
#51=ELLIPSE('',#1734,10.0646973269894,10.);
#52=ELLIPSE('',#1740,10.0008312564632,10.);
#53=ELLIPSE('',#1742,387.838271739646,10.);
#54=ELLIPSE('',#1743,10.1477802002607,10.);
#55=ELLIPSE('',#1744,29.8394202217734,10.);
#56=ELLIPSE('',#1747,29.9181803984891,10.);
#57=ELLIPSE('',#1750,76.3141561937537,74.9999999999998);
#58=ELLIPSE('',#1752,10.0008312564634,10.);
#59=ELLIPSE('',#1753,10.1477802002604,10.);
#60=ELLIPSE('',#1755,10.0646973269891,10.);
#61=TOROIDAL_SURFACE('',#1620,65.,10.);
#62=TOROIDAL_SURFACE('',#1628,65.,10.);
#63=TOROIDAL_SURFACE('',#1637,65.,10.);
#64=TOROIDAL_SURFACE('',#1643,65.,10.);
#65=TOROIDAL_SURFACE('',#1652,65.,10.);
#66=TOROIDAL_SURFACE('',#1654,65.,10.);
#67=TOROIDAL_SURFACE('',#1658,65.,10.);
#68=TOROIDAL_SURFACE('',#1664,65.,10.);
#69=TOROIDAL_SURFACE('',#1699,65.,10.);
#70=TOROIDAL_SURFACE('',#1715,65.,10.);
#71=TOROIDAL_SURFACE('',#1735,65.,10.);
#72=TOROIDAL_SURFACE('',#1756,65.,10.);
#73=FACE_BOUND('',#222,.T.);
#74=FACE_BOUND('',#304,.T.);
#75=FACE_BOUND('',#306,.T.);
#76=PLANE('',#1585);
#77=PLANE('',#1586);
#78=PLANE('',#1587);
#79=PLANE('',#1591);
#80=PLANE('',#1592);
#81=PLANE('',#1596);
#82=PLANE('',#1597);
#83=PLANE('',#1598);
#84=PLANE('',#1599);
#85=PLANE('',#1601);
#86=PLANE('',#1603);
#87=PLANE('',#1608);
#88=PLANE('',#1610);
#89=PLANE('',#1616);
#90=PLANE('',#1617);
#91=PLANE('',#1618);
#92=PLANE('',#1633);
#93=PLANE('',#1634);
#94=PLANE('',#1646);
#95=PLANE('',#1667);
#96=PLANE('',#1669);
#97=PLANE('',#1670);
#98=PLANE('',#1671);
#99=PLANE('',#1672);
#100=PLANE('',#1677);
#101=PLANE('',#1678);
#102=PLANE('',#1681);
#103=PLANE('',#1684);
#104=PLANE('',#1685);
#105=PLANE('',#1690);
#106=PLANE('',#1692);
#107=PLANE('',#1697);
#108=PLANE('',#1709);
#109=PLANE('',#1727);
#110=PLANE('',#1746);
#111=PLANE('',#1748);
#112=PLANE('',#1761);
#113=PLANE('',#1763);
#114=PLANE('',#1764);
#115=PLANE('',#1765);
#116=FACE_OUTER_BOUND('',#210,.T.);
#117=FACE_OUTER_BOUND('',#211,.T.);
#118=FACE_OUTER_BOUND('',#212,.T.);
#119=FACE_OUTER_BOUND('',#213,.T.);
#120=FACE_OUTER_BOUND('',#214,.T.);
#121=FACE_OUTER_BOUND('',#215,.T.);
#122=FACE_OUTER_BOUND('',#216,.T.);
#123=FACE_OUTER_BOUND('',#217,.T.);
#124=FACE_OUTER_BOUND('',#218,.T.);
#125=FACE_OUTER_BOUND('',#219,.T.);
#126=FACE_OUTER_BOUND('',#220,.T.);
#127=FACE_OUTER_BOUND('',#221,.T.);
#128=FACE_OUTER_BOUND('',#223,.T.);
#129=FACE_OUTER_BOUND('',#224,.T.);
#130=FACE_OUTER_BOUND('',#225,.T.);
#131=FACE_OUTER_BOUND('',#226,.T.);
#132=FACE_OUTER_BOUND('',#227,.T.);
#133=FACE_OUTER_BOUND('',#228,.T.);
#134=FACE_OUTER_BOUND('',#229,.T.);
#135=FACE_OUTER_BOUND('',#230,.T.);
#136=FACE_OUTER_BOUND('',#231,.T.);
#137=FACE_OUTER_BOUND('',#232,.T.);
#138=FACE_OUTER_BOUND('',#233,.T.);
#139=FACE_OUTER_BOUND('',#234,.T.);
#140=FACE_OUTER_BOUND('',#235,.T.);
#141=FACE_OUTER_BOUND('',#236,.T.);
#142=FACE_OUTER_BOUND('',#237,.T.);
#143=FACE_OUTER_BOUND('',#238,.T.);
#144=FACE_OUTER_BOUND('',#239,.T.);
#145=FACE_OUTER_BOUND('',#240,.T.);
#146=FACE_OUTER_BOUND('',#241,.T.);
#147=FACE_OUTER_BOUND('',#242,.T.);
#148=FACE_OUTER_BOUND('',#243,.T.);
#149=FACE_OUTER_BOUND('',#244,.T.);
#150=FACE_OUTER_BOUND('',#245,.T.);
#151=FACE_OUTER_BOUND('',#246,.T.);
#152=FACE_OUTER_BOUND('',#247,.T.);
#153=FACE_OUTER_BOUND('',#248,.T.);
#154=FACE_OUTER_BOUND('',#249,.T.);
#155=FACE_OUTER_BOUND('',#250,.T.);
#156=FACE_OUTER_BOUND('',#251,.T.);
#157=FACE_OUTER_BOUND('',#252,.T.);
#158=FACE_OUTER_BOUND('',#253,.T.);
#159=FACE_OUTER_BOUND('',#254,.T.);
#160=FACE_OUTER_BOUND('',#255,.T.);
#161=FACE_OUTER_BOUND('',#256,.T.);
#162=FACE_OUTER_BOUND('',#257,.T.);
#163=FACE_OUTER_BOUND('',#258,.T.);
#164=FACE_OUTER_BOUND('',#259,.T.);
#165=FACE_OUTER_BOUND('',#260,.T.);
#166=FACE_OUTER_BOUND('',#261,.T.);
#167=FACE_OUTER_BOUND('',#262,.T.);
#168=FACE_OUTER_BOUND('',#263,.T.);
#169=FACE_OUTER_BOUND('',#264,.T.);
#170=FACE_OUTER_BOUND('',#265,.T.);
#171=FACE_OUTER_BOUND('',#266,.T.);
#172=FACE_OUTER_BOUND('',#267,.T.);
#173=FACE_OUTER_BOUND('',#268,.T.);
#174=FACE_OUTER_BOUND('',#269,.T.);
#175=FACE_OUTER_BOUND('',#270,.T.);
#176=FACE_OUTER_BOUND('',#271,.T.);
#177=FACE_OUTER_BOUND('',#272,.T.);
#178=FACE_OUTER_BOUND('',#273,.T.);
#179=FACE_OUTER_BOUND('',#274,.T.);
#180=FACE_OUTER_BOUND('',#275,.T.);
#181=FACE_OUTER_BOUND('',#276,.T.);
#182=FACE_OUTER_BOUND('',#277,.T.);
#183=FACE_OUTER_BOUND('',#278,.T.);
#184=FACE_OUTER_BOUND('',#279,.T.);
#185=FACE_OUTER_BOUND('',#280,.T.);
#186=FACE_OUTER_BOUND('',#281,.T.);
#187=FACE_OUTER_BOUND('',#282,.T.);
#188=FACE_OUTER_BOUND('',#283,.T.);
#189=FACE_OUTER_BOUND('',#284,.T.);
#190=FACE_OUTER_BOUND('',#285,.T.);
#191=FACE_OUTER_BOUND('',#286,.T.);
#192=FACE_OUTER_BOUND('',#287,.T.);
#193=FACE_OUTER_BOUND('',#288,.T.);
#194=FACE_OUTER_BOUND('',#289,.T.);
#195=FACE_OUTER_BOUND('',#290,.T.);
#196=FACE_OUTER_BOUND('',#291,.T.);
#197=FACE_OUTER_BOUND('',#292,.T.);
#198=FACE_OUTER_BOUND('',#293,.T.);
#199=FACE_OUTER_BOUND('',#294,.T.);
#200=FACE_OUTER_BOUND('',#295,.T.);
#201=FACE_OUTER_BOUND('',#296,.T.);
#202=FACE_OUTER_BOUND('',#297,.T.);
#203=FACE_OUTER_BOUND('',#298,.T.);
#204=FACE_OUTER_BOUND('',#299,.T.);
#205=FACE_OUTER_BOUND('',#300,.T.);
#206=FACE_OUTER_BOUND('',#301,.T.);
#207=FACE_OUTER_BOUND('',#302,.T.);
#208=FACE_OUTER_BOUND('',#303,.T.);
#209=FACE_OUTER_BOUND('',#305,.T.);
#210=EDGE_LOOP('',(#982,#983,#984,#985));
#211=EDGE_LOOP('',(#986));
#212=EDGE_LOOP('',(#987,#988,#989,#990));
#213=EDGE_LOOP('',(#991,#992,#993,#994));
#214=EDGE_LOOP('',(#995,#996,#997,#998));
#215=EDGE_LOOP('',(#999));
#216=EDGE_LOOP('',(#1000,#1001,#1002,#1003));
#217=EDGE_LOOP('',(#1004,#1005,#1006,#1007));
#218=EDGE_LOOP('',(#1008));
#219=EDGE_LOOP('',(#1009,#1010,#1011,#1012,#1013,#1014,#1015));
#220=EDGE_LOOP('',(#1016,#1017,#1018,#1019,#1020,#1021,#1022));
#221=EDGE_LOOP('',(#1023,#1024,#1025,#1026,#1027,#1028));
#222=EDGE_LOOP('',(#1029));
#223=EDGE_LOOP('',(#1030,#1031,#1032));
#224=EDGE_LOOP('',(#1033,#1034,#1035));
#225=EDGE_LOOP('',(#1036,#1037,#1038,#1039));
#226=EDGE_LOOP('',(#1040,#1041,#1042));
#227=EDGE_LOOP('',(#1043,#1044,#1045,#1046,#1047,#1048));
#228=EDGE_LOOP('',(#1049,#1050,#1051,#1052));
#229=EDGE_LOOP('',(#1053,#1054,#1055,#1056));
#230=EDGE_LOOP('',(#1057,#1058,#1059,#1060));
#231=EDGE_LOOP('',(#1061,#1062,#1063));
#232=EDGE_LOOP('',(#1064,#1065,#1066,#1067));
#233=EDGE_LOOP('',(#1068,#1069,#1070,#1071));
#234=EDGE_LOOP('',(#1072,#1073,#1074,#1075));
#235=EDGE_LOOP('',(#1076,#1077,#1078,#1079));
#236=EDGE_LOOP('',(#1080,#1081,#1082,#1083));
#237=EDGE_LOOP('',(#1084,#1085,#1086,#1087));
#238=EDGE_LOOP('',(#1088,#1089,#1090,#1091));
#239=EDGE_LOOP('',(#1092,#1093,#1094,#1095));
#240=EDGE_LOOP('',(#1096,#1097,#1098,#1099));
#241=EDGE_LOOP('',(#1100,#1101,#1102,#1103));
#242=EDGE_LOOP('',(#1104,#1105,#1106,#1107));
#243=EDGE_LOOP('',(#1108,#1109,#1110,#1111));
#244=EDGE_LOOP('',(#1112,#1113,#1114,#1115,#1116,#1117));
#245=EDGE_LOOP('',(#1118,#1119,#1120,#1121));
#246=EDGE_LOOP('',(#1122,#1123,#1124,#1125));
#247=EDGE_LOOP('',(#1126,#1127,#1128,#1129));
#248=EDGE_LOOP('',(#1130,#1131,#1132,#1133));
#249=EDGE_LOOP('',(#1134,#1135,#1136,#1137));
#250=EDGE_LOOP('',(#1138,#1139,#1140,#1141));
#251=EDGE_LOOP('',(#1142,#1143,#1144,#1145));
#252=EDGE_LOOP('',(#1146,#1147,#1148,#1149));
#253=EDGE_LOOP('',(#1150,#1151,#1152,#1153,#1154,#1155,#1156));
#254=EDGE_LOOP('',(#1157,#1158,#1159,#1160,#1161,#1162));
#255=EDGE_LOOP('',(#1163,#1164,#1165,#1166,#1167,#1168,#1169,#1170,#1171,
#1172,#1173,#1174));
#256=EDGE_LOOP('',(#1175,#1176,#1177,#1178,#1179,#1180));
#257=EDGE_LOOP('',(#1181,#1182,#1183,#1184,#1185,#1186,#1187));
#258=EDGE_LOOP('',(#1188,#1189,#1190,#1191));
#259=EDGE_LOOP('',(#1192,#1193,#1194,#1195));
#260=EDGE_LOOP('',(#1196,#1197,#1198,#1199,#1200,#1201));
#261=EDGE_LOOP('',(#1202,#1203,#1204,#1205,#1206,#1207));
#262=EDGE_LOOP('',(#1208,#1209,#1210,#1211));
#263=EDGE_LOOP('',(#1212,#1213,#1214,#1215));
#264=EDGE_LOOP('',(#1216,#1217,#1218,#1219));
#265=EDGE_LOOP('',(#1220,#1221,#1222,#1223,#1224));
#266=EDGE_LOOP('',(#1225,#1226,#1227,#1228,#1229,#1230,#1231,#1232,#1233));
#267=EDGE_LOOP('',(#1234,#1235,#1236,#1237));
#268=EDGE_LOOP('',(#1238,#1239,#1240,#1241));
#269=EDGE_LOOP('',(#1242,#1243,#1244,#1245));
#270=EDGE_LOOP('',(#1246,#1247,#1248,#1249,#1250));
#271=EDGE_LOOP('',(#1251,#1252,#1253,#1254));
#272=EDGE_LOOP('',(#1255,#1256,#1257,#1258,#1259));
#273=EDGE_LOOP('',(#1260,#1261,#1262,#1263));
#274=EDGE_LOOP('',(#1264,#1265,#1266,#1267));
#275=EDGE_LOOP('',(#1268,#1269,#1270,#1271,#1272,#1273));
#276=EDGE_LOOP('',(#1274,#1275,#1276,#1277));
#277=EDGE_LOOP('',(#1278,#1279,#1280,#1281));
#278=EDGE_LOOP('',(#1282,#1283,#1284,#1285,#1286,#1287));
#279=EDGE_LOOP('',(#1288,#1289,#1290,#1291));
#280=EDGE_LOOP('',(#1292,#1293,#1294,#1295,#1296,#1297));
#281=EDGE_LOOP('',(#1298,#1299,#1300,#1301));
#282=EDGE_LOOP('',(#1302,#1303,#1304,#1305));
#283=EDGE_LOOP('',(#1306,#1307,#1308,#1309,#1310,#1311));
#284=EDGE_LOOP('',(#1312,#1313,#1314,#1315,#1316,#1317));
#285=EDGE_LOOP('',(#1318,#1319,#1320,#1321));
#286=EDGE_LOOP('',(#1322,#1323,#1324,#1325));
#287=EDGE_LOOP('',(#1326,#1327,#1328,#1329));
#288=EDGE_LOOP('',(#1330,#1331,#1332,#1333));
#289=EDGE_LOOP('',(#1334,#1335,#1336,#1337,#1338,#1339));
#290=EDGE_LOOP('',(#1340,#1341,#1342,#1343));
#291=EDGE_LOOP('',(#1344,#1345,#1346,#1347,#1348,#1349,#1350,#1351,#1352));
#292=EDGE_LOOP('',(#1353,#1354,#1355,#1356,#1357));
#293=EDGE_LOOP('',(#1358,#1359,#1360,#1361));
#294=EDGE_LOOP('',(#1362,#1363,#1364,#1365));
#295=EDGE_LOOP('',(#1366,#1367,#1368,#1369,#1370));
#296=EDGE_LOOP('',(#1371,#1372,#1373,#1374));
#297=EDGE_LOOP('',(#1375,#1376,#1377,#1378));
#298=EDGE_LOOP('',(#1379,#1380,#1381,#1382,#1383));
#299=EDGE_LOOP('',(#1384,#1385,#1386,#1387));
#300=EDGE_LOOP('',(#1388,#1389,#1390,#1391,#1392,#1393,#1394,#1395));
#301=EDGE_LOOP('',(#1396,#1397,#1398,#1399,#1400,#1401));
#302=EDGE_LOOP('',(#1402,#1403,#1404,#1405,#1406,#1407,#1408,#1409,#1410,
#1411));
#303=EDGE_LOOP('',(#1412,#1413,#1414,#1415,#1416,#1417,#1418,#1419,#1420,
#1421,#1422,#1423,#1424,#1425,#1426,#1427));
#304=EDGE_LOOP('',(#1428));
#305=EDGE_LOOP('',(#1429,#1430,#1431,#1432,#1433,#1434));
#306=EDGE_LOOP('',(#1435));
#307=LINE('',#2266,#432);
#308=LINE('',#2272,#433);
#309=LINE('',#2274,#434);
#310=LINE('',#2276,#435);
#311=LINE('',#2277,#436);
#312=LINE('',#2280,#437);
#313=LINE('',#2282,#438);
#314=LINE('',#2283,#439);
#315=LINE('',#2288,#440);
#316=LINE('',#2293,#441);
#317=LINE('',#2295,#442);
#318=LINE('',#2296,#443);
#319=LINE('',#2301,#444);
#320=LINE('',#2306,#445);
#321=LINE('',#2308,#446);
#322=LINE('',#2310,#447);
#323=LINE('',#2312,#448);
#324=LINE('',#2314,#449);
#325=LINE('',#2316,#450);
#326=LINE('',#2317,#451);
#327=LINE('',#2320,#452);
#328=LINE('',#2322,#453);
#329=LINE('',#2324,#454);
#330=LINE('',#2326,#455);
#331=LINE('',#2328,#456);
#332=LINE('',#2330,#457);
#333=LINE('',#2331,#458);
#334=LINE('',#2334,#459);
#335=LINE('',#2338,#460);
#336=LINE('',#2343,#461);
#337=LINE('',#2345,#462);
#338=LINE('',#2352,#463);
#339=LINE('',#2356,#464);
#340=LINE('',#2359,#465);
#341=LINE('',#2365,#466);
#342=LINE('',#2367,#467);
#343=LINE('',#2371,#468);
#344=LINE('',#2372,#469);
#345=LINE('',#2377,#470);
#346=LINE('',#2380,#471);
#347=LINE('',#2383,#472);
#348=LINE('',#2385,#473);
#349=LINE('',#2386,#474);
#350=LINE('',#2388,#475);
#351=LINE('',#2389,#476);
#352=LINE('',#2392,#477);
#353=LINE('',#2402,#478);
#354=LINE('',#2404,#479);
#355=LINE('',#2408,#480);
#356=LINE('',#2411,#481);
#357=LINE('',#2418,#482);
#358=LINE('',#2421,#483);
#359=LINE('',#2422,#484);
#360=LINE('',#2425,#485);
#361=LINE('',#2426,#486);
#362=LINE('',#2430,#487);
#363=LINE('',#2445,#488);
#364=LINE('',#2447,#489);
#365=LINE('',#2451,#490);
#366=LINE('',#2452,#491);
#367=LINE('',#2470,#492);
#368=LINE('',#2475,#493);
#369=LINE('',#2478,#494);
#370=LINE('',#2480,#495);
#371=LINE('',#2482,#496);
#372=LINE('',#2486,#497);
#373=LINE('',#2501,#498);
#374=LINE('',#2503,#499);
#375=LINE('',#2505,#500);
#376=LINE('',#2507,#501);
#377=LINE('',#2514,#502);
#378=LINE('',#2520,#503);
#379=LINE('',#2523,#504);
#380=LINE('',#2525,#505);
#381=LINE('',#2543,#506);
#382=LINE('',#2544,#507);
#383=LINE('',#2550,#508);
#384=LINE('',#2554,#509);
#385=LINE('',#2555,#510);
#386=LINE('',#2556,#511);
#387=LINE('',#2563,#512);
#388=LINE('',#2564,#513);
#389=LINE('',#2569,#514);
#390=LINE('',#2573,#515);
#391=LINE('',#2574,#516);
#392=LINE('',#2577,#517);
#393=LINE('',#2578,#518);
#394=LINE('',#2581,#519);
#395=LINE('',#2587,#520);
#396=LINE('',#2594,#521);
#397=LINE('',#2595,#522);
#398=LINE('',#2596,#523);
#399=LINE('',#2600,#524);
#400=LINE('',#2602,#525);
#401=LINE('',#2604,#526);
#402=LINE('',#2606,#527);
#403=LINE('',#2608,#528);
#404=LINE('',#2611,#529);
#405=LINE('',#2612,#530);
#406=LINE('',#2618,#531);
#407=LINE('',#2703,#532);
#408=LINE('',#2705,#533);
#409=LINE('',#2715,#534);
#410=LINE('',#2721,#535);
#411=LINE('',#2803,#536);
#412=LINE('',#2806,#537);
#413=LINE('',#2812,#538);
#414=LINE('',#2814,#539);
#415=LINE('',#2816,#540);
#416=LINE('',#2900,#541);
#417=LINE('',#2904,#542);
#418=LINE('',#2911,#543);
#419=LINE('',#2914,#544);
#420=LINE('',#2916,#545);
#421=LINE('',#2920,#546);
#422=LINE('',#2926,#547);
#423=LINE('',#2932,#548);
#424=LINE('',#2934,#549);
#425=LINE('',#2935,#550);
#426=LINE('',#2936,#551);
#427=LINE('',#2939,#552);
#428=LINE('',#2940,#553);
#429=LINE('',#3024,#554);
#430=LINE('',#3025,#555);
#431=LINE('',#3028,#556);
#432=VECTOR('',#1772,100.);
#433=VECTOR('',#1779,10.);
#434=VECTOR('',#1780,10.);
#435=VECTOR('',#1781,10.);
#436=VECTOR('',#1782,10.);
#437=VECTOR('',#1785,10.);
#438=VECTOR('',#1786,10.);
#439=VECTOR('',#1787,10.);
#440=VECTOR('',#1792,317.5);
#441=VECTOR('',#1799,10.);
#442=VECTOR('',#1800,10.);
#443=VECTOR('',#1801,10.);
#444=VECTOR('',#1806,317.5);
#445=VECTOR('',#1813,10.);
#446=VECTOR('',#1814,10.);
#447=VECTOR('',#1815,10.);
#448=VECTOR('',#1816,10.);
#449=VECTOR('',#1817,10.);
#450=VECTOR('',#1818,10.);
#451=VECTOR('',#1819,10.);
#452=VECTOR('',#1822,10.);
#453=VECTOR('',#1823,10.);
#454=VECTOR('',#1824,10.);
#455=VECTOR('',#1825,10.);
#456=VECTOR('',#1826,10.);
#457=VECTOR('',#1827,10.);
#458=VECTOR('',#1828,10.);
#459=VECTOR('',#1831,10.);
#460=VECTOR('',#1836,10.);
#461=VECTOR('',#1841,10.);
#462=VECTOR('',#1842,10.);
#463=VECTOR('',#1851,10.);
#464=VECTOR('',#1854,10.);
#465=VECTOR('',#1857,10.);
#466=VECTOR('',#1862,10.);
#467=VECTOR('',#1863,10.);
#468=VECTOR('',#1866,10.);
#469=VECTOR('',#1867,10.);
#470=VECTOR('',#1872,10.);
#471=VECTOR('',#1875,10.);
#472=VECTOR('',#1878,10.);
#473=VECTOR('',#1879,10.);
#474=VECTOR('',#1880,10.);
#475=VECTOR('',#1883,10.);
#476=VECTOR('',#1884,10.);
#477=VECTOR('',#1887,10.);
#478=VECTOR('',#1900,10.);
#479=VECTOR('',#1901,10.);
#480=VECTOR('',#1906,10.);
#481=VECTOR('',#1909,10.);
#482=VECTOR('',#1920,10.);
#483=VECTOR('',#1923,10.);
#484=VECTOR('',#1924,10.);
#485=VECTOR('',#1927,10.);
#486=VECTOR('',#1928,10.);
#487=VECTOR('',#1933,10.);
#488=VECTOR('',#1956,10.);
#489=VECTOR('',#1957,10.);
#490=VECTOR('',#1960,10.);
#491=VECTOR('',#1961,10.);
#492=VECTOR('',#1990,10.);
#493=VECTOR('',#1999,10.);
#494=VECTOR('',#2002,10.);
#495=VECTOR('',#2003,10.);
#496=VECTOR('',#2004,10.);
#497=VECTOR('',#2009,10.);
#498=VECTOR('',#2010,10.);
#499=VECTOR('',#2013,10.);
#500=VECTOR('',#2014,10.);
#501=VECTOR('',#2015,10.);
#502=VECTOR('',#2016,10.);
#503=VECTOR('',#2017,10.);
#504=VECTOR('',#2020,10.);
#505=VECTOR('',#2021,10.);
#506=VECTOR('',#2026,10.);
#507=VECTOR('',#2027,10.);
#508=VECTOR('',#2034,10.);
#509=VECTOR('',#2037,10.);
#510=VECTOR('',#2038,10.);
#511=VECTOR('',#2039,10.);
#512=VECTOR('',#2046,10.);
#513=VECTOR('',#2047,10.);
#514=VECTOR('',#2052,10.);
#515=VECTOR('',#2055,10.);
#516=VECTOR('',#2056,10.);
#517=VECTOR('',#2059,10.);
#518=VECTOR('',#2060,10.);
#519=VECTOR('',#2063,10.);
#520=VECTOR('',#2070,10.);
#521=VECTOR('',#2077,10.);
#522=VECTOR('',#2078,10.);
#523=VECTOR('',#2079,10.);
#524=VECTOR('',#2082,10.);
#525=VECTOR('',#2083,10.);
#526=VECTOR('',#2084,10.);
#527=VECTOR('',#2085,10.);
#528=VECTOR('',#2086,10.);
#529=VECTOR('',#2089,10.);
#530=VECTOR('',#2090,10.);
#531=VECTOR('',#2099,10.);
#532=VECTOR('',#2124,10.);
#533=VECTOR('',#2125,10.);
#534=VECTOR('',#2130,10.);
#535=VECTOR('',#2137,10.);
#536=VECTOR('',#2158,10.);
#537=VECTOR('',#2163,10.);
#538=VECTOR('',#2168,10.);
#539=VECTOR('',#2169,10.);
#540=VECTOR('',#2170,10.);
#541=VECTOR('',#2179,10.);
#542=VECTOR('',#2182,10.);
#543=VECTOR('',#2193,10.);
#544=VECTOR('',#2196,10.);
#545=VECTOR('',#2197,10.);
#546=VECTOR('',#2202,10.);
#547=VECTOR('',#2211,10.);
#548=VECTOR('',#2216,10.);
#549=VECTOR('',#2217,10.);
#550=VECTOR('',#2218,10.);
#551=VECTOR('',#2219,10.);
#552=VECTOR('',#2222,10.);
#553=VECTOR('',#2223,10.);
#554=VECTOR('',#2250,10.);
#555=VECTOR('',#2251,10.);
#556=VECTOR('',#2256,10.);
#557=CIRCLE('',#1583,100.);
#558=CIRCLE('',#1584,100.);
#559=CIRCLE('',#1589,317.5);
#560=CIRCLE('',#1590,317.5);
#561=CIRCLE('',#1594,317.5);
#562=CIRCLE('',#1595,317.5);
#563=CIRCLE('',#1600,10.);
#564=CIRCLE('',#1602,10.);
#565=CIRCLE('',#1604,10.);
#566=CIRCLE('',#1606,75.);
#567=CIRCLE('',#1607,75.);
#568=CIRCLE('',#1609,10.);
#569=CIRCLE('',#1611,65.);
#570=CIRCLE('',#1612,65.);
#571=CIRCLE('',#1614,75.);
#572=CIRCLE('',#1615,75.);
#573=CIRCLE('',#1619,10.);
#574=CIRCLE('',#1621,75.);
#575=CIRCLE('',#1622,10.);
#576=CIRCLE('',#1623,65.);
#577=CIRCLE('',#1627,10.);
#578=CIRCLE('',#1629,65.);
#579=CIRCLE('',#1630,75.);
#580=CIRCLE('',#1632,75.);
#581=CIRCLE('',#1636,75.);
#582=CIRCLE('',#1638,10.);
#583=CIRCLE('',#1639,9.99999999999951);
#584=CIRCLE('',#1641,10.);
#585=CIRCLE('',#1644,10.);
#586=CIRCLE('',#1647,65.);
#587=CIRCLE('',#1648,65.);
#588=CIRCLE('',#1650,10.);
#589=CIRCLE('',#1653,10.);
#590=CIRCLE('',#1655,10.);
#591=CIRCLE('',#1656,10.);
#592=CIRCLE('',#1659,10.);
#593=CIRCLE('',#1660,65.);
#594=CIRCLE('',#1662,9.99999999999989);
#595=CIRCLE('',#1665,65.);
#596=CIRCLE('',#1668,10.);
#597=CIRCLE('',#1673,10.);
#598=CIRCLE('',#1675,75.);
#599=CIRCLE('',#1676,75.);
#600=CIRCLE('',#1686,65.);
#601=CIRCLE('',#1695,75.);
#602=CIRCLE('',#1696,75.);
#603=CIRCLE('',#1698,65.);
#604=CIRCLE('',#1700,10.);
#605=CIRCLE('',#1704,9.99999999999981);
#606=CIRCLE('',#1713,10.);
#607=CIRCLE('',#1714,10.);
#608=CIRCLE('',#1716,10.);
#609=CIRCLE('',#1717,65.);
#610=CIRCLE('',#1718,9.99999999999951);
#611=CIRCLE('',#1731,9.99999999999983);
#612=CIRCLE('',#1733,10.);
#613=CIRCLE('',#1736,10.);
#614=CIRCLE('',#1737,65.);
#615=CIRCLE('',#1757,10.);
#616=CIRCLE('',#1760,9.99999999999985);
#617=VERTEX_POINT('',#2263);
#618=VERTEX_POINT('',#2265);
#619=VERTEX_POINT('',#2270);
#620=VERTEX_POINT('',#2271);
#621=VERTEX_POINT('',#2273);
#622=VERTEX_POINT('',#2275);
#623=VERTEX_POINT('',#2279);
#624=VERTEX_POINT('',#2281);
#625=VERTEX_POINT('',#2285);
#626=VERTEX_POINT('',#2287);
#627=VERTEX_POINT('',#2292);
#628=VERTEX_POINT('',#2294);
#629=VERTEX_POINT('',#2298);
#630=VERTEX_POINT('',#2300);
#631=VERTEX_POINT('',#2305);
#632=VERTEX_POINT('',#2307);
#633=VERTEX_POINT('',#2309);
#634=VERTEX_POINT('',#2311);
#635=VERTEX_POINT('',#2313);
#636=VERTEX_POINT('',#2315);
#637=VERTEX_POINT('',#2319);
#638=VERTEX_POINT('',#2321);
#639=VERTEX_POINT('',#2323);
#640=VERTEX_POINT('',#2325);
#641=VERTEX_POINT('',#2327);
#642=VERTEX_POINT('',#2329);
#643=VERTEX_POINT('',#2333);
#644=VERTEX_POINT('',#2337);
#645=VERTEX_POINT('',#2341);
#646=VERTEX_POINT('',#2342);
#647=VERTEX_POINT('',#2344);
#648=VERTEX_POINT('',#2348);
#649=VERTEX_POINT('',#2350);
#650=VERTEX_POINT('',#2354);
#651=VERTEX_POINT('',#2355);
#652=VERTEX_POINT('',#2357);
#653=VERTEX_POINT('',#2361);
#654=VERTEX_POINT('',#2362);
#655=VERTEX_POINT('',#2364);
#656=VERTEX_POINT('',#2366);
#657=VERTEX_POINT('',#2368);
#658=VERTEX_POINT('',#2370);
#659=VERTEX_POINT('',#2374);
#660=VERTEX_POINT('',#2376);
#661=VERTEX_POINT('',#2378);
#662=VERTEX_POINT('',#2382);
#663=VERTEX_POINT('',#2384);
#664=VERTEX_POINT('',#2391);
#665=VERTEX_POINT('',#2395);
#666=VERTEX_POINT('',#2397);
#667=VERTEX_POINT('',#2401);
#668=VERTEX_POINT('',#2403);
#669=VERTEX_POINT('',#2407);
#670=VERTEX_POINT('',#2409);
#671=VERTEX_POINT('',#2416);
#672=VERTEX_POINT('',#2420);
#673=VERTEX_POINT('',#2424);
#674=VERTEX_POINT('',#2428);
#675=VERTEX_POINT('',#2441);
#676=VERTEX_POINT('',#2442);
#677=VERTEX_POINT('',#2444);
#678=VERTEX_POINT('',#2446);
#679=VERTEX_POINT('',#2448);
#680=VERTEX_POINT('',#2450);
#681=VERTEX_POINT('',#2463);
#682=VERTEX_POINT('',#2467);
#683=VERTEX_POINT('',#2469);
#684=VERTEX_POINT('',#2477);
#685=VERTEX_POINT('',#2479);
#686=VERTEX_POINT('',#2481);
#687=VERTEX_POINT('',#2485);
#688=VERTEX_POINT('',#2487);
#689=VERTEX_POINT('',#2504);
#690=VERTEX_POINT('',#2506);
#691=VERTEX_POINT('',#2508);
#692=VERTEX_POINT('',#2513);
#693=VERTEX_POINT('',#2515);
#694=VERTEX_POINT('',#2522);
#695=VERTEX_POINT('',#2524);
#696=VERTEX_POINT('',#2540);
#697=VERTEX_POINT('',#2542);
#698=VERTEX_POINT('',#2546);
#699=VERTEX_POINT('',#2548);
#700=VERTEX_POINT('',#2552);
#701=VERTEX_POINT('',#2553);
#702=VERTEX_POINT('',#2558);
#703=VERTEX_POINT('',#2560);
#704=VERTEX_POINT('',#2562);
#705=VERTEX_POINT('',#2566);
#706=VERTEX_POINT('',#2568);
#707=VERTEX_POINT('',#2570);
#708=VERTEX_POINT('',#2572);
#709=VERTEX_POINT('',#2576);
#710=VERTEX_POINT('',#2580);
#711=VERTEX_POINT('',#2584);
#712=VERTEX_POINT('',#2586);
#713=VERTEX_POINT('',#2590);
#714=VERTEX_POINT('',#2591);
#715=VERTEX_POINT('',#2593);
#716=VERTEX_POINT('',#2598);
#717=VERTEX_POINT('',#2599);
#718=VERTEX_POINT('',#2601);
#719=VERTEX_POINT('',#2603);
#720=VERTEX_POINT('',#2605);
#721=VERTEX_POINT('',#2607);
#722=VERTEX_POINT('',#2610);
#723=VERTEX_POINT('',#2617);
#724=VERTEX_POINT('',#2701);
#725=VERTEX_POINT('',#2702);
#726=VERTEX_POINT('',#2704);
#727=VERTEX_POINT('',#2706);
#728=VERTEX_POINT('',#2708);
#729=VERTEX_POINT('',#2713);
#730=VERTEX_POINT('',#2717);
#731=VERTEX_POINT('',#2719);
#732=VERTEX_POINT('',#2723);
#733=VERTEX_POINT('',#2798);
#734=VERTEX_POINT('',#2802);
#735=VERTEX_POINT('',#2808);
#736=VERTEX_POINT('',#2809);
#737=VERTEX_POINT('',#2811);
#738=VERTEX_POINT('',#2813);
#739=VERTEX_POINT('',#2815);
#740=VERTEX_POINT('',#2817);
#741=VERTEX_POINT('',#2883);
#742=VERTEX_POINT('',#2899);
#743=VERTEX_POINT('',#2901);
#744=VERTEX_POINT('',#2903);
#745=VERTEX_POINT('',#2907);
#746=VERTEX_POINT('',#2913);
#747=VERTEX_POINT('',#2915);
#748=VERTEX_POINT('',#2919);
#749=VERTEX_POINT('',#2922);
#750=VERTEX_POINT('',#2928);
#751=VERTEX_POINT('',#2929);
#752=VERTEX_POINT('',#2931);
#753=VERTEX_POINT('',#2933);
#754=VERTEX_POINT('',#2938);
#755=EDGE_CURVE('',#617,#617,#557,.T.);
#756=EDGE_CURVE('',#617,#618,#307,.T.);
#757=EDGE_CURVE('',#618,#618,#558,.T.);
#758=EDGE_CURVE('',#619,#620,#308,.T.);
#759=EDGE_CURVE('',#619,#621,#309,.T.);
#760=EDGE_CURVE('',#622,#621,#310,.T.);
#761=EDGE_CURVE('',#620,#622,#311,.T.);
#762=EDGE_CURVE('',#621,#623,#312,.T.);
#763=EDGE_CURVE('',#623,#624,#313,.T.);
#764=EDGE_CURVE('',#624,#622,#314,.T.);
#765=EDGE_CURVE('',#625,#625,#559,.T.);
#766=EDGE_CURVE('',#625,#626,#315,.T.);
#767=EDGE_CURVE('',#626,#626,#560,.T.);
#768=EDGE_CURVE('',#623,#627,#316,.T.);
#769=EDGE_CURVE('',#628,#627,#317,.T.);
#770=EDGE_CURVE('',#628,#624,#318,.T.);
#771=EDGE_CURVE('',#629,#629,#561,.T.);
#772=EDGE_CURVE('',#629,#630,#319,.T.);
#773=EDGE_CURVE('',#630,#630,#562,.T.);
#774=EDGE_CURVE('',#620,#631,#320,.T.);
#775=EDGE_CURVE('',#632,#631,#321,.T.);
#776=EDGE_CURVE('',#633,#632,#322,.T.);
#777=EDGE_CURVE('',#634,#633,#323,.T.);
#778=EDGE_CURVE('',#635,#634,#324,.T.);
#779=EDGE_CURVE('',#636,#635,#325,.T.);
#780=EDGE_CURVE('',#636,#620,#326,.T.);
#781=EDGE_CURVE('',#637,#619,#327,.T.);
#782=EDGE_CURVE('',#619,#638,#328,.T.);
#783=EDGE_CURVE('',#639,#638,#329,.T.);
#784=EDGE_CURVE('',#640,#639,#330,.T.);
#785=EDGE_CURVE('',#641,#640,#331,.T.);
#786=EDGE_CURVE('',#642,#641,#332,.T.);
#787=EDGE_CURVE('',#637,#642,#333,.T.);
#788=EDGE_CURVE('',#628,#643,#334,.T.);
#789=EDGE_CURVE('',#631,#643,#563,.F.);
#790=EDGE_CURVE('',#644,#638,#335,.T.);
#791=EDGE_CURVE('',#639,#644,#564,.F.);
#792=EDGE_CURVE('',#645,#646,#336,.T.);
#793=EDGE_CURVE('',#647,#645,#337,.T.);
#794=EDGE_CURVE('',#646,#647,#565,.F.);
#795=EDGE_CURVE('',#635,#648,#566,.T.);
#796=EDGE_CURVE('',#649,#634,#567,.T.);
#797=EDGE_CURVE('',#649,#648,#338,.T.);
#798=EDGE_CURVE('',#650,#651,#339,.T.);
#799=EDGE_CURVE('',#650,#652,#568,.T.);
#800=EDGE_CURVE('',#651,#652,#340,.T.);
#801=EDGE_CURVE('',#653,#654,#569,.T.);
#802=EDGE_CURVE('',#655,#653,#341,.T.);
#803=EDGE_CURVE('',#656,#655,#342,.T.);
#804=EDGE_CURVE('',#657,#656,#570,.T.);
#805=EDGE_CURVE('',#658,#657,#343,.T.);
#806=EDGE_CURVE('',#654,#658,#344,.T.);
#807=EDGE_CURVE('',#659,#652,#571,.T.);
#808=EDGE_CURVE('',#659,#660,#345,.T.);
#809=EDGE_CURVE('',#661,#660,#572,.T.);
#810=EDGE_CURVE('',#652,#661,#346,.T.);
#811=EDGE_CURVE('',#648,#662,#347,.T.);
#812=EDGE_CURVE('',#663,#649,#348,.T.);
#813=EDGE_CURVE('',#662,#663,#349,.T.);
#814=EDGE_CURVE('',#662,#659,#350,.T.);
#815=EDGE_CURVE('',#660,#663,#351,.T.);
#816=EDGE_CURVE('',#636,#664,#352,.T.);
#817=EDGE_CURVE('',#635,#664,#573,.T.);
#818=EDGE_CURVE('',#647,#665,#574,.T.);
#819=EDGE_CURVE('',#666,#665,#575,.T.);
#820=EDGE_CURVE('',#666,#646,#576,.T.);
#821=EDGE_CURVE('',#667,#666,#353,.T.);
#822=EDGE_CURVE('',#665,#668,#354,.T.);
#823=EDGE_CURVE('',#667,#668,#27,.T.);
#824=EDGE_CURVE('',#668,#669,#355,.T.);
#825=EDGE_CURVE('',#670,#669,#577,.T.);
#826=EDGE_CURVE('',#670,#667,#356,.T.);
#827=EDGE_CURVE('',#644,#670,#578,.T.);
#828=EDGE_CURVE('',#669,#639,#579,.T.);
#829=EDGE_CURVE('',#640,#671,#580,.T.);
#830=EDGE_CURVE('',#669,#671,#357,.T.);
#831=EDGE_CURVE('',#671,#672,#358,.T.);
#832=EDGE_CURVE('',#668,#672,#359,.T.);
#833=EDGE_CURVE('',#672,#673,#360,.T.);
#834=EDGE_CURVE('',#673,#665,#361,.T.);
#835=EDGE_CURVE('',#673,#674,#581,.T.);
#836=EDGE_CURVE('',#674,#647,#362,.T.);
#837=EDGE_CURVE('',#653,#674,#582,.T.);
#838=EDGE_CURVE('',#673,#654,#583,.T.);
#839=EDGE_CURVE('',#671,#657,#584,.T.);
#840=EDGE_CURVE('',#658,#672,#28,.T.);
#841=EDGE_CURVE('',#640,#656,#585,.T.);
#842=EDGE_CURVE('',#675,#676,#586,.T.);
#843=EDGE_CURVE('',#677,#675,#363,.T.);
#844=EDGE_CURVE('',#678,#677,#364,.T.);
#845=EDGE_CURVE('',#679,#678,#587,.T.);
#846=EDGE_CURVE('',#680,#679,#365,.T.);
#847=EDGE_CURVE('',#676,#680,#366,.T.);
#848=EDGE_CURVE('',#678,#649,#588,.T.);
#849=EDGE_CURVE('',#663,#677,#29,.T.);
#850=EDGE_CURVE('',#634,#679,#589,.F.);
#851=EDGE_CURVE('',#676,#661,#590,.F.);
#852=EDGE_CURVE('',#675,#660,#591,.T.);
#853=EDGE_CURVE('',#681,#648,#592,.T.);
#854=EDGE_CURVE('',#681,#664,#593,.T.);
#855=EDGE_CURVE('',#682,#659,#594,.T.);
#856=EDGE_CURVE('',#682,#683,#367,.T.);
#857=EDGE_CURVE('',#662,#683,#30,.T.);
#858=EDGE_CURVE('',#650,#682,#595,.T.);
#859=EDGE_CURVE('',#683,#681,#368,.T.);
#860=EDGE_CURVE('',#655,#684,#369,.T.);
#861=EDGE_CURVE('',#684,#685,#370,.T.);
#862=EDGE_CURVE('',#685,#686,#371,.T.);
#863=EDGE_CURVE('',#641,#686,#596,.F.);
#864=EDGE_CURVE('',#687,#674,#372,.T.);
#865=EDGE_CURVE('',#688,#687,#19,.F.);
#866=EDGE_CURVE('',#688,#684,#373,.T.);
#867=EDGE_CURVE('',#651,#645,#374,.T.);
#868=EDGE_CURVE('',#661,#689,#375,.T.);
#869=EDGE_CURVE('',#689,#690,#376,.T.);
#870=EDGE_CURVE('',#690,#691,#20,.T.);
#871=EDGE_CURVE('',#692,#691,#377,.T.);
#872=EDGE_CURVE('',#693,#692,#21,.F.);
#873=EDGE_CURVE('',#693,#687,#378,.T.);
#874=EDGE_CURVE('',#694,#680,#379,.T.);
#875=EDGE_CURVE('',#695,#694,#380,.T.);
#876=EDGE_CURVE('',#695,#689,#22,.T.);
#877=EDGE_CURVE('',#633,#696,#597,.T.);
#878=EDGE_CURVE('',#696,#697,#381,.T.);
#879=EDGE_CURVE('',#697,#694,#382,.T.);
#880=EDGE_CURVE('',#633,#698,#598,.T.);
#881=EDGE_CURVE('',#699,#632,#599,.T.);
#882=EDGE_CURVE('',#699,#698,#383,.T.);
#883=EDGE_CURVE('',#700,#701,#384,.T.);
#884=EDGE_CURVE('',#685,#700,#385,.T.);
#885=EDGE_CURVE('',#701,#684,#386,.T.);
#886=EDGE_CURVE('',#701,#702,#31,.T.);
#887=EDGE_CURVE('',#703,#688,#32,.T.);
#888=EDGE_CURVE('',#704,#703,#387,.T.);
#889=EDGE_CURVE('',#702,#704,#388,.T.);
#890=EDGE_CURVE('',#695,#705,#33,.T.);
#891=EDGE_CURVE('',#706,#694,#389,.T.);
#892=EDGE_CURVE('',#707,#706,#34,.T.);
#893=EDGE_CURVE('',#708,#707,#390,.T.);
#894=EDGE_CURVE('',#705,#708,#391,.T.);
#895=EDGE_CURVE('',#706,#709,#392,.T.);
#896=EDGE_CURVE('',#697,#709,#393,.T.);
#897=EDGE_CURVE('',#709,#710,#394,.T.);
#898=EDGE_CURVE('',#710,#696,#600,.T.);
#899=EDGE_CURVE('',#711,#693,#35,.T.);
#900=EDGE_CURVE('',#711,#712,#395,.T.);
#901=EDGE_CURVE('',#687,#712,#36,.T.);
#902=EDGE_CURVE('',#713,#714,#37,.T.);
#903=EDGE_CURVE('',#715,#713,#396,.T.);
#904=EDGE_CURVE('',#712,#715,#397,.T.);
#905=EDGE_CURVE('',#714,#711,#398,.T.);
#906=EDGE_CURVE('',#716,#717,#399,.T.);
#907=EDGE_CURVE('',#718,#716,#400,.T.);
#908=EDGE_CURVE('',#719,#718,#401,.T.);
#909=EDGE_CURVE('',#720,#719,#402,.T.);
#910=EDGE_CURVE('',#721,#720,#403,.T.);
#911=EDGE_CURVE('',#715,#721,#38,.T.);
#912=EDGE_CURVE('',#722,#713,#404,.T.);
#913=EDGE_CURVE('',#717,#722,#405,.T.);
#914=EDGE_CURVE('',#642,#716,#601,.T.);
#915=EDGE_CURVE('',#718,#641,#602,.T.);
#916=EDGE_CURVE('',#723,#700,#406,.T.);
#917=EDGE_CURVE('',#686,#723,#603,.T.);
#918=EDGE_CURVE('',#718,#723,#604,.T.);
#919=EDGE_CURVE('',#720,#702,#39,.T.);
#920=EDGE_CURVE('',#700,#719,#40,.T.);
#921=EDGE_CURVE('',#703,#712,#605,.T.);
#922=EDGE_CURVE('',#704,#721,#41,.T.);
#923=EDGE_CURVE('',#724,#725,#407,.T.);
#924=EDGE_CURVE('',#726,#724,#408,.T.);
#925=EDGE_CURVE('',#727,#726,#42,.T.);
#926=EDGE_CURVE('',#728,#727,#23,.T.);
#927=EDGE_CURVE('',#729,#728,#43,.F.);
#928=EDGE_CURVE('',#725,#729,#409,.T.);
#929=EDGE_CURVE('',#730,#637,#606,.F.);
#930=EDGE_CURVE('',#731,#642,#607,.T.);
#931=EDGE_CURVE('',#731,#730,#410,.T.);
#932=EDGE_CURVE('',#732,#716,#608,.T.);
#933=EDGE_CURVE('',#732,#731,#609,.T.);
#934=EDGE_CURVE('',#711,#726,#610,.T.);
#935=EDGE_CURVE('',#692,#728,#24,.T.);
#936=EDGE_CURVE('',#714,#724,#44,.T.);
#937=EDGE_CURVE('',#725,#733,#45,.T.);
#938=EDGE_CURVE('',#722,#733,#46,.T.);
#939=EDGE_CURVE('',#733,#734,#411,.T.);
#940=EDGE_CURVE('',#717,#734,#47,.T.);
#941=EDGE_CURVE('',#734,#732,#412,.T.);
#942=EDGE_CURVE('',#735,#736,#48,.T.);
#943=EDGE_CURVE('',#737,#735,#413,.T.);
#944=EDGE_CURVE('',#738,#737,#414,.T.);
#945=EDGE_CURVE('',#739,#738,#415,.T.);
#946=EDGE_CURVE('',#739,#740,#49,.T.);
#947=EDGE_CURVE('',#740,#736,#25,.F.);
#948=EDGE_CURVE('',#690,#741,#50,.T.);
#949=EDGE_CURVE('',#735,#741,#611,.T.);
#950=EDGE_CURVE('',#691,#740,#26,.F.);
#951=EDGE_CURVE('',#742,#699,#416,.T.);
#952=EDGE_CURVE('',#743,#699,#612,.T.);
#953=EDGE_CURVE('',#743,#744,#417,.T.);
#954=EDGE_CURVE('',#742,#744,#51,.T.);
#955=EDGE_CURVE('',#745,#632,#613,.T.);
#956=EDGE_CURVE('',#745,#743,#614,.T.);
#957=EDGE_CURVE('',#643,#745,#418,.T.);
#958=EDGE_CURVE('',#746,#742,#419,.T.);
#959=EDGE_CURVE('',#744,#747,#420,.T.);
#960=EDGE_CURVE('',#746,#747,#52,.T.);
#961=EDGE_CURVE('',#748,#746,#421,.T.);
#962=EDGE_CURVE('',#747,#738,#53,.T.);
#963=EDGE_CURVE('',#749,#737,#54,.T.);
#964=EDGE_CURVE('',#749,#748,#55,.T.);
#965=EDGE_CURVE('',#741,#749,#422,.T.);
#966=EDGE_CURVE('',#750,#751,#56,.T.);
#967=EDGE_CURVE('',#752,#750,#423,.T.);
#968=EDGE_CURVE('',#753,#752,#424,.T.);
#969=EDGE_CURVE('',#698,#753,#425,.T.);
#970=EDGE_CURVE('',#751,#748,#426,.T.);
#971=EDGE_CURVE('',#751,#754,#427,.T.);
#972=EDGE_CURVE('',#754,#741,#428,.T.);
#973=EDGE_CURVE('',#754,#689,#57,.T.);
#974=EDGE_CURVE('',#752,#707,#58,.T.);
#975=EDGE_CURVE('',#708,#750,#59,.T.);
#976=EDGE_CURVE('',#753,#709,#60,.T.);
#977=EDGE_CURVE('',#710,#698,#615,.T.);
#978=EDGE_CURVE('',#705,#754,#616,.T.);
#979=EDGE_CURVE('',#739,#729,#429,.T.);
#980=EDGE_CURVE('',#734,#744,#430,.T.);
#981=EDGE_CURVE('',#730,#627,#431,.T.);
#982=ORIENTED_EDGE('',*,*,#755,.F.);
#983=ORIENTED_EDGE('',*,*,#756,.T.);
#984=ORIENTED_EDGE('',*,*,#757,.T.);
#985=ORIENTED_EDGE('',*,*,#756,.F.);
#986=ORIENTED_EDGE('',*,*,#757,.F.);
#987=ORIENTED_EDGE('',*,*,#758,.F.);
#988=ORIENTED_EDGE('',*,*,#759,.T.);
#989=ORIENTED_EDGE('',*,*,#760,.F.);
#990=ORIENTED_EDGE('',*,*,#761,.F.);
#991=ORIENTED_EDGE('',*,*,#762,.T.);
#992=ORIENTED_EDGE('',*,*,#763,.T.);
#993=ORIENTED_EDGE('',*,*,#764,.T.);
#994=ORIENTED_EDGE('',*,*,#760,.T.);
#995=ORIENTED_EDGE('',*,*,#765,.F.);
#996=ORIENTED_EDGE('',*,*,#766,.T.);
#997=ORIENTED_EDGE('',*,*,#767,.F.);
#998=ORIENTED_EDGE('',*,*,#766,.F.);
#999=ORIENTED_EDGE('',*,*,#767,.T.);
#1000=ORIENTED_EDGE('',*,*,#768,.T.);
#1001=ORIENTED_EDGE('',*,*,#769,.F.);
#1002=ORIENTED_EDGE('',*,*,#770,.T.);
#1003=ORIENTED_EDGE('',*,*,#763,.F.);
#1004=ORIENTED_EDGE('',*,*,#771,.F.);
#1005=ORIENTED_EDGE('',*,*,#772,.T.);
#1006=ORIENTED_EDGE('',*,*,#773,.T.);
#1007=ORIENTED_EDGE('',*,*,#772,.F.);
#1008=ORIENTED_EDGE('',*,*,#773,.F.);
#1009=ORIENTED_EDGE('',*,*,#774,.T.);
#1010=ORIENTED_EDGE('',*,*,#775,.F.);
#1011=ORIENTED_EDGE('',*,*,#776,.F.);
#1012=ORIENTED_EDGE('',*,*,#777,.F.);
#1013=ORIENTED_EDGE('',*,*,#778,.F.);
#1014=ORIENTED_EDGE('',*,*,#779,.F.);
#1015=ORIENTED_EDGE('',*,*,#780,.T.);
#1016=ORIENTED_EDGE('',*,*,#781,.T.);
#1017=ORIENTED_EDGE('',*,*,#782,.T.);
#1018=ORIENTED_EDGE('',*,*,#783,.F.);
#1019=ORIENTED_EDGE('',*,*,#784,.F.);
#1020=ORIENTED_EDGE('',*,*,#785,.F.);
#1021=ORIENTED_EDGE('',*,*,#786,.F.);
#1022=ORIENTED_EDGE('',*,*,#787,.F.);
#1023=ORIENTED_EDGE('',*,*,#761,.T.);
#1024=ORIENTED_EDGE('',*,*,#764,.F.);
#1025=ORIENTED_EDGE('',*,*,#770,.F.);
#1026=ORIENTED_EDGE('',*,*,#788,.T.);
#1027=ORIENTED_EDGE('',*,*,#789,.F.);
#1028=ORIENTED_EDGE('',*,*,#774,.F.);
#1029=ORIENTED_EDGE('',*,*,#771,.T.);
#1030=ORIENTED_EDGE('',*,*,#790,.F.);
#1031=ORIENTED_EDGE('',*,*,#791,.F.);
#1032=ORIENTED_EDGE('',*,*,#783,.T.);
#1033=ORIENTED_EDGE('',*,*,#792,.F.);
#1034=ORIENTED_EDGE('',*,*,#793,.F.);
#1035=ORIENTED_EDGE('',*,*,#794,.F.);
#1036=ORIENTED_EDGE('',*,*,#795,.F.);
#1037=ORIENTED_EDGE('',*,*,#778,.T.);
#1038=ORIENTED_EDGE('',*,*,#796,.F.);
#1039=ORIENTED_EDGE('',*,*,#797,.T.);
#1040=ORIENTED_EDGE('',*,*,#798,.F.);
#1041=ORIENTED_EDGE('',*,*,#799,.T.);
#1042=ORIENTED_EDGE('',*,*,#800,.F.);
#1043=ORIENTED_EDGE('',*,*,#801,.F.);
#1044=ORIENTED_EDGE('',*,*,#802,.F.);
#1045=ORIENTED_EDGE('',*,*,#803,.F.);
#1046=ORIENTED_EDGE('',*,*,#804,.F.);
#1047=ORIENTED_EDGE('',*,*,#805,.F.);
#1048=ORIENTED_EDGE('',*,*,#806,.F.);
#1049=ORIENTED_EDGE('',*,*,#807,.F.);
#1050=ORIENTED_EDGE('',*,*,#808,.T.);
#1051=ORIENTED_EDGE('',*,*,#809,.F.);
#1052=ORIENTED_EDGE('',*,*,#810,.F.);
#1053=ORIENTED_EDGE('',*,*,#811,.F.);
#1054=ORIENTED_EDGE('',*,*,#797,.F.);
#1055=ORIENTED_EDGE('',*,*,#812,.F.);
#1056=ORIENTED_EDGE('',*,*,#813,.F.);
#1057=ORIENTED_EDGE('',*,*,#814,.F.);
#1058=ORIENTED_EDGE('',*,*,#813,.T.);
#1059=ORIENTED_EDGE('',*,*,#815,.F.);
#1060=ORIENTED_EDGE('',*,*,#808,.F.);
#1061=ORIENTED_EDGE('',*,*,#816,.F.);
#1062=ORIENTED_EDGE('',*,*,#779,.T.);
#1063=ORIENTED_EDGE('',*,*,#817,.T.);
#1064=ORIENTED_EDGE('',*,*,#794,.T.);
#1065=ORIENTED_EDGE('',*,*,#818,.T.);
#1066=ORIENTED_EDGE('',*,*,#819,.F.);
#1067=ORIENTED_EDGE('',*,*,#820,.T.);
#1068=ORIENTED_EDGE('',*,*,#821,.T.);
#1069=ORIENTED_EDGE('',*,*,#819,.T.);
#1070=ORIENTED_EDGE('',*,*,#822,.T.);
#1071=ORIENTED_EDGE('',*,*,#823,.F.);
#1072=ORIENTED_EDGE('',*,*,#824,.T.);
#1073=ORIENTED_EDGE('',*,*,#825,.F.);
#1074=ORIENTED_EDGE('',*,*,#826,.T.);
#1075=ORIENTED_EDGE('',*,*,#823,.T.);
#1076=ORIENTED_EDGE('',*,*,#791,.T.);
#1077=ORIENTED_EDGE('',*,*,#827,.T.);
#1078=ORIENTED_EDGE('',*,*,#825,.T.);
#1079=ORIENTED_EDGE('',*,*,#828,.T.);
#1080=ORIENTED_EDGE('',*,*,#829,.F.);
#1081=ORIENTED_EDGE('',*,*,#784,.T.);
#1082=ORIENTED_EDGE('',*,*,#828,.F.);
#1083=ORIENTED_EDGE('',*,*,#830,.T.);
#1084=ORIENTED_EDGE('',*,*,#831,.F.);
#1085=ORIENTED_EDGE('',*,*,#830,.F.);
#1086=ORIENTED_EDGE('',*,*,#824,.F.);
#1087=ORIENTED_EDGE('',*,*,#832,.T.);
#1088=ORIENTED_EDGE('',*,*,#833,.F.);
#1089=ORIENTED_EDGE('',*,*,#832,.F.);
#1090=ORIENTED_EDGE('',*,*,#822,.F.);
#1091=ORIENTED_EDGE('',*,*,#834,.F.);
#1092=ORIENTED_EDGE('',*,*,#835,.F.);
#1093=ORIENTED_EDGE('',*,*,#834,.T.);
#1094=ORIENTED_EDGE('',*,*,#818,.F.);
#1095=ORIENTED_EDGE('',*,*,#836,.F.);
#1096=ORIENTED_EDGE('',*,*,#837,.F.);
#1097=ORIENTED_EDGE('',*,*,#801,.T.);
#1098=ORIENTED_EDGE('',*,*,#838,.F.);
#1099=ORIENTED_EDGE('',*,*,#835,.T.);
#1100=ORIENTED_EDGE('',*,*,#805,.T.);
#1101=ORIENTED_EDGE('',*,*,#839,.F.);
#1102=ORIENTED_EDGE('',*,*,#831,.T.);
#1103=ORIENTED_EDGE('',*,*,#840,.F.);
#1104=ORIENTED_EDGE('',*,*,#841,.F.);
#1105=ORIENTED_EDGE('',*,*,#829,.T.);
#1106=ORIENTED_EDGE('',*,*,#839,.T.);
#1107=ORIENTED_EDGE('',*,*,#804,.T.);
#1108=ORIENTED_EDGE('',*,*,#833,.T.);
#1109=ORIENTED_EDGE('',*,*,#838,.T.);
#1110=ORIENTED_EDGE('',*,*,#806,.T.);
#1111=ORIENTED_EDGE('',*,*,#840,.T.);
#1112=ORIENTED_EDGE('',*,*,#842,.F.);
#1113=ORIENTED_EDGE('',*,*,#843,.F.);
#1114=ORIENTED_EDGE('',*,*,#844,.F.);
#1115=ORIENTED_EDGE('',*,*,#845,.F.);
#1116=ORIENTED_EDGE('',*,*,#846,.F.);
#1117=ORIENTED_EDGE('',*,*,#847,.F.);
#1118=ORIENTED_EDGE('',*,*,#812,.T.);
#1119=ORIENTED_EDGE('',*,*,#848,.F.);
#1120=ORIENTED_EDGE('',*,*,#844,.T.);
#1121=ORIENTED_EDGE('',*,*,#849,.F.);
#1122=ORIENTED_EDGE('',*,*,#850,.T.);
#1123=ORIENTED_EDGE('',*,*,#845,.T.);
#1124=ORIENTED_EDGE('',*,*,#848,.T.);
#1125=ORIENTED_EDGE('',*,*,#796,.T.);
#1126=ORIENTED_EDGE('',*,*,#851,.T.);
#1127=ORIENTED_EDGE('',*,*,#809,.T.);
#1128=ORIENTED_EDGE('',*,*,#852,.F.);
#1129=ORIENTED_EDGE('',*,*,#842,.T.);
#1130=ORIENTED_EDGE('',*,*,#843,.T.);
#1131=ORIENTED_EDGE('',*,*,#852,.T.);
#1132=ORIENTED_EDGE('',*,*,#815,.T.);
#1133=ORIENTED_EDGE('',*,*,#849,.T.);
#1134=ORIENTED_EDGE('',*,*,#817,.F.);
#1135=ORIENTED_EDGE('',*,*,#795,.T.);
#1136=ORIENTED_EDGE('',*,*,#853,.F.);
#1137=ORIENTED_EDGE('',*,*,#854,.T.);
#1138=ORIENTED_EDGE('',*,*,#814,.T.);
#1139=ORIENTED_EDGE('',*,*,#855,.F.);
#1140=ORIENTED_EDGE('',*,*,#856,.T.);
#1141=ORIENTED_EDGE('',*,*,#857,.F.);
#1142=ORIENTED_EDGE('',*,*,#799,.F.);
#1143=ORIENTED_EDGE('',*,*,#858,.T.);
#1144=ORIENTED_EDGE('',*,*,#855,.T.);
#1145=ORIENTED_EDGE('',*,*,#807,.T.);
#1146=ORIENTED_EDGE('',*,*,#859,.T.);
#1147=ORIENTED_EDGE('',*,*,#853,.T.);
#1148=ORIENTED_EDGE('',*,*,#811,.T.);
#1149=ORIENTED_EDGE('',*,*,#857,.T.);
#1150=ORIENTED_EDGE('',*,*,#785,.T.);
#1151=ORIENTED_EDGE('',*,*,#841,.T.);
#1152=ORIENTED_EDGE('',*,*,#803,.T.);
#1153=ORIENTED_EDGE('',*,*,#860,.T.);
#1154=ORIENTED_EDGE('',*,*,#861,.T.);
#1155=ORIENTED_EDGE('',*,*,#862,.T.);
#1156=ORIENTED_EDGE('',*,*,#863,.F.);
#1157=ORIENTED_EDGE('',*,*,#860,.F.);
#1158=ORIENTED_EDGE('',*,*,#802,.T.);
#1159=ORIENTED_EDGE('',*,*,#837,.T.);
#1160=ORIENTED_EDGE('',*,*,#864,.F.);
#1161=ORIENTED_EDGE('',*,*,#865,.F.);
#1162=ORIENTED_EDGE('',*,*,#866,.T.);
#1163=ORIENTED_EDGE('',*,*,#867,.F.);
#1164=ORIENTED_EDGE('',*,*,#800,.T.);
#1165=ORIENTED_EDGE('',*,*,#810,.T.);
#1166=ORIENTED_EDGE('',*,*,#868,.T.);
#1167=ORIENTED_EDGE('',*,*,#869,.T.);
#1168=ORIENTED_EDGE('',*,*,#870,.T.);
#1169=ORIENTED_EDGE('',*,*,#871,.F.);
#1170=ORIENTED_EDGE('',*,*,#872,.F.);
#1171=ORIENTED_EDGE('',*,*,#873,.T.);
#1172=ORIENTED_EDGE('',*,*,#864,.T.);
#1173=ORIENTED_EDGE('',*,*,#836,.T.);
#1174=ORIENTED_EDGE('',*,*,#793,.T.);
#1175=ORIENTED_EDGE('',*,*,#868,.F.);
#1176=ORIENTED_EDGE('',*,*,#851,.F.);
#1177=ORIENTED_EDGE('',*,*,#847,.T.);
#1178=ORIENTED_EDGE('',*,*,#874,.F.);
#1179=ORIENTED_EDGE('',*,*,#875,.F.);
#1180=ORIENTED_EDGE('',*,*,#876,.T.);
#1181=ORIENTED_EDGE('',*,*,#874,.T.);
#1182=ORIENTED_EDGE('',*,*,#846,.T.);
#1183=ORIENTED_EDGE('',*,*,#850,.F.);
#1184=ORIENTED_EDGE('',*,*,#777,.T.);
#1185=ORIENTED_EDGE('',*,*,#877,.T.);
#1186=ORIENTED_EDGE('',*,*,#878,.T.);
#1187=ORIENTED_EDGE('',*,*,#879,.T.);
#1188=ORIENTED_EDGE('',*,*,#880,.F.);
#1189=ORIENTED_EDGE('',*,*,#776,.T.);
#1190=ORIENTED_EDGE('',*,*,#881,.F.);
#1191=ORIENTED_EDGE('',*,*,#882,.T.);
#1192=ORIENTED_EDGE('',*,*,#883,.F.);
#1193=ORIENTED_EDGE('',*,*,#884,.F.);
#1194=ORIENTED_EDGE('',*,*,#861,.F.);
#1195=ORIENTED_EDGE('',*,*,#885,.F.);
#1196=ORIENTED_EDGE('',*,*,#886,.F.);
#1197=ORIENTED_EDGE('',*,*,#885,.T.);
#1198=ORIENTED_EDGE('',*,*,#866,.F.);
#1199=ORIENTED_EDGE('',*,*,#887,.F.);
#1200=ORIENTED_EDGE('',*,*,#888,.F.);
#1201=ORIENTED_EDGE('',*,*,#889,.F.);
#1202=ORIENTED_EDGE('',*,*,#890,.F.);
#1203=ORIENTED_EDGE('',*,*,#875,.T.);
#1204=ORIENTED_EDGE('',*,*,#891,.F.);
#1205=ORIENTED_EDGE('',*,*,#892,.F.);
#1206=ORIENTED_EDGE('',*,*,#893,.F.);
#1207=ORIENTED_EDGE('',*,*,#894,.F.);
#1208=ORIENTED_EDGE('',*,*,#895,.F.);
#1209=ORIENTED_EDGE('',*,*,#891,.T.);
#1210=ORIENTED_EDGE('',*,*,#879,.F.);
#1211=ORIENTED_EDGE('',*,*,#896,.T.);
#1212=ORIENTED_EDGE('',*,*,#897,.F.);
#1213=ORIENTED_EDGE('',*,*,#896,.F.);
#1214=ORIENTED_EDGE('',*,*,#878,.F.);
#1215=ORIENTED_EDGE('',*,*,#898,.F.);
#1216=ORIENTED_EDGE('',*,*,#899,.F.);
#1217=ORIENTED_EDGE('',*,*,#900,.T.);
#1218=ORIENTED_EDGE('',*,*,#901,.F.);
#1219=ORIENTED_EDGE('',*,*,#873,.F.);
#1220=ORIENTED_EDGE('',*,*,#902,.F.);
#1221=ORIENTED_EDGE('',*,*,#903,.F.);
#1222=ORIENTED_EDGE('',*,*,#904,.F.);
#1223=ORIENTED_EDGE('',*,*,#900,.F.);
#1224=ORIENTED_EDGE('',*,*,#905,.F.);
#1225=ORIENTED_EDGE('',*,*,#906,.F.);
#1226=ORIENTED_EDGE('',*,*,#907,.F.);
#1227=ORIENTED_EDGE('',*,*,#908,.F.);
#1228=ORIENTED_EDGE('',*,*,#909,.F.);
#1229=ORIENTED_EDGE('',*,*,#910,.F.);
#1230=ORIENTED_EDGE('',*,*,#911,.F.);
#1231=ORIENTED_EDGE('',*,*,#903,.T.);
#1232=ORIENTED_EDGE('',*,*,#912,.F.);
#1233=ORIENTED_EDGE('',*,*,#913,.F.);
#1234=ORIENTED_EDGE('',*,*,#914,.F.);
#1235=ORIENTED_EDGE('',*,*,#786,.T.);
#1236=ORIENTED_EDGE('',*,*,#915,.F.);
#1237=ORIENTED_EDGE('',*,*,#907,.T.);
#1238=ORIENTED_EDGE('',*,*,#916,.F.);
#1239=ORIENTED_EDGE('',*,*,#917,.F.);
#1240=ORIENTED_EDGE('',*,*,#862,.F.);
#1241=ORIENTED_EDGE('',*,*,#884,.T.);
#1242=ORIENTED_EDGE('',*,*,#863,.T.);
#1243=ORIENTED_EDGE('',*,*,#917,.T.);
#1244=ORIENTED_EDGE('',*,*,#918,.F.);
#1245=ORIENTED_EDGE('',*,*,#915,.T.);
#1246=ORIENTED_EDGE('',*,*,#883,.T.);
#1247=ORIENTED_EDGE('',*,*,#886,.T.);
#1248=ORIENTED_EDGE('',*,*,#919,.F.);
#1249=ORIENTED_EDGE('',*,*,#909,.T.);
#1250=ORIENTED_EDGE('',*,*,#920,.F.);
#1251=ORIENTED_EDGE('',*,*,#865,.T.);
#1252=ORIENTED_EDGE('',*,*,#901,.T.);
#1253=ORIENTED_EDGE('',*,*,#921,.F.);
#1254=ORIENTED_EDGE('',*,*,#887,.T.);
#1255=ORIENTED_EDGE('',*,*,#888,.T.);
#1256=ORIENTED_EDGE('',*,*,#921,.T.);
#1257=ORIENTED_EDGE('',*,*,#904,.T.);
#1258=ORIENTED_EDGE('',*,*,#911,.T.);
#1259=ORIENTED_EDGE('',*,*,#922,.F.);
#1260=ORIENTED_EDGE('',*,*,#889,.T.);
#1261=ORIENTED_EDGE('',*,*,#922,.T.);
#1262=ORIENTED_EDGE('',*,*,#910,.T.);
#1263=ORIENTED_EDGE('',*,*,#919,.T.);
#1264=ORIENTED_EDGE('',*,*,#908,.T.);
#1265=ORIENTED_EDGE('',*,*,#918,.T.);
#1266=ORIENTED_EDGE('',*,*,#916,.T.);
#1267=ORIENTED_EDGE('',*,*,#920,.T.);
#1268=ORIENTED_EDGE('',*,*,#923,.F.);
#1269=ORIENTED_EDGE('',*,*,#924,.F.);
#1270=ORIENTED_EDGE('',*,*,#925,.F.);
#1271=ORIENTED_EDGE('',*,*,#926,.F.);
#1272=ORIENTED_EDGE('',*,*,#927,.F.);
#1273=ORIENTED_EDGE('',*,*,#928,.F.);
#1274=ORIENTED_EDGE('',*,*,#929,.T.);
#1275=ORIENTED_EDGE('',*,*,#787,.T.);
#1276=ORIENTED_EDGE('',*,*,#930,.F.);
#1277=ORIENTED_EDGE('',*,*,#931,.T.);
#1278=ORIENTED_EDGE('',*,*,#930,.T.);
#1279=ORIENTED_EDGE('',*,*,#914,.T.);
#1280=ORIENTED_EDGE('',*,*,#932,.F.);
#1281=ORIENTED_EDGE('',*,*,#933,.T.);
#1282=ORIENTED_EDGE('',*,*,#925,.T.);
#1283=ORIENTED_EDGE('',*,*,#934,.F.);
#1284=ORIENTED_EDGE('',*,*,#899,.T.);
#1285=ORIENTED_EDGE('',*,*,#872,.T.);
#1286=ORIENTED_EDGE('',*,*,#935,.T.);
#1287=ORIENTED_EDGE('',*,*,#926,.T.);
#1288=ORIENTED_EDGE('',*,*,#905,.T.);
#1289=ORIENTED_EDGE('',*,*,#934,.T.);
#1290=ORIENTED_EDGE('',*,*,#924,.T.);
#1291=ORIENTED_EDGE('',*,*,#936,.F.);
#1292=ORIENTED_EDGE('',*,*,#912,.T.);
#1293=ORIENTED_EDGE('',*,*,#902,.T.);
#1294=ORIENTED_EDGE('',*,*,#936,.T.);
#1295=ORIENTED_EDGE('',*,*,#923,.T.);
#1296=ORIENTED_EDGE('',*,*,#937,.T.);
#1297=ORIENTED_EDGE('',*,*,#938,.F.);
#1298=ORIENTED_EDGE('',*,*,#913,.T.);
#1299=ORIENTED_EDGE('',*,*,#938,.T.);
#1300=ORIENTED_EDGE('',*,*,#939,.T.);
#1301=ORIENTED_EDGE('',*,*,#940,.F.);
#1302=ORIENTED_EDGE('',*,*,#941,.T.);
#1303=ORIENTED_EDGE('',*,*,#932,.T.);
#1304=ORIENTED_EDGE('',*,*,#906,.T.);
#1305=ORIENTED_EDGE('',*,*,#940,.T.);
#1306=ORIENTED_EDGE('',*,*,#942,.F.);
#1307=ORIENTED_EDGE('',*,*,#943,.F.);
#1308=ORIENTED_EDGE('',*,*,#944,.F.);
#1309=ORIENTED_EDGE('',*,*,#945,.F.);
#1310=ORIENTED_EDGE('',*,*,#946,.T.);
#1311=ORIENTED_EDGE('',*,*,#947,.T.);
#1312=ORIENTED_EDGE('',*,*,#870,.F.);
#1313=ORIENTED_EDGE('',*,*,#948,.T.);
#1314=ORIENTED_EDGE('',*,*,#949,.F.);
#1315=ORIENTED_EDGE('',*,*,#942,.T.);
#1316=ORIENTED_EDGE('',*,*,#947,.F.);
#1317=ORIENTED_EDGE('',*,*,#950,.F.);
#1318=ORIENTED_EDGE('',*,*,#951,.T.);
#1319=ORIENTED_EDGE('',*,*,#952,.F.);
#1320=ORIENTED_EDGE('',*,*,#953,.T.);
#1321=ORIENTED_EDGE('',*,*,#954,.F.);
#1322=ORIENTED_EDGE('',*,*,#952,.T.);
#1323=ORIENTED_EDGE('',*,*,#881,.T.);
#1324=ORIENTED_EDGE('',*,*,#955,.F.);
#1325=ORIENTED_EDGE('',*,*,#956,.T.);
#1326=ORIENTED_EDGE('',*,*,#955,.T.);
#1327=ORIENTED_EDGE('',*,*,#775,.T.);
#1328=ORIENTED_EDGE('',*,*,#789,.T.);
#1329=ORIENTED_EDGE('',*,*,#957,.T.);
#1330=ORIENTED_EDGE('',*,*,#958,.T.);
#1331=ORIENTED_EDGE('',*,*,#954,.T.);
#1332=ORIENTED_EDGE('',*,*,#959,.T.);
#1333=ORIENTED_EDGE('',*,*,#960,.F.);
#1334=ORIENTED_EDGE('',*,*,#961,.T.);
#1335=ORIENTED_EDGE('',*,*,#960,.T.);
#1336=ORIENTED_EDGE('',*,*,#962,.T.);
#1337=ORIENTED_EDGE('',*,*,#944,.T.);
#1338=ORIENTED_EDGE('',*,*,#963,.F.);
#1339=ORIENTED_EDGE('',*,*,#964,.T.);
#1340=ORIENTED_EDGE('',*,*,#943,.T.);
#1341=ORIENTED_EDGE('',*,*,#949,.T.);
#1342=ORIENTED_EDGE('',*,*,#965,.T.);
#1343=ORIENTED_EDGE('',*,*,#963,.T.);
#1344=ORIENTED_EDGE('',*,*,#966,.F.);
#1345=ORIENTED_EDGE('',*,*,#967,.F.);
#1346=ORIENTED_EDGE('',*,*,#968,.F.);
#1347=ORIENTED_EDGE('',*,*,#969,.F.);
#1348=ORIENTED_EDGE('',*,*,#882,.F.);
#1349=ORIENTED_EDGE('',*,*,#951,.F.);
#1350=ORIENTED_EDGE('',*,*,#958,.F.);
#1351=ORIENTED_EDGE('',*,*,#961,.F.);
#1352=ORIENTED_EDGE('',*,*,#970,.F.);
#1353=ORIENTED_EDGE('',*,*,#971,.F.);
#1354=ORIENTED_EDGE('',*,*,#970,.T.);
#1355=ORIENTED_EDGE('',*,*,#964,.F.);
#1356=ORIENTED_EDGE('',*,*,#965,.F.);
#1357=ORIENTED_EDGE('',*,*,#972,.F.);
#1358=ORIENTED_EDGE('',*,*,#973,.F.);
#1359=ORIENTED_EDGE('',*,*,#972,.T.);
#1360=ORIENTED_EDGE('',*,*,#948,.F.);
#1361=ORIENTED_EDGE('',*,*,#869,.F.);
#1362=ORIENTED_EDGE('',*,*,#893,.T.);
#1363=ORIENTED_EDGE('',*,*,#974,.F.);
#1364=ORIENTED_EDGE('',*,*,#967,.T.);
#1365=ORIENTED_EDGE('',*,*,#975,.F.);
#1366=ORIENTED_EDGE('',*,*,#895,.T.);
#1367=ORIENTED_EDGE('',*,*,#976,.F.);
#1368=ORIENTED_EDGE('',*,*,#968,.T.);
#1369=ORIENTED_EDGE('',*,*,#974,.T.);
#1370=ORIENTED_EDGE('',*,*,#892,.T.);
#1371=ORIENTED_EDGE('',*,*,#877,.F.);
#1372=ORIENTED_EDGE('',*,*,#880,.T.);
#1373=ORIENTED_EDGE('',*,*,#977,.F.);
#1374=ORIENTED_EDGE('',*,*,#898,.T.);
#1375=ORIENTED_EDGE('',*,*,#897,.T.);
#1376=ORIENTED_EDGE('',*,*,#977,.T.);
#1377=ORIENTED_EDGE('',*,*,#969,.T.);
#1378=ORIENTED_EDGE('',*,*,#976,.T.);
#1379=ORIENTED_EDGE('',*,*,#971,.T.);
#1380=ORIENTED_EDGE('',*,*,#978,.F.);
#1381=ORIENTED_EDGE('',*,*,#894,.T.);
#1382=ORIENTED_EDGE('',*,*,#975,.T.);
#1383=ORIENTED_EDGE('',*,*,#966,.T.);
#1384=ORIENTED_EDGE('',*,*,#876,.F.);
#1385=ORIENTED_EDGE('',*,*,#890,.T.);
#1386=ORIENTED_EDGE('',*,*,#978,.T.);
#1387=ORIENTED_EDGE('',*,*,#973,.T.);
#1388=ORIENTED_EDGE('',*,*,#979,.F.);
#1389=ORIENTED_EDGE('',*,*,#945,.T.);
#1390=ORIENTED_EDGE('',*,*,#962,.F.);
#1391=ORIENTED_EDGE('',*,*,#959,.F.);
#1392=ORIENTED_EDGE('',*,*,#980,.F.);
#1393=ORIENTED_EDGE('',*,*,#939,.F.);
#1394=ORIENTED_EDGE('',*,*,#937,.F.);
#1395=ORIENTED_EDGE('',*,*,#928,.T.);
#1396=ORIENTED_EDGE('',*,*,#935,.F.);
#1397=ORIENTED_EDGE('',*,*,#871,.T.);
#1398=ORIENTED_EDGE('',*,*,#950,.T.);
#1399=ORIENTED_EDGE('',*,*,#946,.F.);
#1400=ORIENTED_EDGE('',*,*,#979,.T.);
#1401=ORIENTED_EDGE('',*,*,#927,.T.);
#1402=ORIENTED_EDGE('',*,*,#981,.F.);
#1403=ORIENTED_EDGE('',*,*,#931,.F.);
#1404=ORIENTED_EDGE('',*,*,#933,.F.);
#1405=ORIENTED_EDGE('',*,*,#941,.F.);
#1406=ORIENTED_EDGE('',*,*,#980,.T.);
#1407=ORIENTED_EDGE('',*,*,#953,.F.);
#1408=ORIENTED_EDGE('',*,*,#956,.F.);
#1409=ORIENTED_EDGE('',*,*,#957,.F.);
#1410=ORIENTED_EDGE('',*,*,#788,.F.);
#1411=ORIENTED_EDGE('',*,*,#769,.T.);
#1412=ORIENTED_EDGE('',*,*,#854,.F.);
#1413=ORIENTED_EDGE('',*,*,#859,.F.);
#1414=ORIENTED_EDGE('',*,*,#856,.F.);
#1415=ORIENTED_EDGE('',*,*,#858,.F.);
#1416=ORIENTED_EDGE('',*,*,#798,.T.);
#1417=ORIENTED_EDGE('',*,*,#867,.T.);
#1418=ORIENTED_EDGE('',*,*,#792,.T.);
#1419=ORIENTED_EDGE('',*,*,#820,.F.);
#1420=ORIENTED_EDGE('',*,*,#821,.F.);
#1421=ORIENTED_EDGE('',*,*,#826,.F.);
#1422=ORIENTED_EDGE('',*,*,#827,.F.);
#1423=ORIENTED_EDGE('',*,*,#790,.T.);
#1424=ORIENTED_EDGE('',*,*,#782,.F.);
#1425=ORIENTED_EDGE('',*,*,#758,.T.);
#1426=ORIENTED_EDGE('',*,*,#780,.F.);
#1427=ORIENTED_EDGE('',*,*,#816,.T.);
#1428=ORIENTED_EDGE('',*,*,#755,.T.);
#1429=ORIENTED_EDGE('',*,*,#781,.F.);
#1430=ORIENTED_EDGE('',*,*,#929,.F.);
#1431=ORIENTED_EDGE('',*,*,#981,.T.);
#1432=ORIENTED_EDGE('',*,*,#768,.F.);
#1433=ORIENTED_EDGE('',*,*,#762,.F.);
#1434=ORIENTED_EDGE('',*,*,#759,.F.);
#1435=ORIENTED_EDGE('',*,*,#765,.T.);
#1436=CYLINDRICAL_SURFACE('',#1582,100.);
#1437=CYLINDRICAL_SURFACE('',#1588,317.5);
#1438=CYLINDRICAL_SURFACE('',#1593,317.5);
#1439=CYLINDRICAL_SURFACE('',#1605,75.);
#1440=CYLINDRICAL_SURFACE('',#1613,75.);
#1441=CYLINDRICAL_SURFACE('',#1624,10.);
#1442=CYLINDRICAL_SURFACE('',#1626,10.);
#1443=CYLINDRICAL_SURFACE('',#1631,75.);
#1444=CYLINDRICAL_SURFACE('',#1635,75.);
#1445=CYLINDRICAL_SURFACE('',#1640,10.);
#1446=CYLINDRICAL_SURFACE('',#1645,10.);
#1447=CYLINDRICAL_SURFACE('',#1649,10.);
#1448=CYLINDRICAL_SURFACE('',#1657,10.);
#1449=CYLINDRICAL_SURFACE('',#1661,10.);
#1450=CYLINDRICAL_SURFACE('',#1666,10.);
#1451=CYLINDRICAL_SURFACE('',#1674,75.);
#1452=CYLINDRICAL_SURFACE('',#1687,75.);
#1453=CYLINDRICAL_SURFACE('',#1694,75.);
#1454=CYLINDRICAL_SURFACE('',#1701,10.);
#1455=CYLINDRICAL_SURFACE('',#1705,10.);
#1456=CYLINDRICAL_SURFACE('',#1707,10.);
#1457=CYLINDRICAL_SURFACE('',#1708,10.);
#1458=CYLINDRICAL_SURFACE('',#1712,10.);
#1459=CYLINDRICAL_SURFACE('',#1719,10.);
#1460=CYLINDRICAL_SURFACE('',#1721,10.);
#1461=CYLINDRICAL_SURFACE('',#1724,10.);
#1462=CYLINDRICAL_SURFACE('',#1726,10.);
#1463=CYLINDRICAL_SURFACE('',#1732,10.);
#1464=CYLINDRICAL_SURFACE('',#1738,10.);
#1465=CYLINDRICAL_SURFACE('',#1739,10.);
#1466=CYLINDRICAL_SURFACE('',#1741,10.);
#1467=CYLINDRICAL_SURFACE('',#1745,10.);
#1468=CYLINDRICAL_SURFACE('',#1749,75.);
#1469=CYLINDRICAL_SURFACE('',#1751,10.);
#1470=CYLINDRICAL_SURFACE('',#1754,10.);
#1471=CYLINDRICAL_SURFACE('',#1758,10.);
#1472=CYLINDRICAL_SURFACE('',#1759,10.);
#1473=CYLINDRICAL_SURFACE('',#1762,10.);
#1474=ADVANCED_FACE('',(#116),#1436,.F.);
#1475=ADVANCED_FACE('',(#117),#76,.F.);
#1476=ADVANCED_FACE('',(#118),#77,.T.);
#1477=ADVANCED_FACE('',(#119),#78,.T.);
#1478=ADVANCED_FACE('',(#120),#1437,.T.);
#1479=ADVANCED_FACE('',(#121),#79,.F.);
#1480=ADVANCED_FACE('',(#122),#80,.F.);
#1481=ADVANCED_FACE('',(#123),#1438,.T.);
#1482=ADVANCED_FACE('',(#124),#81,.T.);
#1483=ADVANCED_FACE('',(#125),#82,.F.);
#1484=ADVANCED_FACE('',(#126),#83,.F.);
#1485=ADVANCED_FACE('',(#127,#73),#84,.T.);
#1486=ADVANCED_FACE('',(#128),#85,.T.);
#1487=ADVANCED_FACE('',(#129),#86,.F.);
#1488=ADVANCED_FACE('',(#130),#1439,.T.);
#1489=ADVANCED_FACE('',(#131),#87,.F.);
#1490=ADVANCED_FACE('',(#132),#88,.F.);
#1491=ADVANCED_FACE('',(#133),#1440,.T.);
#1492=ADVANCED_FACE('',(#134),#89,.T.);
#1493=ADVANCED_FACE('',(#135),#90,.T.);
#1494=ADVANCED_FACE('',(#136),#91,.T.);
#1495=ADVANCED_FACE('',(#137),#61,.T.);
#1496=ADVANCED_FACE('',(#138),#1441,.T.);
#1497=ADVANCED_FACE('',(#139),#1442,.T.);
#1498=ADVANCED_FACE('',(#140),#62,.T.);
#1499=ADVANCED_FACE('',(#141),#1443,.T.);
#1500=ADVANCED_FACE('',(#142),#92,.F.);
#1501=ADVANCED_FACE('',(#143),#93,.F.);
#1502=ADVANCED_FACE('',(#144),#1444,.T.);
#1503=ADVANCED_FACE('',(#145),#63,.T.);
#1504=ADVANCED_FACE('',(#146),#1445,.T.);
#1505=ADVANCED_FACE('',(#147),#64,.T.);
#1506=ADVANCED_FACE('',(#148),#1446,.T.);
#1507=ADVANCED_FACE('',(#149),#94,.T.);
#1508=ADVANCED_FACE('',(#150),#1447,.T.);
#1509=ADVANCED_FACE('',(#151),#65,.T.);
#1510=ADVANCED_FACE('',(#152),#66,.T.);
#1511=ADVANCED_FACE('',(#153),#1448,.T.);
#1512=ADVANCED_FACE('',(#154),#67,.T.);
#1513=ADVANCED_FACE('',(#155),#1449,.T.);
#1514=ADVANCED_FACE('',(#156),#68,.T.);
#1515=ADVANCED_FACE('',(#157),#1450,.T.);
#1516=ADVANCED_FACE('',(#158),#95,.T.);
#1517=ADVANCED_FACE('',(#159),#96,.F.);
#1518=ADVANCED_FACE('',(#160),#97,.F.);
#1519=ADVANCED_FACE('',(#161),#98,.F.);
#1520=ADVANCED_FACE('',(#162),#99,.T.);
#1521=ADVANCED_FACE('',(#163),#1451,.T.);
#1522=ADVANCED_FACE('',(#164),#100,.F.);
#1523=ADVANCED_FACE('',(#165),#101,.F.);
#1524=ADVANCED_FACE('',(#166),#102,.T.);
#1525=ADVANCED_FACE('',(#167),#103,.T.);
#1526=ADVANCED_FACE('',(#168),#104,.T.);
#1527=ADVANCED_FACE('',(#169),#1452,.T.);
#1528=ADVANCED_FACE('',(#170),#105,.F.);
#1529=ADVANCED_FACE('',(#171),#106,.F.);
#1530=ADVANCED_FACE('',(#172),#1453,.T.);
#1531=ADVANCED_FACE('',(#173),#107,.F.);
#1532=ADVANCED_FACE('',(#174),#69,.T.);
#1533=ADVANCED_FACE('',(#175),#1454,.T.);
#1534=ADVANCED_FACE('',(#176),#15,.F.);
#1535=ADVANCED_FACE('',(#177),#1455,.T.);
#1536=ADVANCED_FACE('',(#178),#1456,.T.);
#1537=ADVANCED_FACE('',(#179),#1457,.T.);
#1538=ADVANCED_FACE('',(#180),#108,.F.);
#1539=ADVANCED_FACE('',(#181),#1458,.T.);
#1540=ADVANCED_FACE('',(#182),#70,.T.);
#1541=ADVANCED_FACE('',(#183),#16,.F.);
#1542=ADVANCED_FACE('',(#184),#1459,.T.);
#1543=ADVANCED_FACE('',(#185),#1460,.T.);
#1544=ADVANCED_FACE('',(#186),#1461,.T.);
#1545=ADVANCED_FACE('',(#187),#1462,.T.);
#1546=ADVANCED_FACE('',(#188),#109,.T.);
#1547=ADVANCED_FACE('',(#189),#17,.F.);
#1548=ADVANCED_FACE('',(#190),#1463,.T.);
#1549=ADVANCED_FACE('',(#191),#71,.T.);
#1550=ADVANCED_FACE('',(#192),#1464,.T.);
#1551=ADVANCED_FACE('',(#193),#1465,.T.);
#1552=ADVANCED_FACE('',(#194),#1466,.T.);
#1553=ADVANCED_FACE('',(#195),#1467,.T.);
#1554=ADVANCED_FACE('',(#196),#110,.T.);
#1555=ADVANCED_FACE('',(#197),#111,.T.);
#1556=ADVANCED_FACE('',(#198),#1468,.T.);
#1557=ADVANCED_FACE('',(#199),#1469,.T.);
#1558=ADVANCED_FACE('',(#200),#1470,.T.);
#1559=ADVANCED_FACE('',(#201),#72,.T.);
#1560=ADVANCED_FACE('',(#202),#1471,.T.);
#1561=ADVANCED_FACE('',(#203),#1472,.T.);
#1562=ADVANCED_FACE('',(#204),#18,.F.);
#1563=ADVANCED_FACE('',(#205),#112,.F.);
#1564=ADVANCED_FACE('',(#206),#1473,.T.);
#1565=ADVANCED_FACE('',(#207),#113,.F.);
#1566=ADVANCED_FACE('',(#208,#74),#114,.F.);
#1567=ADVANCED_FACE('',(#209,#75),#115,.T.);
#1568=CLOSED_SHELL('',(#1474,#1475,#1476,#1477,#1478,#1479,#1480,#1481,
#1482,#1483,#1484,#1485,#1486,#1487,#1488,#1489,#1490,#1491,#1492,#1493,
#1494,#1495,#1496,#1497,#1498,#1499,#1500,#1501,#1502,#1503,#1504,#1505,
#1506,#1507,#1508,#1509,#1510,#1511,#1512,#1513,#1514,#1515,#1516,#1517,
#1518,#1519,#1520,#1521,#1522,#1523,#1524,#1525,#1526,#1527,#1528,#1529,
#1530,#1531,#1532,#1533,#1534,#1535,#1536,#1537,#1538,#1539,#1540,#1541,
#1542,#1543,#1544,#1545,#1546,#1547,#1548,#1549,#1550,#1551,#1552,#1553,
#1554,#1555,#1556,#1557,#1558,#1559,#1560,#1561,#1562,#1563,#1564,#1565,
#1566,#1567));
#1569=DERIVED_UNIT_ELEMENT(#1571,1.);
#1570=DERIVED_UNIT_ELEMENT(#3036,-3.);
#1571=(
MASS_UNIT()
NAMED_UNIT(*)
SI_UNIT(.KILO.,.GRAM.)
);
#1572=DERIVED_UNIT((#1569,#1570));
#1573=MEASURE_REPRESENTATION_ITEM('density measure',
POSITIVE_RATIO_MEASURE(7850.),#1572);
#1574=PROPERTY_DEFINITION_REPRESENTATION(#1579,#1576);
#1575=PROPERTY_DEFINITION_REPRESENTATION(#1580,#1577);
#1576=REPRESENTATION('material name',(#1578),#3033);
#1577=REPRESENTATION('density',(#1573),#3033);
#1578=DESCRIPTIVE_REPRESENTATION_ITEM('Steel','Steel');
#1579=PROPERTY_DEFINITION('material property','material name',#3043);
#1580=PROPERTY_DEFINITION('material property','density of part',#3043);
#1581=AXIS2_PLACEMENT_3D('',#2261,#1766,#1767);
#1582=AXIS2_PLACEMENT_3D('',#2262,#1768,#1769);
#1583=AXIS2_PLACEMENT_3D('',#2264,#1770,#1771);
#1584=AXIS2_PLACEMENT_3D('',#2267,#1773,#1774);
#1585=AXIS2_PLACEMENT_3D('',#2268,#1775,#1776);
#1586=AXIS2_PLACEMENT_3D('',#2269,#1777,#1778);
#1587=AXIS2_PLACEMENT_3D('',#2278,#1783,#1784);
#1588=AXIS2_PLACEMENT_3D('',#2284,#1788,#1789);
#1589=AXIS2_PLACEMENT_3D('',#2286,#1790,#1791);
#1590=AXIS2_PLACEMENT_3D('',#2289,#1793,#1794);
#1591=AXIS2_PLACEMENT_3D('',#2290,#1795,#1796);
#1592=AXIS2_PLACEMENT_3D('',#2291,#1797,#1798);
#1593=AXIS2_PLACEMENT_3D('',#2297,#1802,#1803);
#1594=AXIS2_PLACEMENT_3D('',#2299,#1804,#1805);
#1595=AXIS2_PLACEMENT_3D('',#2302,#1807,#1808);
#1596=AXIS2_PLACEMENT_3D('',#2303,#1809,#1810);
#1597=AXIS2_PLACEMENT_3D('',#2304,#1811,#1812);
#1598=AXIS2_PLACEMENT_3D('',#2318,#1820,#1821);
#1599=AXIS2_PLACEMENT_3D('',#2332,#1829,#1830);
#1600=AXIS2_PLACEMENT_3D('',#2335,#1832,#1833);
#1601=AXIS2_PLACEMENT_3D('',#2336,#1834,#1835);
#1602=AXIS2_PLACEMENT_3D('',#2339,#1837,#1838);
#1603=AXIS2_PLACEMENT_3D('',#2340,#1839,#1840);
#1604=AXIS2_PLACEMENT_3D('',#2346,#1843,#1844);
#1605=AXIS2_PLACEMENT_3D('',#2347,#1845,#1846);
#1606=AXIS2_PLACEMENT_3D('',#2349,#1847,#1848);
#1607=AXIS2_PLACEMENT_3D('',#2351,#1849,#1850);
#1608=AXIS2_PLACEMENT_3D('',#2353,#1852,#1853);
#1609=AXIS2_PLACEMENT_3D('',#2358,#1855,#1856);
#1610=AXIS2_PLACEMENT_3D('',#2360,#1858,#1859);
#1611=AXIS2_PLACEMENT_3D('',#2363,#1860,#1861);
#1612=AXIS2_PLACEMENT_3D('',#2369,#1864,#1865);
#1613=AXIS2_PLACEMENT_3D('',#2373,#1868,#1869);
#1614=AXIS2_PLACEMENT_3D('',#2375,#1870,#1871);
#1615=AXIS2_PLACEMENT_3D('',#2379,#1873,#1874);
#1616=AXIS2_PLACEMENT_3D('',#2381,#1876,#1877);
#1617=AXIS2_PLACEMENT_3D('',#2387,#1881,#1882);
#1618=AXIS2_PLACEMENT_3D('',#2390,#1885,#1886);
#1619=AXIS2_PLACEMENT_3D('',#2393,#1888,#1889);
#1620=AXIS2_PLACEMENT_3D('',#2394,#1890,#1891);
#1621=AXIS2_PLACEMENT_3D('',#2396,#1892,#1893);
#1622=AXIS2_PLACEMENT_3D('',#2398,#1894,#1895);
#1623=AXIS2_PLACEMENT_3D('',#2399,#1896,#1897);
#1624=AXIS2_PLACEMENT_3D('',#2400,#1898,#1899);
#1625=AXIS2_PLACEMENT_3D('',#2405,#1902,#1903);
#1626=AXIS2_PLACEMENT_3D('',#2406,#1904,#1905);
#1627=AXIS2_PLACEMENT_3D('',#2410,#1907,#1908);
#1628=AXIS2_PLACEMENT_3D('',#2412,#1910,#1911);
#1629=AXIS2_PLACEMENT_3D('',#2413,#1912,#1913);
#1630=AXIS2_PLACEMENT_3D('',#2414,#1914,#1915);
#1631=AXIS2_PLACEMENT_3D('',#2415,#1916,#1917);
#1632=AXIS2_PLACEMENT_3D('',#2417,#1918,#1919);
#1633=AXIS2_PLACEMENT_3D('',#2419,#1921,#1922);
#1634=AXIS2_PLACEMENT_3D('',#2423,#1925,#1926);
#1635=AXIS2_PLACEMENT_3D('',#2427,#1929,#1930);
#1636=AXIS2_PLACEMENT_3D('',#2429,#1931,#1932);
#1637=AXIS2_PLACEMENT_3D('',#2431,#1934,#1935);
#1638=AXIS2_PLACEMENT_3D('',#2432,#1936,#1937);
#1639=AXIS2_PLACEMENT_3D('',#2433,#1938,#1939);
#1640=AXIS2_PLACEMENT_3D('',#2434,#1940,#1941);
#1641=AXIS2_PLACEMENT_3D('',#2435,#1942,#1943);
#1642=AXIS2_PLACEMENT_3D('',#2436,#1944,#1945);
#1643=AXIS2_PLACEMENT_3D('',#2437,#1946,#1947);
#1644=AXIS2_PLACEMENT_3D('',#2438,#1948,#1949);
#1645=AXIS2_PLACEMENT_3D('',#2439,#1950,#1951);
#1646=AXIS2_PLACEMENT_3D('',#2440,#1952,#1953);
#1647=AXIS2_PLACEMENT_3D('',#2443,#1954,#1955);
#1648=AXIS2_PLACEMENT_3D('',#2449,#1958,#1959);
#1649=AXIS2_PLACEMENT_3D('',#2453,#1962,#1963);
#1650=AXIS2_PLACEMENT_3D('',#2454,#1964,#1965);
#1651=AXIS2_PLACEMENT_3D('',#2455,#1966,#1967);
#1652=AXIS2_PLACEMENT_3D('',#2456,#1968,#1969);
#1653=AXIS2_PLACEMENT_3D('',#2457,#1970,#1971);
#1654=AXIS2_PLACEMENT_3D('',#2458,#1972,#1973);
#1655=AXIS2_PLACEMENT_3D('',#2459,#1974,#1975);
#1656=AXIS2_PLACEMENT_3D('',#2460,#1976,#1977);
#1657=AXIS2_PLACEMENT_3D('',#2461,#1978,#1979);
#1658=AXIS2_PLACEMENT_3D('',#2462,#1980,#1981);
#1659=AXIS2_PLACEMENT_3D('',#2464,#1982,#1983);
#1660=AXIS2_PLACEMENT_3D('',#2465,#1984,#1985);
#1661=AXIS2_PLACEMENT_3D('',#2466,#1986,#1987);
#1662=AXIS2_PLACEMENT_3D('',#2468,#1988,#1989);
#1663=AXIS2_PLACEMENT_3D('',#2471,#1991,#1992);
#1664=AXIS2_PLACEMENT_3D('',#2472,#1993,#1994);
#1665=AXIS2_PLACEMENT_3D('',#2473,#1995,#1996);
#1666=AXIS2_PLACEMENT_3D('',#2474,#1997,#1998);
#1667=AXIS2_PLACEMENT_3D('',#2476,#2000,#2001);
#1668=AXIS2_PLACEMENT_3D('',#2483,#2005,#2006);
#1669=AXIS2_PLACEMENT_3D('',#2484,#2007,#2008);
#1670=AXIS2_PLACEMENT_3D('',#2502,#2011,#2012);
#1671=AXIS2_PLACEMENT_3D('',#2521,#2018,#2019);
#1672=AXIS2_PLACEMENT_3D('',#2539,#2022,#2023);
#1673=AXIS2_PLACEMENT_3D('',#2541,#2024,#2025);
#1674=AXIS2_PLACEMENT_3D('',#2545,#2028,#2029);
#1675=AXIS2_PLACEMENT_3D('',#2547,#2030,#2031);
#1676=AXIS2_PLACEMENT_3D('',#2549,#2032,#2033);
#1677=AXIS2_PLACEMENT_3D('',#2551,#2035,#2036);
#1678=AXIS2_PLACEMENT_3D('',#2557,#2040,#2041);
#1679=AXIS2_PLACEMENT_3D('',#2559,#2042,#2043);
#1680=AXIS2_PLACEMENT_3D('',#2561,#2044,#2045);
#1681=AXIS2_PLACEMENT_3D('',#2565,#2048,#2049);
#1682=AXIS2_PLACEMENT_3D('',#2567,#2050,#2051);
#1683=AXIS2_PLACEMENT_3D('',#2571,#2053,#2054);
#1684=AXIS2_PLACEMENT_3D('',#2575,#2057,#2058);
#1685=AXIS2_PLACEMENT_3D('',#2579,#2061,#2062);
#1686=AXIS2_PLACEMENT_3D('',#2582,#2064,#2065);
#1687=AXIS2_PLACEMENT_3D('',#2583,#2066,#2067);
#1688=AXIS2_PLACEMENT_3D('',#2585,#2068,#2069);
#1689=AXIS2_PLACEMENT_3D('',#2588,#2071,#2072);
#1690=AXIS2_PLACEMENT_3D('',#2589,#2073,#2074);
#1691=AXIS2_PLACEMENT_3D('',#2592,#2075,#2076);
#1692=AXIS2_PLACEMENT_3D('',#2597,#2080,#2081);
#1693=AXIS2_PLACEMENT_3D('',#2609,#2087,#2088);
#1694=AXIS2_PLACEMENT_3D('',#2613,#2091,#2092);
#1695=AXIS2_PLACEMENT_3D('',#2614,#2093,#2094);
#1696=AXIS2_PLACEMENT_3D('',#2615,#2095,#2096);
#1697=AXIS2_PLACEMENT_3D('',#2616,#2097,#2098);
#1698=AXIS2_PLACEMENT_3D('',#2619,#2100,#2101);
#1699=AXIS2_PLACEMENT_3D('',#2620,#2102,#2103);
#1700=AXIS2_PLACEMENT_3D('',#2621,#2104,#2105);
#1701=AXIS2_PLACEMENT_3D('',#2622,#2106,#2107);
#1702=AXIS2_PLACEMENT_3D('',#2623,#2108,#2109);
#1703=AXIS2_PLACEMENT_3D('',#2624,#2110,#2111);
#1704=AXIS2_PLACEMENT_3D('',#2695,#2112,#2113);
#1705=AXIS2_PLACEMENT_3D('',#2696,#2114,#2115);
#1706=AXIS2_PLACEMENT_3D('',#2697,#2116,#2117);
#1707=AXIS2_PLACEMENT_3D('',#2698,#2118,#2119);
#1708=AXIS2_PLACEMENT_3D('',#2699,#2120,#2121);
#1709=AXIS2_PLACEMENT_3D('',#2700,#2122,#2123);
#1710=AXIS2_PLACEMENT_3D('',#2707,#2126,#2127);
#1711=AXIS2_PLACEMENT_3D('',#2714,#2128,#2129);
#1712=AXIS2_PLACEMENT_3D('',#2716,#2131,#2132);
#1713=AXIS2_PLACEMENT_3D('',#2718,#2133,#2134);
#1714=AXIS2_PLACEMENT_3D('',#2720,#2135,#2136);
#1715=AXIS2_PLACEMENT_3D('',#2722,#2138,#2139);
#1716=AXIS2_PLACEMENT_3D('',#2724,#2140,#2141);
#1717=AXIS2_PLACEMENT_3D('',#2725,#2142,#2143);
#1718=AXIS2_PLACEMENT_3D('',#2780,#2144,#2145);
#1719=AXIS2_PLACEMENT_3D('',#2795,#2146,#2147);
#1720=AXIS2_PLACEMENT_3D('',#2796,#2148,#2149);
#1721=AXIS2_PLACEMENT_3D('',#2797,#2150,#2151);
#1722=AXIS2_PLACEMENT_3D('',#2799,#2152,#2153);
#1723=AXIS2_PLACEMENT_3D('',#2800,#2154,#2155);
#1724=AXIS2_PLACEMENT_3D('',#2801,#2156,#2157);
#1725=AXIS2_PLACEMENT_3D('',#2804,#2159,#2160);
#1726=AXIS2_PLACEMENT_3D('',#2805,#2161,#2162);
#1727=AXIS2_PLACEMENT_3D('',#2807,#2164,#2165);
#1728=AXIS2_PLACEMENT_3D('',#2810,#2166,#2167);
#1729=AXIS2_PLACEMENT_3D('',#2818,#2171,#2172);
#1730=AXIS2_PLACEMENT_3D('',#2884,#2173,#2174);
#1731=AXIS2_PLACEMENT_3D('',#2885,#2175,#2176);
#1732=AXIS2_PLACEMENT_3D('',#2898,#2177,#2178);
#1733=AXIS2_PLACEMENT_3D('',#2902,#2180,#2181);
#1734=AXIS2_PLACEMENT_3D('',#2905,#2183,#2184);
#1735=AXIS2_PLACEMENT_3D('',#2906,#2185,#2186);
#1736=AXIS2_PLACEMENT_3D('',#2908,#2187,#2188);
#1737=AXIS2_PLACEMENT_3D('',#2909,#2189,#2190);
#1738=AXIS2_PLACEMENT_3D('',#2910,#2191,#2192);
#1739=AXIS2_PLACEMENT_3D('',#2912,#2194,#2195);
#1740=AXIS2_PLACEMENT_3D('',#2917,#2198,#2199);
#1741=AXIS2_PLACEMENT_3D('',#2918,#2200,#2201);
#1742=AXIS2_PLACEMENT_3D('',#2921,#2203,#2204);
#1743=AXIS2_PLACEMENT_3D('',#2923,#2205,#2206);
#1744=AXIS2_PLACEMENT_3D('',#2924,#2207,#2208);
#1745=AXIS2_PLACEMENT_3D('',#2925,#2209,#2210);
#1746=AXIS2_PLACEMENT_3D('',#2927,#2212,#2213);
#1747=AXIS2_PLACEMENT_3D('',#2930,#2214,#2215);
#1748=AXIS2_PLACEMENT_3D('',#2937,#2220,#2221);
#1749=AXIS2_PLACEMENT_3D('',#2941,#2224,#2225);
#1750=AXIS2_PLACEMENT_3D('',#2942,#2226,#2227);
#1751=AXIS2_PLACEMENT_3D('',#2943,#2228,#2229);
#1752=AXIS2_PLACEMENT_3D('',#2944,#2230,#2231);
#1753=AXIS2_PLACEMENT_3D('',#2945,#2232,#2233);
#1754=AXIS2_PLACEMENT_3D('',#2946,#2234,#2235);
#1755=AXIS2_PLACEMENT_3D('',#2947,#2236,#2237);
#1756=AXIS2_PLACEMENT_3D('',#2948,#2238,#2239);
#1757=AXIS2_PLACEMENT_3D('',#2949,#2240,#2241);
#1758=AXIS2_PLACEMENT_3D('',#2950,#2242,#2243);
#1759=AXIS2_PLACEMENT_3D('',#2951,#2244,#2245);
#1760=AXIS2_PLACEMENT_3D('',#2952,#2246,#2247);
#1761=AXIS2_PLACEMENT_3D('',#3023,#2248,#2249);
#1762=AXIS2_PLACEMENT_3D('',#3026,#2252,#2253);
#1763=AXIS2_PLACEMENT_3D('',#3027,#2254,#2255);
#1764=AXIS2_PLACEMENT_3D('',#3029,#2257,#2258);
#1765=AXIS2_PLACEMENT_3D('',#3030,#2259,#2260);
#1766=DIRECTION('axis',(0.,0.,1.));
#1767=DIRECTION('refdir',(1.,0.,0.));
#1768=DIRECTION('center_axis',(0.,0.,-1.));
#1769=DIRECTION('ref_axis',(1.,0.,0.));
#1770=DIRECTION('center_axis',(0.,0.,-1.));
#1771=DIRECTION('ref_axis',(1.,0.,0.));
#1772=DIRECTION('',(0.,0.,-1.));
#1773=DIRECTION('center_axis',(0.,0.,-1.));
#1774=DIRECTION('ref_axis',(1.,0.,0.));
#1775=DIRECTION('center_axis',(0.,0.,-1.));
#1776=DIRECTION('ref_axis',(1.,0.,0.));
#1777=DIRECTION('center_axis',(0.,1.,0.));
#1778=DIRECTION('ref_axis',(-1.,0.,0.));
#1779=DIRECTION('',(1.,0.,0.));
#1780=DIRECTION('',(0.,0.,1.));
#1781=DIRECTION('',(-1.,0.,0.));
#1782=DIRECTION('',(0.,0.,1.));
#1783=DIRECTION('center_axis',(0.,0.,1.));
#1784=DIRECTION('ref_axis',(1.,0.,0.));
#1785=DIRECTION('',(0.,-1.,0.));
#1786=DIRECTION('',(1.,0.,0.));
#1787=DIRECTION('',(0.,1.,0.));
#1788=DIRECTION('center_axis',(-1.,0.,0.));
#1789=DIRECTION('ref_axis',(0.,1.,0.));
#1790=DIRECTION('center_axis',(1.,0.,0.));
#1791=DIRECTION('ref_axis',(0.,1.,0.));
#1792=DIRECTION('',(-1.,0.,0.));
#1793=DIRECTION('center_axis',(-1.,0.,0.));
#1794=DIRECTION('ref_axis',(0.,1.,0.));
#1795=DIRECTION('center_axis',(1.,0.,0.));
#1796=DIRECTION('ref_axis',(0.,1.,0.));
#1797=DIRECTION('center_axis',(0.,1.,0.));
#1798=DIRECTION('ref_axis',(0.,0.,1.));
#1799=DIRECTION('',(0.,0.,-1.));
#1800=DIRECTION('',(-1.,0.,0.));
#1801=DIRECTION('',(0.,0.,1.));
#1802=DIRECTION('center_axis',(-1.,0.,0.));
#1803=DIRECTION('ref_axis',(0.,1.,0.));
#1804=DIRECTION('center_axis',(-1.,0.,0.));
#1805=DIRECTION('ref_axis',(0.,1.,0.));
#1806=DIRECTION('',(1.,0.,0.));
#1807=DIRECTION('center_axis',(-1.,0.,0.));
#1808=DIRECTION('ref_axis',(0.,1.,0.));
#1809=DIRECTION('center_axis',(1.,0.,0.));
#1810=DIRECTION('ref_axis',(0.,1.,0.));
#1811=DIRECTION('center_axis',(0.,1.,0.));
#1812=DIRECTION('ref_axis',(0.,0.,-1.));
#1813=DIRECTION('',(0.,0.,-1.));
#1814=DIRECTION('',(-1.,0.,0.));
#1815=DIRECTION('',(0.,0.,-1.));
#1816=DIRECTION('',(0.,0.,-1.));
#1817=DIRECTION('',(0.,0.,-1.));
#1818=DIRECTION('',(0.,0.,-1.));
#1819=DIRECTION('',(-1.,0.,0.));
#1820=DIRECTION('center_axis',(0.,1.,0.));
#1821=DIRECTION('ref_axis',(0.,0.,-1.));
#1822=DIRECTION('',(0.,0.,1.));
#1823=DIRECTION('',(-1.,0.,0.));
#1824=DIRECTION('',(0.,0.,1.));
#1825=DIRECTION('',(0.,0.,1.));
#1826=DIRECTION('',(0.,0.,1.));
#1827=DIRECTION('',(0.,0.,1.));
#1828=DIRECTION('',(-1.,0.,0.));
#1829=DIRECTION('center_axis',(1.,0.,0.));
#1830=DIRECTION('ref_axis',(0.,0.,-1.));
#1831=DIRECTION('',(0.,1.,0.));
#1832=DIRECTION('center_axis',(-1.,0.,0.));
#1833=DIRECTION('ref_axis',(0.,-0.707106781186547,-0.707106781186547));
#1834=DIRECTION('center_axis',(-1.,0.,0.));
#1835=DIRECTION('ref_axis',(0.,-1.,0.));
#1836=DIRECTION('',(0.,-1.,0.));
#1837=DIRECTION('center_axis',(1.,0.,0.));
#1838=DIRECTION('ref_axis',(0.,-1.,0.));
#1839=DIRECTION('center_axis',(0.939692620785908,-0.342020143325669,0.));
#1840=DIRECTION('ref_axis',(-0.342020143325669,-0.939692620785908,0.));
#1841=DIRECTION('',(-0.342020143325669,-0.939692620785908,0.));
#1842=DIRECTION('',(0.,0.,1.));
#1843=DIRECTION('center_axis',(0.939692620785908,-0.342020143325669,0.));
#1844=DIRECTION('ref_axis',(0.342020143325669,0.939692620785908,0.));
#1845=DIRECTION('center_axis',(0.,0.,-1.));
#1846=DIRECTION('ref_axis',(0.707106781186547,-0.707106781186547,0.));
#1847=DIRECTION('center_axis',(0.,0.,1.));
#1848=DIRECTION('ref_axis',(0.707106781186549,-0.707106781186547,0.));
#1849=DIRECTION('center_axis',(0.,0.,-1.));
#1850=DIRECTION('ref_axis',(0.707106781186549,-0.707106781186547,0.));
#1851=DIRECTION('',(0.,0.,1.));
#1852=DIRECTION('center_axis',(-0.939692620785908,-0.342020143325669,0.));
#1853=DIRECTION('ref_axis',(-0.342020143325669,0.939692620785908,0.));
#1854=DIRECTION('',(-0.342020143325669,0.939692620785908,0.));
#1855=DIRECTION('center_axis',(-0.939692620785908,-0.342020143325669,0.));
#1856=DIRECTION('ref_axis',(-0.342020143325669,0.939692620785908,0.));
#1857=DIRECTION('',(0.,0.,-1.));
#1858=DIRECTION('center_axis',(0.,0.,1.));
#1859=DIRECTION('ref_axis',(0.,1.,0.));
#1860=DIRECTION('center_axis',(0.,0.,1.));
#1861=DIRECTION('ref_axis',(-0.422618261740701,0.906307787036649,0.));
#1862=DIRECTION('',(0.342020143325669,0.939692620785908,0.));
#1863=DIRECTION('',(0.,1.,0.));
#1864=DIRECTION('center_axis',(0.,0.,1.));
#1865=DIRECTION('ref_axis',(-0.707106781186548,-0.707106781186548,0.));
#1866=DIRECTION('',(0.,-1.,0.));
#1867=DIRECTION('',(-0.342020143325666,-0.939692620785909,0.));
#1868=DIRECTION('center_axis',(1.90823144340189E-16,8.60709704695543E-16,
1.));
#1869=DIRECTION('ref_axis',(0.4226182617407,0.90630778703665,-6.69906115705075E-16));
#1870=DIRECTION('center_axis',(0.,0.,1.));
#1871=DIRECTION('ref_axis',(0.422618261740701,0.906307787036649,0.));
#1872=DIRECTION('',(-1.90823144340188E-16,-8.60709704695543E-16,-1.));
#1873=DIRECTION('center_axis',(0.,0.,-1.));
#1874=DIRECTION('ref_axis',(0.422618261740699,0.90630778703665,0.));
#1875=DIRECTION('',(0.,0.,-1.));
#1876=DIRECTION('center_axis',(1.,0.,0.));
#1877=DIRECTION('ref_axis',(0.,0.,-1.));
#1878=DIRECTION('',(0.,1.,0.));
#1879=DIRECTION('',(0.,-1.,0.));
#1880=DIRECTION('',(0.,-1.38499198487955E-15,-1.));
#1881=DIRECTION('center_axis',(0.939692620785909,0.342020143325666,-4.73695157173401E-16));
#1882=DIRECTION('ref_axis',(-5.04095857193416E-16,0.,-1.));
#1883=DIRECTION('',(-0.342020143325666,0.939692620785909,0.));
#1884=DIRECTION('',(0.342020143325666,-0.939692620785909,0.));
#1885=DIRECTION('center_axis',(1.,0.,0.));
#1886=DIRECTION('ref_axis',(0.,0.,-1.));
#1887=DIRECTION('',(0.,1.,0.));
#1888=DIRECTION('center_axis',(-1.,0.,0.));
#1889=DIRECTION('ref_axis',(0.,-1.,0.));
#1890=DIRECTION('center_axis',(0.,0.,-1.));
#1891=DIRECTION('ref_axis',(-1.,0.,0.));
#1892=DIRECTION('center_axis',(0.,0.,1.));
#1893=DIRECTION('ref_axis',(-0.422618261740701,0.906307787036649,0.));
#1894=DIRECTION('center_axis',(-0.34202014332573,-0.939692620785886,0.));
#1895=DIRECTION('ref_axis',(0.,0.,1.));
#1896=DIRECTION('center_axis',(0.,0.,-1.));
#1897=DIRECTION('ref_axis',(-0.422618261740701,0.906307787036649,0.));
#1898=DIRECTION('center_axis',(-0.342020143325666,-0.939692620785909,0.));
#1899=DIRECTION('ref_axis',(-0.664463024388656,0.241844762648017,0.707106781186551));
#1900=DIRECTION('',(0.342020143325666,0.939692620785909,0.));
#1901=DIRECTION('',(-0.342020143325666,-0.939692620785909,0.));
#1902=DIRECTION('center_axis',(-0.173648177667068,-0.984807753012184,0.));
#1903=DIRECTION('ref_axis',(-0.984807753012184,0.173648177667068,0.));
#1904=DIRECTION('center_axis',(0.,-1.,0.));
#1905=DIRECTION('ref_axis',(-0.707106781186547,0.,0.707106781186547));
#1906=DIRECTION('',(0.,-1.,0.));
#1907=DIRECTION('center_axis',(0.,-1.,0.));
#1908=DIRECTION('ref_axis',(0.,0.,1.));
#1909=DIRECTION('',(0.,1.,0.));
#1910=DIRECTION('center_axis',(0.,0.,-1.));
#1911=DIRECTION('ref_axis',(-1.,0.,0.));
#1912=DIRECTION('center_axis',(0.,0.,-1.));
#1913=DIRECTION('ref_axis',(-0.707106781186548,-0.707106781186548,0.));
#1914=DIRECTION('center_axis',(0.,0.,1.));
#1915=DIRECTION('ref_axis',(-0.707106781186547,-0.707106781186547,0.));
#1916=DIRECTION('center_axis',(0.,0.,-1.));
#1917=DIRECTION('ref_axis',(-0.707106781186547,-0.707106781186547,0.));
#1918=DIRECTION('center_axis',(0.,0.,-1.));
#1919=DIRECTION('ref_axis',(-0.707106781186547,-0.707106781186547,0.));
#1920=DIRECTION('',(0.,0.,-1.));
#1921=DIRECTION('center_axis',(1.,0.,0.));
#1922=DIRECTION('ref_axis',(0.,0.,-1.));
#1923=DIRECTION('',(0.,1.,0.));
#1924=DIRECTION('',(0.,-1.38499198487955E-15,-1.));
#1925=DIRECTION('center_axis',(0.939692620785909,-0.342020143325666,4.73695157173401E-16));
#1926=DIRECTION('ref_axis',(5.04095857193416E-16,0.,-1.));
#1927=DIRECTION('',(0.342020143325666,0.939692620785909,0.));
#1928=DIRECTION('',(-1.90823144340188E-16,8.60709704695543E-16,1.));
#1929=DIRECTION('center_axis',(-1.90823144340189E-16,8.60709704695543E-16,
1.));
#1930=DIRECTION('ref_axis',(-0.422618261740704,0.906307787036648,-6.69906115705074E-16));
#1931=DIRECTION('center_axis',(0.,0.,-1.));
#1932=DIRECTION('ref_axis',(-0.422618261740701,0.906307787036649,0.));
#1933=DIRECTION('',(0.,0.,1.));
#1934=DIRECTION('center_axis',(0.,0.,1.));
#1935=DIRECTION('ref_axis',(1.,0.,0.));
#1936=DIRECTION('center_axis',(0.939692620785908,-0.342020143325669,0.));
#1937=DIRECTION('ref_axis',(0.342020143325669,0.939692620785908,0.));
#1938=DIRECTION('center_axis',(-0.342020143325629,-0.939692620785923,0.));
#1939=DIRECTION('ref_axis',(-0.939692620785923,0.342020143325629,0.));
#1940=DIRECTION('center_axis',(0.,1.,0.));
#1941=DIRECTION('ref_axis',(-0.707106781186547,0.,-0.707106781186547));
#1942=DIRECTION('center_axis',(0.,-1.,0.));
#1943=DIRECTION('ref_axis',(-1.,0.,0.));
#1944=DIRECTION('center_axis',(0.173648177666959,0.984807753012203,0.));
#1945=DIRECTION('ref_axis',(-0.984807753012203,0.173648177666959,0.));
#1946=DIRECTION('center_axis',(0.,0.,1.));
#1947=DIRECTION('ref_axis',(1.,0.,0.));
#1948=DIRECTION('center_axis',(1.,0.,0.));
#1949=DIRECTION('ref_axis',(0.,-1.,0.));
#1950=DIRECTION('center_axis',(0.342020143325666,0.939692620785909,0.));
#1951=DIRECTION('ref_axis',(-0.664463024388656,0.241844762648017,-0.707106781186551));
#1952=DIRECTION('center_axis',(0.,0.,-1.));
#1953=DIRECTION('ref_axis',(0.,1.,0.));
#1954=DIRECTION('center_axis',(0.,0.,1.));
#1955=DIRECTION('ref_axis',(0.422618261740699,0.90630778703665,0.));
#1956=DIRECTION('',(-0.342020143325666,0.939692620785909,0.));
#1957=DIRECTION('',(0.,1.,0.));
#1958=DIRECTION('center_axis',(0.,0.,1.));
#1959=DIRECTION('ref_axis',(0.707106781186548,-0.707106781186547,0.));
#1960=DIRECTION('',(0.,-1.,0.));
#1961=DIRECTION('',(0.342020143325669,-0.939692620785908,0.));
#1962=DIRECTION('center_axis',(0.,1.,0.));
#1963=DIRECTION('ref_axis',(0.707106781186547,0.,-0.707106781186547));
#1964=DIRECTION('center_axis',(0.,-1.,0.));
#1965=DIRECTION('ref_axis',(0.,0.,-1.));
#1966=DIRECTION('center_axis',(-0.173648177666959,0.984807753012203,0.));
#1967=DIRECTION('ref_axis',(0.984807753012203,0.173648177666959,0.));
#1968=DIRECTION('center_axis',(0.,0.,1.));
#1969=DIRECTION('ref_axis',(1.,0.,0.));
#1970=DIRECTION('center_axis',(-1.,0.,0.));
#1971=DIRECTION('ref_axis',(0.,-1.,0.));
#1972=DIRECTION('center_axis',(0.,0.,1.));
#1973=DIRECTION('ref_axis',(1.,0.,0.));
#1974=DIRECTION('center_axis',(-0.939692620785908,-0.342020143325669,0.));
#1975=DIRECTION('ref_axis',(-0.342020143325669,0.939692620785908,0.));
#1976=DIRECTION('center_axis',(0.34202014332562,-0.939692620785926,0.));
#1977=DIRECTION('ref_axis',(0.,0.,-1.));
#1978=DIRECTION('center_axis',(-0.342020143325666,0.939692620785909,0.));
#1979=DIRECTION('ref_axis',(0.664463024388653,0.241844762648018,-0.707106781186553));
#1980=DIRECTION('center_axis',(0.,0.,-1.));
#1981=DIRECTION('ref_axis',(-1.,0.,0.));
#1982=DIRECTION('center_axis',(0.,1.,0.));
#1983=DIRECTION('ref_axis',(0.,0.,1.));
#1984=DIRECTION('center_axis',(0.,0.,-1.));
#1985=DIRECTION('ref_axis',(0.707106781186548,-0.707106781186547,0.));
#1986=DIRECTION('center_axis',(0.342020143325666,-0.939692620785909,0.));
#1987=DIRECTION('ref_axis',(0.664463024388682,0.241844762647865,0.707106781186578));
#1988=DIRECTION('center_axis',(-0.342020143325718,0.939692620785891,0.));
#1989=DIRECTION('ref_axis',(0.,0.,1.));
#1990=DIRECTION('',(0.342020143325666,-0.939692620785909,0.));
#1991=DIRECTION('center_axis',(0.173648177666959,-0.984807753012203,-1.54230564024046E-15));
#1992=DIRECTION('ref_axis',(0.984807753012203,0.173648177666959,-8.7468499377881E-15));
#1993=DIRECTION('center_axis',(0.,0.,-1.));
#1994=DIRECTION('ref_axis',(-1.,0.,0.));
#1995=DIRECTION('center_axis',(0.,0.,-1.));
#1996=DIRECTION('ref_axis',(0.422618261740701,0.906307787036649,0.));
#1997=DIRECTION('center_axis',(0.,-1.,0.));
#1998=DIRECTION('ref_axis',(0.707106781186547,0.,0.707106781186547));
#1999=DIRECTION('',(0.,-1.,0.));
#2000=DIRECTION('center_axis',(-1.,0.,0.));
#2001=DIRECTION('ref_axis',(0.,-1.,0.));
#2002=DIRECTION('',(0.,0.,-1.));
#2003=DIRECTION('',(0.,-0.974370064785235,-0.224951054343865));
#2004=DIRECTION('',(0.,-1.,0.));
#2005=DIRECTION('center_axis',(1.,0.,0.));
#2006=DIRECTION('ref_axis',(0.,-1.,0.));
#2007=DIRECTION('center_axis',(0.939692620785908,-0.342020143325669,0.));
#2008=DIRECTION('ref_axis',(-0.342020143325669,-0.939692620785908,0.));
#2009=DIRECTION('',(0.,0.,1.));
#2010=DIRECTION('',(-0.334244926222355,-0.918330387363196,-0.212013275386179));
#2011=DIRECTION('center_axis',(0.,-1.,0.));
#2012=DIRECTION('ref_axis',(0.,0.,1.));
#2013=DIRECTION('',(-1.,0.,0.));
#2014=DIRECTION('',(0.,0.,-1.));
#2015=DIRECTION('',(0.,0.,-1.));
#2016=DIRECTION('',(1.,0.,0.));
#2017=DIRECTION('',(0.,0.,1.));
#2018=DIRECTION('center_axis',(-0.939692620785908,-0.342020143325669,0.));
#2019=DIRECTION('ref_axis',(-0.342020143325669,0.939692620785908,0.));
#2020=DIRECTION('',(0.,0.,1.));
#2021=DIRECTION('',(0.334244926222355,-0.918330387363195,-0.212013275386179));
#2022=DIRECTION('center_axis',(1.,0.,0.));
#2023=DIRECTION('ref_axis',(0.,0.,-1.));
#2024=DIRECTION('center_axis',(-1.,0.,0.));
#2025=DIRECTION('ref_axis',(0.,-1.,0.));
#2026=DIRECTION('',(0.,1.,0.));
#2027=DIRECTION('',(0.,0.974370064785235,0.224951054343865));
#2028=DIRECTION('center_axis',(0.,0.,-1.));
#2029=DIRECTION('ref_axis',(0.707106781186547,-0.707106781186547,0.));
#2030=DIRECTION('center_axis',(0.,0.,1.));
#2031=DIRECTION('ref_axis',(0.707106781186549,-0.707106781186547,0.));
#2032=DIRECTION('center_axis',(0.,0.,-1.));
#2033=DIRECTION('ref_axis',(0.707106781186549,-0.707106781186547,0.));
#2034=DIRECTION('',(0.,0.,1.));
#2035=DIRECTION('center_axis',(0.,0.224951054343865,-0.974370064785235));
#2036=DIRECTION('ref_axis',(0.,-0.974370064785235,-0.224951054343865));
#2037=DIRECTION('',(0.,0.974370064785235,0.224951054343865));
#2038=DIRECTION('',(-1.,0.,0.));
#2039=DIRECTION('',(0.334244926222355,0.918330387363195,0.212013275386179));
#2040=DIRECTION('center_axis',(0.072512810834525,0.199227310389042,-0.977266786021107));
#2041=DIRECTION('ref_axis',(-0.334244926222355,-0.918330387363196,-0.212013275386178));
#2042=DIRECTION('center_axis',(0.072512810834525,0.199227310389042,-0.977266786021107));
#2043=DIRECTION('ref_axis',(-0.00186536116854355,-0.97981744565732,-0.19988570137275));
#2044=DIRECTION('center_axis',(0.072512810834525,0.199227310389042,-0.977266786021107));
#2045=DIRECTION('ref_axis',(0.334244926222351,0.918330387363197,0.212013275386178));
#2046=DIRECTION('',(0.334244926222352,0.918330387363197,0.212013275386178));
#2047=DIRECTION('',(0.,0.979846249837542,0.199753164378705));
#2048=DIRECTION('center_axis',(0.072512810834525,-0.199227310389042,0.977266786021107));
#2049=DIRECTION('ref_axis',(0.334244926222355,-0.918330387363196,-0.212013275386178));
#2050=DIRECTION('center_axis',(-0.072512810834525,0.199227310389042,-0.977266786021107));
#2051=DIRECTION('ref_axis',(-0.334244926222352,0.918330387363197,0.212013275386178));
#2052=DIRECTION('',(-0.334244926222355,0.918330387363195,0.212013275386179));
#2053=DIRECTION('center_axis',(-0.072512810834525,0.199227310389042,-0.977266786021107));
#2054=DIRECTION('ref_axis',(0.00186536116854355,-0.97981744565732,-0.19988570137275));
#2055=DIRECTION('',(0.,-0.979846249837542,-0.199753164378705));
#2056=DIRECTION('',(0.334244926222352,-0.918330387363197,-0.212013275386178));
#2057=DIRECTION('center_axis',(0.,-0.224951054343865,0.974370064785235));
#2058=DIRECTION('ref_axis',(0.,-0.974370064785235,-0.224951054343865));
#2059=DIRECTION('',(0.,-0.974370064785235,-0.224951054343865));
#2060=DIRECTION('',(1.,0.,0.));
#2061=DIRECTION('center_axis',(0.,0.,1.));
#2062=DIRECTION('ref_axis',(0.,-1.,0.));
#2063=DIRECTION('',(0.,-1.,0.));
#2064=DIRECTION('center_axis',(0.,0.,-1.));
#2065=DIRECTION('ref_axis',(0.707106781186549,-0.707106781186547,0.));
#2066=DIRECTION('center_axis',(-1.90823144340189E-16,8.60709704695543E-16,
1.));
#2067=DIRECTION('ref_axis',(-0.422618261740695,0.906307787036652,-1.33981223141015E-15));
#2068=DIRECTION('center_axis',(0.0631989483230091,0.173637683450756,-0.982779653745803));
#2069=DIRECTION('ref_axis',(0.336130438031686,0.923510788483463,0.184781363192502));
#2070=DIRECTION('',(-1.90823144340188E-16,8.60709704695543E-16,1.));
#2071=DIRECTION('center_axis',(-0.0631989483230093,-0.173637683450756,0.982779653745803));
#2072=DIRECTION('ref_axis',(0.336130438031686,0.923510788483463,0.184781363192502));
#2073=DIRECTION('center_axis',(0.939692620785909,-0.342020143325666,4.73695157173401E-16));
#2074=DIRECTION('ref_axis',(5.04095857193416E-16,0.,-1.));
#2075=DIRECTION('center_axis',(0.939692620785909,-0.342020143325666,4.73695157173401E-16));
#2076=DIRECTION('ref_axis',(-0.334244926222352,-0.918330387363197,-0.212013275386179));
#2077=DIRECTION('',(0.,-1.38499198487955E-15,-1.));
#2078=DIRECTION('',(-0.334244926222352,-0.918330387363197,-0.212013275386178));
#2079=DIRECTION('',(0.334244926222352,0.918330387363197,0.212013275386179));
#2080=DIRECTION('center_axis',(1.,0.,0.));
#2081=DIRECTION('ref_axis',(0.,0.,-1.));
#2082=DIRECTION('',(0.,1.,0.));
#2083=DIRECTION('',(0.,0.,-1.));
#2084=DIRECTION('',(0.,-1.,0.));
#2085=DIRECTION('',(0.,-0.974370064785235,-0.224951054343865));
#2086=DIRECTION('',(0.,-0.979846249837542,-0.199753164378705));
#2087=DIRECTION('center_axis',(1.,0.,0.));
#2088=DIRECTION('ref_axis',(-2.81808245738145E-17,0.974370064785235,0.224951054343864));
#2089=DIRECTION('',(0.,0.979846249837541,0.199753164378706));
#2090=DIRECTION('',(0.,0.974370064785235,0.224951054343865));
#2091=DIRECTION('center_axis',(0.,0.,-1.));
#2092=DIRECTION('ref_axis',(-0.707106781186547,-0.707106781186547,0.));
#2093=DIRECTION('center_axis',(0.,0.,-1.));
#2094=DIRECTION('ref_axis',(-0.707106781186547,-0.707106781186547,0.));
#2095=DIRECTION('center_axis',(0.,0.,1.));
#2096=DIRECTION('ref_axis',(-0.707106781186547,-0.707106781186547,0.));
#2097=DIRECTION('center_axis',(0.,0.,-1.));
#2098=DIRECTION('ref_axis',(0.,-1.,0.));
#2099=DIRECTION('',(0.,1.,0.));
#2100=DIRECTION('center_axis',(0.,0.,-1.));
#2101=DIRECTION('ref_axis',(-0.707106781186548,-0.707106781186548,0.));
#2102=DIRECTION('center_axis',(0.,0.,-1.));
#2103=DIRECTION('ref_axis',(-1.,0.,0.));
#2104=DIRECTION('center_axis',(0.,1.,0.));
#2105=DIRECTION('ref_axis',(-1.,0.,0.));
#2106=DIRECTION('center_axis',(0.,-0.974370064785235,-0.224951054343865));
#2107=DIRECTION('ref_axis',(-0.707106781186559,-0.159064415961581,0.68898368019481));
#2108=DIRECTION('center_axis',(-1.50897791163933E-15,0.977189380058473,
0.212369761267788));
#2109=DIRECTION('ref_axis',(-1.17028420132425E-13,-0.212369761267788,0.977189380058473));
#2110=DIRECTION('center_axis',(8.04357212073153E-16,-0.993571855676615,
-0.113203213767669));
#2111=DIRECTION('ref_axis',(7.05975264506701E-15,0.113203213767669,-0.993571855676614));
#2112=DIRECTION('center_axis',(-0.334244926222417,-0.918330387363182,-0.212013275386138));
#2113=DIRECTION('ref_axis',(-0.0725128108344975,-0.199227310389009,0.977266786021116));
#2114=DIRECTION('center_axis',(-0.334244926222352,-0.918330387363197,-0.212013275386178));
#2115=DIRECTION('ref_axis',(-0.71573732465265,0.100969780474397,0.691031971423913));
#2116=DIRECTION('center_axis',(-0.169592202217634,-0.963113964779176,-0.208925766228845));
#2117=DIRECTION('ref_axis',(0.98284300740855,-0.180886620960433,0.0360507024291237));
#2118=DIRECTION('center_axis',(0.,0.979846249837542,0.199753164378705));
#2119=DIRECTION('ref_axis',(-0.732295299327574,-0.136029352210747,0.667262774265029));
#2120=DIRECTION('center_axis',(0.,-1.,0.));
#2121=DIRECTION('ref_axis',(-0.707106781186547,0.,0.707106781186547));
#2122=DIRECTION('center_axis',(-0.0725128108345252,-0.199227310389043,0.977266786021107));
#2123=DIRECTION('ref_axis',(0.334244926222355,0.918330387363195,0.212013275386179));
#2124=DIRECTION('',(0.,-0.979846249837541,-0.199753164378706));
#2125=DIRECTION('',(-0.334244926222352,-0.918330387363197,-0.212013275386179));
#2126=DIRECTION('center_axis',(-0.0725128108345252,-0.199227310389043,0.977266786021107));
#2127=DIRECTION('ref_axis',(0.334244926222351,0.918330387363197,0.212013275386179));
#2128=DIRECTION('center_axis',(-0.0725128108345252,-0.199227310389043,0.977266786021107));
#2129=DIRECTION('ref_axis',(-0.997367481054439,0.0144846634221909,-0.0710514057613886));
#2130=DIRECTION('',(0.334244926222355,0.918330387363195,0.212013275386179));
#2131=DIRECTION('center_axis',(1.,0.,0.));
#2132=DIRECTION('ref_axis',(0.,-0.707106781186547,-0.707106781186547));
#2133=DIRECTION('center_axis',(1.,0.,0.));
#2134=DIRECTION('ref_axis',(0.,-0.707106781186547,-0.707106781186547));
#2135=DIRECTION('center_axis',(-1.,0.,0.));
#2136=DIRECTION('ref_axis',(0.,0.,-1.));
#2137=DIRECTION('',(1.,0.,0.));
#2138=DIRECTION('center_axis',(0.,0.,1.));
#2139=DIRECTION('ref_axis',(1.,0.,0.));
#2140=DIRECTION('center_axis',(0.,1.,0.));
#2141=DIRECTION('ref_axis',(0.,0.,-1.));
#2142=DIRECTION('center_axis',(0.,0.,1.));
#2143=DIRECTION('ref_axis',(-0.707106781186548,-0.707106781186548,0.));
#2144=DIRECTION('center_axis',(-0.334244926222319,-0.918330387363217,-0.212013275386141));
#2145=DIRECTION('ref_axis',(-0.939692620785923,0.342020143325629,0.));
#2146=DIRECTION('center_axis',(0.334244926222352,0.918330387363197,0.212013275386179));
#2147=DIRECTION('ref_axis',(-0.613188724124689,0.382719744821643,-0.691031971423893));
#2148=DIRECTION('center_axis',(-0.169592202217702,-0.963113964779137,-0.208925766228968));
#2149=DIRECTION('ref_axis',(-0.982843007408485,0.180886620960651,-0.0360507024298033));
#2150=DIRECTION('center_axis',(0.,-0.979846249837542,-0.199753164378706));
#2151=DIRECTION('ref_axis',(-0.680987220572279,0.146278303300306,-0.717536802819776));
#2152=DIRECTION('center_axis',(0.,0.224951054343865,-0.974370064785235));
#2153=DIRECTION('ref_axis',(1.43129637470441E-18,-0.974370064785235,-0.224951054343865));
#2154=DIRECTION('center_axis',(-1.50897791162765E-15,-0.97718938005883,
-0.212369761266143));
#2155=DIRECTION('ref_axis',(1.17028420119227E-13,0.212369761266143,-0.97718938005883));
#2156=DIRECTION('center_axis',(0.,0.974370064785235,0.224951054343865));
#2157=DIRECTION('ref_axis',(-0.707106781186562,0.159064415961581,-0.688983680194808));
#2158=DIRECTION('',(0.,-0.974370064785235,-0.224951054343865));
#2159=DIRECTION('center_axis',(8.04357212074738E-16,-0.993571855676589,
-0.113203213767892));
#2160=DIRECTION('ref_axis',(-7.05975264506683E-15,-0.113203213767892,0.993571855676589));
#2161=DIRECTION('center_axis',(0.,1.,0.));
#2162=DIRECTION('ref_axis',(-0.707106781186547,0.,-0.707106781186547));
#2163=DIRECTION('',(0.,-1.,0.));
#2164=DIRECTION('center_axis',(-0.0725128108345252,0.199227310389043,-0.977266786021107));
#2165=DIRECTION('ref_axis',(-0.334244926222355,0.918330387363195,0.212013275386179));
#2166=DIRECTION('center_axis',(0.0725128108345252,-0.199227310389043,0.977266786021107));
#2167=DIRECTION('ref_axis',(-0.334244926222352,0.918330387363197,0.212013275386179));
#2168=DIRECTION('',(-0.334244926222352,0.918330387363197,0.212013275386179));
#2169=DIRECTION('',(0.,0.979846249837541,0.199753164378706));
#2170=DIRECTION('',(0.334244926222355,-0.918330387363195,-0.212013275386179));
#2171=DIRECTION('center_axis',(0.0725128108345252,-0.199227310389043,0.977266786021107));
#2172=DIRECTION('ref_axis',(0.997367481054439,0.0144846634221909,-0.0710514057613886));
#2173=DIRECTION('center_axis',(-0.063198948323012,0.173637683450755,-0.982779653745803));
#2174=DIRECTION('ref_axis',(-0.336130438031688,0.923510788483462,0.184781363192502));
#2175=DIRECTION('center_axis',(0.334244926222315,-0.918330387363217,-0.212013275386147));
#2176=DIRECTION('ref_axis',(-0.0725128108345258,0.199227310389009,-0.977266786021114));
#2177=DIRECTION('center_axis',(0.,1.,0.));
#2178=DIRECTION('ref_axis',(0.707106781186547,0.,-0.707106781186547));
#2179=DIRECTION('',(0.,-1.,0.));
#2180=DIRECTION('center_axis',(0.,-1.,0.));
#2181=DIRECTION('ref_axis',(0.,0.,-1.));
#2182=DIRECTION('',(0.,1.,0.));
#2183=DIRECTION('center_axis',(0.,0.993571855676589,0.113203213767892));
#2184=DIRECTION('ref_axis',(0.,0.113203213767892,-0.993571855676589));
#2185=DIRECTION('center_axis',(0.,0.,1.));
#2186=DIRECTION('ref_axis',(1.,0.,0.));
#2187=DIRECTION('center_axis',(-1.,0.,0.));
#2188=DIRECTION('ref_axis',(0.,0.,-1.));
#2189=DIRECTION('center_axis',(0.,0.,1.));
#2190=DIRECTION('ref_axis',(0.707106781186548,-0.707106781186547,0.));
#2191=DIRECTION('center_axis',(1.,0.,0.));
#2192=DIRECTION('ref_axis',(0.,-0.707106781186547,-0.707106781186547));
#2193=DIRECTION('',(1.,0.,0.));
#2194=DIRECTION('center_axis',(0.,0.974370064785235,0.224951054343865));
#2195=DIRECTION('ref_axis',(0.707106781186562,0.159064415961581,-0.688983680194808));
#2196=DIRECTION('',(0.,-0.974370064785235,-0.224951054343865));
#2197=DIRECTION('',(0.,0.974370064785235,0.224951054343865));
#2198=DIRECTION('center_axis',(3.01795582326007E-15,0.977189380058757,0.212369761266479));
#2199=DIRECTION('ref_axis',(-2.34056840287732E-13,0.212369761266479,-0.977189380058757));
#2200=DIRECTION('center_axis',(0.,-0.979846249837542,-0.199753164378706));
#2201=DIRECTION('ref_axis',(0.680987220572278,0.14627830330031,-0.717536802819776));
#2202=DIRECTION('',(0.,-0.979846249837541,-0.199753164378706));
#2203=DIRECTION('center_axis',(0.,0.224951054343865,-0.974370064785235));
#2204=DIRECTION('ref_axis',(0.,-0.974370064785235,-0.224951054343865));
#2205=DIRECTION('center_axis',(-0.169592202217709,0.963113964779161,0.208925766228853));
#2206=DIRECTION('ref_axis',(0.982843007408506,0.180886620960593,-0.0360507024295264));
#2207=DIRECTION('center_axis',(-0.939692620785909,-0.342020143325666,4.73695157173401E-16));
#2208=DIRECTION('ref_axis',(0.334244926222352,-0.918330387363197,-0.212013275386179));
#2209=DIRECTION('center_axis',(-0.334244926222352,0.918330387363197,0.212013275386179));
#2210=DIRECTION('ref_axis',(0.613188724124663,0.382719744821653,-0.691031971423911));
#2211=DIRECTION('',(0.334244926222352,-0.918330387363197,-0.212013275386179));
#2212=DIRECTION('center_axis',(1.,0.,0.));
#2213=DIRECTION('ref_axis',(0.,0.,-1.));
#2214=DIRECTION('center_axis',(-1.,0.,0.));
#2215=DIRECTION('ref_axis',(0.,0.974370064785235,0.224951054343864));
#2216=DIRECTION('',(0.,0.979846249837542,0.199753164378705));
#2217=DIRECTION('',(0.,0.974370064785235,0.224951054343865));
#2218=DIRECTION('',(0.,1.,0.));
#2219=DIRECTION('',(0.,-1.38499198487955E-15,-1.));
#2220=DIRECTION('center_axis',(0.939692620785909,0.342020143325666,-4.73695157173401E-16));
#2221=DIRECTION('ref_axis',(-5.04095857193416E-16,0.,-1.));
#2222=DIRECTION('',(-0.334244926222352,0.918330387363197,0.212013275386178));
#2223=DIRECTION('',(-1.90823144340188E-16,-8.60709704695543E-16,-1.));
#2224=DIRECTION('center_axis',(1.90823144340189E-16,8.60709704695543E-16,
1.));
#2225=DIRECTION('ref_axis',(0.422618261740697,0.906307787036651,-1.33981223141015E-15));
#2226=DIRECTION('center_axis',(0.063198948323012,-0.173637683450755,0.982779653745803));
#2227=DIRECTION('ref_axis',(-0.336130438031688,0.923510788483462,0.184781363192502));
#2228=DIRECTION('center_axis',(0.,0.979846249837542,0.199753164378705));
#2229=DIRECTION('ref_axis',(0.732295299327583,-0.136029352210745,0.66726277426502));
#2230=DIRECTION('center_axis',(-2.26346686745654E-15,-0.977189380058523,
-0.212369761267557));
#2231=DIRECTION('ref_axis',(-1.75542630199709E-13,-0.212369761267557,0.977189380058523));
#2232=DIRECTION('center_axis',(-0.169592202217851,0.963113964779135,0.208925766228858));
#2233=DIRECTION('ref_axis',(-0.982843007408482,-0.180886620960731,0.0360507024294935));
#2234=DIRECTION('center_axis',(0.,-0.974370064785235,-0.224951054343865));
#2235=DIRECTION('ref_axis',(0.707106781186559,-0.159064415961581,0.68898368019481));
#2236=DIRECTION('center_axis',(-8.04357212073153E-16,-0.993571855676615,
-0.113203213767669));
#2237=DIRECTION('ref_axis',(-7.05975264506701E-15,0.113203213767669,-0.993571855676614));
#2238=DIRECTION('center_axis',(0.,0.,-1.));
#2239=DIRECTION('ref_axis',(-1.,0.,0.));
#2240=DIRECTION('center_axis',(0.,1.,0.));
#2241=DIRECTION('ref_axis',(0.,0.,1.));
#2242=DIRECTION('center_axis',(0.,-1.,0.));
#2243=DIRECTION('ref_axis',(0.707106781186547,0.,0.707106781186547));
#2244=DIRECTION('center_axis',(0.334244926222352,-0.918330387363197,-0.212013275386178));
#2245=DIRECTION('ref_axis',(0.715737324652657,0.100969780474393,0.691031971423906));
#2246=DIRECTION('center_axis',(-0.334244926222316,0.918330387363217,0.212013275386147));
#2247=DIRECTION('ref_axis',(0.0725128108345257,-0.199227310389009,0.977266786021114));
#2248=DIRECTION('center_axis',(0.,-0.224951054343865,0.974370064785235));
#2249=DIRECTION('ref_axis',(0.,0.974370064785235,0.224951054343865));
#2250=DIRECTION('',(-1.,0.,0.));
#2251=DIRECTION('',(1.,0.,0.));
#2252=DIRECTION('center_axis',(-1.,0.,0.));
#2253=DIRECTION('ref_axis',(0.,0.782608156852405,-0.62251463663763));
#2254=DIRECTION('center_axis',(0.,0.,1.));
#2255=DIRECTION('ref_axis',(0.,1.,0.));
#2256=DIRECTION('',(0.,-1.,0.));
#2257=DIRECTION('center_axis',(0.,0.,-1.));
#2258=DIRECTION('ref_axis',(0.,-1.,0.));
#2259=DIRECTION('center_axis',(-1.,0.,0.));
#2260=DIRECTION('ref_axis',(0.,0.,1.));
#2261=CARTESIAN_POINT('',(0.,0.,0.));
#2262=CARTESIAN_POINT('Origin',(-1454.5,5600.,300.));
#2263=CARTESIAN_POINT('',(-1554.5,5600.,300.));
#2264=CARTESIAN_POINT('Origin',(-1454.5,5600.,300.));
#2265=CARTESIAN_POINT('',(-1554.5,5600.,250.));
#2266=CARTESIAN_POINT('',(-1554.5,5600.,300.));
#2267=CARTESIAN_POINT('Origin',(-1454.5,5600.,250.));
#2268=CARTESIAN_POINT('Origin',(-1454.5,5600.,250.));
#2269=CARTESIAN_POINT('Origin',(-954.5,4900.,300.));
#2270=CARTESIAN_POINT('',(-1954.5,4900.,300.));
#2271=CARTESIAN_POINT('',(-954.5,4900.,300.));
#2272=CARTESIAN_POINT('',(-1960.25,4900.,300.));
#2273=CARTESIAN_POINT('',(-1954.5,4900.,320.));
#2274=CARTESIAN_POINT('',(-1954.5,4900.,300.));
#2275=CARTESIAN_POINT('',(-954.5,4900.,320.));
#2276=CARTESIAN_POINT('',(-2210.25,4900.,320.));
#2277=CARTESIAN_POINT('',(-954.5,4900.,300.));
#2278=CARTESIAN_POINT('Origin',(-2966.,6985.,320.));
#2279=CARTESIAN_POINT('',(-1954.5,2810.,320.));
#2280=CARTESIAN_POINT('',(-1954.5,4897.5,320.));
#2281=CARTESIAN_POINT('',(-954.5,2810.,320.));
#2282=CARTESIAN_POINT('',(-1448.25,2810.,320.));
#2283=CARTESIAN_POINT('',(-954.5,4299.88076336026,320.));
#2284=CARTESIAN_POINT('Origin',(-2350.,3855.,0.));
#2285=CARTESIAN_POINT('',(-1954.5,3537.5,3.88825358729285E-14));
#2286=CARTESIAN_POINT('Origin',(-1954.5,3855.,0.));
#2287=CARTESIAN_POINT('',(-2350.,3537.5,3.88825358729285E-14));
#2288=CARTESIAN_POINT('',(-2350.,3537.5,3.88825358729285E-14));
#2289=CARTESIAN_POINT('Origin',(-2350.,3855.,0.));
#2290=CARTESIAN_POINT('Origin',(-2350.,3855.,0.));
#2291=CARTESIAN_POINT('Origin',(-1442.,2810.,1075.95243164347));
#2292=CARTESIAN_POINT('',(-1954.5,2810.,-452.));
#2293=CARTESIAN_POINT('',(-1954.5,2810.,-239.));
#2294=CARTESIAN_POINT('',(-954.5,2810.,-452.));
#2295=CARTESIAN_POINT('',(-698.75,2810.,-452.));
#2296=CARTESIAN_POINT('',(-954.5,2810.,300.));
#2297=CARTESIAN_POINT('Origin',(-559.,3855.,0.));
#2298=CARTESIAN_POINT('',(-954.5,3537.5,3.88825358729285E-14));
#2299=CARTESIAN_POINT('Origin',(-954.5,3855.,0.));
#2300=CARTESIAN_POINT('',(-559.,3537.5,3.88825358729285E-14));
#2301=CARTESIAN_POINT('',(-559.,3537.5,3.88825358729285E-14));
#2302=CARTESIAN_POINT('Origin',(-559.,3855.,0.));
#2303=CARTESIAN_POINT('Origin',(-559.,3855.,0.));
#2304=CARTESIAN_POINT('Origin',(56.9999999999999,4900.,400.));
#2305=CARTESIAN_POINT('',(-954.5,4900.,-442.));
#2306=CARTESIAN_POINT('',(-954.5,4900.,187.));
#2307=CARTESIAN_POINT('',(56.9999999999999,4900.,-442.));
#2308=CARTESIAN_POINT('',(56.9999999999999,4900.,-442.));
#2309=CARTESIAN_POINT('',(56.9999999999999,4900.,-362.));
#2310=CARTESIAN_POINT('',(56.9999999999999,4900.,65.9030113597634));
#2311=CARTESIAN_POINT('',(56.9999999999999,4900.,210.));
#2312=CARTESIAN_POINT('',(56.9999999999999,4900.,0.));
#2313=CARTESIAN_POINT('',(56.9999999999999,4900.,290.));
#2314=CARTESIAN_POINT('',(56.9999999999999,4900.,325.));
#2315=CARTESIAN_POINT('',(56.9999999999999,4900.,300.));
#2316=CARTESIAN_POINT('',(56.9999999999999,4900.,0.));
#2317=CARTESIAN_POINT('',(-2210.25,4900.,300.));
#2318=CARTESIAN_POINT('Origin',(56.9999999999999,4900.,400.));
#2319=CARTESIAN_POINT('',(-1954.5,4900.,-442.));
#2320=CARTESIAN_POINT('',(-1954.5,4900.,187.));
#2321=CARTESIAN_POINT('',(-2966.,4900.,300.));
#2322=CARTESIAN_POINT('',(-2210.25,4900.,300.));
#2323=CARTESIAN_POINT('',(-2966.,4900.,290.));
#2324=CARTESIAN_POINT('',(-2966.,4900.,325.));
#2325=CARTESIAN_POINT('',(-2966.,4900.,210.));
#2326=CARTESIAN_POINT('',(-2966.,4900.,325.));
#2327=CARTESIAN_POINT('',(-2966.,4900.,-362.));
#2328=CARTESIAN_POINT('',(-2966.,4900.,65.9030113597634));
#2329=CARTESIAN_POINT('',(-2966.,4900.,-442.));
#2330=CARTESIAN_POINT('',(-2966.,4900.,65.9030113597634));
#2331=CARTESIAN_POINT('',(56.9999999999999,4900.,-442.));
#2332=CARTESIAN_POINT('Origin',(-954.5,3855.,-26.));
#2333=CARTESIAN_POINT('',(-954.5,4910.,-452.));
#2334=CARTESIAN_POINT('',(-954.5,4900.,-452.));
#2335=CARTESIAN_POINT('Origin',(-954.5,4910.,-442.));
#2336=CARTESIAN_POINT('Origin',(-2966.,4410.,839.));
#2337=CARTESIAN_POINT('',(-2966.,4910.,300.));
#2338=CARTESIAN_POINT('',(-2966.,4577.38076336026,300.));
#2339=CARTESIAN_POINT('Origin',(-2966.,4910.,290.));
#2340=CARTESIAN_POINT('Origin',(-2580.08484407487,7387.31910681,1500.));
#2341=CARTESIAN_POINT('',(-2726.51702363028,6985.,300.));
#2342=CARTESIAN_POINT('',(-2729.93722506354,6975.60307379214,300.));
#2343=CARTESIAN_POINT('',(-2938.90145441297,6401.47857218084,300.));
#2344=CARTESIAN_POINT('',(-2726.51702363028,6985.,290.));
#2345=CARTESIAN_POINT('',(-2726.51702363028,6985.,656.490817329857));
#2346=CARTESIAN_POINT('Origin',(-2729.93722506354,6975.60307379214,290.));
#2347=CARTESIAN_POINT('Origin',(56.9999999999999,4975.,325.));
#2348=CARTESIAN_POINT('',(132.,4975.,290.));
#2349=CARTESIAN_POINT('Origin',(56.9999999999999,4975.,290.));
#2350=CARTESIAN_POINT('',(132.,4975.,210.));
#2351=CARTESIAN_POINT('Origin',(56.9999999999999,4975.,210.));
#2352=CARTESIAN_POINT('',(132.,4975.,325.));
#2353=CARTESIAN_POINT('Origin',(132.175409662873,6120.48318953342,1500.));
#2354=CARTESIAN_POINT('',(-179.062774936464,6975.60307379214,300.));
#2355=CARTESIAN_POINT('',(-182.482976369721,6985.,300.));
#2356=CARTESIAN_POINT('',(260.446737206969,5768.06061354254,300.));
#2357=CARTESIAN_POINT('',(-182.482976369721,6985.,290.));
#2358=CARTESIAN_POINT('Origin',(-179.062774936464,6975.60307379214,290.));
#2359=CARTESIAN_POINT('',(-182.482976369721,6985.,656.490817329857));
#2360=CARTESIAN_POINT('Origin',(-2966.,4900.,200.));
#2361=CARTESIAN_POINT('',(-2729.93722506354,6975.60307379214,200.));
#2362=CARTESIAN_POINT('',(-2813.24855473079,6936.75436275722,200.));
#2363=CARTESIAN_POINT('Origin',(-2752.1685343797,6914.52305344105,200.));
#2364=CARTESIAN_POINT('',(-2966.,6327.02593008041,200.));
#2365=CARTESIAN_POINT('',(-3002.36106867671,6227.12471494391,200.));
#2366=CARTESIAN_POINT('',(-2966.,4910.,200.));
#2367=CARTESIAN_POINT('',(-2966.,4655.,200.));
#2368=CARTESIAN_POINT('',(-3031.,4975.,200.));
#2369=CARTESIAN_POINT('Origin',(-2966.,4975.,200.));
#2370=CARTESIAN_POINT('',(-3031.,6338.48718382645,200.));
#2371=CARTESIAN_POINT('',(-3031.,5421.25,200.));
#2372=CARTESIAN_POINT('',(-3215.27792289793,5832.1877517604,200.));
#2373=CARTESIAN_POINT('Origin',(-156.831465620295,6914.52305344105,224.999999999999));
#2374=CARTESIAN_POINT('',(-86.3545190613521,6940.17456419048,290.));
#2375=CARTESIAN_POINT('Origin',(-156.831465620295,6914.52305344105,290.));
#2376=CARTESIAN_POINT('',(-86.3545190613521,6940.17456419048,210.));
#2377=CARTESIAN_POINT('',(-86.3545190613521,6940.17456419048,224.999999999999));
#2378=CARTESIAN_POINT('',(-182.482976369721,6985.,209.999999999998));
#2379=CARTESIAN_POINT('Origin',(-156.831465620295,6914.52305344105,209.999999999998));
#2380=CARTESIAN_POINT('',(-182.482976369721,6985.,656.490817329857));
#2381=CARTESIAN_POINT('Origin',(132.,5942.5,250.));
#2382=CARTESIAN_POINT('',(132.,6340.25045363354,290.));
#2383=CARTESIAN_POINT('',(132.,6463.75,290.));
#2384=CARTESIAN_POINT('',(132.,6340.25045363354,210.));
#2385=CARTESIAN_POINT('',(132.,5421.25,210.));
#2386=CARTESIAN_POINT('',(132.,6340.25045363354,275.));
#2387=CARTESIAN_POINT('Origin',(45.2354583740818,6578.63407256008,250.));
#2388=CARTESIAN_POINT('',(-19.3781924433225,6756.15861916942,290.));
#2389=CARTESIAN_POINT('',(315.674849105784,5835.60795319366,210.));
#2390=CARTESIAN_POINT('Origin',(56.9999999999999,4410.,839.));
#2391=CARTESIAN_POINT('',(56.9999999999999,4910.,300.));
#2392=CARTESIAN_POINT('',(56.9999999999999,4577.38076336026,300.));
#2393=CARTESIAN_POINT('Origin',(56.9999999999999,4910.,290.));
#2394=CARTESIAN_POINT('Origin',(-2752.1685343797,6914.52305344105,290.));
#2395=CARTESIAN_POINT('',(-2822.64548093865,6940.17456419048,290.));
#2396=CARTESIAN_POINT('Origin',(-2752.1685343797,6914.52305344105,290.));
#2397=CARTESIAN_POINT('',(-2813.24855473079,6936.75436275722,300.));
#2398=CARTESIAN_POINT('Origin',(-2813.24855473079,6936.75436275722,290.));
#2399=CARTESIAN_POINT('Origin',(-2752.1685343797,6914.52305344105,300.));
#2400=CARTESIAN_POINT('Origin',(-2880.22488134882,6752.73841773617,290.));
#2401=CARTESIAN_POINT('',(-3031.,6338.48718382645,300.));
#2402=CARTESIAN_POINT('',(-2880.22488134882,6752.73841773617,300.));
#2403=CARTESIAN_POINT('',(-3041.,6340.25045363354,290.));
#2404=CARTESIAN_POINT('',(-2889.62180755668,6756.15861916943,290.));
#2405=CARTESIAN_POINT('Origin',(-3031.,6338.48718382645,290.));
#2406=CARTESIAN_POINT('Origin',(-3031.,6463.75,290.));
#2407=CARTESIAN_POINT('',(-3041.,4975.,290.));
#2408=CARTESIAN_POINT('',(-3041.,6463.75,290.));
#2409=CARTESIAN_POINT('',(-3031.,4975.,300.));
#2410=CARTESIAN_POINT('Origin',(-3031.,4975.,290.));
#2411=CARTESIAN_POINT('',(-3031.,6463.75,300.));
#2412=CARTESIAN_POINT('Origin',(-2966.,4975.,290.));
#2413=CARTESIAN_POINT('Origin',(-2966.,4975.,300.));
#2414=CARTESIAN_POINT('Origin',(-2966.,4975.,290.));
#2415=CARTESIAN_POINT('Origin',(-2966.,4975.,325.));
#2416=CARTESIAN_POINT('',(-3041.,4975.,210.));
#2417=CARTESIAN_POINT('Origin',(-2966.,4975.,210.));
#2418=CARTESIAN_POINT('',(-3041.,4975.,325.));
#2419=CARTESIAN_POINT('Origin',(-3041.,5942.5,250.));
#2420=CARTESIAN_POINT('',(-3041.,6340.25045363354,210.));
#2421=CARTESIAN_POINT('',(-3041.,5421.25,210.));
#2422=CARTESIAN_POINT('',(-3041.,6340.25045363354,275.));
#2423=CARTESIAN_POINT('Origin',(-2954.23545837408,6578.63407256008,250.));
#2424=CARTESIAN_POINT('',(-2822.64548093865,6940.17456419048,210.));
#2425=CARTESIAN_POINT('',(-3224.67484910578,5835.60795319366,210.));
#2426=CARTESIAN_POINT('',(-2822.64548093865,6940.17456419048,224.999999999999));
#2427=CARTESIAN_POINT('Origin',(-2752.1685343797,6914.52305344105,224.999999999999));
#2428=CARTESIAN_POINT('',(-2726.51702363028,6985.,209.999999999998));
#2429=CARTESIAN_POINT('Origin',(-2752.1685343797,6914.52305344105,209.999999999998));
#2430=CARTESIAN_POINT('',(-2726.51702363028,6985.,656.490817329857));
#2431=CARTESIAN_POINT('Origin',(-2752.1685343797,6914.52305344105,209.999999999998));
#2432=CARTESIAN_POINT('Origin',(-2729.93722506354,6975.60307379214,209.999999999998));
#2433=CARTESIAN_POINT('Origin',(-2813.24855473079,6936.75436275722,210.));
#2434=CARTESIAN_POINT('Origin',(-3031.,5421.25,210.));
#2435=CARTESIAN_POINT('Origin',(-3031.,4975.,210.));
#2436=CARTESIAN_POINT('Origin',(-3031.,6338.48718382645,210.));
#2437=CARTESIAN_POINT('Origin',(-2966.,4975.,210.));
#2438=CARTESIAN_POINT('Origin',(-2966.,4910.,210.));
#2439=CARTESIAN_POINT('Origin',(-3215.27792289793,5832.1877517604,210.));
#2440=CARTESIAN_POINT('Origin',(56.9999999999999,4900.,200.));
#2441=CARTESIAN_POINT('',(-95.7514452692111,6936.75436275722,200.));
#2442=CARTESIAN_POINT('',(-179.062774936464,6975.60307379214,200.));
#2443=CARTESIAN_POINT('Origin',(-156.831465620295,6914.52305344105,200.));
#2444=CARTESIAN_POINT('',(122.,6338.48718382645,200.));
#2445=CARTESIAN_POINT('',(306.277922897925,5832.1877517604,200.));
#2446=CARTESIAN_POINT('',(122.,4975.,200.));
#2447=CARTESIAN_POINT('',(122.,5421.25,200.));
#2448=CARTESIAN_POINT('',(56.9999999999999,4910.,200.));
#2449=CARTESIAN_POINT('Origin',(56.9999999999999,4975.,200.));
#2450=CARTESIAN_POINT('',(56.9999999999999,6327.02593008041,200.));
#2451=CARTESIAN_POINT('',(56.9999999999999,4655.,200.));
#2452=CARTESIAN_POINT('',(132.087704831436,6120.72415657736,200.));
#2453=CARTESIAN_POINT('Origin',(122.,5421.25,210.));
#2454=CARTESIAN_POINT('Origin',(122.,4975.,210.));
#2455=CARTESIAN_POINT('Origin',(122.,6338.48718382645,210.));
#2456=CARTESIAN_POINT('Origin',(56.9999999999999,4975.,210.));
#2457=CARTESIAN_POINT('Origin',(56.9999999999999,4910.,210.));
#2458=CARTESIAN_POINT('Origin',(-156.831465620295,6914.52305344105,209.999999999998));
#2459=CARTESIAN_POINT('Origin',(-179.062774936464,6975.60307379214,209.999999999998));
#2460=CARTESIAN_POINT('Origin',(-95.7514452692111,6936.75436275722,210.));
#2461=CARTESIAN_POINT('Origin',(306.277922897925,5832.1877517604,210.));
#2462=CARTESIAN_POINT('Origin',(56.9999999999999,4975.,290.));
#2463=CARTESIAN_POINT('',(122.,4975.,300.));
#2464=CARTESIAN_POINT('Origin',(122.,4975.,290.));
#2465=CARTESIAN_POINT('Origin',(56.9999999999999,4975.,300.));
#2466=CARTESIAN_POINT('Origin',(-28.7751186511815,6752.73841773617,290.));
#2467=CARTESIAN_POINT('',(-95.7514452692112,6936.75436275722,300.));
#2468=CARTESIAN_POINT('Origin',(-95.7514452692112,6936.75436275722,290.));
#2469=CARTESIAN_POINT('',(122.,6338.48718382645,300.));
#2470=CARTESIAN_POINT('',(-28.7751186511815,6752.73841773617,300.));
#2471=CARTESIAN_POINT('Origin',(122.,6338.48718382645,290.));
#2472=CARTESIAN_POINT('Origin',(-156.831465620295,6914.52305344105,290.));
#2473=CARTESIAN_POINT('Origin',(-156.831465620295,6914.52305344105,300.));
#2474=CARTESIAN_POINT('Origin',(122.,6463.75,290.));
#2475=CARTESIAN_POINT('',(122.,6463.75,300.));
#2476=CARTESIAN_POINT('Origin',(-2966.,4410.,839.));
#2477=CARTESIAN_POINT('',(-2966.,6327.02593008041,-236.293237890807));
#2478=CARTESIAN_POINT('',(-2966.,6327.02593008041,1169.5));
#2479=CARTESIAN_POINT('',(-2966.,5825.8448815129,-352.));
#2480=CARTESIAN_POINT('',(-2966.,5863.84799183794,-343.226290662114));
#2481=CARTESIAN_POINT('',(-2966.,4910.,-352.));
#2482=CARTESIAN_POINT('',(-2966.,5117.92244075645,-352.));
#2483=CARTESIAN_POINT('Origin',(-2966.,4910.,-362.));
#2484=CARTESIAN_POINT('Origin',(-2580.08484407487,7387.31910681,1500.));
#2485=CARTESIAN_POINT('',(-2726.51702363028,6985.,-96.7900262646293));
#2486=CARTESIAN_POINT('',(-2726.51702363028,6985.,656.490817329857));
#2487=CARTESIAN_POINT('',(-2730.66235317188,6973.61080068825,-87.0173584044191));
#2488=CARTESIAN_POINT('Ctrl Pts',(-2726.51702363028,6985.,-96.7900262646296));
#2489=CARTESIAN_POINT('Ctrl Pts',(-2726.51702363028,6985.,-95.0905682302296));
#2490=CARTESIAN_POINT('Ctrl Pts',(-2726.66926712383,6984.58171443921,-93.3947308551216));
#2491=CARTESIAN_POINT('Ctrl Pts',(-2726.95243922776,6983.80370547784,-91.9106894278907));
#2492=CARTESIAN_POINT('Ctrl Pts',(-2727.09402527973,6983.41470099715,-91.1686687142752));
#2493=CARTESIAN_POINT('Ctrl Pts',(-2727.26834348429,6982.93576566632,-90.479596987629));
#2494=CARTESIAN_POINT('Ctrl Pts',(-2727.46970545689,6982.38252819346,-89.8669183553672));
#2495=CARTESIAN_POINT('Ctrl Pts',(-2727.8724294021,6981.27605324772,-88.6415610908436));
#2496=CARTESIAN_POINT('Ctrl Pts',(-2728.38332841948,6979.87236973386,-87.7217762038579));
#2497=CARTESIAN_POINT('Ctrl Pts',(-2728.93880055559,6978.34622258275,-87.225648616188));
#2498=CARTESIAN_POINT('Ctrl Pts',(-2729.49427269171,6976.82007543164,-86.7295210285181));
#2499=CARTESIAN_POINT('Ctrl Pts',(-2730.09431794655,6975.17146464329,-86.6570507401642));
#2500=CARTESIAN_POINT('Ctrl Pts',(-2730.66235317188,6973.61080068825,-87.0173584044186));
#2501=CARTESIAN_POINT('',(-2613.83112909519,7294.60195072621,-12.9107122278411));
#2502=CARTESIAN_POINT('Origin',(56.9999999999999,6985.,-187.018365340285));
#2503=CARTESIAN_POINT('',(-698.75,6985.,300.));
#2504=CARTESIAN_POINT('',(-182.482976369721,6985.,-96.7900262646293));
#2505=CARTESIAN_POINT('',(-182.482976369721,6985.,656.490817329857));
#2506=CARTESIAN_POINT('',(-182.482976369721,6985.,-178.9551963481));
#2507=CARTESIAN_POINT('',(-182.482976369721,6985.,656.490817329857));
#2508=CARTESIAN_POINT('',(-182.48124543765,6985.,-179.064006155326));
#2509=CARTESIAN_POINT('Ctrl Pts',(-182.482975086083,6984.99999555919,-178.955197215249));
#2510=CARTESIAN_POINT('Ctrl Pts',(-182.482974590438,6984.99999575803,-178.991550879026));
#2511=CARTESIAN_POINT('Ctrl Pts',(-182.482391821404,6984.999990123,-179.027820422898));
#2512=CARTESIAN_POINT('Ctrl Pts',(-182.481236396742,6984.99997879706,-179.06400293389));
#2513=CARTESIAN_POINT('',(-2726.51875456319,6985.,-179.064006168544));
#2514=CARTESIAN_POINT('',(56.9999999999999,6985.,-179.064006173607));
#2515=CARTESIAN_POINT('',(-2726.51702363028,6985.,-178.9551963481));
#2516=CARTESIAN_POINT('Ctrl Pts',(-2726.5187649638,6984.99999147684,-179.064000788606));
#2517=CARTESIAN_POINT('Ctrl Pts',(-2726.51760859509,6985.00000263976,-179.027798838211));
#2518=CARTESIAN_POINT('Ctrl Pts',(-2726.5170267337,6985.00000835171,-178.991529269518));
#2519=CARTESIAN_POINT('Ctrl Pts',(-2726.51702622547,6985.00000815737,-178.955195073742));
#2520=CARTESIAN_POINT('',(-2726.51702363028,6985.,656.490817329857));
#2521=CARTESIAN_POINT('Origin',(132.175409662873,6120.48318953342,1500.));
#2522=CARTESIAN_POINT('',(56.9999999999999,6327.02593008041,-236.293237890807));
#2523=CARTESIAN_POINT('',(56.9999999999999,6327.02593008041,1169.5));
#2524=CARTESIAN_POINT('',(-178.337646828118,6973.61080068825,-87.017358404419));
#2525=CARTESIAN_POINT('',(-74.986513026264,6689.65589429262,-152.573514005206));
#2526=CARTESIAN_POINT('Ctrl Pts',(-178.337646828118,6973.61080068825,-87.0173584044186));
#2527=CARTESIAN_POINT('Ctrl Pts',(-178.905682053444,6975.17146464329,-86.6570507401642));
#2528=CARTESIAN_POINT('Ctrl Pts',(-179.505727994089,6976.82007731584,-86.7295188358524));
#2529=CARTESIAN_POINT('Ctrl Pts',(-180.061200433679,6978.34622530075,-87.2256455713382));
#2530=CARTESIAN_POINT('Ctrl Pts',(-180.616672873269,6979.87237328565,-87.7217723068239));
#2531=CARTESIAN_POINT('Ctrl Pts',(-181.127571811803,6981.27605658289,-88.6415576821072));
#2532=CARTESIAN_POINT('Ctrl Pts',(-181.5302957652,6982.38253155112,-89.8669151807056));
#2533=CARTESIAN_POINT('Ctrl Pts',(-181.731657741898,6982.93576903524,-90.4795939300049));
#2534=CARTESIAN_POINT('Ctrl Pts',(-181.905975972312,6983.4147044371,-91.1686657101329));
#2535=CARTESIAN_POINT('Ctrl Pts',(-182.047561896652,6983.80370856714,-91.9106867813116));
#2536=CARTESIAN_POINT('Ctrl Pts',(-182.330733745333,6984.58171682722,-93.3947289236691));
#2537=CARTESIAN_POINT('Ctrl Pts',(-182.482976369721,6985.,-95.0905682302297));
#2538=CARTESIAN_POINT('Ctrl Pts',(-182.482976369721,6985.,-96.7900262646297));
#2539=CARTESIAN_POINT('Origin',(56.9999999999999,4410.,839.));
#2540=CARTESIAN_POINT('',(56.9999999999999,4910.,-352.));
#2541=CARTESIAN_POINT('Origin',(56.9999999999999,4910.,-362.));
#2542=CARTESIAN_POINT('',(56.9999999999999,5825.8448815129,-352.));
#2543=CARTESIAN_POINT('',(56.9999999999999,5117.92244075645,-352.));
#2544=CARTESIAN_POINT('',(56.9999999999999,5863.84799183794,-343.226290662114));
#2545=CARTESIAN_POINT('Origin',(56.9999999999999,4975.,65.9030113597634));
#2546=CARTESIAN_POINT('',(132.,4975.,-362.));
#2547=CARTESIAN_POINT('Origin',(56.9999999999999,4975.,-362.));
#2548=CARTESIAN_POINT('',(132.,4975.,-442.));
#2549=CARTESIAN_POINT('Origin',(56.9999999999999,4975.,-442.));
#2550=CARTESIAN_POINT('',(132.,4975.,65.9030113597634));
#2551=CARTESIAN_POINT('Origin',(-2966.,6985.,-84.3879545609463));
#2552=CARTESIAN_POINT('',(-3031.,5825.8448815129,-352.));
#2553=CARTESIAN_POINT('',(-3031.,6148.43989781586,-277.523072120015));
#2554=CARTESIAN_POINT('',(-3031.,6469.9829874417,-203.289000649171));
#2555=CARTESIAN_POINT('',(-2966.,5825.8448815129,-352.));
#2556=CARTESIAN_POINT('',(-2834.01348697374,6689.65589429262,-152.573514005206));
#2557=CARTESIAN_POINT('Origin',(-2726.51702363028,6985.,-84.3879545609464));
#2558=CARTESIAN_POINT('',(-3031.72512810835,6147.44803950056,-277.779078305197));
#2559=CARTESIAN_POINT('Origin',(-3031.,6528.46177392343,-200.051150072851));
#2560=CARTESIAN_POINT('',(-2813.97368283914,6934.76208965333,-101.118792216786));
#2561=CARTESIAN_POINT('Origin',(-2752.89366248805,6912.53078033717,-101.118792216786));
#2562=CARTESIAN_POINT('',(-3031.72512810835,6336.49491072257,-239.239653626325));
#2563=CARTESIAN_POINT('',(-2868.03599770869,6786.2271003058,-135.410796526305));
#2564=CARTESIAN_POINT('',(-3031.72512810835,6470.99313539734,-211.820611111687));
#2565=CARTESIAN_POINT('Origin',(-182.482976369721,6985.,-84.3879545609464));
#2566=CARTESIAN_POINT('',(-95.0263171608626,6934.76208965334,-101.118792216786));
#2567=CARTESIAN_POINT('Origin',(-156.106337511947,6912.53078033717,-101.118792216786));
#2568=CARTESIAN_POINT('',(122.,6148.43989781586,-277.523072120015));
#2569=CARTESIAN_POINT('',(-74.986513026264,6689.65589429262,-152.573514005206));
#2570=CARTESIAN_POINT('',(122.725128108345,6147.44803950056,-277.779078305197));
#2571=CARTESIAN_POINT('Origin',(122.,6528.46177392343,-200.051150072852));
#2572=CARTESIAN_POINT('',(122.725128108345,6336.49491072257,-239.239653626325));
#2573=CARTESIAN_POINT('',(122.725128108345,6470.99313539734,-211.820611111687));
#2574=CARTESIAN_POINT('',(-40.9640022913142,6786.2271003058,-135.410796526305));
#2575=CARTESIAN_POINT('Origin',(56.9999999999999,6985.,-84.3879545609463));
#2576=CARTESIAN_POINT('',(122.,5825.8448815129,-352.));
#2577=CARTESIAN_POINT('',(122.,6469.9829874417,-203.289000649171));
#2578=CARTESIAN_POINT('',(56.9999999999999,5825.8448815129,-352.));
#2579=CARTESIAN_POINT('Origin',(56.9999999999999,5825.8448815129,-352.));
#2580=CARTESIAN_POINT('',(122.,4975.,-352.));
#2581=CARTESIAN_POINT('',(122.,5884.17244075645,-352.));
#2582=CARTESIAN_POINT('Origin',(56.9999999999999,4975.,-352.));
#2583=CARTESIAN_POINT('Origin',(-2752.16853437971,6914.52305344106,-211.230304890188));
#2584=CARTESIAN_POINT('',(-2822.64548093865,6940.17456419048,-193.056630160467));
#2585=CARTESIAN_POINT('Origin',(-2752.16853437971,6914.52305344106,-193.056630160467));
#2586=CARTESIAN_POINT('',(-2822.64548093865,6940.17456419048,-110.891460076997));
#2587=CARTESIAN_POINT('',(-2822.64548093865,6940.17456419048,-211.230304890188));
#2588=CARTESIAN_POINT('Origin',(-2752.16853437971,6914.52305344106,-110.891460076997));
#2589=CARTESIAN_POINT('Origin',(-2954.23545837408,6578.63407256008,-235.44224444009));
#2590=CARTESIAN_POINT('',(-3041.,6340.25045363355,-330.818028313728));
#2591=CARTESIAN_POINT('',(-3040.97367481054,6340.32278149714,-331.543326174324));
#2592=CARTESIAN_POINT('Origin',(-3031.,6367.72522782809,-325.216972957481));
#2593=CARTESIAN_POINT('',(-3041.,6340.25045363355,-249.394854293889));
#2594=CARTESIAN_POINT('',(-3041.,6340.25045363355,32.2788777799552));
#2595=CARTESIAN_POINT('',(-2876.7077958082,6791.63957484295,-145.183464386516));
#2596=CARTESIAN_POINT('',(-3031.76312093997,6365.62857027721,-325.701024493663));
#2597=CARTESIAN_POINT('Origin',(-3041.,5942.5,-268.193977280473));
#2598=CARTESIAN_POINT('',(-3041.,4975.,-442.));
#2599=CARTESIAN_POINT('',(-3041.,5836.09908626005,-442.));
#2600=CARTESIAN_POINT('',(-3041.,5421.25,-442.));
#2601=CARTESIAN_POINT('',(-3041.,4975.,-362.));
#2602=CARTESIAN_POINT('',(-3041.,4975.,65.9030113597634));
#2603=CARTESIAN_POINT('',(-3041.,5826.98423759592,-362.));
#2604=CARTESIAN_POINT('',(-3041.,5884.17244075645,-362.));
#2605=CARTESIAN_POINT('',(-3041.,6149.56632250805,-287.526057566824));
#2606=CARTESIAN_POINT('',(-3041.,6472.23249798514,-213.032701297024));
#2607=CARTESIAN_POINT('',(-3041.,6340.17348392878,-248.668549408431));
#2608=CARTESIAN_POINT('',(-3041.,6472.98540850123,-221.593278971898));
#2609=CARTESIAN_POINT('Origin',(-3041.,6311.01240963191,-255.355372906414));
#2610=CARTESIAN_POINT('',(-3041.,6147.3134731237,-370.150497452539));
#2611=CARTESIAN_POINT('',(-3041.,6044.72255169546,-391.064861512427));
#2612=CARTESIAN_POINT('',(-3041.,5905.10025078699,-426.069825960108));
#2613=CARTESIAN_POINT('Origin',(-2966.,4975.,65.9030113597634));
#2614=CARTESIAN_POINT('Origin',(-2966.,4975.,-442.));
#2615=CARTESIAN_POINT('Origin',(-2966.,4975.,-362.));
#2616=CARTESIAN_POINT('Origin',(-2966.,5825.8448815129,-352.));
#2617=CARTESIAN_POINT('',(-3031.,4975.,-352.));
#2618=CARTESIAN_POINT('',(-3031.,5884.17244075645,-352.));
#2619=CARTESIAN_POINT('Origin',(-2966.,4975.,-352.));
#2620=CARTESIAN_POINT('Origin',(-2966.,4975.,-362.));
#2621=CARTESIAN_POINT('Origin',(-3031.,4975.,-362.));
#2622=CARTESIAN_POINT('Origin',(-3031.,6472.23249798514,-213.032701297024));
#2623=CARTESIAN_POINT('Origin',(-3031.,6149.56632250805,-287.526057566824));
#2624=CARTESIAN_POINT('Origin',(-3031.,5826.98423759592,-362.));
#2625=CARTESIAN_POINT('Ctrl Pts',(-2813.97368283914,6934.76208965333,-101.118792216786));
#2626=CARTESIAN_POINT('Ctrl Pts',(-2812.31078479087,6939.33086449181,-100.064007434167));
#2627=CARTESIAN_POINT('Ctrl Pts',(-2807.95542685022,6948.09349511505,-97.9544764371484));
#2628=CARTESIAN_POINT('Ctrl Pts',(-2798.66187128076,6959.45458577045,-94.9488065286182));
#2629=CARTESIAN_POINT('Ctrl Pts',(-2787.07309406798,6968.46297222459,-92.2524584569062));
#2630=CARTESIAN_POINT('Ctrl Pts',(-2773.76982987774,6974.66522701417,-90.0009590186183));
#2631=CARTESIAN_POINT('Ctrl Pts',(-2759.42033691284,6977.75374773148,-88.3066010723424));
#2632=CARTESIAN_POINT('Ctrl Pts',(-2744.74324201721,6977.56977356545,-87.2550717026888));
#2633=CARTESIAN_POINT('Ctrl Pts',(-2735.23112801036,6975.27369873652,-87.0173584044185));
#2634=CARTESIAN_POINT('Ctrl Pts',(-2730.66235317188,6973.61080068825,-87.0173584044186));
#2635=CARTESIAN_POINT('Ctrl Pts',(-2815.37945971251,6935.27375059126,-101.118792216786));
#2636=CARTESIAN_POINT('Ctrl Pts',(-2813.69418202929,6939.94800305145,-100.04078656686));
#2637=CARTESIAN_POINT('Ctrl Pts',(-2809.2688423086,6948.91992837802,-97.8834998679228));
#2638=CARTESIAN_POINT('Ctrl Pts',(-2799.79475298376,6960.570860298,-94.8051959434389));
#2639=CARTESIAN_POINT('Ctrl Pts',(-2787.95218861491,6969.8265116081,-92.0396163458117));
#2640=CARTESIAN_POINT('Ctrl Pts',(-2774.33167079075,6976.21316341289,-89.7269126408985));
#2641=CARTESIAN_POINT('Ctrl Pts',(-2759.61790057097,6979.40577623757,-87.9843111564714));
#2642=CARTESIAN_POINT('Ctrl Pts',(-2744.55299915231,6979.23258030064,-86.90181155375));
#2643=CARTESIAN_POINT('Ctrl Pts',(-2734.78516528216,6976.87879344693,-86.6570507401641));
#2644=CARTESIAN_POINT('Ctrl Pts',(-2730.09431794655,6975.17146464329,-86.6570507401642));
#2645=CARTESIAN_POINT('Ctrl Pts',(-2818.1412374987,6936.43299881548,-101.786027125285));
#2646=CARTESIAN_POINT('Ctrl Pts',(-2816.41025382915,6941.32138969927,-100.675371872666));
#2647=CARTESIAN_POINT('Ctrl Pts',(-2811.84441584708,6950.71697253323,-98.4503655919703));
#2648=CARTESIAN_POINT('Ctrl Pts',(-2802.00628209106,6962.95705850709,-95.2680579061668));
#2649=CARTESIAN_POINT('Ctrl Pts',(-2789.65407618924,6972.71508949436,-92.4020795256499));
#2650=CARTESIAN_POINT('Ctrl Pts',(-2775.39628396642,6979.47773329974,-89.9997720052121));
#2651=CARTESIAN_POINT('Ctrl Pts',(-2759.95176734218,6982.88357355515,-88.1859035721494));
#2652=CARTESIAN_POINT('Ctrl Pts',(-2744.10906928715,6982.73488109445,-87.0573866452576));
#2653=CARTESIAN_POINT('Ctrl Pts',(-2733.82977082693,6980.2650771039,-86.8019913168721));
#2654=CARTESIAN_POINT('Ctrl Pts',(-2728.89422743686,6978.46868621999,-86.8019913168721));
#2655=CARTESIAN_POINT('Ctrl Pts',(-2820.78294953565,6937.93416576345,-104.123561786939));
#2656=CARTESIAN_POINT('Ctrl Pts',(-2818.98994936575,6943.0380750837,-103.01114547163));
#2657=CARTESIAN_POINT('Ctrl Pts',(-2814.25125948255,6952.85420051761,-100.782291680078));
#2658=CARTESIAN_POINT('Ctrl Pts',(-2804.01314607471,6965.66025157886,-97.5931364570888));
#2659=CARTESIAN_POINT('Ctrl Pts',(-2791.13489129884,6975.88567006893,-94.7198270057844));
#2660=CARTESIAN_POINT('Ctrl Pts',(-2776.24834097655,6982.9860245225,-92.3103423023052));
#2661=CARTESIAN_POINT('Ctrl Pts',(-2760.10526084585,6986.57456436025,-90.49039236122));
#2662=CARTESIAN_POINT('Ctrl Pts',(-2743.53434354539,6986.43687464013,-89.3577688078098));
#2663=CARTESIAN_POINT('Ctrl Pts',(-2732.77999019577,6983.85707707392,-89.1014535343365));
#2664=CARTESIAN_POINT('Ctrl Pts',(-2727.61697989341,6981.97789500466,-89.1014535343365));
#2665=CARTESIAN_POINT('Ctrl Pts',(-2822.43302115875,6939.25407828669,-107.239346445332));
#2666=CARTESIAN_POINT('Ctrl Pts',(-2820.57592276864,6944.49876317369,-106.147795286151));
#2667=CARTESIAN_POINT('Ctrl Pts',(-2815.67778421876,6954.57985715137,-103.961973211451));
#2668=CARTESIAN_POINT('Ctrl Pts',(-2805.12555445492,6967.71373339588,-100.838818327915));
#2669=CARTESIAN_POINT('Ctrl Pts',(-2791.87856803845,6978.18497185877,-98.0288489392129));
#2670=CARTESIAN_POINT('Ctrl Pts',(-2776.59066277178,6985.44255147575,-95.6757350201014));
#2671=CARTESIAN_POINT('Ctrl Pts',(-2760.03323678371,6989.09929813233,-93.9004416540543));
#2672=CARTESIAN_POINT('Ctrl Pts',(-2743.0518145724,6988.94372707149,-92.7965925712085));
#2673=CARTESIAN_POINT('Ctrl Pts',(-2732.03487110697,6986.29778574753,-92.5468121675675));
#2674=CARTESIAN_POINT('Ctrl Pts',(-2726.7453888706,6984.37257165882,-92.5468121675676));
#2675=CARTESIAN_POINT('Ctrl Pts',(-2822.75395984999,6939.87652083109,-109.429472383873));
#2676=CARTESIAN_POINT('Ctrl Pts',(-2820.85867291351,6945.15353672244,-108.359871376766));
#2677=CARTESIAN_POINT('Ctrl Pts',(-2815.87879254026,6955.28462722545,-106.219803164416));
#2678=CARTESIAN_POINT('Ctrl Pts',(-2805.2018237133,6968.45180238408,-103.166803746921));
#2679=CARTESIAN_POINT('Ctrl Pts',(-2791.84548871578,6978.91945689729,-100.424816365086));
#2680=CARTESIAN_POINT('Ctrl Pts',(-2776.47354468912,6986.14986194987,-98.1324173212114));
#2681=CARTESIAN_POINT('Ctrl Pts',(-2759.86072317794,6989.77084481297,-96.4055374381604));
#2682=CARTESIAN_POINT('Ctrl Pts',(-2742.84652004893,6989.58538003014,-95.332980149945));
#2683=CARTESIAN_POINT('Ctrl Pts',(-2731.81497829792,6986.92829780151,-95.0905682302296));
#2684=CARTESIAN_POINT('Ctrl Pts',(-2726.51702363028,6985.,-95.0905682302296));
#2685=CARTESIAN_POINT('Ctrl Pts',(-2822.64548093865,6940.17456419048,-110.891460076997));
#2686=CARTESIAN_POINT('Ctrl Pts',(-2820.72675242142,6945.44622746565,-109.836675294378));
#2687=CARTESIAN_POINT('Ctrl Pts',(-2815.70133941298,6955.55695510785,-107.727144297359));
#2688=CARTESIAN_POINT('Ctrl Pts',(-2804.9780060636,6968.66590586408,-104.721474388829));
#2689=CARTESIAN_POINT('Ctrl Pts',(-2791.60634004886,6979.06019792654,-102.025126317117));
#2690=CARTESIAN_POINT('Ctrl Pts',(-2776.25641982935,6986.21664576067,-99.7736268788293));
#2691=CARTESIAN_POINT('Ctrl Pts',(-2759.69931256216,6989.78032351142,-98.0792689325534));
#2692=CARTESIAN_POINT('Ctrl Pts',(-2742.7642030672,6989.56804562754,-97.0277395628999));
#2693=CARTESIAN_POINT('Ctrl Pts',(-2731.78868690545,6986.91872851723,-96.7900262646296));
#2694=CARTESIAN_POINT('Ctrl Pts',(-2726.51702363028,6985.,-96.7900262646296));
#2695=CARTESIAN_POINT('Origin',(-2813.24855473079,6936.75436275722,-110.891460076997));
#2696=CARTESIAN_POINT('Origin',(-2867.31086960034,6788.21937340969,-145.183464386516));
#2697=CARTESIAN_POINT('Origin',(-3031.,6338.48718382646,-249.012321486536));
#2698=CARTESIAN_POINT('Origin',(-3031.,6472.98540850123,-221.593278971898));
#2699=CARTESIAN_POINT('Origin',(-3031.,5884.17244075645,-362.));
#2700=CARTESIAN_POINT('Origin',(-3041.,6120.96512362131,-386.496534319233));
#2701=CARTESIAN_POINT('',(-3030.27487189165,6340.47945693035,-340.950159430217));
#2702=CARTESIAN_POINT('',(-3030.27487189165,6150.43217091975,-379.693530411631));
#2703=CARTESIAN_POINT('',(-3030.27487189165,6046.71482479935,-400.837529372638));
#2704=CARTESIAN_POINT('',(-2812.52342662245,6938.74663586112,-202.829298020678));
#2705=CARTESIAN_POINT('',(-3021.64106662377,6364.20064194785,-335.473692353874));
#2706=CARTESIAN_POINT('',(-2729.21209695519,6977.59534689603,-188.727864208311));
#2707=CARTESIAN_POINT('Origin',(-2751.44340627136,6916.51532654495,-202.829298020678));
#2708=CARTESIAN_POINT('',(-2729.14512792943,6977.570930571,-188.72787268754));
#2709=CARTESIAN_POINT('Ctrl Pts',(-2729.14512663556,6977.57093411292,-188.727871869473));
#2710=CARTESIAN_POINT('Ctrl Pts',(-2729.16744491327,6977.5790856935,-188.727866081469));
#2711=CARTESIAN_POINT('Ctrl Pts',(-2729.18976768809,6977.5872251294,-188.727863102983));
#2712=CARTESIAN_POINT('Ctrl Pts',(-2729.21209494599,6977.59535241567,-188.727862933985));
#2713=CARTESIAN_POINT('',(-2729.33797109346,6977.24951054344,-188.807706821459));
#2714=CARTESIAN_POINT('Origin',(-2591.84007469979,6975.,-179.064006173607));
#2715=CARTESIAN_POINT('',(-2626.87044458365,7258.77672585651,-123.812027869513));
#2716=CARTESIAN_POINT('Origin',(56.9999999999999,4910.,-442.));
#2717=CARTESIAN_POINT('',(-1954.5,4910.,-452.));
#2718=CARTESIAN_POINT('Origin',(-1954.5,4910.,-442.));
#2719=CARTESIAN_POINT('',(-2966.,4910.,-452.));
#2720=CARTESIAN_POINT('Origin',(-2966.,4910.,-442.));
#2721=CARTESIAN_POINT('',(56.9999999999999,4910.,-452.));
#2722=CARTESIAN_POINT('Origin',(-2966.,4975.,-442.));
#2723=CARTESIAN_POINT('',(-3031.,4975.,-452.));
#2724=CARTESIAN_POINT('Origin',(-3031.,4975.,-442.));
#2725=CARTESIAN_POINT('Origin',(-2966.,4975.,-452.));
#2726=CARTESIAN_POINT('Ctrl Pts',(-2728.87435483864,6977.47135920314,-188.728080223395));
#2727=CARTESIAN_POINT('Ctrl Pts',(-2733.44992199612,6979.16546897387,-188.722221334648));
#2728=CARTESIAN_POINT('Ctrl Pts',(-2747.752724506,6982.71394465897,-189.06008521256));
#2729=CARTESIAN_POINT('Ctrl Pts',(-2767.66977691117,6980.79433738357,-190.929257146006));
#2730=CARTESIAN_POINT('Ctrl Pts',(-2785.49121948179,6972.527992892,-193.936792565984));
#2731=CARTESIAN_POINT('Ctrl Pts',(-2797.14047112205,6963.5166159852,-196.638237455303));
#2732=CARTESIAN_POINT('Ctrl Pts',(-2806.48024510456,6952.12316572114,-199.653933638112));
#2733=CARTESIAN_POINT('Ctrl Pts',(-2810.85466892384,6943.33150995658,-201.770796431719));
#2734=CARTESIAN_POINT('Ctrl Pts',(-2812.52342662245,6938.74663586112,-202.829298020678));
#2735=CARTESIAN_POINT('Ctrl Pts',(-2728.43545823063,6978.65581337697,-188.454049375449));
#2736=CARTESIAN_POINT('Ctrl Pts',(-2733.10419746602,6980.38433055848,-188.448089249974));
#2737=CARTESIAN_POINT('Ctrl Pts',(-2747.69605422962,6984.00945230776,-188.791673307066));
#2738=CARTESIAN_POINT('Ctrl Pts',(-2768.01917439742,6982.07872798555,-190.693164683215));
#2739=CARTESIAN_POINT('Ctrl Pts',(-2786.22569848844,6973.68202760795,-193.755883976391));
#2740=CARTESIAN_POINT('Ctrl Pts',(-2798.14134121406,6964.51403138169,-196.509054685622));
#2741=CARTESIAN_POINT('Ctrl Pts',(-2807.71276910996,6952.90721318191,-199.585509303764));
#2742=CARTESIAN_POINT('Ctrl Pts',(-2812.20946082073,6943.93881260057,-201.747469714933));
#2743=CARTESIAN_POINT('Ctrl Pts',(-2813.92920349582,6939.25829679904,-202.829298020678));
#2744=CARTESIAN_POINT('Ctrl Pts',(-2727.59588776533,6980.91976841863,-187.409023411673));
#2745=CARTESIAN_POINT('Ctrl Pts',(-2732.45074319585,6982.71703254656,-187.402928225966));
#2746=CARTESIAN_POINT('Ctrl Pts',(-2747.61995894595,6986.49450251614,-187.754266044271));
#2747=CARTESIAN_POINT('Ctrl Pts',(-2768.7553493313,6984.53702522486,-189.699075618917));
#2748=CARTESIAN_POINT('Ctrl Pts',(-2787.73319287131,6975.872360994,-192.836470042543));
#2749=CARTESIAN_POINT('Ctrl Pts',(-2800.1827637282,6966.3846418384,-195.660261345062));
#2750=CARTESIAN_POINT('Ctrl Pts',(-2810.21897907949,6954.34384705415,-198.820476094399));
#2751=CARTESIAN_POINT('Ctrl Pts',(-2814.96114785075,6945.01695564964,-201.045377999026));
#2752=CARTESIAN_POINT('Ctrl Pts',(-2816.78350995193,6940.14263849736,-202.159907878941));
#2753=CARTESIAN_POINT('Ctrl Pts',(-2726.46994215435,6983.94942055296,-184.118898460351));
#2754=CARTESIAN_POINT('Ctrl Pts',(-2731.60248147237,6985.84939500528,-184.112799267066));
#2755=CARTESIAN_POINT('Ctrl Pts',(-2747.63808060506,6989.84711569325,-184.464510340434));
#2756=CARTESIAN_POINT('Ctrl Pts',(-2769.98800207064,6987.80598635036,-186.41083124251));
#2757=CARTESIAN_POINT('Ctrl Pts',(-2790.08783709072,6978.68053058314,-189.551504458001));
#2758=CARTESIAN_POINT('Ctrl Pts',(-2803.29452242451,6968.6708127582,-192.37901715967));
#2759=CARTESIAN_POINT('Ctrl Pts',(-2813.9661904173,6955.948263301,-195.544438121238));
#2760=CARTESIAN_POINT('Ctrl Pts',(-2819.02816587873,6946.07776305612,-197.77402719444));
#2761=CARTESIAN_POINT('Ctrl Pts',(-2820.97900560401,6940.91501665292,-198.891127645041));
#2762=CARTESIAN_POINT('Ctrl Pts',(-2726.12950447748,6984.8577456432,-180.894218166474));
#2763=CARTESIAN_POINT('Ctrl Pts',(-2731.37984817202,6986.8015042015,-180.888268015335));
#2764=CARTESIAN_POINT('Ctrl Pts',(-2747.7853022303,6990.88264957981,-181.231141027525));
#2765=CARTESIAN_POINT('Ctrl Pts',(-2770.64264551788,6988.73992545259,-183.129297049253));
#2766=CARTESIAN_POINT('Ctrl Pts',(-2791.15288436774,6979.33114147361,-186.187279847906));
#2767=CARTESIAN_POINT('Ctrl Pts',(-2804.59699565882,6969.04051520737,-188.936525978877));
#2768=CARTESIAN_POINT('Ctrl Pts',(-2815.4215620977,6955.99277618958,-192.009131456195));
#2769=CARTESIAN_POINT('Ctrl Pts',(-2820.52467335236,6945.89567337218,-194.16875674369));
#2770=CARTESIAN_POINT('Ctrl Pts',(-2822.48276257164,6940.62162922956,-195.249611700154));
#2771=CARTESIAN_POINT('Ctrl Pts',(-2726.1273211881,6984.85693727744,-178.955412363184));
#2772=CARTESIAN_POINT('Ctrl Pts',(-2731.40682175443,6986.81167932059,-178.949553474437));
#2773=CARTESIAN_POINT('Ctrl Pts',(-2747.91005541967,6990.90607434185,-179.287417352349));
#2774=CARTESIAN_POINT('Ctrl Pts',(-2770.89126973334,6988.69114287024,-181.156589285795));
#2775=CARTESIAN_POINT('Ctrl Pts',(-2791.45447269943,6979.15305307227,-184.164124705773));
#2776=CARTESIAN_POINT('Ctrl Pts',(-2804.89591689973,6968.7553104875,-186.865569595092));
#2777=CARTESIAN_POINT('Ctrl Pts',(-2815.67257918725,6955.60902172128,-189.881265777901));
#2778=CARTESIAN_POINT('Ctrl Pts',(-2820.71999128641,6945.4648035314,-191.998128571508));
#2779=CARTESIAN_POINT('Ctrl Pts',(-2822.64548093865,6940.17456419048,-193.056630160467));
#2780=CARTESIAN_POINT('Origin',(-2813.24855473079,6936.75436275722,-193.056630160467));
#2781=CARTESIAN_POINT('Ctrl Pts',(-2726.51875456335,6985.,-179.064006168539));
#2782=CARTESIAN_POINT('Ctrl Pts',(-2726.55270326647,6985.00000000054,-180.130983609237));
#2783=CARTESIAN_POINT('Ctrl Pts',(-2726.61648791541,6984.82921009278,-181.189588169217));
#2784=CARTESIAN_POINT('Ctrl Pts',(-2726.81294054474,6984.15054532289,-183.244789957027));
#2785=CARTESIAN_POINT('Ctrl Pts',(-2726.94593427866,6983.63625548787,-184.222180159857));
#2786=CARTESIAN_POINT('Ctrl Pts',(-2727.21892242711,6982.59010331803,-185.606518949806));
#2787=CARTESIAN_POINT('Ctrl Pts',(-2727.33301410711,6982.15452484799,-186.079678572129));
#2788=CARTESIAN_POINT('Ctrl Pts',(-2727.70409206051,6980.80716474897,-187.289088389279));
#2789=CARTESIAN_POINT('Ctrl Pts',(-2727.96964485052,6979.9124535791,-187.814216778328));
#2790=CARTESIAN_POINT('Ctrl Pts',(-2728.45879802593,6978.68317223778,-188.375293052099));
#2791=CARTESIAN_POINT('Ctrl Pts',(-2728.66690912045,6978.24562734673,-188.530620808361));
#2792=CARTESIAN_POINT('Ctrl Pts',(-2728.98835336637,6977.76952013604,-188.673457667506));
#2793=CARTESIAN_POINT('Ctrl Pts',(-2729.06369669348,6977.66811266022,-188.702018811788));
#2794=CARTESIAN_POINT('Ctrl Pts',(-2729.14512792943,6977.570930571,-188.72787268754));
#2795=CARTESIAN_POINT('Origin',(-3022.36619473211,6362.20836884396,-325.701024493663));
#2796=CARTESIAN_POINT('Origin',(-3031.,6338.48718382646,-331.177491570006));
#2797=CARTESIAN_POINT('Origin',(-3031.,6044.72255169546,-391.064861512427));
#2798=CARTESIAN_POINT('',(-3031.,6149.4373472701,-379.923203548115));
#2799=CARTESIAN_POINT('Origin',(-3031.,6527.33534923126,-292.678575405377));
#2800=CARTESIAN_POINT('Origin',(-3031.,6147.3134731237,-370.150497452539));
#2801=CARTESIAN_POINT('Origin',(-3031.,5905.10025078699,-426.069825960108));
#2802=CARTESIAN_POINT('',(-3031.,5837.23844234307,-452.));
#2803=CARTESIAN_POINT('',(-3031.,5907.34976133043,-435.81352660796));
#2804=CARTESIAN_POINT('Origin',(-3031.,5836.09908626005,-442.));
#2805=CARTESIAN_POINT('Origin',(-3031.,5421.25,-442.));
#2806=CARTESIAN_POINT('',(-3031.,5421.25,-452.));
#2807=CARTESIAN_POINT('Origin',(132.,6120.96512362131,-386.496534319233));
#2808=CARTESIAN_POINT('',(-96.4765733775531,6938.74663586112,-202.829298020678));
#2809=CARTESIAN_POINT('',(-179.787903044808,6977.59534689603,-188.727864208312));
#2810=CARTESIAN_POINT('Origin',(-157.556593728637,6916.51532654495,-202.829298020678));
#2811=CARTESIAN_POINT('',(121.274871891655,6340.47945693035,-340.950159430217));
#2812=CARTESIAN_POINT('',(112.641066623766,6364.20064194785,-335.473692353874));
#2813=CARTESIAN_POINT('',(121.274871891655,6150.43217091975,-379.693530411631));
#2814=CARTESIAN_POINT('',(121.274871891655,6046.71482479935,-400.837529372638));
#2815=CARTESIAN_POINT('',(-179.662028906538,6977.24951054344,-188.80770682146));
#2816=CARTESIAN_POINT('',(106.917084733392,6189.87986693041,-370.586312189579));
#2817=CARTESIAN_POINT('',(-179.85487207057,6977.570930571,-188.72787268754));
#2818=CARTESIAN_POINT('Origin',(-317.159925300205,6975.,-179.064006173607));
#2819=CARTESIAN_POINT('Ctrl Pts',(-179.78790167773,6977.59534313999,-188.727865075462));
#2820=CARTESIAN_POINT('Ctrl Pts',(-179.810229322425,6977.58721710157,-188.727864961369));
#2821=CARTESIAN_POINT('Ctrl Pts',(-179.832552497553,6977.57907877317,-188.727867684375));
#2822=CARTESIAN_POINT('Ctrl Pts',(-179.854871189235,6977.57092815816,-188.72787324482));
#2823=CARTESIAN_POINT('Ctrl Pts',(-96.4765733775531,6938.74663586112,-202.829298020678));
#2824=CARTESIAN_POINT('Ctrl Pts',(-98.1452123719573,6943.33118381946,-201.770871726406));
#2825=CARTESIAN_POINT('Ctrl Pts',(-102.518791829288,6952.12312644534,-199.654013104074));
#2826=CARTESIAN_POINT('Ctrl Pts',(-111.859197583176,6963.51211547964,-196.63917951815));
#2827=CARTESIAN_POINT('Ctrl Pts',(-123.505500161744,6972.52986291324,-193.936654741351));
#2828=CARTESIAN_POINT('Ctrl Pts',(-136.872154827745,6978.71753084964,-191.683425456028));
#2829=CARTESIAN_POINT('Ctrl Pts',(-151.282386916798,6981.76676254066,-189.992570220033));
#2830=CARTESIAN_POINT('Ctrl Pts',(-166.00984375297,6981.5194095433,-188.950224533239));
#2831=CARTESIAN_POINT('Ctrl Pts',(-175.543378442645,6979.16736571151,-188.722331767215));
#2832=CARTESIAN_POINT('Ctrl Pts',(-180.118810042655,6977.47388947912,-188.728071560041));
#2833=CARTESIAN_POINT('Ctrl Pts',(-95.0707965041752,6939.25829679904,-202.829298020678));
#2834=CARTESIAN_POINT('Ctrl Pts',(-96.7904168483379,6943.93847966014,-201.747546668926));
#2835=CARTESIAN_POINT('Ctrl Pts',(-101.286177056541,6952.90716139348,-199.585640665653));
#2836=CARTESIAN_POINT('Ctrl Pts',(-110.858234774376,6964.50946246311,-196.510042285245));
#2837=CARTESIAN_POINT('Ctrl Pts',(-122.770892066714,6973.68388859194,-193.755802843507));
#2838=CARTESIAN_POINT('Ctrl Pts',(-136.426269297622,6979.96923954141,-191.461215594055));
#2839=CARTESIAN_POINT('Ctrl Pts',(-151.135898931672,6983.05678497213,-189.74035044161));
#2840=CARTESIAN_POINT('Ctrl Pts',(-166.162728171623,6982.78930515908,-188.679910706278));
#2841=CARTESIAN_POINT('Ctrl Pts',(-175.888967214104,6980.38626736765,-188.448201591065));
#2842=CARTESIAN_POINT('Ctrl Pts',(-180.557567528425,6978.65839502199,-188.454040562728));
#2843=CARTESIAN_POINT('Ctrl Pts',(-92.2164822008279,6940.14264221229,-202.159911598655));
#2844=CARTESIAN_POINT('Ctrl Pts',(-94.0387146714275,6945.01661263841,-201.045460998903));
#2845=CARTESIAN_POINT('Ctrl Pts',(-98.7796511317837,6954.34374308294,-198.820636777252));
#2846=CARTESIAN_POINT('Ctrl Pts',(-108.816550309466,6966.37991504845,-195.661287551316));
#2847=CARTESIAN_POINT('Ctrl Pts',(-121.262999559359,6975.87417575973,-192.836423215155));
#2848=CARTESIAN_POINT('Ctrl Pts',(-135.496674241788,6982.36031864078,-190.485856739603));
#2849=CARTESIAN_POINT('Ctrl Pts',(-150.80549570299,6985.52858699494,-188.724616533402));
#2850=CARTESIAN_POINT('Ctrl Pts',(-166.431063520091,6985.22345097853,-187.6399393876));
#2851=CARTESIAN_POINT('Ctrl Pts',(-176.542152008659,6982.71905381212,-187.403045029763));
#2852=CARTESIAN_POINT('Ctrl Pts',(-181.396861905572,6980.92245738018,-187.409016316214));
#2853=CARTESIAN_POINT('Ctrl Pts',(-88.0209845924969,6940.91502107867,-198.891131359584));
#2854=CARTESIAN_POINT('Ctrl Pts',(-89.9716855481496,6946.0774002388,-197.774110371999));
#2855=CARTESIAN_POINT('Ctrl Pts',(-95.0326430121577,6955.94818145394,-195.544547765383));
#2856=CARTESIAN_POINT('Ctrl Pts',(-105.704837656558,6968.66588007966,-192.380013140052));
#2857=CARTESIAN_POINT('Ctrl Pts',(-118.908457707341,6978.68243086063,-189.551405301096));
#2858=CARTESIAN_POINT('Ctrl Pts',(-133.983535299112,6985.51368719578,-187.198366164038));
#2859=CARTESIAN_POINT('Ctrl Pts',(-150.180074635298,6988.83990096835,-185.435577864493));
#2860=CARTESIAN_POINT('Ctrl Pts',(-166.701175920838,6988.50219924882,-184.3500743863));
#2861=CARTESIAN_POINT('Ctrl Pts',(-177.390008060363,6985.8515341608,-184.112916118543));
#2862=CARTESIAN_POINT('Ctrl Pts',(-182.522392920915,6983.95226402316,-184.118891331104));
#2863=CARTESIAN_POINT('Ctrl Pts',(-86.5172374283553,6940.62162922956,-195.249611700154));
#2864=CARTESIAN_POINT('Ctrl Pts',(-88.4751873623409,6945.89529821214,-194.168833628445));
#2865=CARTESIAN_POINT('Ctrl Pts',(-93.5765145612748,6955.99259011904,-192.009315754507));
#2866=CARTESIAN_POINT('Ctrl Pts',(-104.402056968809,6969.03531022766,-188.937543539309));
#2867=CARTESIAN_POINT('Ctrl Pts',(-117.842522230607,6979.33305012109,-186.187256151793));
#2868=CARTESIAN_POINT('Ctrl Pts',(-133.225511862673,6986.37613119095,-183.89622191166));
#2869=CARTESIAN_POINT('Ctrl Pts',(-149.778192803962,6989.82520967018,-182.178205336823));
#2870=CARTESIAN_POINT('Ctrl Pts',(-166.67761658138,6989.50927898972,-181.119585509509));
#2871=CARTESIAN_POINT('Ctrl Pts',(-177.612466114631,6986.80368352661,-180.8883801687));
#2872=CARTESIAN_POINT('Ctrl Pts',(-182.862652986866,6984.86064857687,-180.894209368777));
#2873=CARTESIAN_POINT('Ctrl Pts',(-86.354519061349,6940.17456419048,-193.056630160467));
#2874=CARTESIAN_POINT('Ctrl Pts',(-88.2798717472,6945.46442721934,-191.998203866195));
#2875=CARTESIAN_POINT('Ctrl Pts',(-93.3263095825812,6955.60897640305,-189.881345243863));
#2876=CARTESIAN_POINT('Ctrl Pts',(-104.103700837068,6968.75011759648,-186.866511657939));
#2877=CARTESIAN_POINT('Ctrl Pts',(-117.541742273876,6979.15521078909,-184.16398688114));
#2878=CARTESIAN_POINT('Ctrl Pts',(-132.964805350031,6986.29482763879,-181.910757595817));
#2879=CARTESIAN_POINT('Ctrl Pts',(-149.591996222016,6989.81317189765,-180.219902359822));
#2880=CARTESIAN_POINT('Ctrl Pts',(-166.585215648368,6989.527764593,-179.177556673028));
#2881=CARTESIAN_POINT('Ctrl Pts',(-177.585447982608,6986.81386786401,-178.949663907004));
#2882=CARTESIAN_POINT('Ctrl Pts',(-182.864792136466,6984.85985682664,-178.95540369983));
#2883=CARTESIAN_POINT('',(-86.354519061349,6940.17456419048,-193.056630160467));
#2884=CARTESIAN_POINT('Origin',(-156.831465620292,6914.52305344106,-193.056630160467));
#2885=CARTESIAN_POINT('Origin',(-95.7514452692079,6936.75436275722,-193.056630160467));
#2886=CARTESIAN_POINT('Ctrl Pts',(-179.85487207057,6977.570930571,-188.72787268754));
#2887=CARTESIAN_POINT('Ctrl Pts',(-180.154186457241,6977.9281399034,-188.632842360745));
#2888=CARTESIAN_POINT('Ctrl Pts',(-180.385263357306,6978.35808161863,-188.495591882875));
#2889=CARTESIAN_POINT('Ctrl Pts',(-180.764779398399,6979.21777071032,-188.142081109414));
#2890=CARTESIAN_POINT('Ctrl Pts',(-180.915819284679,6979.64011866264,-187.934960780799));
#2891=CARTESIAN_POINT('Ctrl Pts',(-181.295453916397,6980.79231537734,-187.260980411048));
#2892=CARTESIAN_POINT('Ctrl Pts',(-181.508348137612,6981.56547571497,-186.679603779918));
#2893=CARTESIAN_POINT('Ctrl Pts',(-181.931799285545,6983.15576162157,-184.98849934466));
#2894=CARTESIAN_POINT('Ctrl Pts',(-182.106239577039,6983.84874097023,-183.896678365595));
#2895=CARTESIAN_POINT('Ctrl Pts',(-182.361472400187,6984.76718882129,-181.542232786799));
#2896=CARTESIAN_POINT('Ctrl Pts',(-182.441610386095,6985.00000000228,-180.309700443288));
#2897=CARTESIAN_POINT('Ctrl Pts',(-182.481245437069,6985.,-179.064006155307));
#2898=CARTESIAN_POINT('Origin',(122.,5421.25,-442.));
#2899=CARTESIAN_POINT('',(132.,5836.09908626005,-442.));
#2900=CARTESIAN_POINT('',(132.,5421.25,-442.));
#2901=CARTESIAN_POINT('',(122.,4975.,-452.));
#2902=CARTESIAN_POINT('Origin',(122.,4975.,-442.));
#2903=CARTESIAN_POINT('',(122.,5837.23844234307,-452.));
#2904=CARTESIAN_POINT('',(122.,5421.25,-452.));
#2905=CARTESIAN_POINT('Origin',(122.,5836.09908626005,-442.));
#2906=CARTESIAN_POINT('Origin',(56.9999999999999,4975.,-442.));
#2907=CARTESIAN_POINT('',(56.9999999999999,4910.,-452.));
#2908=CARTESIAN_POINT('Origin',(56.9999999999999,4910.,-442.));
#2909=CARTESIAN_POINT('Origin',(56.9999999999999,4975.,-452.));
#2910=CARTESIAN_POINT('Origin',(56.9999999999999,4910.,-442.));
#2911=CARTESIAN_POINT('',(56.9999999999999,4910.,-452.));
#2912=CARTESIAN_POINT('Origin',(122.,5905.10025078699,-426.069825960108));
#2913=CARTESIAN_POINT('',(132.,6147.31347312369,-370.150497452541));
#2914=CARTESIAN_POINT('',(132.,5905.10025078699,-426.069825960108));
#2915=CARTESIAN_POINT('',(122.,6149.43734727009,-379.923203548117));
#2916=CARTESIAN_POINT('',(122.,5907.34976133043,-435.81352660796));
#2917=CARTESIAN_POINT('Origin',(122.,6147.31347312369,-370.150497452541));
#2918=CARTESIAN_POINT('Origin',(122.,6044.72255169546,-391.064861512427));
#2919=CARTESIAN_POINT('',(132.,6340.25045363355,-330.818028313728));
#2920=CARTESIAN_POINT('',(132.,6044.72255169546,-391.064861512427));
#2921=CARTESIAN_POINT('Origin',(122.,6527.33534923125,-292.67857540538));
#2922=CARTESIAN_POINT('',(131.973674810544,6340.32278149714,-331.543326174324));
#2923=CARTESIAN_POINT('Origin',(122.,6338.48718382646,-331.177491570006));
#2924=CARTESIAN_POINT('Origin',(122.,6367.72522782809,-325.216972957481));
#2925=CARTESIAN_POINT('Origin',(113.366194732111,6362.20836884396,-325.701024493663));
#2926=CARTESIAN_POINT('',(122.76312093997,6365.62857027721,-325.701024493663));
#2927=CARTESIAN_POINT('Origin',(132.,5942.5,-268.193977280473));
#2928=CARTESIAN_POINT('',(132.,6340.17348392878,-248.66854940843));
#2929=CARTESIAN_POINT('',(132.,6340.25045363355,-249.394854293888));
#2930=CARTESIAN_POINT('Origin',(132.,6311.01240963191,-255.355372906414));
#2931=CARTESIAN_POINT('',(132.,6149.56632250805,-287.526057566825));
#2932=CARTESIAN_POINT('',(132.,6472.98540850123,-221.593278971898));
#2933=CARTESIAN_POINT('',(132.,5826.98423759592,-362.));
#2934=CARTESIAN_POINT('',(132.,6472.23249798514,-213.032701297024));
#2935=CARTESIAN_POINT('',(132.,5884.17244075645,-362.));
#2936=CARTESIAN_POINT('',(132.,6340.25045363355,32.2788777799552));
#2937=CARTESIAN_POINT('Origin',(45.2354583740848,6578.63407256008,-235.44224444009));
#2938=CARTESIAN_POINT('',(-86.354519061349,6940.17456419048,-110.891460076997));
#2939=CARTESIAN_POINT('',(-32.2922041918004,6791.63957484295,-145.183464386516));
#2940=CARTESIAN_POINT('',(-86.354519061349,6940.17456419048,-211.230304890188));
#2941=CARTESIAN_POINT('Origin',(-156.831465620292,6914.52305344106,-211.230304890188));
#2942=CARTESIAN_POINT('Origin',(-156.831465620292,6914.52305344106,-110.891460076997));
#2943=CARTESIAN_POINT('Origin',(122.,6472.98540850123,-221.593278971898));
#2944=CARTESIAN_POINT('Origin',(122.,6149.56632250805,-287.526057566824));
#2945=CARTESIAN_POINT('Origin',(122.,6338.48718382646,-249.012321486535));
#2946=CARTESIAN_POINT('Origin',(122.,6472.23249798514,-213.032701297024));
#2947=CARTESIAN_POINT('Origin',(122.,5826.98423759592,-362.));
#2948=CARTESIAN_POINT('Origin',(56.9999999999999,4975.,-362.));
#2949=CARTESIAN_POINT('Origin',(122.,4975.,-362.));
#2950=CARTESIAN_POINT('Origin',(122.,5884.17244075645,-362.));
#2951=CARTESIAN_POINT('Origin',(-41.6891303996595,6788.21937340969,-145.183464386516));
#2952=CARTESIAN_POINT('Origin',(-95.7514452692078,6936.75436275722,-110.891460076997));
#2953=CARTESIAN_POINT('Ctrl Pts',(-178.337646828118,6973.61080068825,-87.0173584044186));
#2954=CARTESIAN_POINT('Ctrl Pts',(-173.76887198964,6975.27369873652,-87.0173584044186));
#2955=CARTESIAN_POINT('Ctrl Pts',(-164.256738244731,6977.56980974816,-87.2550657909745));
#2956=CARTESIAN_POINT('Ctrl Pts',(-149.579855509432,6977.7532996051,-88.3066781505103));
#2957=CARTESIAN_POINT('Ctrl Pts',(-135.229908833633,6974.66625922422,-90.0007679779907));
#2958=CARTESIAN_POINT('Ctrl Pts',(-121.927532169927,6968.46210015048,-92.2525897728483));
#2959=CARTESIAN_POINT('Ctrl Pts',(-110.337911779306,6959.45501485306,-94.9487351519471));
#2960=CARTESIAN_POINT('Ctrl Pts',(-101.044588639583,6948.09345255461,-97.9544839642565));
#2961=CARTESIAN_POINT('Ctrl Pts',(-96.689215209133,6939.33086449181,-100.064007434167));
#2962=CARTESIAN_POINT('Ctrl Pts',(-95.0263171608625,6934.76208965333,-101.118792216786));
#2963=CARTESIAN_POINT('Ctrl Pts',(-178.905682053445,6975.17146464329,-86.6570507401642));
#2964=CARTESIAN_POINT('Ctrl Pts',(-174.214834717844,6976.87879344693,-86.6570507401642));
#2965=CARTESIAN_POINT('Ctrl Pts',(-164.446914229877,6979.23257075849,-86.9017920115071));
#2966=CARTESIAN_POINT('Ctrl Pts',(-149.382352773009,6979.40536989343,-87.9844040534378));
#2967=CARTESIAN_POINT('Ctrl Pts',(-134.667983640986,6976.2142084301,-89.7267086928042));
#2968=CARTESIAN_POINT('Ctrl Pts',(-121.048431874981,6969.82561413379,-92.0397390992891));
#2969=CARTESIAN_POINT('Ctrl Pts',(-109.205050505948,6960.57135142376,-94.8051387343807));
#2970=CARTESIAN_POINT('Ctrl Pts',(-99.7311111890749,6948.91983622932,-97.8834931911578));
#2971=CARTESIAN_POINT('Ctrl Pts',(-95.3058179707067,6939.94800305145,-100.04078656686));
#2972=CARTESIAN_POINT('Ctrl Pts',(-93.6205402874847,6935.27375059126,-101.118792216786));
#2973=CARTESIAN_POINT('Ctrl Pts',(-180.105773934734,6978.4686899884,-86.8019869315406));
#2974=CARTESIAN_POINT('Ctrl Pts',(-175.170230544664,6980.26508087232,-86.8019869315406));
#2975=CARTESIAN_POINT('Ctrl Pts',(-164.89094925322,6982.73494915005,-87.0573651963226));
#2976=CARTESIAN_POINT('Ctrl Pts',(-149.048456208948,6982.88305777915,-88.1859912730775));
#2977=CARTESIAN_POINT('Ctrl Pts',(-133.603355195122,6979.47890320904,-89.9995585664113));
#2978=CARTESIAN_POINT('Ctrl Pts',(-119.34672820629,6972.71421190248,-92.402194249695));
#2979=CARTESIAN_POINT('Ctrl Pts',(-106.993411169682,6962.95748475001,-95.2679949812009));
#2980=CARTESIAN_POINT('Ctrl Pts',(-97.1556520968841,6950.71695805059,-98.4503577168175));
#2981=CARTESIAN_POINT('Ctrl Pts',(-92.5897433307125,6941.32139015836,-100.675369383649));
#2982=CARTESIAN_POINT('Ctrl Pts',(-90.8587596611621,6936.43299927457,-101.786024636269));
#2983=CARTESIAN_POINT('Ctrl Pts',(-181.38302128107,6981.97789823152,-89.1014503697489));
#2984=CARTESIAN_POINT('Ctrl Pts',(-176.220010978714,6983.85708030078,-89.1014503697488));
#2985=CARTESIAN_POINT('Ctrl Pts',(-165.465689007747,6986.4369529046,-89.3577399870834));
#2986=CARTESIAN_POINT('Ctrl Pts',(-148.894975519294,6986.57401318327,-90.4904899800278));
#2987=CARTESIAN_POINT('Ctrl Pts',(-132.751263298693,6982.9872645818,-92.3101244756588));
#2988=CARTESIAN_POINT('Ctrl Pts',(-117.865988834997,6975.88476688117,-94.7199369117422));
#2989=CARTESIAN_POINT('Ctrl Pts',(-104.986512478928,6965.66068668012,-97.5930835251418));
#2990=CARTESIAN_POINT('Ctrl Pts',(-94.7488290589695,6952.85419376736,-100.782275673543));
#2991=CARTESIAN_POINT('Ctrl Pts',(-90.010048303833,6943.03807552172,-103.011143694944));
#2992=CARTESIAN_POINT('Ctrl Pts',(-88.2170481339337,6937.93416620148,-104.123560010252));
#2993=CARTESIAN_POINT('Ctrl Pts',(-182.25461243314,6984.37257524082,-92.5468092703888));
#2994=CARTESIAN_POINT('Ctrl Pts',(-176.965130196776,6986.29778932954,-92.5468092703888));
#2995=CARTESIAN_POINT('Ctrl Pts',(-165.948175347916,6988.9437812609,-92.7965812191829));
#2996=CARTESIAN_POINT('Ctrl Pts',(-148.967019917311,6989.09876618851,-93.9005206517679));
#2997=CARTESIAN_POINT('Ctrl Pts',(-132.408937433926,6985.44379636998,-95.6755320863272));
#2998=CARTESIAN_POINT('Ctrl Pts',(-117.122268003308,6978.18401830212,-98.0289704913851));
#2999=CARTESIAN_POINT('Ctrl Pts',(-103.87413709857,6967.71421368072,-100.838748075494));
#3000=CARTESIAN_POINT('Ctrl Pts',(-93.3222582279986,6954.57982124048,-103.961975439633));
#3001=CARTESIAN_POINT('Ctrl Pts',(-88.4240747406687,6944.49876370793,-106.147793673561));
#3002=CARTESIAN_POINT('Ctrl Pts',(-86.5669763505518,6939.25407882094,-107.239344832742));
#3003=CARTESIAN_POINT('Ctrl Pts',(-182.482976369721,6985.,-95.0905682302297));
#3004=CARTESIAN_POINT('Ctrl Pts',(-177.185021702076,6986.92829780151,-95.0905682302296));
#3005=CARTESIAN_POINT('Ctrl Pts',(-166.153604639763,6989.58551564786,-95.332946803942));
#3006=CARTESIAN_POINT('Ctrl Pts',(-149.139425826131,6989.77021002413,-96.4056434283833));
#3007=CARTESIAN_POINT('Ctrl Pts',(-132.52619852168,6986.15113392882,-98.1322068272149));
#3008=CARTESIAN_POINT('Ctrl Pts',(-117.155408193134,6978.91850562066,-100.424931172811));
#3009=CARTESIAN_POINT('Ctrl Pts',(-103.797809553402,6968.45218758827,-103.166760231059));
#3010=CARTESIAN_POINT('Ctrl Pts',(-93.1213808575531,6955.28467813824,-106.219782051756));
#3011=CARTESIAN_POINT('Ctrl Pts',(-88.1413270864894,6945.15353672244,-108.359871376766));
#3012=CARTESIAN_POINT('Ctrl Pts',(-86.2460401500113,6939.87652083109,-109.429472383873));
#3013=CARTESIAN_POINT('Ctrl Pts',(-182.482976369721,6985.,-96.7900262646297));
#3014=CARTESIAN_POINT('Ctrl Pts',(-177.211313094554,6986.91872851723,-96.7900262646296));
#3015=CARTESIAN_POINT('Ctrl Pts',(-166.23577415812,6989.56808737682,-97.0277336511855));
#3016=CARTESIAN_POINT('Ctrl Pts',(-149.300909463545,6989.77980644252,-98.0793460107213));
#3017=CARTESIAN_POINT('Ctrl Pts',(-132.743278683776,6986.21783677227,-99.7734358382017));
#3018=CARTESIAN_POINT('Ctrl Pts',(-117.394382533346,6979.05919168718,-102.025257633059));
#3019=CARTESIAN_POINT('Ctrl Pts',(-104.021743621091,6968.6664009594,-104.721403012158));
#3020=CARTESIAN_POINT('Ctrl Pts',(-93.2986784598729,6955.55690599965,-107.727151824467));
#3021=CARTESIAN_POINT('Ctrl Pts',(-88.273247578584,6945.44622746565,-109.836675294377));
#3022=CARTESIAN_POINT('Ctrl Pts',(-86.3545190613489,6940.17456419048,-110.891460076997));
#3023=CARTESIAN_POINT('Origin',(56.9999999999999,5837.23844234307,-452.));
#3024=CARTESIAN_POINT('',(56.9999999999999,6977.24951054344,-188.807706821459));
#3025=CARTESIAN_POINT('',(-2966.,5837.23844234307,-452.));
#3026=CARTESIAN_POINT('Origin',(56.9999999999999,6975.,-179.064006173607));
#3027=CARTESIAN_POINT('Origin',(56.9999999999999,4900.,-452.));
#3028=CARTESIAN_POINT('',(-1954.5,4900.,-452.));
#3029=CARTESIAN_POINT('Origin',(-2966.,6985.,300.));
#3030=CARTESIAN_POINT('Origin',(-1954.5,3855.,-26.));
#3031=UNCERTAINTY_MEASURE_WITH_UNIT(LENGTH_MEASURE(0.01),#3035,
'DISTANCE_ACCURACY_VALUE',
'Maximum model space distance between geometric entities at asserted c
onnectivities');
#3032=UNCERTAINTY_MEASURE_WITH_UNIT(LENGTH_MEASURE(0.01),#3035,
'DISTANCE_ACCURACY_VALUE',
'Maximum model space distance between geometric entities at asserted c
onnectivities');
#3033=(
GEOMETRIC_REPRESENTATION_CONTEXT(3)
GLOBAL_UNCERTAINTY_ASSIGNED_CONTEXT((#3031))
GLOBAL_UNIT_ASSIGNED_CONTEXT((#3035,#3037,#3038))
REPRESENTATION_CONTEXT('','3D')
);
#3034=(
GEOMETRIC_REPRESENTATION_CONTEXT(3)
GLOBAL_UNCERTAINTY_ASSIGNED_CONTEXT((#3032))
GLOBAL_UNIT_ASSIGNED_CONTEXT((#3035,#3037,#3038))
REPRESENTATION_CONTEXT('','3D')
);
#3035=(
LENGTH_UNIT()
NAMED_UNIT(*)
SI_UNIT(.MILLI.,.METRE.)
);
#3036=(
LENGTH_UNIT()
NAMED_UNIT(*)
SI_UNIT($,.METRE.)
);
#3037=(
NAMED_UNIT(*)
PLANE_ANGLE_UNIT()
SI_UNIT($,.RADIAN.)
);
#3038=(
NAMED_UNIT(*)
SI_UNIT($,.STERADIAN.)
SOLID_ANGLE_UNIT()
);
#3039=SHAPE_DEFINITION_REPRESENTATION(#3040,#3041);
#3040=PRODUCT_DEFINITION_SHAPE('',$,#3043);
#3041=SHAPE_REPRESENTATION('',(#1581),#3033);
#3042=PRODUCT_DEFINITION_CONTEXT('part definition',#3047,'design');
#3043=PRODUCT_DEFINITION('RearChassis','RearChassis',#3044,#3042);
#3044=PRODUCT_DEFINITION_FORMATION('',$,#3049);
#3045=PRODUCT_RELATED_PRODUCT_CATEGORY('RearChassis','RearChassis',(#3049));
#3046=APPLICATION_PROTOCOL_DEFINITION('international standard',
'automotive_design',2009,#3047);
#3047=APPLICATION_CONTEXT(
'Core Data for Automotive Mechanical Design Process');
#3048=PRODUCT_CONTEXT('part definition',#3047,'mechanical');
#3049=PRODUCT('RearChassis','RearChassis',$,(#3048));
#3050=PRESENTATION_STYLE_ASSIGNMENT((#3051));
#3051=SURFACE_STYLE_USAGE(.BOTH.,#3052);
#3052=SURFACE_SIDE_STYLE('',(#3053));
#3053=SURFACE_STYLE_FILL_AREA(#3054);
#3054=FILL_AREA_STYLE('Steel - Satin',(#3055));
#3055=FILL_AREA_STYLE_COLOUR('Steel - Satin',#3056);
#3056=COLOUR_RGB('Steel - Satin',0.627450980392157,0.627450980392157,0.627450980392157);
ENDSEC;
END-ISO-10303-21;
