ISO-10303-21;
HEADER;
/* Generated by software containing ST-Developer
 * from STEP Tools, Inc. (www.steptools.com) 
 */

FILE_DESCRIPTION(
/* description */ (''),
/* implementation_level */ '2;1');

FILE_NAME(
/* name */ 'TopChassis.step',
/* time_stamp */ '2026-03-29T20:34:47-04:00',
/* author */ (''),
/* organization */ (''),
/* preprocessor_version */ 'ST-DEVELOPER v20.1',
/* originating_system */ 'Autodesk Translation Framework v14.24.0.0',
/* authorisation */ '');

FILE_SCHEMA (('AUTOMOTIVE_DESIGN { 1 0 10303 214 3 1 1 }'));
ENDSEC;

DATA;
#10=MECHANICAL_DESIGN_GEOMETRIC_PRESENTATION_REPRESENTATION('',(#13),#11025);
#11=SHAPE_REPRESENTATION_RELATIONSHIP('SRR','None',#11032,#12);
#12=ADVANCED_BREP_SHAPE_REPRESENTATION('',(#14),#11024);
#13=STYLED_ITEM('',(#11041),#14);
#14=MANIFOLD_SOLID_BREP('TopChassis',#6530);
#15=FACE_BOUND('',#772,.T.);
#16=FACE_BOUND('',#924,.T.);
#17=FACE_BOUND('',#935,.T.);
#18=FACE_BOUND('',#938,.T.);
#19=FACE_BOUND('',#941,.T.);
#20=FACE_BOUND('',#944,.T.);
#21=FACE_BOUND('',#1030,.T.);
#22=FACE_BOUND('',#1057,.T.);
#23=FACE_BOUND('',#1058,.T.);
#24=FACE_BOUND('',#1059,.T.);
#25=FACE_BOUND('',#1072,.T.);
#26=FACE_BOUND('',#1073,.T.);
#27=FACE_BOUND('',#1074,.T.);
#28=FACE_BOUND('',#1077,.T.);
#29=FACE_BOUND('',#1083,.T.);
#30=B_SPLINE_CURVE_WITH_KNOTS('',3,(#9056,#9057,#9058,#9059,#9060,#9061,
#9062,#9063,#9064,#9065,#9066,#9067,#9068,#9069,#9070,#9071,#9072,#9073),
 .UNSPECIFIED.,.F.,.F.,(4,2,2,2,2,2,2,2,4),(5.60253564055598,5.75994255854497,
5.91734947653396,6.11326878810516,6.30918809967637,6.57561740135239,6.84204670302841,
7.24029411940794,7.63854153578748),.UNSPECIFIED.);
#31=B_SPLINE_CURVE_WITH_KNOTS('',3,(#9094,#9095,#9096,#9097,#9098,#9099,
#9100,#9101,#9102,#9103,#9104,#9105,#9106,#9107,#9108,#9109,#9110,#9111),
 .UNSPECIFIED.,.F.,.F.,(4,2,2,2,2,2,2,2,4),(5.60253564055598,5.75994255854498,
5.91734947653397,6.11326878810516,6.30918809967635,6.57561740135238,6.84204670302841,
7.24029411940795,7.63854153578749),.UNSPECIFIED.);
#32=B_SPLINE_CURVE_WITH_KNOTS('',3,(#9115,#9116,#9117,#9118,#9119,#9120,
#9121,#9122,#9123,#9124,#9125,#9126,#9127,#9128,#9129,#9130,#9131,#9132),
 .UNSPECIFIED.,.F.,.F.,(4,2,2,2,2,2,2,2,4),(3.56652974532448,3.96477716170402,
4.36302457808356,4.62945387975958,4.8958831814356,5.0918024930068,5.28772180457801,
5.44512872256699,5.60253564055598),.UNSPECIFIED.);
#33=B_SPLINE_CURVE_WITH_KNOTS('',3,(#9177,#9178,#9179,#9180,#9181,#9182,
#9183,#9184,#9185,#9186,#9187,#9188,#9189,#9190,#9191,#9192,#9193,#9194),
 .UNSPECIFIED.,.F.,.F.,(4,2,2,2,2,2,2,2,4),(3.56652974532448,3.96477716170402,
4.36302457808356,4.62945387975959,4.89588318143562,5.09180249300681,5.287721804578,
5.44512872256699,5.60253564055598),.UNSPECIFIED.);
#34=B_SPLINE_CURVE_WITH_KNOTS('',3,(#9305,#9306,#9307,#9308,#9309,#9310,
#9311,#9312,#9313,#9314,#9315,#9316),.UNSPECIFIED.,.F.,.F.,(4,2,2,2,2,4),
(8.60256019734166,9.02819995666494,9.45383971598822,9.8794794753115,10.3051192346348,
10.6243607414962),.UNSPECIFIED.);
#35=B_SPLINE_CURVE_WITH_KNOTS('',3,(#9629,#9630,#9631,#9632,#9633,#9634,
#9635,#9636,#9637,#9638,#9639,#9640),.UNSPECIFIED.,.F.,.F.,(4,2,2,2,2,4),
(6.58075965318727,6.90000116004862,7.32564091937191,7.7512806786952,8.17692043801848,
8.60256019734177),.UNSPECIFIED.);
#36=B_SPLINE_CURVE_WITH_KNOTS('',3,(#9875,#9876,#9877,#9878,#9879,#9880,
#9881,#9882,#9883,#9884,#9885,#9886),.UNSPECIFIED.,.F.,.F.,(4,2,2,2,2,4),
(4.79035243960548,5.14951757858617,5.55399838965514,5.94817947062235,6.16641157402884,
6.3842085649987),.UNSPECIFIED.);
#37=B_SPLINE_CURVE_WITH_KNOTS('',3,(#9902,#9903,#9904,#9905,#9906,#9907,
#9908,#9909,#9910,#9911,#9912,#9913),.UNSPECIFIED.,.F.,.F.,(4,2,2,2,2,4),
(0.,0.382484729538932,0.769015123643516,1.16441693899229,1.5696688807239,
1.59450996481805),.UNSPECIFIED.);
#38=B_SPLINE_CURVE_WITH_KNOTS('',3,(#9924,#9925,#9926,#9927,#9928,#9929,
#9930,#9931,#9932,#9933,#9934,#9935),.UNSPECIFIED.,.F.,.F.,(4,2,2,2,2,4),
(4.79035243961153,5.14951757859253,5.55399838966192,5.94817947062947,6.16641157403618,
6.38420856500612),.UNSPECIFIED.);
#39=B_SPLINE_CURVE_WITH_KNOTS('',3,(#9946,#9947,#9948,#9949,#9950,#9951,
#9952,#9953,#9954,#9955,#9956,#9957),.UNSPECIFIED.,.F.,.F.,(4,2,2,2,2,4),
(0.,0.38248472953889,0.769015123643363,1.16441693899197,1.56966888072322,
1.5945099648181),.UNSPECIFIED.);
#40=B_SPLINE_CURVE_WITH_KNOTS('',3,(#9964,#9965,#9966,#9967,#9968,#9969,
#9970,#9971,#9972,#9973,#9974,#9975,#9976,#9977),.UNSPECIFIED.,.F.,.F.,
(4,2,2,2,2,2,4),(0.,0.367965544494665,0.745001988328948,1.14341715296405,
1.39856774175282,1.65044174450658,1.65196975960458),.UNSPECIFIED.);
#41=B_SPLINE_CURVE_WITH_KNOTS('',3,(#9981,#9982,#9983,#9984,#9985,#9986,
#9987,#9988,#9989,#9990),.UNSPECIFIED.,.F.,.F.,(4,2,2,2,4),(-1.80014511696806,
-1.50897201899304,-1.21779892101802,-0.972503624679475,-0.810690889391915),
 .UNSPECIFIED.);
#42=B_SPLINE_CURVE_WITH_KNOTS('',3,(#9991,#9992,#9993,#9994,#9995,#9996,
#9997,#9998,#9999,#10000),.UNSPECIFIED.,.F.,.F.,(4,2,2,2,4),(-0.00200259215654457,
0.,0.449359892339889,0.877338691372644,1.06115395488615),.UNSPECIFIED.);
#43=B_SPLINE_CURVE_WITH_KNOTS('',3,(#10004,#10005,#10006,#10007,#10008,
#10009,#10010,#10011,#10012,#10013,#10014,#10015),.UNSPECIFIED.,.F.,.F.,
(4,2,2,2,2,4),(4.79034449976932,5.14861730113973,5.55358949364559,5.9481953476207,
6.16636256833145,6.38420914860531),.UNSPECIFIED.);
#44=B_SPLINE_CURVE_WITH_KNOTS('',3,(#10387,#10388,#10389,#10390,#10391,
#10392,#10393,#10394,#10395,#10396),.UNSPECIFIED.,.F.,.F.,(4,2,2,2,4),(0.,
1.84687561839462,3.69375123678924,5.54062685518386,7.38750247357848),
 .UNSPECIFIED.);
#45=B_SPLINE_CURVE_WITH_KNOTS('',3,(#10517,#10518,#10519,#10520,#10521,
#10522,#10523,#10524,#10525,#10526,#10527,#10528,#10529,#10530,#10531,#10532,
#10533,#10534),.UNSPECIFIED.,.F.,.F.,(4,2,2,2,2,2,2,2,4),(3.56652974532448,
3.96477716170402,4.36302457808357,4.62945387975959,4.89588318143562,5.09180249300681,
5.287721804578,5.44512872256699,5.60253564055599),.UNSPECIFIED.);
#46=B_SPLINE_CURVE_WITH_KNOTS('',3,(#10882,#10883,#10884,#10885,#10886,
#10887,#10888,#10889,#10890,#10891),.UNSPECIFIED.,.F.,.F.,(4,2,2,2,4),(0.,
0.817548484381539,1.63509696876308,2.45264545314462,3.27019393752616),
 .UNSPECIFIED.);
#47=B_SPLINE_CURVE_WITH_KNOTS('',3,(#10948,#10949,#10950,#10951,#10952,
#10953,#10954,#10955,#10956,#10957,#10958,#10959,#10960,#10961,#10962,#10963,
#10964,#10965),.UNSPECIFIED.,.F.,.F.,(4,2,2,2,2,2,2,2,4),(5.60253564055598,
5.75994255854498,5.91734947653397,6.11326878810516,6.30918809967635,6.57561740135238,
6.84204670302841,7.24029411940795,7.63854153578749),.UNSPECIFIED.);
#48=B_SPLINE_CURVE_WITH_KNOTS('',3,(#10977,#10978,#10979,#10980,#10981,
#10982,#10983,#10984,#10985,#10986,#10987,#10988),.UNSPECIFIED.,.F.,.F.,
(4,2,2,2,2,4),(0.,0.382546414988034,0.769367579618235,1.16521384331711,
1.57088275203227,1.59451974302318),.UNSPECIFIED.);
#49=TOROIDAL_SURFACE('',#6596,70.,10.);
#50=TOROIDAL_SURFACE('',#6604,70.,10.);
#51=TOROIDAL_SURFACE('',#6606,70.,10.);
#52=TOROIDAL_SURFACE('',#6622,70.,10.);
#53=TOROIDAL_SURFACE('',#6766,90.,10.);
#54=TOROIDAL_SURFACE('',#6774,90.,10.);
#55=TOROIDAL_SURFACE('',#6779,90.,10.);
#56=TOROIDAL_SURFACE('',#6785,90.,10.);
#57=TOROIDAL_SURFACE('',#6787,1907.561930507,10.);
#58=TOROIDAL_SURFACE('',#6790,90.,10.);
#59=TOROIDAL_SURFACE('',#6800,40.,10.);
#60=TOROIDAL_SURFACE('',#6857,190.,10.);
#61=TOROIDAL_SURFACE('',#6893,120.,20.);
#62=TOROIDAL_SURFACE('',#6898,120.,20.);
#63=TOROIDAL_SURFACE('',#6916,70.,10.);
#64=TOROIDAL_SURFACE('',#7048,70.,10.);
#65=TOROIDAL_SURFACE('',#7054,90.,10.);
#66=(
BOUNDED_SURFACE()
B_SPLINE_SURFACE(2,2,((#9011,#9012,#9013),(#9014,#9015,#9016),(#9017,#9018,
#9019)),.UNSPECIFIED.,.F.,.F.,.F.)
B_SPLINE_SURFACE_WITH_KNOTS((3,3),(3,3),(0.,1.5707963267949),(1.5707963267949,
3.14159265358979),.UNSPECIFIED.)
GEOMETRIC_REPRESENTATION_ITEM()
RATIONAL_B_SPLINE_SURFACE(((1.,0.707106781186548,1.),(0.707106781186557,
0.500000000000007,0.707106781186557),(1.,0.707106781186548,1.)))
REPRESENTATION_ITEM('')
SURFACE()
);
#67=(
BOUNDED_SURFACE()
B_SPLINE_SURFACE(2,2,((#9335,#9336,#9337),(#9338,#9339,#9340),(#9341,#9342,
#9343)),.UNSPECIFIED.,.F.,.F.,.F.)
B_SPLINE_SURFACE_WITH_KNOTS((3,3),(3,3),(-1.5707963267949,0.),(-1.5707963267949,
0.),.UNSPECIFIED.)
GEOMETRIC_REPRESENTATION_ITEM()
RATIONAL_B_SPLINE_SURFACE(((1.,0.707106781186548,1.),(0.707106781186539,
0.499999999999994,0.707106781186539),(1.,0.707106781186548,1.)))
REPRESENTATION_ITEM('')
SURFACE()
);
#68=(
BOUNDED_SURFACE()
B_SPLINE_SURFACE(2,2,((#9585,#9586,#9587),(#9588,#9589,#9590),(#9591,#9592,
#9593)),.UNSPECIFIED.,.F.,.F.,.F.)
B_SPLINE_SURFACE_WITH_KNOTS((3,3),(3,3),(-1.5707963267949,0.),(-3.14159265358979,
-1.5707963267949),.UNSPECIFIED.)
GEOMETRIC_REPRESENTATION_ITEM()
RATIONAL_B_SPLINE_SURFACE(((1.,0.707106781186548,1.),(0.707106781186536,
0.499999999999992,0.707106781186536),(1.,0.707106781186548,1.)))
REPRESENTATION_ITEM('')
SURFACE()
);
#69=(
BOUNDED_SURFACE()
B_SPLINE_SURFACE(2,2,((#9607,#9608,#9609),(#9610,#9611,#9612),(#9613,#9614,
#9615)),.UNSPECIFIED.,.F.,.F.,.F.)
B_SPLINE_SURFACE_WITH_KNOTS((3,3),(3,3),(0.,1.5707963267949),(0.,1.5707963267949),
 .UNSPECIFIED.)
GEOMETRIC_REPRESENTATION_ITEM()
RATIONAL_B_SPLINE_SURFACE(((1.,0.707106781186547,1.),(0.707106781186563,
0.500000000000011,0.707106781186563),(1.,0.707106781186547,1.)))
REPRESENTATION_ITEM('')
SURFACE()
);
#70=(
BOUNDED_SURFACE()
B_SPLINE_SURFACE(2,2,((#10065,#10066,#10067),(#10068,#10069,#10070),(#10071,
#10072,#10073)),.UNSPECIFIED.,.F.,.F.,.F.)
B_SPLINE_SURFACE_WITH_KNOTS((3,3),(3,3),(-1.5707963267949,1.4210854715202E-14),
(0.,0.799501329383991),.UNSPECIFIED.)
GEOMETRIC_REPRESENTATION_ITEM()
RATIONAL_B_SPLINE_SURFACE(((1.,0.921158061113897,1.),(0.707106781186532,
0.651357111558274,0.707106781186532),(1.,0.921158061113897,1.)))
REPRESENTATION_ITEM('')
SURFACE()
);
#71=ELLIPSE('',#6561,28.2842712474619,20.);
#72=ELLIPSE('',#6562,28.2842712474619,20.);
#73=ELLIPSE('',#6573,28.2842712474619,20.);
#74=ELLIPSE('',#6575,28.2842712474619,20.);
#75=ELLIPSE('',#6577,28.2842712474619,20.);
#76=ELLIPSE('',#6588,28.2842712474619,20.);
#77=ELLIPSE('',#6595,10.8239220029239,10.);
#78=ELLIPSE('',#6599,13.9016359101668,10.);
#79=ELLIPSE('',#6603,10.8239220029239,10.);
#80=ELLIPSE('',#6610,10.8239220029242,10.);
#81=ELLIPSE('',#6612,13.9016359101668,10.);
#82=ELLIPSE('',#6616,13.9016359101668,10.);
#83=ELLIPSE('',#6619,13.9016359101668,10.);
#84=ELLIPSE('',#6626,10.8239220029241,10.);
#85=ELLIPSE('',#6643,32.3560422803278,30.);
#86=ELLIPSE('',#6645,28.2842712474619,20.);
#87=ELLIPSE('',#6646,28.2842712474619,20.);
#88=ELLIPSE('',#6670,14.1421356237302,10.);
#89=ELLIPSE('',#6672,14.1421356237302,10.);
#90=ELLIPSE('',#6675,14.1421356237302,10.);
#91=ELLIPSE('',#6677,14.1421356237302,10.);
#92=ELLIPSE('',#6680,10.8239220029242,10.);
#93=ELLIPSE('',#6682,14.1421356237302,10.);
#94=ELLIPSE('',#6703,28.2842712474619,20.);
#95=ELLIPSE('',#6722,28.2842712474619,20.);
#96=ELLIPSE('',#6724,30.0549504691249,30.);
#97=ELLIPSE('',#6726,30.2208128388831,30.);
#98=ELLIPSE('',#6852,30.2208128388831,30.);
#99=ELLIPSE('',#6853,30.054950469125,30.);
#100=ELLIPSE('',#6856,32.5908113221586,30.);
#101=ELLIPSE('',#6866,58.9796461299922,30.);
#102=ELLIPSE('',#6867,61.0752114642475,30.);
#103=ELLIPSE('',#6869,70.7106781186548,50.);
#104=ELLIPSE('',#6889,28.2842712474619,20.);
#105=ELLIPSE('',#6890,28.2842712474619,20.);
#106=ELLIPSE('',#6903,14.142135623731,10.);
#107=ELLIPSE('',#6921,13.9016359101668,10.);
#108=ELLIPSE('',#6924,14.1421356237308,10.);
#109=ELLIPSE('',#6925,14.1421356237311,10.);
#110=ELLIPSE('',#6927,14.142135623731,10.);
#111=ELLIPSE('',#6929,14.142135623731,10.);
#112=ELLIPSE('',#6932,14.142135623731,10.);
#113=ELLIPSE('',#6933,14.142135623731,10.);
#114=ELLIPSE('',#6935,14.142135623731,10.);
#115=ELLIPSE('',#6937,14.142135623731,10.);
#116=ELLIPSE('',#6958,70.7106781186548,50.);
#117=ELLIPSE('',#6987,28.2842712474619,20.);
#118=ELLIPSE('',#6989,28.2842712474619,20.);
#119=ELLIPSE('',#6993,14.142135623731,10.);
#120=ELLIPSE('',#6994,14.142135623731,10.);
#121=ELLIPSE('',#6996,14.142135623731,10.);
#122=ELLIPSE('',#6998,14.142135623731,10.);
#123=ELLIPSE('',#7023,282.842712474619,200.);
#124=ELLIPSE('',#7026,14.142135623731,10.);
#125=ELLIPSE('',#7028,14.1421356237308,10.);
#126=ELLIPSE('',#7029,10.7853474267758,10.);
#127=ELLIPSE('',#7043,14.1421356237302,10.);
#128=ELLIPSE('',#7045,10.823922002924,10.);
#129=ELLIPSE('',#7051,13.9016359101668,10.);
#130=PLANE('',#6547);
#131=PLANE('',#6551);
#132=PLANE('',#6555);
#133=PLANE('',#6556);
#134=PLANE('',#6557);
#135=PLANE('',#6558);
#136=PLANE('',#6559);
#137=PLANE('',#6569);
#138=PLANE('',#6570);
#139=PLANE('',#6578);
#140=PLANE('',#6579);
#141=PLANE('',#6614);
#142=PLANE('',#6621);
#143=PLANE('',#6627);
#144=PLANE('',#6628);
#145=PLANE('',#6629);
#146=PLANE('',#6630);
#147=PLANE('',#6631);
#148=PLANE('',#6632);
#149=PLANE('',#6633);
#150=PLANE('',#6634);
#151=PLANE('',#6635);
#152=PLANE('',#6636);
#153=PLANE('',#6638);
#154=PLANE('',#6639);
#155=PLANE('',#6640);
#156=PLANE('',#6647);
#157=PLANE('',#6651);
#158=PLANE('',#6652);
#159=PLANE('',#6659);
#160=PLANE('',#6663);
#161=PLANE('',#6667);
#162=PLANE('',#6668);
#163=PLANE('',#6673);
#164=PLANE('',#6683);
#165=PLANE('',#6684);
#166=PLANE('',#6685);
#167=PLANE('',#6686);
#168=PLANE('',#6687);
#169=PLANE('',#6688);
#170=PLANE('',#6689);
#171=PLANE('',#6690);
#172=PLANE('',#6691);
#173=PLANE('',#6692);
#174=PLANE('',#6693);
#175=PLANE('',#6695);
#176=PLANE('',#6704);
#177=PLANE('',#6706);
#178=PLANE('',#6707);
#179=PLANE('',#6708);
#180=PLANE('',#6709);
#181=PLANE('',#6710);
#182=PLANE('',#6711);
#183=PLANE('',#6716);
#184=PLANE('',#6720);
#185=PLANE('',#6727);
#186=PLANE('',#6728);
#187=PLANE('',#6729);
#188=PLANE('',#6730);
#189=PLANE('',#6731);
#190=PLANE('',#6732);
#191=PLANE('',#6733);
#192=PLANE('',#6734);
#193=PLANE('',#6735);
#194=PLANE('',#6736);
#195=PLANE('',#6737);
#196=PLANE('',#6738);
#197=PLANE('',#6739);
#198=PLANE('',#6740);
#199=PLANE('',#6741);
#200=PLANE('',#6742);
#201=PLANE('',#6743);
#202=PLANE('',#6744);
#203=PLANE('',#6745);
#204=PLANE('',#6746);
#205=PLANE('',#6747);
#206=PLANE('',#6748);
#207=PLANE('',#6749);
#208=PLANE('',#6750);
#209=PLANE('',#6751);
#210=PLANE('',#6752);
#211=PLANE('',#6753);
#212=PLANE('',#6754);
#213=PLANE('',#6755);
#214=PLANE('',#6756);
#215=PLANE('',#6757);
#216=PLANE('',#6758);
#217=PLANE('',#6759);
#218=PLANE('',#6760);
#219=PLANE('',#6761);
#220=PLANE('',#6762);
#221=PLANE('',#6763);
#222=PLANE('',#6764);
#223=PLANE('',#6765);
#224=PLANE('',#6770);
#225=PLANE('',#6773);
#226=PLANE('',#6776);
#227=PLANE('',#6782);
#228=PLANE('',#6784);
#229=PLANE('',#6793);
#230=PLANE('',#6797);
#231=PLANE('',#6798);
#232=PLANE('',#6799);
#233=PLANE('',#6808);
#234=PLANE('',#6809);
#235=PLANE('',#6810);
#236=PLANE('',#6811);
#237=PLANE('',#6812);
#238=PLANE('',#6813);
#239=PLANE('',#6814);
#240=PLANE('',#6815);
#241=PLANE('',#6816);
#242=PLANE('',#6817);
#243=PLANE('',#6818);
#244=PLANE('',#6819);
#245=PLANE('',#6820);
#246=PLANE('',#6821);
#247=PLANE('',#6822);
#248=PLANE('',#6823);
#249=PLANE('',#6824);
#250=PLANE('',#6825);
#251=PLANE('',#6826);
#252=PLANE('',#6827);
#253=PLANE('',#6828);
#254=PLANE('',#6829);
#255=PLANE('',#6830);
#256=PLANE('',#6831);
#257=PLANE('',#6832);
#258=PLANE('',#6833);
#259=PLANE('',#6834);
#260=PLANE('',#6835);
#261=PLANE('',#6836);
#262=PLANE('',#6837);
#263=PLANE('',#6838);
#264=PLANE('',#6839);
#265=PLANE('',#6840);
#266=PLANE('',#6841);
#267=PLANE('',#6842);
#268=PLANE('',#6843);
#269=PLANE('',#6844);
#270=PLANE('',#6845);
#271=PLANE('',#6846);
#272=PLANE('',#6847);
#273=PLANE('',#6848);
#274=PLANE('',#6849);
#275=PLANE('',#6850);
#276=PLANE('',#6854);
#277=PLANE('',#6862);
#278=PLANE('',#6868);
#279=PLANE('',#6875);
#280=PLANE('',#6879);
#281=PLANE('',#6883);
#282=PLANE('',#6887);
#283=PLANE('',#6904);
#284=PLANE('',#6906);
#285=PLANE('',#6907);
#286=PLANE('',#6908);
#287=PLANE('',#6909);
#288=PLANE('',#6910);
#289=PLANE('',#6911);
#290=PLANE('',#6912);
#291=PLANE('',#6918);
#292=PLANE('',#6922);
#293=PLANE('',#6939);
#294=PLANE('',#6940);
#295=PLANE('',#6941);
#296=PLANE('',#6942);
#297=PLANE('',#6943);
#298=PLANE('',#6944);
#299=PLANE('',#6945);
#300=PLANE('',#6946);
#301=PLANE('',#6947);
#302=PLANE('',#6948);
#303=PLANE('',#6949);
#304=PLANE('',#6950);
#305=PLANE('',#6951);
#306=PLANE('',#6952);
#307=PLANE('',#6953);
#308=PLANE('',#6954);
#309=PLANE('',#6959);
#310=PLANE('',#6960);
#311=PLANE('',#6961);
#312=PLANE('',#6962);
#313=PLANE('',#6963);
#314=PLANE('',#6964);
#315=PLANE('',#6965);
#316=PLANE('',#6966);
#317=PLANE('',#6967);
#318=PLANE('',#6968);
#319=PLANE('',#6969);
#320=PLANE('',#6970);
#321=PLANE('',#6971);
#322=PLANE('',#6972);
#323=PLANE('',#6973);
#324=PLANE('',#6974);
#325=PLANE('',#6983);
#326=PLANE('',#7000);
#327=PLANE('',#7001);
#328=PLANE('',#7002);
#329=PLANE('',#7003);
#330=PLANE('',#7004);
#331=PLANE('',#7005);
#332=PLANE('',#7006);
#333=PLANE('',#7007);
#334=PLANE('',#7008);
#335=PLANE('',#7009);
#336=PLANE('',#7010);
#337=PLANE('',#7011);
#338=PLANE('',#7012);
#339=PLANE('',#7013);
#340=PLANE('',#7014);
#341=PLANE('',#7015);
#342=PLANE('',#7016);
#343=PLANE('',#7017);
#344=PLANE('',#7018);
#345=PLANE('',#7019);
#346=PLANE('',#7020);
#347=PLANE('',#7021);
#348=PLANE('',#7022);
#349=PLANE('',#7031);
#350=PLANE('',#7032);
#351=PLANE('',#7035);
#352=PLANE('',#7036);
#353=PLANE('',#7037);
#354=PLANE('',#7038);
#355=PLANE('',#7041);
#356=PLANE('',#7042);
#357=PLANE('',#7050);
#358=PLANE('',#7058);
#359=PLANE('',#7059);
#360=PLANE('',#7060);
#361=PLANE('',#7066);
#362=PLANE('',#7070);
#363=PLANE('',#7071);
#364=FACE_OUTER_BOUND('',#717,.T.);
#365=FACE_OUTER_BOUND('',#718,.T.);
#366=FACE_OUTER_BOUND('',#719,.T.);
#367=FACE_OUTER_BOUND('',#720,.T.);
#368=FACE_OUTER_BOUND('',#721,.T.);
#369=FACE_OUTER_BOUND('',#722,.T.);
#370=FACE_OUTER_BOUND('',#723,.T.);
#371=FACE_OUTER_BOUND('',#724,.T.);
#372=FACE_OUTER_BOUND('',#725,.T.);
#373=FACE_OUTER_BOUND('',#726,.T.);
#374=FACE_OUTER_BOUND('',#727,.T.);
#375=FACE_OUTER_BOUND('',#728,.T.);
#376=FACE_OUTER_BOUND('',#729,.T.);
#377=FACE_OUTER_BOUND('',#730,.T.);
#378=FACE_OUTER_BOUND('',#731,.T.);
#379=FACE_OUTER_BOUND('',#732,.T.);
#380=FACE_OUTER_BOUND('',#733,.T.);
#381=FACE_OUTER_BOUND('',#734,.T.);
#382=FACE_OUTER_BOUND('',#735,.T.);
#383=FACE_OUTER_BOUND('',#736,.T.);
#384=FACE_OUTER_BOUND('',#737,.T.);
#385=FACE_OUTER_BOUND('',#738,.T.);
#386=FACE_OUTER_BOUND('',#739,.T.);
#387=FACE_OUTER_BOUND('',#740,.T.);
#388=FACE_OUTER_BOUND('',#741,.T.);
#389=FACE_OUTER_BOUND('',#742,.T.);
#390=FACE_OUTER_BOUND('',#743,.T.);
#391=FACE_OUTER_BOUND('',#744,.T.);
#392=FACE_OUTER_BOUND('',#745,.T.);
#393=FACE_OUTER_BOUND('',#746,.T.);
#394=FACE_OUTER_BOUND('',#747,.T.);
#395=FACE_OUTER_BOUND('',#748,.T.);
#396=FACE_OUTER_BOUND('',#749,.T.);
#397=FACE_OUTER_BOUND('',#750,.T.);
#398=FACE_OUTER_BOUND('',#751,.T.);
#399=FACE_OUTER_BOUND('',#752,.T.);
#400=FACE_OUTER_BOUND('',#753,.T.);
#401=FACE_OUTER_BOUND('',#754,.T.);
#402=FACE_OUTER_BOUND('',#755,.T.);
#403=FACE_OUTER_BOUND('',#756,.T.);
#404=FACE_OUTER_BOUND('',#757,.T.);
#405=FACE_OUTER_BOUND('',#758,.T.);
#406=FACE_OUTER_BOUND('',#759,.T.);
#407=FACE_OUTER_BOUND('',#760,.T.);
#408=FACE_OUTER_BOUND('',#761,.T.);
#409=FACE_OUTER_BOUND('',#762,.T.);
#410=FACE_OUTER_BOUND('',#763,.T.);
#411=FACE_OUTER_BOUND('',#764,.T.);
#412=FACE_OUTER_BOUND('',#765,.T.);
#413=FACE_OUTER_BOUND('',#766,.T.);
#414=FACE_OUTER_BOUND('',#767,.T.);
#415=FACE_OUTER_BOUND('',#768,.T.);
#416=FACE_OUTER_BOUND('',#769,.T.);
#417=FACE_OUTER_BOUND('',#770,.T.);
#418=FACE_OUTER_BOUND('',#771,.T.);
#419=FACE_OUTER_BOUND('',#773,.T.);
#420=FACE_OUTER_BOUND('',#774,.T.);
#421=FACE_OUTER_BOUND('',#775,.T.);
#422=FACE_OUTER_BOUND('',#776,.T.);
#423=FACE_OUTER_BOUND('',#777,.T.);
#424=FACE_OUTER_BOUND('',#778,.T.);
#425=FACE_OUTER_BOUND('',#779,.T.);
#426=FACE_OUTER_BOUND('',#780,.T.);
#427=FACE_OUTER_BOUND('',#781,.T.);
#428=FACE_OUTER_BOUND('',#782,.T.);
#429=FACE_OUTER_BOUND('',#783,.T.);
#430=FACE_OUTER_BOUND('',#784,.T.);
#431=FACE_OUTER_BOUND('',#785,.T.);
#432=FACE_OUTER_BOUND('',#786,.T.);
#433=FACE_OUTER_BOUND('',#787,.T.);
#434=FACE_OUTER_BOUND('',#788,.T.);
#435=FACE_OUTER_BOUND('',#789,.T.);
#436=FACE_OUTER_BOUND('',#790,.T.);
#437=FACE_OUTER_BOUND('',#791,.T.);
#438=FACE_OUTER_BOUND('',#792,.T.);
#439=FACE_OUTER_BOUND('',#793,.T.);
#440=FACE_OUTER_BOUND('',#794,.T.);
#441=FACE_OUTER_BOUND('',#795,.T.);
#442=FACE_OUTER_BOUND('',#796,.T.);
#443=FACE_OUTER_BOUND('',#797,.T.);
#444=FACE_OUTER_BOUND('',#798,.T.);
#445=FACE_OUTER_BOUND('',#799,.T.);
#446=FACE_OUTER_BOUND('',#800,.T.);
#447=FACE_OUTER_BOUND('',#801,.T.);
#448=FACE_OUTER_BOUND('',#802,.T.);
#449=FACE_OUTER_BOUND('',#803,.T.);
#450=FACE_OUTER_BOUND('',#804,.T.);
#451=FACE_OUTER_BOUND('',#805,.T.);
#452=FACE_OUTER_BOUND('',#806,.T.);
#453=FACE_OUTER_BOUND('',#807,.T.);
#454=FACE_OUTER_BOUND('',#808,.T.);
#455=FACE_OUTER_BOUND('',#809,.T.);
#456=FACE_OUTER_BOUND('',#810,.T.);
#457=FACE_OUTER_BOUND('',#811,.T.);
#458=FACE_OUTER_BOUND('',#812,.T.);
#459=FACE_OUTER_BOUND('',#813,.T.);
#460=FACE_OUTER_BOUND('',#814,.T.);
#461=FACE_OUTER_BOUND('',#815,.T.);
#462=FACE_OUTER_BOUND('',#816,.T.);
#463=FACE_OUTER_BOUND('',#817,.T.);
#464=FACE_OUTER_BOUND('',#818,.T.);
#465=FACE_OUTER_BOUND('',#819,.T.);
#466=FACE_OUTER_BOUND('',#820,.T.);
#467=FACE_OUTER_BOUND('',#821,.T.);
#468=FACE_OUTER_BOUND('',#822,.T.);
#469=FACE_OUTER_BOUND('',#823,.T.);
#470=FACE_OUTER_BOUND('',#824,.T.);
#471=FACE_OUTER_BOUND('',#825,.T.);
#472=FACE_OUTER_BOUND('',#826,.T.);
#473=FACE_OUTER_BOUND('',#827,.T.);
#474=FACE_OUTER_BOUND('',#828,.T.);
#475=FACE_OUTER_BOUND('',#829,.T.);
#476=FACE_OUTER_BOUND('',#830,.T.);
#477=FACE_OUTER_BOUND('',#831,.T.);
#478=FACE_OUTER_BOUND('',#832,.T.);
#479=FACE_OUTER_BOUND('',#833,.T.);
#480=FACE_OUTER_BOUND('',#834,.T.);
#481=FACE_OUTER_BOUND('',#835,.T.);
#482=FACE_OUTER_BOUND('',#836,.T.);
#483=FACE_OUTER_BOUND('',#837,.T.);
#484=FACE_OUTER_BOUND('',#838,.T.);
#485=FACE_OUTER_BOUND('',#839,.T.);
#486=FACE_OUTER_BOUND('',#840,.T.);
#487=FACE_OUTER_BOUND('',#841,.T.);
#488=FACE_OUTER_BOUND('',#842,.T.);
#489=FACE_OUTER_BOUND('',#843,.T.);
#490=FACE_OUTER_BOUND('',#844,.T.);
#491=FACE_OUTER_BOUND('',#845,.T.);
#492=FACE_OUTER_BOUND('',#846,.T.);
#493=FACE_OUTER_BOUND('',#847,.T.);
#494=FACE_OUTER_BOUND('',#848,.T.);
#495=FACE_OUTER_BOUND('',#849,.T.);
#496=FACE_OUTER_BOUND('',#850,.T.);
#497=FACE_OUTER_BOUND('',#851,.T.);
#498=FACE_OUTER_BOUND('',#852,.T.);
#499=FACE_OUTER_BOUND('',#853,.T.);
#500=FACE_OUTER_BOUND('',#854,.T.);
#501=FACE_OUTER_BOUND('',#855,.T.);
#502=FACE_OUTER_BOUND('',#856,.T.);
#503=FACE_OUTER_BOUND('',#857,.T.);
#504=FACE_OUTER_BOUND('',#858,.T.);
#505=FACE_OUTER_BOUND('',#859,.T.);
#506=FACE_OUTER_BOUND('',#860,.T.);
#507=FACE_OUTER_BOUND('',#861,.T.);
#508=FACE_OUTER_BOUND('',#862,.T.);
#509=FACE_OUTER_BOUND('',#863,.T.);
#510=FACE_OUTER_BOUND('',#864,.T.);
#511=FACE_OUTER_BOUND('',#865,.T.);
#512=FACE_OUTER_BOUND('',#866,.T.);
#513=FACE_OUTER_BOUND('',#867,.T.);
#514=FACE_OUTER_BOUND('',#868,.T.);
#515=FACE_OUTER_BOUND('',#869,.T.);
#516=FACE_OUTER_BOUND('',#870,.T.);
#517=FACE_OUTER_BOUND('',#871,.T.);
#518=FACE_OUTER_BOUND('',#872,.T.);
#519=FACE_OUTER_BOUND('',#873,.T.);
#520=FACE_OUTER_BOUND('',#874,.T.);
#521=FACE_OUTER_BOUND('',#875,.T.);
#522=FACE_OUTER_BOUND('',#876,.T.);
#523=FACE_OUTER_BOUND('',#877,.T.);
#524=FACE_OUTER_BOUND('',#878,.T.);
#525=FACE_OUTER_BOUND('',#879,.T.);
#526=FACE_OUTER_BOUND('',#880,.T.);
#527=FACE_OUTER_BOUND('',#881,.T.);
#528=FACE_OUTER_BOUND('',#882,.T.);
#529=FACE_OUTER_BOUND('',#883,.T.);
#530=FACE_OUTER_BOUND('',#884,.T.);
#531=FACE_OUTER_BOUND('',#885,.T.);
#532=FACE_OUTER_BOUND('',#886,.T.);
#533=FACE_OUTER_BOUND('',#887,.T.);
#534=FACE_OUTER_BOUND('',#888,.T.);
#535=FACE_OUTER_BOUND('',#889,.T.);
#536=FACE_OUTER_BOUND('',#890,.T.);
#537=FACE_OUTER_BOUND('',#891,.T.);
#538=FACE_OUTER_BOUND('',#892,.T.);
#539=FACE_OUTER_BOUND('',#893,.T.);
#540=FACE_OUTER_BOUND('',#894,.T.);
#541=FACE_OUTER_BOUND('',#895,.T.);
#542=FACE_OUTER_BOUND('',#896,.T.);
#543=FACE_OUTER_BOUND('',#897,.T.);
#544=FACE_OUTER_BOUND('',#898,.T.);
#545=FACE_OUTER_BOUND('',#899,.T.);
#546=FACE_OUTER_BOUND('',#900,.T.);
#547=FACE_OUTER_BOUND('',#901,.T.);
#548=FACE_OUTER_BOUND('',#902,.T.);
#549=FACE_OUTER_BOUND('',#903,.T.);
#550=FACE_OUTER_BOUND('',#904,.T.);
#551=FACE_OUTER_BOUND('',#905,.T.);
#552=FACE_OUTER_BOUND('',#906,.T.);
#553=FACE_OUTER_BOUND('',#907,.T.);
#554=FACE_OUTER_BOUND('',#908,.T.);
#555=FACE_OUTER_BOUND('',#909,.T.);
#556=FACE_OUTER_BOUND('',#910,.T.);
#557=FACE_OUTER_BOUND('',#911,.T.);
#558=FACE_OUTER_BOUND('',#912,.T.);
#559=FACE_OUTER_BOUND('',#913,.T.);
#560=FACE_OUTER_BOUND('',#914,.T.);
#561=FACE_OUTER_BOUND('',#915,.T.);
#562=FACE_OUTER_BOUND('',#916,.T.);
#563=FACE_OUTER_BOUND('',#917,.T.);
#564=FACE_OUTER_BOUND('',#918,.T.);
#565=FACE_OUTER_BOUND('',#919,.T.);
#566=FACE_OUTER_BOUND('',#920,.T.);
#567=FACE_OUTER_BOUND('',#921,.T.);
#568=FACE_OUTER_BOUND('',#922,.T.);
#569=FACE_OUTER_BOUND('',#923,.T.);
#570=FACE_OUTER_BOUND('',#925,.T.);
#571=FACE_OUTER_BOUND('',#926,.T.);
#572=FACE_OUTER_BOUND('',#927,.T.);
#573=FACE_OUTER_BOUND('',#928,.T.);
#574=FACE_OUTER_BOUND('',#929,.T.);
#575=FACE_OUTER_BOUND('',#930,.T.);
#576=FACE_OUTER_BOUND('',#931,.T.);
#577=FACE_OUTER_BOUND('',#932,.T.);
#578=FACE_OUTER_BOUND('',#933,.T.);
#579=FACE_OUTER_BOUND('',#934,.T.);
#580=FACE_OUTER_BOUND('',#936,.T.);
#581=FACE_OUTER_BOUND('',#937,.T.);
#582=FACE_OUTER_BOUND('',#939,.T.);
#583=FACE_OUTER_BOUND('',#940,.T.);
#584=FACE_OUTER_BOUND('',#942,.T.);
#585=FACE_OUTER_BOUND('',#943,.T.);
#586=FACE_OUTER_BOUND('',#945,.T.);
#587=FACE_OUTER_BOUND('',#946,.T.);
#588=FACE_OUTER_BOUND('',#947,.T.);
#589=FACE_OUTER_BOUND('',#948,.T.);
#590=FACE_OUTER_BOUND('',#949,.T.);
#591=FACE_OUTER_BOUND('',#950,.T.);
#592=FACE_OUTER_BOUND('',#951,.T.);
#593=FACE_OUTER_BOUND('',#952,.T.);
#594=FACE_OUTER_BOUND('',#953,.T.);
#595=FACE_OUTER_BOUND('',#954,.T.);
#596=FACE_OUTER_BOUND('',#955,.T.);
#597=FACE_OUTER_BOUND('',#956,.T.);
#598=FACE_OUTER_BOUND('',#957,.T.);
#599=FACE_OUTER_BOUND('',#958,.T.);
#600=FACE_OUTER_BOUND('',#959,.T.);
#601=FACE_OUTER_BOUND('',#960,.T.);
#602=FACE_OUTER_BOUND('',#961,.T.);
#603=FACE_OUTER_BOUND('',#962,.T.);
#604=FACE_OUTER_BOUND('',#963,.T.);
#605=FACE_OUTER_BOUND('',#964,.T.);
#606=FACE_OUTER_BOUND('',#965,.T.);
#607=FACE_OUTER_BOUND('',#966,.T.);
#608=FACE_OUTER_BOUND('',#967,.T.);
#609=FACE_OUTER_BOUND('',#968,.T.);
#610=FACE_OUTER_BOUND('',#969,.T.);
#611=FACE_OUTER_BOUND('',#970,.T.);
#612=FACE_OUTER_BOUND('',#971,.T.);
#613=FACE_OUTER_BOUND('',#972,.T.);
#614=FACE_OUTER_BOUND('',#973,.T.);
#615=FACE_OUTER_BOUND('',#974,.T.);
#616=FACE_OUTER_BOUND('',#975,.T.);
#617=FACE_OUTER_BOUND('',#976,.T.);
#618=FACE_OUTER_BOUND('',#977,.T.);
#619=FACE_OUTER_BOUND('',#978,.T.);
#620=FACE_OUTER_BOUND('',#979,.T.);
#621=FACE_OUTER_BOUND('',#980,.T.);
#622=FACE_OUTER_BOUND('',#981,.T.);
#623=FACE_OUTER_BOUND('',#982,.T.);
#624=FACE_OUTER_BOUND('',#983,.T.);
#625=FACE_OUTER_BOUND('',#984,.T.);
#626=FACE_OUTER_BOUND('',#985,.T.);
#627=FACE_OUTER_BOUND('',#986,.T.);
#628=FACE_OUTER_BOUND('',#987,.T.);
#629=FACE_OUTER_BOUND('',#988,.T.);
#630=FACE_OUTER_BOUND('',#989,.T.);
#631=FACE_OUTER_BOUND('',#990,.T.);
#632=FACE_OUTER_BOUND('',#991,.T.);
#633=FACE_OUTER_BOUND('',#992,.T.);
#634=FACE_OUTER_BOUND('',#993,.T.);
#635=FACE_OUTER_BOUND('',#994,.T.);
#636=FACE_OUTER_BOUND('',#995,.T.);
#637=FACE_OUTER_BOUND('',#996,.T.);
#638=FACE_OUTER_BOUND('',#997,.T.);
#639=FACE_OUTER_BOUND('',#998,.T.);
#640=FACE_OUTER_BOUND('',#999,.T.);
#641=FACE_OUTER_BOUND('',#1000,.T.);
#642=FACE_OUTER_BOUND('',#1001,.T.);
#643=FACE_OUTER_BOUND('',#1002,.T.);
#644=FACE_OUTER_BOUND('',#1003,.T.);
#645=FACE_OUTER_BOUND('',#1004,.T.);
#646=FACE_OUTER_BOUND('',#1005,.T.);
#647=FACE_OUTER_BOUND('',#1006,.T.);
#648=FACE_OUTER_BOUND('',#1007,.T.);
#649=FACE_OUTER_BOUND('',#1008,.T.);
#650=FACE_OUTER_BOUND('',#1009,.T.);
#651=FACE_OUTER_BOUND('',#1010,.T.);
#652=FACE_OUTER_BOUND('',#1011,.T.);
#653=FACE_OUTER_BOUND('',#1012,.T.);
#654=FACE_OUTER_BOUND('',#1013,.T.);
#655=FACE_OUTER_BOUND('',#1014,.T.);
#656=FACE_OUTER_BOUND('',#1015,.T.);
#657=FACE_OUTER_BOUND('',#1016,.T.);
#658=FACE_OUTER_BOUND('',#1017,.T.);
#659=FACE_OUTER_BOUND('',#1018,.T.);
#660=FACE_OUTER_BOUND('',#1019,.T.);
#661=FACE_OUTER_BOUND('',#1020,.T.);
#662=FACE_OUTER_BOUND('',#1021,.T.);
#663=FACE_OUTER_BOUND('',#1022,.T.);
#664=FACE_OUTER_BOUND('',#1023,.T.);
#665=FACE_OUTER_BOUND('',#1024,.T.);
#666=FACE_OUTER_BOUND('',#1025,.T.);
#667=FACE_OUTER_BOUND('',#1026,.T.);
#668=FACE_OUTER_BOUND('',#1027,.T.);
#669=FACE_OUTER_BOUND('',#1028,.T.);
#670=FACE_OUTER_BOUND('',#1029,.T.);
#671=FACE_OUTER_BOUND('',#1031,.T.);
#672=FACE_OUTER_BOUND('',#1032,.T.);
#673=FACE_OUTER_BOUND('',#1033,.T.);
#674=FACE_OUTER_BOUND('',#1034,.T.);
#675=FACE_OUTER_BOUND('',#1035,.T.);
#676=FACE_OUTER_BOUND('',#1036,.T.);
#677=FACE_OUTER_BOUND('',#1037,.T.);
#678=FACE_OUTER_BOUND('',#1038,.T.);
#679=FACE_OUTER_BOUND('',#1039,.T.);
#680=FACE_OUTER_BOUND('',#1040,.T.);
#681=FACE_OUTER_BOUND('',#1041,.T.);
#682=FACE_OUTER_BOUND('',#1042,.T.);
#683=FACE_OUTER_BOUND('',#1043,.T.);
#684=FACE_OUTER_BOUND('',#1044,.T.);
#685=FACE_OUTER_BOUND('',#1045,.T.);
#686=FACE_OUTER_BOUND('',#1046,.T.);
#687=FACE_OUTER_BOUND('',#1047,.T.);
#688=FACE_OUTER_BOUND('',#1048,.T.);
#689=FACE_OUTER_BOUND('',#1049,.T.);
#690=FACE_OUTER_BOUND('',#1050,.T.);
#691=FACE_OUTER_BOUND('',#1051,.T.);
#692=FACE_OUTER_BOUND('',#1052,.T.);
#693=FACE_OUTER_BOUND('',#1053,.T.);
#694=FACE_OUTER_BOUND('',#1054,.T.);
#695=FACE_OUTER_BOUND('',#1055,.T.);
#696=FACE_OUTER_BOUND('',#1056,.T.);
#697=FACE_OUTER_BOUND('',#1060,.T.);
#698=FACE_OUTER_BOUND('',#1061,.T.);
#699=FACE_OUTER_BOUND('',#1062,.T.);
#700=FACE_OUTER_BOUND('',#1063,.T.);
#701=FACE_OUTER_BOUND('',#1064,.T.);
#702=FACE_OUTER_BOUND('',#1065,.T.);
#703=FACE_OUTER_BOUND('',#1066,.T.);
#704=FACE_OUTER_BOUND('',#1067,.T.);
#705=FACE_OUTER_BOUND('',#1068,.T.);
#706=FACE_OUTER_BOUND('',#1069,.T.);
#707=FACE_OUTER_BOUND('',#1070,.T.);
#708=FACE_OUTER_BOUND('',#1071,.T.);
#709=FACE_OUTER_BOUND('',#1075,.T.);
#710=FACE_OUTER_BOUND('',#1076,.T.);
#711=FACE_OUTER_BOUND('',#1078,.T.);
#712=FACE_OUTER_BOUND('',#1079,.T.);
#713=FACE_OUTER_BOUND('',#1080,.T.);
#714=FACE_OUTER_BOUND('',#1081,.T.);
#715=FACE_OUTER_BOUND('',#1082,.T.);
#716=FACE_OUTER_BOUND('',#1084,.T.);
#717=EDGE_LOOP('',(#4204,#4205,#4206,#4207));
#718=EDGE_LOOP('',(#4208));
#719=EDGE_LOOP('',(#4209,#4210,#4211,#4212));
#720=EDGE_LOOP('',(#4213));
#721=EDGE_LOOP('',(#4214,#4215,#4216,#4217));
#722=EDGE_LOOP('',(#4218));
#723=EDGE_LOOP('',(#4219,#4220,#4221,#4222));
#724=EDGE_LOOP('',(#4223,#4224,#4225,#4226));
#725=EDGE_LOOP('',(#4227,#4228,#4229,#4230));
#726=EDGE_LOOP('',(#4231,#4232,#4233,#4234));
#727=EDGE_LOOP('',(#4235,#4236,#4237,#4238));
#728=EDGE_LOOP('',(#4239,#4240,#4241,#4242));
#729=EDGE_LOOP('',(#4243,#4244,#4245,#4246));
#730=EDGE_LOOP('',(#4247,#4248,#4249,#4250));
#731=EDGE_LOOP('',(#4251,#4252,#4253,#4254));
#732=EDGE_LOOP('',(#4255,#4256,#4257,#4258));
#733=EDGE_LOOP('',(#4259,#4260,#4261,#4262));
#734=EDGE_LOOP('',(#4263,#4264,#4265,#4266));
#735=EDGE_LOOP('',(#4267,#4268,#4269,#4270));
#736=EDGE_LOOP('',(#4271,#4272,#4273,#4274));
#737=EDGE_LOOP('',(#4275,#4276,#4277,#4278));
#738=EDGE_LOOP('',(#4279,#4280,#4281,#4282));
#739=EDGE_LOOP('',(#4283,#4284,#4285,#4286));
#740=EDGE_LOOP('',(#4287,#4288,#4289,#4290));
#741=EDGE_LOOP('',(#4291,#4292,#4293,#4294));
#742=EDGE_LOOP('',(#4295,#4296,#4297,#4298));
#743=EDGE_LOOP('',(#4299,#4300,#4301,#4302));
#744=EDGE_LOOP('',(#4303,#4304,#4305,#4306));
#745=EDGE_LOOP('',(#4307,#4308,#4309,#4310));
#746=EDGE_LOOP('',(#4311,#4312,#4313,#4314));
#747=EDGE_LOOP('',(#4315,#4316,#4317,#4318));
#748=EDGE_LOOP('',(#4319,#4320,#4321,#4322));
#749=EDGE_LOOP('',(#4323,#4324,#4325,#4326));
#750=EDGE_LOOP('',(#4327,#4328,#4329,#4330,#4331,#4332,#4333,#4334));
#751=EDGE_LOOP('',(#4335,#4336,#4337,#4338));
#752=EDGE_LOOP('',(#4339,#4340,#4341,#4342));
#753=EDGE_LOOP('',(#4343,#4344,#4345,#4346,#4347,#4348,#4349,#4350));
#754=EDGE_LOOP('',(#4351,#4352,#4353,#4354));
#755=EDGE_LOOP('',(#4355,#4356,#4357,#4358));
#756=EDGE_LOOP('',(#4359,#4360,#4361,#4362));
#757=EDGE_LOOP('',(#4363,#4364,#4365,#4366));
#758=EDGE_LOOP('',(#4367,#4368,#4369));
#759=EDGE_LOOP('',(#4370,#4371,#4372,#4373));
#760=EDGE_LOOP('',(#4374,#4375,#4376,#4377,#4378,#4379,#4380,#4381,#4382,
#4383));
#761=EDGE_LOOP('',(#4384,#4385,#4386,#4387));
#762=EDGE_LOOP('',(#4388,#4389,#4390,#4391,#4392,#4393,#4394));
#763=EDGE_LOOP('',(#4395,#4396,#4397,#4398));
#764=EDGE_LOOP('',(#4399,#4400,#4401,#4402));
#765=EDGE_LOOP('',(#4403,#4404,#4405,#4406,#4407));
#766=EDGE_LOOP('',(#4408,#4409,#4410,#4411));
#767=EDGE_LOOP('',(#4412,#4413,#4414,#4415));
#768=EDGE_LOOP('',(#4416,#4417,#4418,#4419,#4420,#4421,#4422,#4423,#4424,
#4425,#4426,#4427,#4428,#4429));
#769=EDGE_LOOP('',(#4430,#4431,#4432,#4433,#4434,#4435));
#770=EDGE_LOOP('',(#4436,#4437,#4438,#4439,#4440));
#771=EDGE_LOOP('',(#4441,#4442,#4443,#4444,#4445,#4446,#4447,#4448));
#772=EDGE_LOOP('',(#4449,#4450,#4451,#4452));
#773=EDGE_LOOP('',(#4453,#4454,#4455,#4456));
#774=EDGE_LOOP('',(#4457,#4458,#4459,#4460));
#775=EDGE_LOOP('',(#4461,#4462,#4463,#4464));
#776=EDGE_LOOP('',(#4465,#4466,#4467,#4468));
#777=EDGE_LOOP('',(#4469,#4470,#4471,#4472));
#778=EDGE_LOOP('',(#4473,#4474,#4475,#4476));
#779=EDGE_LOOP('',(#4477,#4478,#4479,#4480));
#780=EDGE_LOOP('',(#4481,#4482,#4483,#4484));
#781=EDGE_LOOP('',(#4485,#4486,#4487,#4488));
#782=EDGE_LOOP('',(#4489,#4490,#4491,#4492));
#783=EDGE_LOOP('',(#4493,#4494,#4495,#4496));
#784=EDGE_LOOP('',(#4497,#4498,#4499,#4500));
#785=EDGE_LOOP('',(#4501,#4502,#4503,#4504));
#786=EDGE_LOOP('',(#4505,#4506,#4507,#4508));
#787=EDGE_LOOP('',(#4509,#4510,#4511,#4512));
#788=EDGE_LOOP('',(#4513,#4514,#4515,#4516));
#789=EDGE_LOOP('',(#4517,#4518,#4519,#4520));
#790=EDGE_LOOP('',(#4521,#4522,#4523,#4524));
#791=EDGE_LOOP('',(#4525,#4526,#4527,#4528));
#792=EDGE_LOOP('',(#4529,#4530,#4531,#4532));
#793=EDGE_LOOP('',(#4533,#4534,#4535,#4536));
#794=EDGE_LOOP('',(#4537,#4538,#4539,#4540));
#795=EDGE_LOOP('',(#4541,#4542,#4543,#4544));
#796=EDGE_LOOP('',(#4545,#4546,#4547,#4548));
#797=EDGE_LOOP('',(#4549,#4550,#4551,#4552));
#798=EDGE_LOOP('',(#4553,#4554,#4555,#4556));
#799=EDGE_LOOP('',(#4557,#4558,#4559,#4560));
#800=EDGE_LOOP('',(#4561,#4562,#4563,#4564));
#801=EDGE_LOOP('',(#4565,#4566,#4567,#4568));
#802=EDGE_LOOP('',(#4569,#4570,#4571,#4572));
#803=EDGE_LOOP('',(#4573,#4574,#4575,#4576,#4577));
#804=EDGE_LOOP('',(#4578,#4579,#4580,#4581));
#805=EDGE_LOOP('',(#4582,#4583,#4584,#4585));
#806=EDGE_LOOP('',(#4586,#4587,#4588,#4589));
#807=EDGE_LOOP('',(#4590,#4591,#4592,#4593));
#808=EDGE_LOOP('',(#4594,#4595,#4596,#4597));
#809=EDGE_LOOP('',(#4598,#4599,#4600,#4601));
#810=EDGE_LOOP('',(#4602,#4603,#4604,#4605,#4606,#4607,#4608,#4609,#4610,
#4611,#4612,#4613,#4614,#4615,#4616,#4617,#4618,#4619,#4620,#4621,#4622));
#811=EDGE_LOOP('',(#4623,#4624,#4625,#4626));
#812=EDGE_LOOP('',(#4627,#4628,#4629,#4630));
#813=EDGE_LOOP('',(#4631,#4632,#4633,#4634));
#814=EDGE_LOOP('',(#4635,#4636,#4637,#4638));
#815=EDGE_LOOP('',(#4639,#4640,#4641,#4642));
#816=EDGE_LOOP('',(#4643,#4644,#4645,#4646,#4647,#4648,#4649,#4650));
#817=EDGE_LOOP('',(#4651,#4652,#4653,#4654));
#818=EDGE_LOOP('',(#4655,#4656,#4657,#4658,#4659,#4660,#4661,#4662));
#819=EDGE_LOOP('',(#4663,#4664,#4665,#4666,#4667));
#820=EDGE_LOOP('',(#4668,#4669,#4670,#4671,#4672,#4673));
#821=EDGE_LOOP('',(#4674,#4675,#4676,#4677));
#822=EDGE_LOOP('',(#4678,#4679,#4680));
#823=EDGE_LOOP('',(#4681,#4682,#4683,#4684));
#824=EDGE_LOOP('',(#4685,#4686,#4687));
#825=EDGE_LOOP('',(#4688,#4689,#4690));
#826=EDGE_LOOP('',(#4691,#4692,#4693,#4694));
#827=EDGE_LOOP('',(#4695,#4696,#4697));
#828=EDGE_LOOP('',(#4698,#4699,#4700));
#829=EDGE_LOOP('',(#4701,#4702,#4703,#4704));
#830=EDGE_LOOP('',(#4705,#4706,#4707));
#831=EDGE_LOOP('',(#4708,#4709,#4710));
#832=EDGE_LOOP('',(#4711,#4712,#4713,#4714));
#833=EDGE_LOOP('',(#4715,#4716,#4717));
#834=EDGE_LOOP('',(#4718,#4719,#4720));
#835=EDGE_LOOP('',(#4721,#4722,#4723,#4724));
#836=EDGE_LOOP('',(#4725,#4726,#4727));
#837=EDGE_LOOP('',(#4728,#4729,#4730));
#838=EDGE_LOOP('',(#4731,#4732,#4733,#4734));
#839=EDGE_LOOP('',(#4735,#4736,#4737));
#840=EDGE_LOOP('',(#4738,#4739,#4740));
#841=EDGE_LOOP('',(#4741,#4742,#4743,#4744));
#842=EDGE_LOOP('',(#4745,#4746,#4747));
#843=EDGE_LOOP('',(#4748,#4749,#4750));
#844=EDGE_LOOP('',(#4751,#4752,#4753,#4754));
#845=EDGE_LOOP('',(#4755,#4756,#4757));
#846=EDGE_LOOP('',(#4758,#4759,#4760));
#847=EDGE_LOOP('',(#4761,#4762,#4763,#4764));
#848=EDGE_LOOP('',(#4765,#4766,#4767));
#849=EDGE_LOOP('',(#4768,#4769,#4770));
#850=EDGE_LOOP('',(#4771,#4772,#4773,#4774));
#851=EDGE_LOOP('',(#4775,#4776,#4777));
#852=EDGE_LOOP('',(#4778,#4779,#4780));
#853=EDGE_LOOP('',(#4781,#4782,#4783,#4784));
#854=EDGE_LOOP('',(#4785,#4786,#4787));
#855=EDGE_LOOP('',(#4788,#4789,#4790));
#856=EDGE_LOOP('',(#4791,#4792,#4793,#4794));
#857=EDGE_LOOP('',(#4795,#4796,#4797));
#858=EDGE_LOOP('',(#4798,#4799,#4800));
#859=EDGE_LOOP('',(#4801,#4802,#4803,#4804));
#860=EDGE_LOOP('',(#4805,#4806,#4807));
#861=EDGE_LOOP('',(#4808,#4809,#4810,#4811));
#862=EDGE_LOOP('',(#4812,#4813,#4814,#4815,#4816,#4817,#4818,#4819));
#863=EDGE_LOOP('',(#4820,#4821,#4822,#4823));
#864=EDGE_LOOP('',(#4824,#4825,#4826,#4827));
#865=EDGE_LOOP('',(#4828,#4829,#4830,#4831,#4832,#4833,#4834,#4835));
#866=EDGE_LOOP('',(#4836,#4837,#4838,#4839));
#867=EDGE_LOOP('',(#4840,#4841,#4842,#4843,#4844,#4845,#4846,#4847));
#868=EDGE_LOOP('',(#4848,#4849,#4850,#4851));
#869=EDGE_LOOP('',(#4852,#4853,#4854,#4855));
#870=EDGE_LOOP('',(#4856,#4857,#4858,#4859,#4860));
#871=EDGE_LOOP('',(#4861,#4862,#4863,#4864));
#872=EDGE_LOOP('',(#4865,#4866,#4867,#4868,#4869,#4870,#4871,#4872,#4873));
#873=EDGE_LOOP('',(#4874,#4875,#4876,#4877));
#874=EDGE_LOOP('',(#4878,#4879,#4880,#4881,#4882,#4883,#4884,#4885,#4886,
#4887,#4888,#4889,#4890,#4891,#4892,#4893,#4894,#4895,#4896,#4897,#4898,
#4899,#4900,#4901));
#875=EDGE_LOOP('',(#4902,#4903,#4904,#4905));
#876=EDGE_LOOP('',(#4906,#4907,#4908,#4909,#4910));
#877=EDGE_LOOP('',(#4911,#4912,#4913,#4914));
#878=EDGE_LOOP('',(#4915,#4916,#4917,#4918));
#879=EDGE_LOOP('',(#4919,#4920,#4921,#4922));
#880=EDGE_LOOP('',(#4923,#4924,#4925,#4926));
#881=EDGE_LOOP('',(#4927,#4928,#4929,#4930));
#882=EDGE_LOOP('',(#4931,#4932,#4933,#4934));
#883=EDGE_LOOP('',(#4935,#4936,#4937));
#884=EDGE_LOOP('',(#4938,#4939,#4940,#4941));
#885=EDGE_LOOP('',(#4942,#4943,#4944));
#886=EDGE_LOOP('',(#4945,#4946,#4947));
#887=EDGE_LOOP('',(#4948,#4949,#4950,#4951));
#888=EDGE_LOOP('',(#4952,#4953,#4954));
#889=EDGE_LOOP('',(#4955,#4956,#4957));
#890=EDGE_LOOP('',(#4958,#4959,#4960,#4961));
#891=EDGE_LOOP('',(#4962,#4963,#4964));
#892=EDGE_LOOP('',(#4965,#4966,#4967));
#893=EDGE_LOOP('',(#4968,#4969,#4970,#4971));
#894=EDGE_LOOP('',(#4972,#4973,#4974));
#895=EDGE_LOOP('',(#4975,#4976,#4977));
#896=EDGE_LOOP('',(#4978,#4979,#4980,#4981));
#897=EDGE_LOOP('',(#4982,#4983,#4984));
#898=EDGE_LOOP('',(#4985,#4986,#4987));
#899=EDGE_LOOP('',(#4988,#4989,#4990,#4991));
#900=EDGE_LOOP('',(#4992,#4993,#4994));
#901=EDGE_LOOP('',(#4995,#4996,#4997));
#902=EDGE_LOOP('',(#4998,#4999,#5000,#5001));
#903=EDGE_LOOP('',(#5002,#5003,#5004));
#904=EDGE_LOOP('',(#5005,#5006,#5007));
#905=EDGE_LOOP('',(#5008,#5009,#5010,#5011));
#906=EDGE_LOOP('',(#5012,#5013,#5014));
#907=EDGE_LOOP('',(#5015,#5016,#5017));
#908=EDGE_LOOP('',(#5018,#5019,#5020,#5021));
#909=EDGE_LOOP('',(#5022,#5023,#5024));
#910=EDGE_LOOP('',(#5025,#5026,#5027));
#911=EDGE_LOOP('',(#5028,#5029,#5030,#5031));
#912=EDGE_LOOP('',(#5032,#5033,#5034));
#913=EDGE_LOOP('',(#5035,#5036,#5037));
#914=EDGE_LOOP('',(#5038,#5039,#5040,#5041));
#915=EDGE_LOOP('',(#5042,#5043,#5044));
#916=EDGE_LOOP('',(#5045,#5046,#5047));
#917=EDGE_LOOP('',(#5048,#5049,#5050,#5051));
#918=EDGE_LOOP('',(#5052,#5053,#5054));
#919=EDGE_LOOP('',(#5055,#5056,#5057));
#920=EDGE_LOOP('',(#5058,#5059,#5060,#5061));
#921=EDGE_LOOP('',(#5062,#5063,#5064));
#922=EDGE_LOOP('',(#5065,#5066,#5067,#5068));
#923=EDGE_LOOP('',(#5069,#5070,#5071,#5072,#5073,#5074,#5075,#5076,#5077,
#5078,#5079,#5080,#5081,#5082,#5083,#5084,#5085,#5086,#5087,#5088,#5089,
#5090,#5091,#5092,#5093,#5094,#5095,#5096,#5097,#5098,#5099,#5100,#5101,
#5102,#5103,#5104,#5105,#5106,#5107,#5108,#5109,#5110,#5111,#5112,#5113,
#5114,#5115,#5116,#5117,#5118,#5119,#5120,#5121,#5122,#5123,#5124,#5125,
#5126,#5127,#5128,#5129,#5130,#5131,#5132,#5133,#5134,#5135,#5136,#5137,
#5138,#5139,#5140,#5141,#5142,#5143,#5144,#5145,#5146,#5147,#5148,#5149,
#5150,#5151,#5152,#5153,#5154,#5155,#5156,#5157,#5158,#5159,#5160,#5161,
#5162,#5163,#5164,#5165,#5166,#5167,#5168,#5169,#5170,#5171,#5172,#5173,
#5174,#5175,#5176,#5177,#5178,#5179,#5180,#5181,#5182));
#924=EDGE_LOOP('',(#5183));
#925=EDGE_LOOP('',(#5184,#5185,#5186,#5187));
#926=EDGE_LOOP('',(#5188,#5189,#5190,#5191));
#927=EDGE_LOOP('',(#5192,#5193,#5194,#5195,#5196,#5197));
#928=EDGE_LOOP('',(#5198,#5199,#5200,#5201));
#929=EDGE_LOOP('',(#5202,#5203,#5204,#5205,#5206,#5207));
#930=EDGE_LOOP('',(#5208,#5209,#5210,#5211,#5212,#5213,#5214));
#931=EDGE_LOOP('',(#5215,#5216,#5217,#5218));
#932=EDGE_LOOP('',(#5219,#5220,#5221,#5222));
#933=EDGE_LOOP('',(#5223,#5224,#5225,#5226));
#934=EDGE_LOOP('',(#5227,#5228,#5229,#5230,#5231,#5232));
#935=EDGE_LOOP('',(#5233));
#936=EDGE_LOOP('',(#5234,#5235,#5236,#5237));
#937=EDGE_LOOP('',(#5238,#5239,#5240,#5241,#5242,#5243));
#938=EDGE_LOOP('',(#5244));
#939=EDGE_LOOP('',(#5245,#5246,#5247,#5248));
#940=EDGE_LOOP('',(#5249,#5250,#5251,#5252,#5253,#5254));
#941=EDGE_LOOP('',(#5255));
#942=EDGE_LOOP('',(#5256,#5257,#5258,#5259));
#943=EDGE_LOOP('',(#5260,#5261,#5262,#5263,#5264,#5265));
#944=EDGE_LOOP('',(#5266));
#945=EDGE_LOOP('',(#5267,#5268,#5269,#5270));
#946=EDGE_LOOP('',(#5271,#5272,#5273,#5274));
#947=EDGE_LOOP('',(#5275,#5276,#5277,#5278));
#948=EDGE_LOOP('',(#5279,#5280,#5281,#5282));
#949=EDGE_LOOP('',(#5283,#5284,#5285,#5286));
#950=EDGE_LOOP('',(#5287,#5288,#5289,#5290));
#951=EDGE_LOOP('',(#5291,#5292,#5293,#5294));
#952=EDGE_LOOP('',(#5295,#5296,#5297,#5298,#5299,#5300,#5301,#5302,#5303,
#5304));
#953=EDGE_LOOP('',(#5305,#5306,#5307,#5308,#5309,#5310));
#954=EDGE_LOOP('',(#5311,#5312,#5313,#5314));
#955=EDGE_LOOP('',(#5315,#5316,#5317,#5318,#5319,#5320));
#956=EDGE_LOOP('',(#5321,#5322,#5323,#5324));
#957=EDGE_LOOP('',(#5325,#5326,#5327,#5328,#5329,#5330));
#958=EDGE_LOOP('',(#5331,#5332,#5333,#5334));
#959=EDGE_LOOP('',(#5335,#5336,#5337,#5338));
#960=EDGE_LOOP('',(#5339,#5340,#5341,#5342));
#961=EDGE_LOOP('',(#5343,#5344,#5345,#5346));
#962=EDGE_LOOP('',(#5347,#5348,#5349,#5350,#5351,#5352,#5353,#5354));
#963=EDGE_LOOP('',(#5355,#5356,#5357,#5358));
#964=EDGE_LOOP('',(#5359,#5360,#5361,#5362));
#965=EDGE_LOOP('',(#5363,#5364,#5365,#5366));
#966=EDGE_LOOP('',(#5367,#5368,#5369,#5370));
#967=EDGE_LOOP('',(#5371,#5372,#5373,#5374));
#968=EDGE_LOOP('',(#5375,#5376,#5377,#5378));
#969=EDGE_LOOP('',(#5379,#5380,#5381,#5382));
#970=EDGE_LOOP('',(#5383,#5384,#5385,#5386));
#971=EDGE_LOOP('',(#5387,#5388,#5389,#5390));
#972=EDGE_LOOP('',(#5391,#5392,#5393,#5394));
#973=EDGE_LOOP('',(#5395,#5396,#5397,#5398));
#974=EDGE_LOOP('',(#5399,#5400,#5401,#5402));
#975=EDGE_LOOP('',(#5403,#5404,#5405,#5406));
#976=EDGE_LOOP('',(#5407,#5408,#5409,#5410));
#977=EDGE_LOOP('',(#5411,#5412,#5413,#5414,#5415,#5416,#5417,#5418));
#978=EDGE_LOOP('',(#5419,#5420,#5421,#5422));
#979=EDGE_LOOP('',(#5423,#5424,#5425,#5426,#5427,#5428,#5429,#5430));
#980=EDGE_LOOP('',(#5431,#5432,#5433,#5434,#5435,#5436,#5437,#5438));
#981=EDGE_LOOP('',(#5439,#5440,#5441,#5442));
#982=EDGE_LOOP('',(#5443,#5444,#5445,#5446,#5447,#5448,#5449,#5450));
#983=EDGE_LOOP('',(#5451,#5452,#5453,#5454,#5455,#5456,#5457,#5458));
#984=EDGE_LOOP('',(#5459,#5460,#5461,#5462));
#985=EDGE_LOOP('',(#5463,#5464,#5465,#5466,#5467,#5468,#5469,#5470,#5471,
#5472,#5473,#5474,#5475,#5476,#5477,#5478));
#986=EDGE_LOOP('',(#5479,#5480,#5481,#5482,#5483,#5484,#5485,#5486,#5487,
#5488,#5489,#5490,#5491,#5492,#5493,#5494,#5495,#5496,#5497,#5498));
#987=EDGE_LOOP('',(#5499,#5500,#5501,#5502,#5503,#5504,#5505,#5506,#5507,
#5508,#5509,#5510,#5511,#5512,#5513,#5514));
#988=EDGE_LOOP('',(#5515,#5516,#5517,#5518,#5519,#5520,#5521,#5522));
#989=EDGE_LOOP('',(#5523,#5524,#5525,#5526));
#990=EDGE_LOOP('',(#5527,#5528,#5529,#5530));
#991=EDGE_LOOP('',(#5531,#5532,#5533,#5534));
#992=EDGE_LOOP('',(#5535,#5536,#5537,#5538,#5539,#5540));
#993=EDGE_LOOP('',(#5541,#5542,#5543,#5544,#5545));
#994=EDGE_LOOP('',(#5546,#5547,#5548));
#995=EDGE_LOOP('',(#5549,#5550,#5551,#5552));
#996=EDGE_LOOP('',(#5553,#5554,#5555,#5556));
#997=EDGE_LOOP('',(#5557,#5558,#5559,#5560));
#998=EDGE_LOOP('',(#5561,#5562,#5563,#5564));
#999=EDGE_LOOP('',(#5565,#5566,#5567,#5568));
#1000=EDGE_LOOP('',(#5569,#5570,#5571,#5572));
#1001=EDGE_LOOP('',(#5573,#5574,#5575,#5576));
#1002=EDGE_LOOP('',(#5577,#5578,#5579,#5580));
#1003=EDGE_LOOP('',(#5581,#5582,#5583,#5584));
#1004=EDGE_LOOP('',(#5585,#5586,#5587,#5588));
#1005=EDGE_LOOP('',(#5589,#5590,#5591,#5592));
#1006=EDGE_LOOP('',(#5593,#5594,#5595,#5596));
#1007=EDGE_LOOP('',(#5597,#5598,#5599,#5600));
#1008=EDGE_LOOP('',(#5601,#5602,#5603,#5604));
#1009=EDGE_LOOP('',(#5605,#5606,#5607,#5608,#5609,#5610));
#1010=EDGE_LOOP('',(#5611,#5612,#5613,#5614));
#1011=EDGE_LOOP('',(#5615,#5616,#5617,#5618,#5619,#5620));
#1012=EDGE_LOOP('',(#5621,#5622,#5623,#5624));
#1013=EDGE_LOOP('',(#5625,#5626,#5627,#5628,#5629,#5630,#5631));
#1014=EDGE_LOOP('',(#5632,#5633,#5634,#5635,#5636,#5637,#5638));
#1015=EDGE_LOOP('',(#5639,#5640,#5641,#5642));
#1016=EDGE_LOOP('',(#5643,#5644,#5645,#5646));
#1017=EDGE_LOOP('',(#5647,#5648,#5649,#5650,#5651,#5652));
#1018=EDGE_LOOP('',(#5653,#5654,#5655,#5656));
#1019=EDGE_LOOP('',(#5657,#5658,#5659,#5660));
#1020=EDGE_LOOP('',(#5661,#5662,#5663,#5664));
#1021=EDGE_LOOP('',(#5665,#5666,#5667,#5668));
#1022=EDGE_LOOP('',(#5669,#5670,#5671,#5672));
#1023=EDGE_LOOP('',(#5673,#5674,#5675,#5676));
#1024=EDGE_LOOP('',(#5677,#5678,#5679,#5680));
#1025=EDGE_LOOP('',(#5681,#5682,#5683,#5684));
#1026=EDGE_LOOP('',(#5685,#5686,#5687,#5688));
#1027=EDGE_LOOP('',(#5689,#5690,#5691,#5692));
#1028=EDGE_LOOP('',(#5693,#5694,#5695,#5696));
#1029=EDGE_LOOP('',(#5697,#5698,#5699,#5700));
#1030=EDGE_LOOP('',(#5701));
#1031=EDGE_LOOP('',(#5702,#5703,#5704,#5705));
#1032=EDGE_LOOP('',(#5706,#5707,#5708,#5709));
#1033=EDGE_LOOP('',(#5710,#5711,#5712,#5713));
#1034=EDGE_LOOP('',(#5714,#5715,#5716,#5717));
#1035=EDGE_LOOP('',(#5718,#5719,#5720,#5721));
#1036=EDGE_LOOP('',(#5722,#5723,#5724,#5725));
#1037=EDGE_LOOP('',(#5726,#5727,#5728,#5729));
#1038=EDGE_LOOP('',(#5730,#5731,#5732,#5733));
#1039=EDGE_LOOP('',(#5734,#5735,#5736,#5737));
#1040=EDGE_LOOP('',(#5738,#5739,#5740,#5741));
#1041=EDGE_LOOP('',(#5742,#5743,#5744,#5745));
#1042=EDGE_LOOP('',(#5746,#5747,#5748,#5749));
#1043=EDGE_LOOP('',(#5750,#5751,#5752,#5753));
#1044=EDGE_LOOP('',(#5754,#5755,#5756));
#1045=EDGE_LOOP('',(#5757,#5758,#5759,#5760,#5761));
#1046=EDGE_LOOP('',(#5762,#5763,#5764,#5765,#5766,#5767));
#1047=EDGE_LOOP('',(#5768,#5769,#5770,#5771));
#1048=EDGE_LOOP('',(#5772,#5773,#5774,#5775));
#1049=EDGE_LOOP('',(#5776,#5777,#5778,#5779));
#1050=EDGE_LOOP('',(#5780,#5781,#5782,#5783));
#1051=EDGE_LOOP('',(#5784,#5785,#5786,#5787));
#1052=EDGE_LOOP('',(#5788,#5789,#5790,#5791));
#1053=EDGE_LOOP('',(#5792,#5793,#5794,#5795,#5796));
#1054=EDGE_LOOP('',(#5797,#5798,#5799,#5800,#5801,#5802,#5803,#5804,#5805,
#5806));
#1055=EDGE_LOOP('',(#5807,#5808,#5809,#5810,#5811));
#1056=EDGE_LOOP('',(#5812,#5813,#5814,#5815,#5816,#5817,#5818,#5819,#5820,
#5821));
#1057=EDGE_LOOP('',(#5822,#5823,#5824,#5825,#5826,#5827));
#1058=EDGE_LOOP('',(#5828,#5829,#5830,#5831));
#1059=EDGE_LOOP('',(#5832,#5833,#5834,#5835));
#1060=EDGE_LOOP('',(#5836,#5837,#5838,#5839,#5840));
#1061=EDGE_LOOP('',(#5841,#5842,#5843,#5844));
#1062=EDGE_LOOP('',(#5845,#5846,#5847,#5848,#5849,#5850,#5851,#5852,#5853,
#5854));
#1063=EDGE_LOOP('',(#5855,#5856,#5857));
#1064=EDGE_LOOP('',(#5858,#5859,#5860,#5861));
#1065=EDGE_LOOP('',(#5862,#5863,#5864,#5865));
#1066=EDGE_LOOP('',(#5866,#5867,#5868,#5869));
#1067=EDGE_LOOP('',(#5870,#5871,#5872,#5873,#5874,#5875,#5876,#5877));
#1068=EDGE_LOOP('',(#5878,#5879,#5880,#5881));
#1069=EDGE_LOOP('',(#5882,#5883,#5884,#5885));
#1070=EDGE_LOOP('',(#5886,#5887,#5888));
#1071=EDGE_LOOP('',(#5889,#5890,#5891,#5892,#5893,#5894,#5895,#5896,#5897,
#5898,#5899,#5900,#5901,#5902,#5903,#5904,#5905,#5906,#5907,#5908,#5909,
#5910,#5911,#5912,#5913,#5914,#5915,#5916,#5917,#5918,#5919,#5920,#5921,
#5922,#5923,#5924,#5925,#5926,#5927,#5928,#5929,#5930,#5931,#5932,#5933,
#5934,#5935,#5936,#5937,#5938,#5939,#5940,#5941,#5942));
#1072=EDGE_LOOP('',(#5943,#5944,#5945,#5946,#5947,#5948,#5949,#5950,#5951,
#5952,#5953,#5954,#5955,#5956,#5957,#5958,#5959,#5960,#5961,#5962,#5963,
#5964,#5965,#5966,#5967,#5968,#5969,#5970));
#1073=EDGE_LOOP('',(#5971,#5972,#5973,#5974));
#1074=EDGE_LOOP('',(#5975,#5976,#5977,#5978));
#1075=EDGE_LOOP('',(#5979,#5980,#5981,#5982));
#1076=EDGE_LOOP('',(#5983,#5984,#5985,#5986,#5987,#5988,#5989,#5990,#5991,
#5992,#5993,#5994,#5995,#5996,#5997,#5998,#5999,#6000,#6001,#6002,#6003,
#6004,#6005,#6006,#6007,#6008,#6009,#6010,#6011,#6012,#6013,#6014,#6015,
#6016,#6017,#6018,#6019,#6020,#6021,#6022,#6023,#6024));
#1077=EDGE_LOOP('',(#6025,#6026,#6027,#6028));
#1078=EDGE_LOOP('',(#6029,#6030,#6031,#6032));
#1079=EDGE_LOOP('',(#6033,#6034,#6035,#6036,#6037));
#1080=EDGE_LOOP('',(#6038,#6039,#6040,#6041,#6042,#6043,#6044));
#1081=EDGE_LOOP('',(#6045,#6046,#6047,#6048));
#1082=EDGE_LOOP('',(#6049,#6050,#6051,#6052,#6053,#6054,#6055,#6056,#6057,
#6058,#6059,#6060,#6061,#6062,#6063,#6064,#6065,#6066,#6067,#6068,#6069,
#6070,#6071,#6072,#6073,#6074));
#1083=EDGE_LOOP('',(#6075));
#1084=EDGE_LOOP('',(#6076,#6077,#6078,#6079));
#1085=LINE('',#8874,#1824);
#1086=LINE('',#8881,#1825);
#1087=LINE('',#8888,#1826);
#1088=LINE('',#8894,#1827);
#1089=LINE('',#8896,#1828);
#1090=LINE('',#8898,#1829);
#1091=LINE('',#8899,#1830);
#1092=LINE('',#8903,#1831);
#1093=LINE('',#8905,#1832);
#1094=LINE('',#8907,#1833);
#1095=LINE('',#8908,#1834);
#1096=LINE('',#8912,#1835);
#1097=LINE('',#8914,#1836);
#1098=LINE('',#8916,#1837);
#1099=LINE('',#8917,#1838);
#1100=LINE('',#8920,#1839);
#1101=LINE('',#8922,#1840);
#1102=LINE('',#8923,#1841);
#1103=LINE('',#8927,#1842);
#1104=LINE('',#8931,#1843);
#1105=LINE('',#8938,#1844);
#1106=LINE('',#8941,#1845);
#1107=LINE('',#8947,#1846);
#1108=LINE('',#8950,#1847);
#1109=LINE('',#8954,#1848);
#1110=LINE('',#8956,#1849);
#1111=LINE('',#8958,#1850);
#1112=LINE('',#8959,#1851);
#1113=LINE('',#8963,#1852);
#1114=LINE('',#8965,#1853);
#1115=LINE('',#8967,#1854);
#1116=LINE('',#8968,#1855);
#1117=LINE('',#8972,#1856);
#1118=LINE('',#8976,#1857);
#1119=LINE('',#8980,#1858);
#1120=LINE('',#8983,#1859);
#1121=LINE('',#8986,#1860);
#1122=LINE('',#8989,#1861);
#1123=LINE('',#8992,#1862);
#1124=LINE('',#8994,#1863);
#1125=LINE('',#8995,#1864);
#1126=LINE('',#8998,#1865);
#1127=LINE('',#9000,#1866);
#1128=LINE('',#9001,#1867);
#1129=LINE('',#9005,#1868);
#1130=LINE('',#9009,#1869);
#1131=LINE('',#9028,#1870);
#1132=LINE('',#9032,#1871);
#1133=LINE('',#9036,#1872);
#1134=LINE('',#9039,#1873);
#1135=LINE('',#9044,#1874);
#1136=LINE('',#9045,#1875);
#1137=LINE('',#9049,#1876);
#1138=LINE('',#9052,#1877);
#1139=LINE('',#9080,#1878);
#1140=LINE('',#9083,#1879);
#1141=LINE('',#9087,#1880);
#1142=LINE('',#9090,#1881);
#1143=LINE('',#9138,#1882);
#1144=LINE('',#9140,#1883);
#1145=LINE('',#9147,#1884);
#1146=LINE('',#9150,#1885);
#1147=LINE('',#9152,#1886);
#1148=LINE('',#9153,#1887);
#1149=LINE('',#9154,#1888);
#1150=LINE('',#9160,#1889);
#1151=LINE('',#9163,#1890);
#1152=LINE('',#9169,#1891);
#1153=LINE('',#9172,#1892);
#1154=LINE('',#9174,#1893);
#1155=LINE('',#9176,#1894);
#1156=LINE('',#9195,#1895);
#1157=LINE('',#9202,#1896);
#1158=LINE('',#9204,#1897);
#1159=LINE('',#9209,#1898);
#1160=LINE('',#9211,#1899);
#1161=LINE('',#9213,#1900);
#1162=LINE('',#9214,#1901);
#1163=LINE('',#9218,#1902);
#1164=LINE('',#9220,#1903);
#1165=LINE('',#9222,#1904);
#1166=LINE('',#9223,#1905);
#1167=LINE('',#9226,#1906);
#1168=LINE('',#9227,#1907);
#1169=LINE('',#9230,#1908);
#1170=LINE('',#9231,#1909);
#1171=LINE('',#9233,#1910);
#1172=LINE('',#9234,#1911);
#1173=LINE('',#9236,#1912);
#1174=LINE('',#9237,#1913);
#1175=LINE('',#9240,#1914);
#1176=LINE('',#9241,#1915);
#1177=LINE('',#9244,#1916);
#1178=LINE('',#9246,#1917);
#1179=LINE('',#9247,#1918);
#1180=LINE('',#9250,#1919);
#1181=LINE('',#9252,#1920);
#1182=LINE('',#9253,#1921);
#1183=LINE('',#9256,#1922);
#1184=LINE('',#9258,#1923);
#1185=LINE('',#9259,#1924);
#1186=LINE('',#9265,#1925);
#1187=LINE('',#9266,#1926);
#1188=LINE('',#9267,#1927);
#1189=LINE('',#9271,#1928);
#1190=LINE('',#9273,#1929);
#1191=LINE('',#9275,#1930);
#1192=LINE('',#9276,#1931);
#1193=LINE('',#9280,#1932);
#1194=LINE('',#9282,#1933);
#1195=LINE('',#9284,#1934);
#1196=LINE('',#9285,#1935);
#1197=LINE('',#9288,#1936);
#1198=LINE('',#9290,#1937);
#1199=LINE('',#9292,#1938);
#1200=LINE('',#9294,#1939);
#1201=LINE('',#9295,#1940);
#1202=LINE('',#9296,#1941);
#1203=LINE('',#9297,#1942);
#1204=LINE('',#9298,#1943);
#1205=LINE('',#9299,#1944);
#1206=LINE('',#9303,#1945);
#1207=LINE('',#9318,#1946);
#1208=LINE('',#9323,#1947);
#1209=LINE('',#9327,#1948);
#1210=LINE('',#9330,#1949);
#1211=LINE('',#9332,#1950);
#1212=LINE('',#9333,#1951);
#1213=LINE('',#9334,#1952);
#1214=LINE('',#9352,#1953);
#1215=LINE('',#9354,#1954);
#1216=LINE('',#9356,#1955);
#1217=LINE('',#9357,#1956);
#1218=LINE('',#9361,#1957);
#1219=LINE('',#9363,#1958);
#1220=LINE('',#9365,#1959);
#1221=LINE('',#9366,#1960);
#1222=LINE('',#9374,#1961);
#1223=LINE('',#9379,#1962);
#1224=LINE('',#9381,#1963);
#1225=LINE('',#9383,#1964);
#1226=LINE('',#9384,#1965);
#1227=LINE('',#9389,#1966);
#1228=LINE('',#9394,#1967);
#1229=LINE('',#9395,#1968);
#1230=LINE('',#9396,#1969);
#1231=LINE('',#9401,#1970);
#1232=LINE('',#9406,#1971);
#1233=LINE('',#9407,#1972);
#1234=LINE('',#9408,#1973);
#1235=LINE('',#9410,#1974);
#1236=LINE('',#9413,#1975);
#1237=LINE('',#9416,#1976);
#1238=LINE('',#9419,#1977);
#1239=LINE('',#9422,#1978);
#1240=LINE('',#9424,#1979);
#1241=LINE('',#9427,#1980);
#1242=LINE('',#9430,#1981);
#1243=LINE('',#9433,#1982);
#1244=LINE('',#9436,#1983);
#1245=LINE('',#9440,#1984);
#1246=LINE('',#9444,#1985);
#1247=LINE('',#9448,#1986);
#1248=LINE('',#9451,#1987);
#1249=LINE('',#9455,#1988);
#1250=LINE('',#9456,#1989);
#1251=LINE('',#9457,#1990);
#1252=LINE('',#9460,#1991);
#1253=LINE('',#9461,#1992);
#1254=LINE('',#9464,#1993);
#1255=LINE('',#9465,#1994);
#1256=LINE('',#9467,#1995);
#1257=LINE('',#9471,#1996);
#1258=LINE('',#9472,#1997);
#1259=LINE('',#9473,#1998);
#1260=LINE('',#9476,#1999);
#1261=LINE('',#9477,#2000);
#1262=LINE('',#9480,#2001);
#1263=LINE('',#9481,#2002);
#1264=LINE('',#9483,#2003);
#1265=LINE('',#9487,#2004);
#1266=LINE('',#9489,#2005);
#1267=LINE('',#9491,#2006);
#1268=LINE('',#9492,#2007);
#1269=LINE('',#9496,#2008);
#1270=LINE('',#9498,#2009);
#1271=LINE('',#9500,#2010);
#1272=LINE('',#9501,#2011);
#1273=LINE('',#9504,#2012);
#1274=LINE('',#9505,#2013);
#1275=LINE('',#9507,#2014);
#1276=LINE('',#9510,#2015);
#1277=LINE('',#9513,#2016);
#1278=LINE('',#9518,#2017);
#1279=LINE('',#9519,#2018);
#1280=LINE('',#9525,#2019);
#1281=LINE('',#9528,#2020);
#1282=LINE('',#9531,#2021);
#1283=LINE('',#9534,#2022);
#1284=LINE('',#9537,#2023);
#1285=LINE('',#9538,#2024);
#1286=LINE('',#9540,#2025);
#1287=LINE('',#9543,#2026);
#1288=LINE('',#9544,#2027);
#1289=LINE('',#9546,#2028);
#1290=LINE('',#9547,#2029);
#1291=LINE('',#9548,#2030);
#1292=LINE('',#9552,#2031);
#1293=LINE('',#9554,#2032);
#1294=LINE('',#9556,#2033);
#1295=LINE('',#9557,#2034);
#1296=LINE('',#9561,#2035);
#1297=LINE('',#9563,#2036);
#1298=LINE('',#9565,#2037);
#1299=LINE('',#9566,#2038);
#1300=LINE('',#9570,#2039);
#1301=LINE('',#9572,#2040);
#1302=LINE('',#9574,#2041);
#1303=LINE('',#9575,#2042);
#1304=LINE('',#9579,#2043);
#1305=LINE('',#9581,#2044);
#1306=LINE('',#9583,#2045);
#1307=LINE('',#9584,#2046);
#1308=LINE('',#9604,#2047);
#1309=LINE('',#9606,#2048);
#1310=LINE('',#9621,#2049);
#1311=LINE('',#9623,#2050);
#1312=LINE('',#9624,#2051);
#1313=LINE('',#9641,#2052);
#1314=LINE('',#9643,#2053);
#1315=LINE('',#9645,#2054);
#1316=LINE('',#9650,#2055);
#1317=LINE('',#9654,#2056);
#1318=LINE('',#9656,#2057);
#1319=LINE('',#9657,#2058);
#1320=LINE('',#9660,#2059);
#1321=LINE('',#9662,#2060);
#1322=LINE('',#9663,#2061);
#1323=LINE('',#9666,#2062);
#1324=LINE('',#9667,#2063);
#1325=LINE('',#9671,#2064);
#1326=LINE('',#9673,#2065);
#1327=LINE('',#9674,#2066);
#1328=LINE('',#9677,#2067);
#1329=LINE('',#9679,#2068);
#1330=LINE('',#9680,#2069);
#1331=LINE('',#9683,#2070);
#1332=LINE('',#9684,#2071);
#1333=LINE('',#9688,#2072);
#1334=LINE('',#9690,#2073);
#1335=LINE('',#9691,#2074);
#1336=LINE('',#9694,#2075);
#1337=LINE('',#9696,#2076);
#1338=LINE('',#9697,#2077);
#1339=LINE('',#9700,#2078);
#1340=LINE('',#9701,#2079);
#1341=LINE('',#9705,#2080);
#1342=LINE('',#9707,#2081);
#1343=LINE('',#9708,#2082);
#1344=LINE('',#9711,#2083);
#1345=LINE('',#9713,#2084);
#1346=LINE('',#9714,#2085);
#1347=LINE('',#9717,#2086);
#1348=LINE('',#9718,#2087);
#1349=LINE('',#9722,#2088);
#1350=LINE('',#9724,#2089);
#1351=LINE('',#9725,#2090);
#1352=LINE('',#9728,#2091);
#1353=LINE('',#9730,#2092);
#1354=LINE('',#9731,#2093);
#1355=LINE('',#9734,#2094);
#1356=LINE('',#9735,#2095);
#1357=LINE('',#9739,#2096);
#1358=LINE('',#9741,#2097);
#1359=LINE('',#9742,#2098);
#1360=LINE('',#9745,#2099);
#1361=LINE('',#9747,#2100);
#1362=LINE('',#9748,#2101);
#1363=LINE('',#9751,#2102);
#1364=LINE('',#9752,#2103);
#1365=LINE('',#9756,#2104);
#1366=LINE('',#9758,#2105);
#1367=LINE('',#9759,#2106);
#1368=LINE('',#9762,#2107);
#1369=LINE('',#9764,#2108);
#1370=LINE('',#9765,#2109);
#1371=LINE('',#9768,#2110);
#1372=LINE('',#9769,#2111);
#1373=LINE('',#9773,#2112);
#1374=LINE('',#9775,#2113);
#1375=LINE('',#9776,#2114);
#1376=LINE('',#9779,#2115);
#1377=LINE('',#9781,#2116);
#1378=LINE('',#9782,#2117);
#1379=LINE('',#9785,#2118);
#1380=LINE('',#9786,#2119);
#1381=LINE('',#9790,#2120);
#1382=LINE('',#9792,#2121);
#1383=LINE('',#9793,#2122);
#1384=LINE('',#9796,#2123);
#1385=LINE('',#9798,#2124);
#1386=LINE('',#9799,#2125);
#1387=LINE('',#9802,#2126);
#1388=LINE('',#9803,#2127);
#1389=LINE('',#9807,#2128);
#1390=LINE('',#9809,#2129);
#1391=LINE('',#9810,#2130);
#1392=LINE('',#9813,#2131);
#1393=LINE('',#9815,#2132);
#1394=LINE('',#9816,#2133);
#1395=LINE('',#9819,#2134);
#1396=LINE('',#9820,#2135);
#1397=LINE('',#9824,#2136);
#1398=LINE('',#9826,#2137);
#1399=LINE('',#9827,#2138);
#1400=LINE('',#9830,#2139);
#1401=LINE('',#9832,#2140);
#1402=LINE('',#9833,#2141);
#1403=LINE('',#9836,#2142);
#1404=LINE('',#9837,#2143);
#1405=LINE('',#9841,#2144);
#1406=LINE('',#9843,#2145);
#1407=LINE('',#9844,#2146);
#1408=LINE('',#9847,#2147);
#1409=LINE('',#9849,#2148);
#1410=LINE('',#9850,#2149);
#1411=LINE('',#9853,#2150);
#1412=LINE('',#9854,#2151);
#1413=LINE('',#9858,#2152);
#1414=LINE('',#9860,#2153);
#1415=LINE('',#9861,#2154);
#1416=LINE('',#9864,#2155);
#1417=LINE('',#9866,#2156);
#1418=LINE('',#9867,#2157);
#1419=LINE('',#9870,#2158);
#1420=LINE('',#9871,#2159);
#1421=LINE('',#9896,#2160);
#1422=LINE('',#9899,#2161);
#1423=LINE('',#9919,#2162);
#1424=LINE('',#9941,#2163);
#1425=LINE('',#9943,#2164);
#1426=LINE('',#10023,#2165);
#1427=LINE('',#10025,#2166);
#1428=LINE('',#10026,#2167);
#1429=LINE('',#10028,#2168);
#1430=LINE('',#10030,#2169);
#1431=LINE('',#10032,#2170);
#1432=LINE('',#10034,#2171);
#1433=LINE('',#10036,#2172);
#1434=LINE('',#10038,#2173);
#1435=LINE('',#10040,#2174);
#1436=LINE('',#10042,#2175);
#1437=LINE('',#10043,#2176);
#1438=LINE('',#10047,#2177);
#1439=LINE('',#10048,#2178);
#1440=LINE('',#10049,#2179);
#1441=LINE('',#10053,#2180);
#1442=LINE('',#10054,#2181);
#1443=LINE('',#10055,#2182);
#1444=LINE('',#10082,#2183);
#1445=LINE('',#10083,#2184);
#1446=LINE('',#10084,#2185);
#1447=LINE('',#10087,#2186);
#1448=LINE('',#10088,#2187);
#1449=LINE('',#10091,#2188);
#1450=LINE('',#10092,#2189);
#1451=LINE('',#10094,#2190);
#1452=LINE('',#10098,#2191);
#1453=LINE('',#10100,#2192);
#1454=LINE('',#10101,#2193);
#1455=LINE('',#10104,#2194);
#1456=LINE('',#10106,#2195);
#1457=LINE('',#10107,#2196);
#1458=LINE('',#10110,#2197);
#1459=LINE('',#10111,#2198);
#1460=LINE('',#10115,#2199);
#1461=LINE('',#10117,#2200);
#1462=LINE('',#10118,#2201);
#1463=LINE('',#10121,#2202);
#1464=LINE('',#10123,#2203);
#1465=LINE('',#10124,#2204);
#1466=LINE('',#10127,#2205);
#1467=LINE('',#10128,#2206);
#1468=LINE('',#10132,#2207);
#1469=LINE('',#10134,#2208);
#1470=LINE('',#10135,#2209);
#1471=LINE('',#10138,#2210);
#1472=LINE('',#10140,#2211);
#1473=LINE('',#10141,#2212);
#1474=LINE('',#10144,#2213);
#1475=LINE('',#10145,#2214);
#1476=LINE('',#10149,#2215);
#1477=LINE('',#10151,#2216);
#1478=LINE('',#10152,#2217);
#1479=LINE('',#10155,#2218);
#1480=LINE('',#10157,#2219);
#1481=LINE('',#10158,#2220);
#1482=LINE('',#10161,#2221);
#1483=LINE('',#10162,#2222);
#1484=LINE('',#10166,#2223);
#1485=LINE('',#10168,#2224);
#1486=LINE('',#10169,#2225);
#1487=LINE('',#10172,#2226);
#1488=LINE('',#10174,#2227);
#1489=LINE('',#10175,#2228);
#1490=LINE('',#10178,#2229);
#1491=LINE('',#10179,#2230);
#1492=LINE('',#10183,#2231);
#1493=LINE('',#10185,#2232);
#1494=LINE('',#10186,#2233);
#1495=LINE('',#10189,#2234);
#1496=LINE('',#10191,#2235);
#1497=LINE('',#10192,#2236);
#1498=LINE('',#10195,#2237);
#1499=LINE('',#10196,#2238);
#1500=LINE('',#10200,#2239);
#1501=LINE('',#10202,#2240);
#1502=LINE('',#10203,#2241);
#1503=LINE('',#10206,#2242);
#1504=LINE('',#10208,#2243);
#1505=LINE('',#10209,#2244);
#1506=LINE('',#10212,#2245);
#1507=LINE('',#10213,#2246);
#1508=LINE('',#10217,#2247);
#1509=LINE('',#10219,#2248);
#1510=LINE('',#10220,#2249);
#1511=LINE('',#10223,#2250);
#1512=LINE('',#10225,#2251);
#1513=LINE('',#10226,#2252);
#1514=LINE('',#10229,#2253);
#1515=LINE('',#10230,#2254);
#1516=LINE('',#10234,#2255);
#1517=LINE('',#10236,#2256);
#1518=LINE('',#10237,#2257);
#1519=LINE('',#10240,#2258);
#1520=LINE('',#10242,#2259);
#1521=LINE('',#10243,#2260);
#1522=LINE('',#10246,#2261);
#1523=LINE('',#10247,#2262);
#1524=LINE('',#10251,#2263);
#1525=LINE('',#10253,#2264);
#1526=LINE('',#10254,#2265);
#1527=LINE('',#10257,#2266);
#1528=LINE('',#10259,#2267);
#1529=LINE('',#10260,#2268);
#1530=LINE('',#10263,#2269);
#1531=LINE('',#10264,#2270);
#1532=LINE('',#10268,#2271);
#1533=LINE('',#10270,#2272);
#1534=LINE('',#10271,#2273);
#1535=LINE('',#10274,#2274);
#1536=LINE('',#10276,#2275);
#1537=LINE('',#10277,#2276);
#1538=LINE('',#10280,#2277);
#1539=LINE('',#10281,#2278);
#1540=LINE('',#10285,#2279);
#1541=LINE('',#10287,#2280);
#1542=LINE('',#10288,#2281);
#1543=LINE('',#10291,#2282);
#1544=LINE('',#10293,#2283);
#1545=LINE('',#10294,#2284);
#1546=LINE('',#10297,#2285);
#1547=LINE('',#10298,#2286);
#1548=LINE('',#10302,#2287);
#1549=LINE('',#10304,#2288);
#1550=LINE('',#10305,#2289);
#1551=LINE('',#10308,#2290);
#1552=LINE('',#10310,#2291);
#1553=LINE('',#10311,#2292);
#1554=LINE('',#10314,#2293);
#1555=LINE('',#10315,#2294);
#1556=LINE('',#10320,#2295);
#1557=LINE('',#10323,#2296);
#1558=LINE('',#10324,#2297);
#1559=LINE('',#10325,#2298);
#1560=LINE('',#10326,#2299);
#1561=LINE('',#10327,#2300);
#1562=LINE('',#10328,#2301);
#1563=LINE('',#10329,#2302);
#1564=LINE('',#10330,#2303);
#1565=LINE('',#10331,#2304);
#1566=LINE('',#10332,#2305);
#1567=LINE('',#10333,#2306);
#1568=LINE('',#10334,#2307);
#1569=LINE('',#10336,#2308);
#1570=LINE('',#10338,#2309);
#1571=LINE('',#10339,#2310);
#1572=LINE('',#10340,#2311);
#1573=LINE('',#10341,#2312);
#1574=LINE('',#10342,#2313);
#1575=LINE('',#10343,#2314);
#1576=LINE('',#10344,#2315);
#1577=LINE('',#10345,#2316);
#1578=LINE('',#10346,#2317);
#1579=LINE('',#10347,#2318);
#1580=LINE('',#10348,#2319);
#1581=LINE('',#10349,#2320);
#1582=LINE('',#10350,#2321);
#1583=LINE('',#10351,#2322);
#1584=LINE('',#10353,#2323);
#1585=LINE('',#10355,#2324);
#1586=LINE('',#10356,#2325);
#1587=LINE('',#10358,#2326);
#1588=LINE('',#10360,#2327);
#1589=LINE('',#10361,#2328);
#1590=LINE('',#10364,#2329);
#1591=LINE('',#10377,#2330);
#1592=LINE('',#10379,#2331);
#1593=LINE('',#10381,#2332);
#1594=LINE('',#10383,#2333);
#1595=LINE('',#10397,#2334);
#1596=LINE('',#10402,#2335);
#1597=LINE('',#10406,#2336);
#1598=LINE('',#10408,#2337);
#1599=LINE('',#10411,#2338);
#1600=LINE('',#10413,#2339);
#1601=LINE('',#10419,#2340);
#1602=LINE('',#10422,#2341);
#1603=LINE('',#10426,#2342);
#1604=LINE('',#10429,#2343);
#1605=LINE('',#10435,#2344);
#1606=LINE('',#10438,#2345);
#1607=LINE('',#10442,#2346);
#1608=LINE('',#10445,#2347);
#1609=LINE('',#10450,#2348);
#1610=LINE('',#10454,#2349);
#1611=LINE('',#10462,#2350);
#1612=LINE('',#10464,#2351);
#1613=LINE('',#10470,#2352);
#1614=LINE('',#10473,#2353);
#1615=LINE('',#10476,#2354);
#1616=LINE('',#10478,#2355);
#1617=LINE('',#10480,#2356);
#1618=LINE('',#10483,#2357);
#1619=LINE('',#10484,#2358);
#1620=LINE('',#10486,#2359);
#1621=LINE('',#10488,#2360);
#1622=LINE('',#10490,#2361);
#1623=LINE('',#10491,#2362);
#1624=LINE('',#10493,#2363);
#1625=LINE('',#10495,#2364);
#1626=LINE('',#10497,#2365);
#1627=LINE('',#10498,#2366);
#1628=LINE('',#10501,#2367);
#1629=LINE('',#10503,#2368);
#1630=LINE('',#10504,#2369);
#1631=LINE('',#10507,#2370);
#1632=LINE('',#10508,#2371);
#1633=LINE('',#10514,#2372);
#1634=LINE('',#10539,#2373);
#1635=LINE('',#10540,#2374);
#1636=LINE('',#10544,#2375);
#1637=LINE('',#10548,#2376);
#1638=LINE('',#10549,#2377);
#1639=LINE('',#10550,#2378);
#1640=LINE('',#10554,#2379);
#1641=LINE('',#10559,#2380);
#1642=LINE('',#10563,#2381);
#1643=LINE('',#10566,#2382);
#1644=LINE('',#10570,#2383);
#1645=LINE('',#10575,#2384);
#1646=LINE('',#10579,#2385);
#1647=LINE('',#10582,#2386);
#1648=LINE('',#10585,#2387);
#1649=LINE('',#10587,#2388);
#1650=LINE('',#10588,#2389);
#1651=LINE('',#10591,#2390);
#1652=LINE('',#10593,#2391);
#1653=LINE('',#10594,#2392);
#1654=LINE('',#10597,#2393);
#1655=LINE('',#10599,#2394);
#1656=LINE('',#10600,#2395);
#1657=LINE('',#10603,#2396);
#1658=LINE('',#10605,#2397);
#1659=LINE('',#10606,#2398);
#1660=LINE('',#10609,#2399);
#1661=LINE('',#10610,#2400);
#1662=LINE('',#10612,#2401);
#1663=LINE('',#10614,#2402);
#1664=LINE('',#10615,#2403);
#1665=LINE('',#10618,#2404);
#1666=LINE('',#10619,#2405);
#1667=LINE('',#10622,#2406);
#1668=LINE('',#10623,#2407);
#1669=LINE('',#10625,#2408);
#1670=LINE('',#10626,#2409);
#1671=LINE('',#10629,#2410);
#1672=LINE('',#10630,#2411);
#1673=LINE('',#10632,#2412);
#1674=LINE('',#10634,#2413);
#1675=LINE('',#10635,#2414);
#1676=LINE('',#10638,#2415);
#1677=LINE('',#10639,#2416);
#1678=LINE('',#10642,#2417);
#1679=LINE('',#10643,#2418);
#1680=LINE('',#10645,#2419);
#1681=LINE('',#10646,#2420);
#1682=LINE('',#10649,#2421);
#1683=LINE('',#10650,#2422);
#1684=LINE('',#10652,#2423);
#1685=LINE('',#10654,#2424);
#1686=LINE('',#10655,#2425);
#1687=LINE('',#10658,#2426);
#1688=LINE('',#10659,#2427);
#1689=LINE('',#10661,#2428);
#1690=LINE('',#10662,#2429);
#1691=LINE('',#10664,#2430);
#1692=LINE('',#10666,#2431);
#1693=LINE('',#10667,#2432);
#1694=LINE('',#10668,#2433);
#1695=LINE('',#10671,#2434);
#1696=LINE('',#10672,#2435);
#1697=LINE('',#10673,#2436);
#1698=LINE('',#10675,#2437);
#1699=LINE('',#10677,#2438);
#1700=LINE('',#10678,#2439);
#1701=LINE('',#10679,#2440);
#1702=LINE('',#10680,#2441);
#1703=LINE('',#10682,#2442);
#1704=LINE('',#10683,#2443);
#1705=LINE('',#10685,#2444);
#1706=LINE('',#10686,#2445);
#1707=LINE('',#10688,#2446);
#1708=LINE('',#10692,#2447);
#1709=LINE('',#10695,#2448);
#1710=LINE('',#10696,#2449);
#1711=LINE('',#10699,#2450);
#1712=LINE('',#10700,#2451);
#1713=LINE('',#10702,#2452);
#1714=LINE('',#10704,#2453);
#1715=LINE('',#10706,#2454);
#1716=LINE('',#10708,#2455);
#1717=LINE('',#10710,#2456);
#1718=LINE('',#10712,#2457);
#1719=LINE('',#10714,#2458);
#1720=LINE('',#10716,#2459);
#1721=LINE('',#10718,#2460);
#1722=LINE('',#10720,#2461);
#1723=LINE('',#10722,#2462);
#1724=LINE('',#10724,#2463);
#1725=LINE('',#10726,#2464);
#1726=LINE('',#10728,#2465);
#1727=LINE('',#10732,#2466);
#1728=LINE('',#10734,#2467);
#1729=LINE('',#10736,#2468);
#1730=LINE('',#10738,#2469);
#1731=LINE('',#10740,#2470);
#1732=LINE('',#10743,#2471);
#1733=LINE('',#10746,#2472);
#1734=LINE('',#10750,#2473);
#1735=LINE('',#10754,#2474);
#1736=LINE('',#10758,#2475);
#1737=LINE('',#10761,#2476);
#1738=LINE('',#10763,#2477);
#1739=LINE('',#10767,#2478);
#1740=LINE('',#10772,#2479);
#1741=LINE('',#10776,#2480);
#1742=LINE('',#10779,#2481);
#1743=LINE('',#10783,#2482);
#1744=LINE('',#10785,#2483);
#1745=LINE('',#10787,#2484);
#1746=LINE('',#10788,#2485);
#1747=LINE('',#10791,#2486);
#1748=LINE('',#10793,#2487);
#1749=LINE('',#10794,#2488);
#1750=LINE('',#10797,#2489);
#1751=LINE('',#10799,#2490);
#1752=LINE('',#10800,#2491);
#1753=LINE('',#10803,#2492);
#1754=LINE('',#10805,#2493);
#1755=LINE('',#10806,#2494);
#1756=LINE('',#10809,#2495);
#1757=LINE('',#10811,#2496);
#1758=LINE('',#10812,#2497);
#1759=LINE('',#10816,#2498);
#1760=LINE('',#10817,#2499);
#1761=LINE('',#10818,#2500);
#1762=LINE('',#10820,#2501);
#1763=LINE('',#10821,#2502);
#1764=LINE('',#10823,#2503);
#1765=LINE('',#10825,#2504);
#1766=LINE('',#10827,#2505);
#1767=LINE('',#10829,#2506);
#1768=LINE('',#10831,#2507);
#1769=LINE('',#10833,#2508);
#1770=LINE('',#10835,#2509);
#1771=LINE('',#10837,#2510);
#1772=LINE('',#10839,#2511);
#1773=LINE('',#10841,#2512);
#1774=LINE('',#10843,#2513);
#1775=LINE('',#10845,#2514);
#1776=LINE('',#10847,#2515);
#1777=LINE('',#10850,#2516);
#1778=LINE('',#10851,#2517);
#1779=LINE('',#10854,#2518);
#1780=LINE('',#10855,#2519);
#1781=LINE('',#10858,#2520);
#1782=LINE('',#10861,#2521);
#1783=LINE('',#10863,#2522);
#1784=LINE('',#10864,#2523);
#1785=LINE('',#10867,#2524);
#1786=LINE('',#10872,#2525);
#1787=LINE('',#10876,#2526);
#1788=LINE('',#10880,#2527);
#1789=LINE('',#10892,#2528);
#1790=LINE('',#10895,#2529);
#1791=LINE('',#10897,#2530);
#1792=LINE('',#10898,#2531);
#1793=LINE('',#10901,#2532);
#1794=LINE('',#10902,#2533);
#1795=LINE('',#10906,#2534);
#1796=LINE('',#10909,#2535);
#1797=LINE('',#10910,#2536);
#1798=LINE('',#10911,#2537);
#1799=LINE('',#10915,#2538);
#1800=LINE('',#10916,#2539);
#1801=LINE('',#10918,#2540);
#1802=LINE('',#10919,#2541);
#1803=LINE('',#10922,#2542);
#1804=LINE('',#10923,#2543);
#1805=LINE('',#10926,#2544);
#1806=LINE('',#10927,#2545);
#1807=LINE('',#10932,#2546);
#1808=LINE('',#10933,#2547);
#1809=LINE('',#10936,#2548);
#1810=LINE('',#10940,#2549);
#1811=LINE('',#10944,#2550);
#1812=LINE('',#10970,#2551);
#1813=LINE('',#10973,#2552);
#1814=LINE('',#10993,#2553);
#1815=LINE('',#10996,#2554);
#1816=LINE('',#10997,#2555);
#1817=LINE('',#11000,#2556);
#1818=LINE('',#11001,#2557);
#1819=LINE('',#11004,#2558);
#1820=LINE('',#11005,#2559);
#1821=LINE('',#11012,#2560);
#1822=LINE('',#11015,#2561);
#1823=LINE('',#11020,#2562);
#1824=VECTOR('',#7078,100.);
#1825=VECTOR('',#7087,100.);
#1826=VECTOR('',#7096,100.);
#1827=VECTOR('',#7103,10.);
#1828=VECTOR('',#7104,10.);
#1829=VECTOR('',#7105,10.);
#1830=VECTOR('',#7106,10.);
#1831=VECTOR('',#7109,10.);
#1832=VECTOR('',#7110,10.);
#1833=VECTOR('',#7111,10.);
#1834=VECTOR('',#7112,10.);
#1835=VECTOR('',#7115,10.);
#1836=VECTOR('',#7116,10.);
#1837=VECTOR('',#7117,10.);
#1838=VECTOR('',#7118,10.);
#1839=VECTOR('',#7121,10.);
#1840=VECTOR('',#7122,10.);
#1841=VECTOR('',#7123,10.);
#1842=VECTOR('',#7126,10.);
#1843=VECTOR('',#7129,10.);
#1844=VECTOR('',#7136,10.);
#1845=VECTOR('',#7139,10.);
#1846=VECTOR('',#7144,10.);
#1847=VECTOR('',#7147,10.);
#1848=VECTOR('',#7150,10.);
#1849=VECTOR('',#7151,10.);
#1850=VECTOR('',#7152,10.);
#1851=VECTOR('',#7153,10.);
#1852=VECTOR('',#7156,10.);
#1853=VECTOR('',#7157,10.);
#1854=VECTOR('',#7158,10.);
#1855=VECTOR('',#7159,10.);
#1856=VECTOR('',#7162,10.);
#1857=VECTOR('',#7165,10.);
#1858=VECTOR('',#7170,10.);
#1859=VECTOR('',#7173,10.);
#1860=VECTOR('',#7176,10.);
#1861=VECTOR('',#7179,10.);
#1862=VECTOR('',#7182,10.);
#1863=VECTOR('',#7183,10.);
#1864=VECTOR('',#7184,10.);
#1865=VECTOR('',#7187,10.);
#1866=VECTOR('',#7188,10.);
#1867=VECTOR('',#7189,10.);
#1868=VECTOR('',#7192,10.);
#1869=VECTOR('',#7195,10.);
#1870=VECTOR('',#7206,10.);
#1871=VECTOR('',#7209,10.);
#1872=VECTOR('',#7214,10.);
#1873=VECTOR('',#7217,10.);
#1874=VECTOR('',#7222,10.);
#1875=VECTOR('',#7223,10.);
#1876=VECTOR('',#7226,10.);
#1877=VECTOR('',#7229,10.);
#1878=VECTOR('',#7240,10.);
#1879=VECTOR('',#7243,10.);
#1880=VECTOR('',#7246,10.);
#1881=VECTOR('',#7249,10.);
#1882=VECTOR('',#7264,10.);
#1883=VECTOR('',#7265,10.);
#1884=VECTOR('',#7272,10.);
#1885=VECTOR('',#7275,10.);
#1886=VECTOR('',#7278,10.);
#1887=VECTOR('',#7279,10.);
#1888=VECTOR('',#7280,10.);
#1889=VECTOR('',#7285,10.);
#1890=VECTOR('',#7288,10.);
#1891=VECTOR('',#7293,10.);
#1892=VECTOR('',#7296,10.);
#1893=VECTOR('',#7299,10.);
#1894=VECTOR('',#7300,10.);
#1895=VECTOR('',#7301,10.);
#1896=VECTOR('',#7310,10.);
#1897=VECTOR('',#7311,10.);
#1898=VECTOR('',#7316,10.);
#1899=VECTOR('',#7317,10.);
#1900=VECTOR('',#7318,10.);
#1901=VECTOR('',#7319,10.);
#1902=VECTOR('',#7322,10.);
#1903=VECTOR('',#7323,10.);
#1904=VECTOR('',#7324,10.);
#1905=VECTOR('',#7325,10.);
#1906=VECTOR('',#7328,10.);
#1907=VECTOR('',#7329,10.);
#1908=VECTOR('',#7332,10.);
#1909=VECTOR('',#7333,10.);
#1910=VECTOR('',#7336,10.);
#1911=VECTOR('',#7337,10.);
#1912=VECTOR('',#7338,10.);
#1913=VECTOR('',#7339,10.);
#1914=VECTOR('',#7342,10.);
#1915=VECTOR('',#7343,10.);
#1916=VECTOR('',#7346,10.);
#1917=VECTOR('',#7347,10.);
#1918=VECTOR('',#7348,10.);
#1919=VECTOR('',#7351,10.);
#1920=VECTOR('',#7352,10.);
#1921=VECTOR('',#7353,10.);
#1922=VECTOR('',#7356,10.);
#1923=VECTOR('',#7357,10.);
#1924=VECTOR('',#7358,10.);
#1925=VECTOR('',#7363,10.);
#1926=VECTOR('',#7364,10.);
#1927=VECTOR('',#7365,10.);
#1928=VECTOR('',#7368,10.);
#1929=VECTOR('',#7369,10.);
#1930=VECTOR('',#7370,10.);
#1931=VECTOR('',#7371,10.);
#1932=VECTOR('',#7374,10.);
#1933=VECTOR('',#7375,10.);
#1934=VECTOR('',#7376,10.);
#1935=VECTOR('',#7377,10.);
#1936=VECTOR('',#7380,10.);
#1937=VECTOR('',#7381,10.);
#1938=VECTOR('',#7382,10.);
#1939=VECTOR('',#7383,10.);
#1940=VECTOR('',#7384,10.);
#1941=VECTOR('',#7385,10.);
#1942=VECTOR('',#7386,10.);
#1943=VECTOR('',#7387,10.);
#1944=VECTOR('',#7388,10.);
#1945=VECTOR('',#7391,10.);
#1946=VECTOR('',#7392,10.);
#1947=VECTOR('',#7399,10.);
#1948=VECTOR('',#7402,10.);
#1949=VECTOR('',#7407,10.);
#1950=VECTOR('',#7408,10.);
#1951=VECTOR('',#7409,10.);
#1952=VECTOR('',#7410,10.);
#1953=VECTOR('',#7419,10.);
#1954=VECTOR('',#7420,10.);
#1955=VECTOR('',#7421,10.);
#1956=VECTOR('',#7422,10.);
#1957=VECTOR('',#7425,10.);
#1958=VECTOR('',#7426,10.);
#1959=VECTOR('',#7427,10.);
#1960=VECTOR('',#7428,10.);
#1961=VECTOR('',#7439,100.);
#1962=VECTOR('',#7444,10.);
#1963=VECTOR('',#7445,10.);
#1964=VECTOR('',#7446,10.);
#1965=VECTOR('',#7447,10.);
#1966=VECTOR('',#7452,10.);
#1967=VECTOR('',#7457,10.);
#1968=VECTOR('',#7458,10.);
#1969=VECTOR('',#7459,10.);
#1970=VECTOR('',#7464,100.);
#1971=VECTOR('',#7469,10.);
#1972=VECTOR('',#7470,10.);
#1973=VECTOR('',#7471,10.);
#1974=VECTOR('',#7474,10.);
#1975=VECTOR('',#7477,10.);
#1976=VECTOR('',#7480,10.);
#1977=VECTOR('',#7483,10.);
#1978=VECTOR('',#7486,10.);
#1979=VECTOR('',#7489,10.);
#1980=VECTOR('',#7492,10.);
#1981=VECTOR('',#7495,10.);
#1982=VECTOR('',#7498,10.);
#1983=VECTOR('',#7501,10.);
#1984=VECTOR('',#7504,10.);
#1985=VECTOR('',#7507,10.);
#1986=VECTOR('',#7512,10.);
#1987=VECTOR('',#7515,10.);
#1988=VECTOR('',#7518,10.);
#1989=VECTOR('',#7519,10.);
#1990=VECTOR('',#7520,10.);
#1991=VECTOR('',#7523,10.);
#1992=VECTOR('',#7524,10.);
#1993=VECTOR('',#7527,10.);
#1994=VECTOR('',#7528,10.);
#1995=VECTOR('',#7531,10.);
#1996=VECTOR('',#7534,10.);
#1997=VECTOR('',#7535,10.);
#1998=VECTOR('',#7536,10.);
#1999=VECTOR('',#7539,10.);
#2000=VECTOR('',#7540,10.);
#2001=VECTOR('',#7543,10.);
#2002=VECTOR('',#7544,10.);
#2003=VECTOR('',#7547,10.);
#2004=VECTOR('',#7550,10.);
#2005=VECTOR('',#7551,10.);
#2006=VECTOR('',#7552,10.);
#2007=VECTOR('',#7553,10.);
#2008=VECTOR('',#7556,10.);
#2009=VECTOR('',#7557,10.);
#2010=VECTOR('',#7558,10.);
#2011=VECTOR('',#7559,10.);
#2012=VECTOR('',#7562,10.);
#2013=VECTOR('',#7563,10.);
#2014=VECTOR('',#7566,10.);
#2015=VECTOR('',#7569,10.);
#2016=VECTOR('',#7572,10.);
#2017=VECTOR('',#7577,10.);
#2018=VECTOR('',#7578,10.);
#2019=VECTOR('',#7583,10.);
#2020=VECTOR('',#7586,10.);
#2021=VECTOR('',#7589,10.);
#2022=VECTOR('',#7592,10.);
#2023=VECTOR('',#7595,10.);
#2024=VECTOR('',#7596,10.);
#2025=VECTOR('',#7599,10.);
#2026=VECTOR('',#7602,10.);
#2027=VECTOR('',#7603,10.);
#2028=VECTOR('',#7606,10.);
#2029=VECTOR('',#7607,10.);
#2030=VECTOR('',#7608,10.);
#2031=VECTOR('',#7611,10.);
#2032=VECTOR('',#7612,10.);
#2033=VECTOR('',#7613,10.);
#2034=VECTOR('',#7614,10.);
#2035=VECTOR('',#7617,10.);
#2036=VECTOR('',#7618,10.);
#2037=VECTOR('',#7619,10.);
#2038=VECTOR('',#7620,10.);
#2039=VECTOR('',#7623,10.);
#2040=VECTOR('',#7624,10.);
#2041=VECTOR('',#7625,10.);
#2042=VECTOR('',#7626,10.);
#2043=VECTOR('',#7629,10.);
#2044=VECTOR('',#7630,10.);
#2045=VECTOR('',#7631,10.);
#2046=VECTOR('',#7632,10.);
#2047=VECTOR('',#7643,10.);
#2048=VECTOR('',#7646,10.);
#2049=VECTOR('',#7653,10.);
#2050=VECTOR('',#7654,10.);
#2051=VECTOR('',#7655,10.);
#2052=VECTOR('',#7660,10.);
#2053=VECTOR('',#7663,10.);
#2054=VECTOR('',#7664,10.);
#2055=VECTOR('',#7671,10.);
#2056=VECTOR('',#7674,10.);
#2057=VECTOR('',#7675,10.);
#2058=VECTOR('',#7676,10.);
#2059=VECTOR('',#7679,10.);
#2060=VECTOR('',#7680,10.);
#2061=VECTOR('',#7681,10.);
#2062=VECTOR('',#7684,10.);
#2063=VECTOR('',#7685,10.);
#2064=VECTOR('',#7688,10.);
#2065=VECTOR('',#7689,10.);
#2066=VECTOR('',#7690,10.);
#2067=VECTOR('',#7693,10.);
#2068=VECTOR('',#7694,10.);
#2069=VECTOR('',#7695,10.);
#2070=VECTOR('',#7698,10.);
#2071=VECTOR('',#7699,10.);
#2072=VECTOR('',#7702,10.);
#2073=VECTOR('',#7703,10.);
#2074=VECTOR('',#7704,10.);
#2075=VECTOR('',#7707,10.);
#2076=VECTOR('',#7708,10.);
#2077=VECTOR('',#7709,10.);
#2078=VECTOR('',#7712,10.);
#2079=VECTOR('',#7713,10.);
#2080=VECTOR('',#7716,10.);
#2081=VECTOR('',#7717,10.);
#2082=VECTOR('',#7718,10.);
#2083=VECTOR('',#7721,10.);
#2084=VECTOR('',#7722,10.);
#2085=VECTOR('',#7723,10.);
#2086=VECTOR('',#7726,10.);
#2087=VECTOR('',#7727,10.);
#2088=VECTOR('',#7730,10.);
#2089=VECTOR('',#7731,10.);
#2090=VECTOR('',#7732,10.);
#2091=VECTOR('',#7735,10.);
#2092=VECTOR('',#7736,10.);
#2093=VECTOR('',#7737,10.);
#2094=VECTOR('',#7740,10.);
#2095=VECTOR('',#7741,10.);
#2096=VECTOR('',#7744,10.);
#2097=VECTOR('',#7745,10.);
#2098=VECTOR('',#7746,10.);
#2099=VECTOR('',#7749,10.);
#2100=VECTOR('',#7750,10.);
#2101=VECTOR('',#7751,10.);
#2102=VECTOR('',#7754,10.);
#2103=VECTOR('',#7755,10.);
#2104=VECTOR('',#7758,10.);
#2105=VECTOR('',#7759,10.);
#2106=VECTOR('',#7760,10.);
#2107=VECTOR('',#7763,10.);
#2108=VECTOR('',#7764,10.);
#2109=VECTOR('',#7765,10.);
#2110=VECTOR('',#7768,10.);
#2111=VECTOR('',#7769,10.);
#2112=VECTOR('',#7772,10.);
#2113=VECTOR('',#7773,10.);
#2114=VECTOR('',#7774,10.);
#2115=VECTOR('',#7777,10.);
#2116=VECTOR('',#7778,10.);
#2117=VECTOR('',#7779,10.);
#2118=VECTOR('',#7782,10.);
#2119=VECTOR('',#7783,10.);
#2120=VECTOR('',#7786,10.);
#2121=VECTOR('',#7787,10.);
#2122=VECTOR('',#7788,10.);
#2123=VECTOR('',#7791,10.);
#2124=VECTOR('',#7792,10.);
#2125=VECTOR('',#7793,10.);
#2126=VECTOR('',#7796,10.);
#2127=VECTOR('',#7797,10.);
#2128=VECTOR('',#7800,10.);
#2129=VECTOR('',#7801,10.);
#2130=VECTOR('',#7802,10.);
#2131=VECTOR('',#7805,10.);
#2132=VECTOR('',#7806,10.);
#2133=VECTOR('',#7807,10.);
#2134=VECTOR('',#7810,10.);
#2135=VECTOR('',#7811,10.);
#2136=VECTOR('',#7814,10.);
#2137=VECTOR('',#7815,10.);
#2138=VECTOR('',#7816,10.);
#2139=VECTOR('',#7819,10.);
#2140=VECTOR('',#7820,10.);
#2141=VECTOR('',#7821,10.);
#2142=VECTOR('',#7824,10.);
#2143=VECTOR('',#7825,10.);
#2144=VECTOR('',#7828,10.);
#2145=VECTOR('',#7829,10.);
#2146=VECTOR('',#7830,10.);
#2147=VECTOR('',#7833,10.);
#2148=VECTOR('',#7834,10.);
#2149=VECTOR('',#7835,10.);
#2150=VECTOR('',#7838,10.);
#2151=VECTOR('',#7839,10.);
#2152=VECTOR('',#7842,10.);
#2153=VECTOR('',#7843,10.);
#2154=VECTOR('',#7844,10.);
#2155=VECTOR('',#7847,10.);
#2156=VECTOR('',#7848,10.);
#2157=VECTOR('',#7849,10.);
#2158=VECTOR('',#7852,10.);
#2159=VECTOR('',#7853,10.);
#2160=VECTOR('',#7866,10.);
#2161=VECTOR('',#7871,10.);
#2162=VECTOR('',#7880,10.);
#2163=VECTOR('',#7893,10.);
#2164=VECTOR('',#7896,10.);
#2165=VECTOR('',#7919,10.);
#2166=VECTOR('',#7922,10.);
#2167=VECTOR('',#7923,10.);
#2168=VECTOR('',#7926,10.);
#2169=VECTOR('',#7927,10.);
#2170=VECTOR('',#7928,10.);
#2171=VECTOR('',#7929,10.);
#2172=VECTOR('',#7930,10.);
#2173=VECTOR('',#7931,10.);
#2174=VECTOR('',#7932,10.);
#2175=VECTOR('',#7933,10.);
#2176=VECTOR('',#7934,10.);
#2177=VECTOR('',#7937,10.);
#2178=VECTOR('',#7938,10.);
#2179=VECTOR('',#7939,10.);
#2180=VECTOR('',#7942,10.);
#2181=VECTOR('',#7943,10.);
#2182=VECTOR('',#7944,10.);
#2183=VECTOR('',#7963,10.);
#2184=VECTOR('',#7964,10.);
#2185=VECTOR('',#7965,10.);
#2186=VECTOR('',#7968,10.);
#2187=VECTOR('',#7969,10.);
#2188=VECTOR('',#7972,10.);
#2189=VECTOR('',#7973,10.);
#2190=VECTOR('',#7976,10.);
#2191=VECTOR('',#7979,10.);
#2192=VECTOR('',#7980,10.);
#2193=VECTOR('',#7981,10.);
#2194=VECTOR('',#7984,10.);
#2195=VECTOR('',#7985,10.);
#2196=VECTOR('',#7986,10.);
#2197=VECTOR('',#7989,10.);
#2198=VECTOR('',#7990,10.);
#2199=VECTOR('',#7993,10.);
#2200=VECTOR('',#7994,10.);
#2201=VECTOR('',#7995,10.);
#2202=VECTOR('',#7998,10.);
#2203=VECTOR('',#7999,10.);
#2204=VECTOR('',#8000,10.);
#2205=VECTOR('',#8003,10.);
#2206=VECTOR('',#8004,10.);
#2207=VECTOR('',#8007,10.);
#2208=VECTOR('',#8008,10.);
#2209=VECTOR('',#8009,10.);
#2210=VECTOR('',#8012,10.);
#2211=VECTOR('',#8013,10.);
#2212=VECTOR('',#8014,10.);
#2213=VECTOR('',#8017,10.);
#2214=VECTOR('',#8018,10.);
#2215=VECTOR('',#8021,10.);
#2216=VECTOR('',#8022,10.);
#2217=VECTOR('',#8023,10.);
#2218=VECTOR('',#8026,10.);
#2219=VECTOR('',#8027,10.);
#2220=VECTOR('',#8028,10.);
#2221=VECTOR('',#8031,10.);
#2222=VECTOR('',#8032,10.);
#2223=VECTOR('',#8035,10.);
#2224=VECTOR('',#8036,10.);
#2225=VECTOR('',#8037,10.);
#2226=VECTOR('',#8040,10.);
#2227=VECTOR('',#8041,10.);
#2228=VECTOR('',#8042,10.);
#2229=VECTOR('',#8045,10.);
#2230=VECTOR('',#8046,10.);
#2231=VECTOR('',#8049,10.);
#2232=VECTOR('',#8050,10.);
#2233=VECTOR('',#8051,10.);
#2234=VECTOR('',#8054,10.);
#2235=VECTOR('',#8055,10.);
#2236=VECTOR('',#8056,10.);
#2237=VECTOR('',#8059,10.);
#2238=VECTOR('',#8060,10.);
#2239=VECTOR('',#8063,10.);
#2240=VECTOR('',#8064,10.);
#2241=VECTOR('',#8065,10.);
#2242=VECTOR('',#8068,10.);
#2243=VECTOR('',#8069,10.);
#2244=VECTOR('',#8070,10.);
#2245=VECTOR('',#8073,10.);
#2246=VECTOR('',#8074,10.);
#2247=VECTOR('',#8077,10.);
#2248=VECTOR('',#8078,10.);
#2249=VECTOR('',#8079,10.);
#2250=VECTOR('',#8082,10.);
#2251=VECTOR('',#8083,10.);
#2252=VECTOR('',#8084,10.);
#2253=VECTOR('',#8087,10.);
#2254=VECTOR('',#8088,10.);
#2255=VECTOR('',#8091,10.);
#2256=VECTOR('',#8092,10.);
#2257=VECTOR('',#8093,10.);
#2258=VECTOR('',#8096,10.);
#2259=VECTOR('',#8097,10.);
#2260=VECTOR('',#8098,10.);
#2261=VECTOR('',#8101,10.);
#2262=VECTOR('',#8102,10.);
#2263=VECTOR('',#8105,10.);
#2264=VECTOR('',#8106,10.);
#2265=VECTOR('',#8107,10.);
#2266=VECTOR('',#8110,10.);
#2267=VECTOR('',#8111,10.);
#2268=VECTOR('',#8112,10.);
#2269=VECTOR('',#8115,10.);
#2270=VECTOR('',#8116,10.);
#2271=VECTOR('',#8119,10.);
#2272=VECTOR('',#8120,10.);
#2273=VECTOR('',#8121,10.);
#2274=VECTOR('',#8124,10.);
#2275=VECTOR('',#8125,10.);
#2276=VECTOR('',#8126,10.);
#2277=VECTOR('',#8129,10.);
#2278=VECTOR('',#8130,10.);
#2279=VECTOR('',#8133,10.);
#2280=VECTOR('',#8134,10.);
#2281=VECTOR('',#8135,10.);
#2282=VECTOR('',#8138,10.);
#2283=VECTOR('',#8139,10.);
#2284=VECTOR('',#8140,10.);
#2285=VECTOR('',#8143,10.);
#2286=VECTOR('',#8144,10.);
#2287=VECTOR('',#8147,10.);
#2288=VECTOR('',#8148,10.);
#2289=VECTOR('',#8149,10.);
#2290=VECTOR('',#8152,10.);
#2291=VECTOR('',#8153,10.);
#2292=VECTOR('',#8154,10.);
#2293=VECTOR('',#8157,10.);
#2294=VECTOR('',#8158,10.);
#2295=VECTOR('',#8163,10.);
#2296=VECTOR('',#8168,10.);
#2297=VECTOR('',#8169,10.);
#2298=VECTOR('',#8170,10.);
#2299=VECTOR('',#8171,10.);
#2300=VECTOR('',#8172,10.);
#2301=VECTOR('',#8173,10.);
#2302=VECTOR('',#8174,10.);
#2303=VECTOR('',#8175,10.);
#2304=VECTOR('',#8176,10.);
#2305=VECTOR('',#8177,10.);
#2306=VECTOR('',#8178,10.);
#2307=VECTOR('',#8179,10.);
#2308=VECTOR('',#8180,10.);
#2309=VECTOR('',#8181,10.);
#2310=VECTOR('',#8182,10.);
#2311=VECTOR('',#8183,10.);
#2312=VECTOR('',#8184,10.);
#2313=VECTOR('',#8185,10.);
#2314=VECTOR('',#8186,10.);
#2315=VECTOR('',#8187,10.);
#2316=VECTOR('',#8188,10.);
#2317=VECTOR('',#8189,10.);
#2318=VECTOR('',#8190,10.);
#2319=VECTOR('',#8191,10.);
#2320=VECTOR('',#8192,10.);
#2321=VECTOR('',#8193,10.);
#2322=VECTOR('',#8194,10.);
#2323=VECTOR('',#8195,10.);
#2324=VECTOR('',#8196,10.);
#2325=VECTOR('',#8197,10.);
#2326=VECTOR('',#8198,10.);
#2327=VECTOR('',#8199,10.);
#2328=VECTOR('',#8200,10.);
#2329=VECTOR('',#8203,10.);
#2330=VECTOR('',#8218,10.);
#2331=VECTOR('',#8219,10.);
#2332=VECTOR('',#8220,10.);
#2333=VECTOR('',#8221,10.);
#2334=VECTOR('',#8226,10.);
#2335=VECTOR('',#8231,10.);
#2336=VECTOR('',#8236,10.);
#2337=VECTOR('',#8237,10.);
#2338=VECTOR('',#8242,10.);
#2339=VECTOR('',#8245,10.);
#2340=VECTOR('',#8252,10.);
#2341=VECTOR('',#8255,10.);
#2342=VECTOR('',#8260,10.);
#2343=VECTOR('',#8265,10.);
#2344=VECTOR('',#8272,10.);
#2345=VECTOR('',#8275,10.);
#2346=VECTOR('',#8280,10.);
#2347=VECTOR('',#8285,10.);
#2348=VECTOR('',#8290,10.);
#2349=VECTOR('',#8295,10.);
#2350=VECTOR('',#8306,10.);
#2351=VECTOR('',#8309,10.);
#2352=VECTOR('',#8318,10.);
#2353=VECTOR('',#8321,10.);
#2354=VECTOR('',#8324,10.);
#2355=VECTOR('',#8327,10.);
#2356=VECTOR('',#8328,10.);
#2357=VECTOR('',#8331,10.);
#2358=VECTOR('',#8332,10.);
#2359=VECTOR('',#8335,10.);
#2360=VECTOR('',#8338,10.);
#2361=VECTOR('',#8341,10.);
#2362=VECTOR('',#8342,10.);
#2363=VECTOR('',#8345,10.);
#2364=VECTOR('',#8348,10.);
#2365=VECTOR('',#8349,10.);
#2366=VECTOR('',#8350,10.);
#2367=VECTOR('',#8353,10.);
#2368=VECTOR('',#8354,10.);
#2369=VECTOR('',#8355,10.);
#2370=VECTOR('',#8358,10.);
#2371=VECTOR('',#8359,80.);
#2372=VECTOR('',#8366,10.);
#2373=VECTOR('',#8375,10.);
#2374=VECTOR('',#8376,10.);
#2375=VECTOR('',#8381,10.);
#2376=VECTOR('',#8384,10.);
#2377=VECTOR('',#8385,10.);
#2378=VECTOR('',#8386,10.);
#2379=VECTOR('',#8389,10.);
#2380=VECTOR('',#8396,10.);
#2381=VECTOR('',#8401,10.);
#2382=VECTOR('',#8406,10.);
#2383=VECTOR('',#8409,10.);
#2384=VECTOR('',#8416,10.);
#2385=VECTOR('',#8421,10.);
#2386=VECTOR('',#8426,10.);
#2387=VECTOR('',#8429,10.);
#2388=VECTOR('',#8430,10.);
#2389=VECTOR('',#8431,10.);
#2390=VECTOR('',#8434,10.);
#2391=VECTOR('',#8435,10.);
#2392=VECTOR('',#8436,10.);
#2393=VECTOR('',#8439,10.);
#2394=VECTOR('',#8440,10.);
#2395=VECTOR('',#8441,10.);
#2396=VECTOR('',#8444,10.);
#2397=VECTOR('',#8445,10.);
#2398=VECTOR('',#8446,10.);
#2399=VECTOR('',#8449,10.);
#2400=VECTOR('',#8450,10.);
#2401=VECTOR('',#8451,10.);
#2402=VECTOR('',#8452,10.);
#2403=VECTOR('',#8453,10.);
#2404=VECTOR('',#8456,10.);
#2405=VECTOR('',#8457,10.);
#2406=VECTOR('',#8460,10.);
#2407=VECTOR('',#8461,10.);
#2408=VECTOR('',#8462,10.);
#2409=VECTOR('',#8463,10.);
#2410=VECTOR('',#8466,10.);
#2411=VECTOR('',#8467,10.);
#2412=VECTOR('',#8468,10.);
#2413=VECTOR('',#8469,10.);
#2414=VECTOR('',#8470,10.);
#2415=VECTOR('',#8473,10.);
#2416=VECTOR('',#8474,10.);
#2417=VECTOR('',#8477,10.);
#2418=VECTOR('',#8478,10.);
#2419=VECTOR('',#8479,10.);
#2420=VECTOR('',#8480,10.);
#2421=VECTOR('',#8483,10.);
#2422=VECTOR('',#8484,10.);
#2423=VECTOR('',#8485,10.);
#2424=VECTOR('',#8486,10.);
#2425=VECTOR('',#8487,10.);
#2426=VECTOR('',#8490,10.);
#2427=VECTOR('',#8491,10.);
#2428=VECTOR('',#8494,10.);
#2429=VECTOR('',#8495,10.);
#2430=VECTOR('',#8496,10.);
#2431=VECTOR('',#8497,10.);
#2432=VECTOR('',#8498,10.);
#2433=VECTOR('',#8499,10.);
#2434=VECTOR('',#8502,10.);
#2435=VECTOR('',#8503,10.);
#2436=VECTOR('',#8504,10.);
#2437=VECTOR('',#8507,10.);
#2438=VECTOR('',#8508,10.);
#2439=VECTOR('',#8509,10.);
#2440=VECTOR('',#8510,10.);
#2441=VECTOR('',#8511,10.);
#2442=VECTOR('',#8514,10.);
#2443=VECTOR('',#8515,10.);
#2444=VECTOR('',#8518,10.);
#2445=VECTOR('',#8519,10.);
#2446=VECTOR('',#8522,10.);
#2447=VECTOR('',#8527,10.);
#2448=VECTOR('',#8530,10.);
#2449=VECTOR('',#8531,10.);
#2450=VECTOR('',#8534,10.);
#2451=VECTOR('',#8535,10.);
#2452=VECTOR('',#8538,10.);
#2453=VECTOR('',#8541,10.);
#2454=VECTOR('',#8544,10.);
#2455=VECTOR('',#8547,10.);
#2456=VECTOR('',#8550,10.);
#2457=VECTOR('',#8553,10.);
#2458=VECTOR('',#8556,10.);
#2459=VECTOR('',#8559,10.);
#2460=VECTOR('',#8562,10.);
#2461=VECTOR('',#8565,10.);
#2462=VECTOR('',#8568,10.);
#2463=VECTOR('',#8571,10.);
#2464=VECTOR('',#8574,10.);
#2465=VECTOR('',#8577,10.);
#2466=VECTOR('',#8582,10.);
#2467=VECTOR('',#8585,10.);
#2468=VECTOR('',#8588,10.);
#2469=VECTOR('',#8591,10.);
#2470=VECTOR('',#8594,10.);
#2471=VECTOR('',#8597,10.);
#2472=VECTOR('',#8600,10.);
#2473=VECTOR('',#8605,10.);
#2474=VECTOR('',#8610,10.);
#2475=VECTOR('',#8615,10.);
#2476=VECTOR('',#8620,10.);
#2477=VECTOR('',#8623,10.);
#2478=VECTOR('',#8626,10.);
#2479=VECTOR('',#8633,10.);
#2480=VECTOR('',#8638,10.);
#2481=VECTOR('',#8643,10.);
#2482=VECTOR('',#8646,10.);
#2483=VECTOR('',#8647,10.);
#2484=VECTOR('',#8648,10.);
#2485=VECTOR('',#8649,10.);
#2486=VECTOR('',#8652,10.);
#2487=VECTOR('',#8653,10.);
#2488=VECTOR('',#8654,10.);
#2489=VECTOR('',#8657,10.);
#2490=VECTOR('',#8658,10.);
#2491=VECTOR('',#8659,10.);
#2492=VECTOR('',#8662,10.);
#2493=VECTOR('',#8663,10.);
#2494=VECTOR('',#8664,10.);
#2495=VECTOR('',#8667,10.);
#2496=VECTOR('',#8668,10.);
#2497=VECTOR('',#8669,10.);
#2498=VECTOR('',#8672,10.);
#2499=VECTOR('',#8673,10.);
#2500=VECTOR('',#8674,10.);
#2501=VECTOR('',#8677,10.);
#2502=VECTOR('',#8678,10.);
#2503=VECTOR('',#8681,10.);
#2504=VECTOR('',#8684,10.);
#2505=VECTOR('',#8687,10.);
#2506=VECTOR('',#8690,10.);
#2507=VECTOR('',#8693,10.);
#2508=VECTOR('',#8696,10.);
#2509=VECTOR('',#8699,10.);
#2510=VECTOR('',#8702,10.);
#2511=VECTOR('',#8705,10.);
#2512=VECTOR('',#8708,10.);
#2513=VECTOR('',#8711,10.);
#2514=VECTOR('',#8714,10.);
#2515=VECTOR('',#8717,10.);
#2516=VECTOR('',#8720,10.);
#2517=VECTOR('',#8721,10.);
#2518=VECTOR('',#8724,10.);
#2519=VECTOR('',#8725,10.);
#2520=VECTOR('',#8728,10.);
#2521=VECTOR('',#8731,10.);
#2522=VECTOR('',#8734,10.);
#2523=VECTOR('',#8735,10.);
#2524=VECTOR('',#8738,10.);
#2525=VECTOR('',#8743,10.);
#2526=VECTOR('',#8746,10.);
#2527=VECTOR('',#8751,10.);
#2528=VECTOR('',#8752,10.);
#2529=VECTOR('',#8755,10.);
#2530=VECTOR('',#8756,10.);
#2531=VECTOR('',#8757,10.);
#2532=VECTOR('',#8760,10.);
#2533=VECTOR('',#8761,10.);
#2534=VECTOR('',#8766,10.);
#2535=VECTOR('',#8769,10.);
#2536=VECTOR('',#8770,10.);
#2537=VECTOR('',#8771,10.);
#2538=VECTOR('',#8774,10.);
#2539=VECTOR('',#8775,10.);
#2540=VECTOR('',#8776,10.);
#2541=VECTOR('',#8777,10.);
#2542=VECTOR('',#8780,10.);
#2543=VECTOR('',#8781,10.);
#2544=VECTOR('',#8784,10.);
#2545=VECTOR('',#8785,10.);
#2546=VECTOR('',#8792,10.);
#2547=VECTOR('',#8793,10.);
#2548=VECTOR('',#8796,10.);
#2549=VECTOR('',#8801,10.);
#2550=VECTOR('',#8806,10.);
#2551=VECTOR('',#8817,10.);
#2552=VECTOR('',#8820,10.);
#2553=VECTOR('',#8831,10.);
#2554=VECTOR('',#8834,10.);
#2555=VECTOR('',#8835,10.);
#2556=VECTOR('',#8838,10.);
#2557=VECTOR('',#8839,10.);
#2558=VECTOR('',#8842,10.);
#2559=VECTOR('',#8843,10.);
#2560=VECTOR('',#8852,10.);
#2561=VECTOR('',#8857,10.);
#2562=VECTOR('',#8866,10.);
#2563=CIRCLE('',#6545,100.);
#2564=CIRCLE('',#6546,100.);
#2565=CIRCLE('',#6549,100.);
#2566=CIRCLE('',#6550,100.);
#2567=CIRCLE('',#6553,100.);
#2568=CIRCLE('',#6554,100.);
#2569=CIRCLE('',#6564,80.);
#2570=CIRCLE('',#6565,80.);
#2571=CIRCLE('',#6567,80.);
#2572=CIRCLE('',#6568,80.);
#2573=CIRCLE('',#6572,20.);
#2574=CIRCLE('',#6581,30.);
#2575=CIRCLE('',#6582,30.);
#2576=CIRCLE('',#6583,20.);
#2577=CIRCLE('',#6584,30.);
#2578=CIRCLE('',#6585,50.);
#2579=CIRCLE('',#6587,20.);
#2580=CIRCLE('',#6590,30.);
#2581=CIRCLE('',#6592,50.);
#2582=CIRCLE('',#6594,10.);
#2583=CIRCLE('',#6597,70.);
#2584=CIRCLE('',#6600,10.);
#2585=CIRCLE('',#6602,10.);
#2586=CIRCLE('',#6605,70.);
#2587=CIRCLE('',#6607,70.);
#2588=CIRCLE('',#6608,9.99999999999989);
#2589=CIRCLE('',#6613,10.);
#2590=CIRCLE('',#6617,10.);
#2591=CIRCLE('',#6620,10.);
#2592=CIRCLE('',#6623,70.);
#2593=CIRCLE('',#6624,9.99999999999999);
#2594=CIRCLE('',#6637,30.);
#2595=CIRCLE('',#6642,30.);
#2596=CIRCLE('',#6648,50.);
#2597=CIRCLE('',#6649,30.);
#2598=CIRCLE('',#6650,20.);
#2599=CIRCLE('',#6654,200.);
#2600=CIRCLE('',#6655,200.);
#2601=CIRCLE('',#6657,100.);
#2602=CIRCLE('',#6658,100.);
#2603=CIRCLE('',#6661,200.);
#2604=CIRCLE('',#6662,200.);
#2605=CIRCLE('',#6665,100.);
#2606=CIRCLE('',#6666,100.);
#2607=CIRCLE('',#6679,9.99999999999989);
#2608=CIRCLE('',#6696,100.);
#2609=CIRCLE('',#6698,100.);
#2610=CIRCLE('',#6700,100.);
#2611=CIRCLE('',#6701,100.);
#2612=CIRCLE('',#6712,30.);
#2613=CIRCLE('',#6713,20.);
#2614=CIRCLE('',#6714,30.);
#2615=CIRCLE('',#6715,50.);
#2616=CIRCLE('',#6717,20.);
#2617=CIRCLE('',#6718,30.);
#2618=CIRCLE('',#6719,50.);
#2619=CIRCLE('',#6767,90.);
#2620=CIRCLE('',#6768,10.);
#2621=CIRCLE('',#6769,100.);
#2622=CIRCLE('',#6771,90.);
#2623=CIRCLE('',#6772,1917.561930507);
#2624=CIRCLE('',#6775,100.);
#2625=CIRCLE('',#6777,90.);
#2626=CIRCLE('',#6778,1917.561930507);
#2627=CIRCLE('',#6780,90.);
#2628=CIRCLE('',#6781,100.);
#2629=CIRCLE('',#6783,1917.561930507);
#2630=CIRCLE('',#6786,100.);
#2631=CIRCLE('',#6788,1917.561930507);
#2632=CIRCLE('',#6789,1907.561930507);
#2633=CIRCLE('',#6791,90.);
#2634=CIRCLE('',#6792,100.);
#2635=CIRCLE('',#6794,1917.561930507);
#2636=CIRCLE('',#6795,10.);
#2637=CIRCLE('',#6801,10.);
#2638=CIRCLE('',#6802,50.);
#2639=CIRCLE('',#6803,10.);
#2640=CIRCLE('',#6804,40.);
#2641=CIRCLE('',#6805,20.);
#2642=CIRCLE('',#6806,10.);
#2643=CIRCLE('',#6807,10.);
#2644=CIRCLE('',#6858,10.);
#2645=CIRCLE('',#6859,190.);
#2646=CIRCLE('',#6860,10.0000000000003);
#2647=CIRCLE('',#6861,200.);
#2648=CIRCLE('',#6863,300.);
#2649=CIRCLE('',#6873,50.);
#2650=CIRCLE('',#6874,50.);
#2651=CIRCLE('',#6876,50.);
#2652=CIRCLE('',#6878,50.);
#2653=CIRCLE('',#6881,50.);
#2654=CIRCLE('',#6882,50.);
#2655=CIRCLE('',#6884,50.);
#2656=CIRCLE('',#6886,50.);
#2657=CIRCLE('',#6892,20.);
#2658=CIRCLE('',#6894,120.);
#2659=CIRCLE('',#6895,20.);
#2660=CIRCLE('',#6897,20.);
#2661=CIRCLE('',#6899,120.);
#2662=CIRCLE('',#6900,20.);
#2663=CIRCLE('',#6905,70.);
#2664=CIRCLE('',#6914,80.);
#2665=CIRCLE('',#6915,80.);
#2666=CIRCLE('',#6917,70.);
#2667=CIRCLE('',#6919,1917.561930507);
#2668=CIRCLE('',#6976,100.);
#2669=CIRCLE('',#6982,1917.561930507);
#2670=CIRCLE('',#6984,20.);
#2671=CIRCLE('',#6985,20.);
#2672=CIRCLE('',#7034,300.);
#2673=CIRCLE('',#7040,70.);
#2674=CIRCLE('',#7047,10.);
#2675=CIRCLE('',#7049,70.);
#2676=CIRCLE('',#7053,10.);
#2677=CIRCLE('',#7055,90.);
#2678=CIRCLE('',#7057,1917.561930507);
#2679=CIRCLE('',#7062,10.);
#2680=CIRCLE('',#7064,50.);
#2681=CIRCLE('',#7065,50.);
#2682=CIRCLE('',#7067,70.0000000000002);
#2683=CIRCLE('',#7069,70.0000000000002);
#2684=VERTEX_POINT('',#8871);
#2685=VERTEX_POINT('',#8873);
#2686=VERTEX_POINT('',#8878);
#2687=VERTEX_POINT('',#8880);
#2688=VERTEX_POINT('',#8885);
#2689=VERTEX_POINT('',#8887);
#2690=VERTEX_POINT('',#8892);
#2691=VERTEX_POINT('',#8893);
#2692=VERTEX_POINT('',#8895);
#2693=VERTEX_POINT('',#8897);
#2694=VERTEX_POINT('',#8901);
#2695=VERTEX_POINT('',#8902);
#2696=VERTEX_POINT('',#8904);
#2697=VERTEX_POINT('',#8906);
#2698=VERTEX_POINT('',#8910);
#2699=VERTEX_POINT('',#8911);
#2700=VERTEX_POINT('',#8913);
#2701=VERTEX_POINT('',#8915);
#2702=VERTEX_POINT('',#8919);
#2703=VERTEX_POINT('',#8921);
#2704=VERTEX_POINT('',#8925);
#2705=VERTEX_POINT('',#8926);
#2706=VERTEX_POINT('',#8928);
#2707=VERTEX_POINT('',#8930);
#2708=VERTEX_POINT('',#8934);
#2709=VERTEX_POINT('',#8935);
#2710=VERTEX_POINT('',#8937);
#2711=VERTEX_POINT('',#8939);
#2712=VERTEX_POINT('',#8943);
#2713=VERTEX_POINT('',#8944);
#2714=VERTEX_POINT('',#8946);
#2715=VERTEX_POINT('',#8948);
#2716=VERTEX_POINT('',#8952);
#2717=VERTEX_POINT('',#8953);
#2718=VERTEX_POINT('',#8955);
#2719=VERTEX_POINT('',#8957);
#2720=VERTEX_POINT('',#8961);
#2721=VERTEX_POINT('',#8962);
#2722=VERTEX_POINT('',#8964);
#2723=VERTEX_POINT('',#8966);
#2724=VERTEX_POINT('',#8970);
#2725=VERTEX_POINT('',#8971);
#2726=VERTEX_POINT('',#8973);
#2727=VERTEX_POINT('',#8975);
#2728=VERTEX_POINT('',#8979);
#2729=VERTEX_POINT('',#8981);
#2730=VERTEX_POINT('',#8985);
#2731=VERTEX_POINT('',#8987);
#2732=VERTEX_POINT('',#8991);
#2733=VERTEX_POINT('',#8993);
#2734=VERTEX_POINT('',#8997);
#2735=VERTEX_POINT('',#8999);
#2736=VERTEX_POINT('',#9003);
#2737=VERTEX_POINT('',#9004);
#2738=VERTEX_POINT('',#9006);
#2739=VERTEX_POINT('',#9008);
#2740=VERTEX_POINT('',#9020);
#2741=VERTEX_POINT('',#9022);
#2742=VERTEX_POINT('',#9026);
#2743=VERTEX_POINT('',#9027);
#2744=VERTEX_POINT('',#9029);
#2745=VERTEX_POINT('',#9031);
#2746=VERTEX_POINT('',#9035);
#2747=VERTEX_POINT('',#9037);
#2748=VERTEX_POINT('',#9041);
#2749=VERTEX_POINT('',#9042);
#2750=VERTEX_POINT('',#9047);
#2751=VERTEX_POINT('',#9048);
#2752=VERTEX_POINT('',#9051);
#2753=VERTEX_POINT('',#9055);
#2754=VERTEX_POINT('',#9076);
#2755=VERTEX_POINT('',#9077);
#2756=VERTEX_POINT('',#9079);
#2757=VERTEX_POINT('',#9081);
#2758=VERTEX_POINT('',#9085);
#2759=VERTEX_POINT('',#9086);
#2760=VERTEX_POINT('',#9089);
#2761=VERTEX_POINT('',#9093);
#2762=VERTEX_POINT('',#9114);
#2763=VERTEX_POINT('',#9133);
#2764=VERTEX_POINT('',#9137);
#2765=VERTEX_POINT('',#9139);
#2766=VERTEX_POINT('',#9143);
#2767=VERTEX_POINT('',#9144);
#2768=VERTEX_POINT('',#9146);
#2769=VERTEX_POINT('',#9148);
#2770=VERTEX_POINT('',#9156);
#2771=VERTEX_POINT('',#9157);
#2772=VERTEX_POINT('',#9159);
#2773=VERTEX_POINT('',#9161);
#2774=VERTEX_POINT('',#9165);
#2775=VERTEX_POINT('',#9166);
#2776=VERTEX_POINT('',#9168);
#2777=VERTEX_POINT('',#9170);
#2778=VERTEX_POINT('',#9175);
#2779=VERTEX_POINT('',#9197);
#2780=VERTEX_POINT('',#9201);
#2781=VERTEX_POINT('',#9203);
#2782=VERTEX_POINT('',#9207);
#2783=VERTEX_POINT('',#9208);
#2784=VERTEX_POINT('',#9210);
#2785=VERTEX_POINT('',#9212);
#2786=VERTEX_POINT('',#9216);
#2787=VERTEX_POINT('',#9217);
#2788=VERTEX_POINT('',#9219);
#2789=VERTEX_POINT('',#9221);
#2790=VERTEX_POINT('',#9225);
#2791=VERTEX_POINT('',#9229);
#2792=VERTEX_POINT('',#9235);
#2793=VERTEX_POINT('',#9239);
#2794=VERTEX_POINT('',#9243);
#2795=VERTEX_POINT('',#9245);
#2796=VERTEX_POINT('',#9249);
#2797=VERTEX_POINT('',#9251);
#2798=VERTEX_POINT('',#9255);
#2799=VERTEX_POINT('',#9257);
#2800=VERTEX_POINT('',#9261);
#2801=VERTEX_POINT('',#9262);
#2802=VERTEX_POINT('',#9264);
#2803=VERTEX_POINT('',#9269);
#2804=VERTEX_POINT('',#9270);
#2805=VERTEX_POINT('',#9272);
#2806=VERTEX_POINT('',#9274);
#2807=VERTEX_POINT('',#9278);
#2808=VERTEX_POINT('',#9279);
#2809=VERTEX_POINT('',#9281);
#2810=VERTEX_POINT('',#9283);
#2811=VERTEX_POINT('',#9287);
#2812=VERTEX_POINT('',#9289);
#2813=VERTEX_POINT('',#9291);
#2814=VERTEX_POINT('',#9293);
#2815=VERTEX_POINT('',#9301);
#2816=VERTEX_POINT('',#9302);
#2817=VERTEX_POINT('',#9304);
#2818=VERTEX_POINT('',#9317);
#2819=VERTEX_POINT('',#9322);
#2820=VERTEX_POINT('',#9324);
#2821=VERTEX_POINT('',#9326);
#2822=VERTEX_POINT('',#9331);
#2823=VERTEX_POINT('',#9344);
#2824=VERTEX_POINT('',#9346);
#2825=VERTEX_POINT('',#9350);
#2826=VERTEX_POINT('',#9351);
#2827=VERTEX_POINT('',#9353);
#2828=VERTEX_POINT('',#9355);
#2829=VERTEX_POINT('',#9359);
#2830=VERTEX_POINT('',#9360);
#2831=VERTEX_POINT('',#9362);
#2832=VERTEX_POINT('',#9364);
#2833=VERTEX_POINT('',#9371);
#2834=VERTEX_POINT('',#9373);
#2835=VERTEX_POINT('',#9377);
#2836=VERTEX_POINT('',#9378);
#2837=VERTEX_POINT('',#9380);
#2838=VERTEX_POINT('',#9382);
#2839=VERTEX_POINT('',#9386);
#2840=VERTEX_POINT('',#9388);
#2841=VERTEX_POINT('',#9392);
#2842=VERTEX_POINT('',#9393);
#2843=VERTEX_POINT('',#9398);
#2844=VERTEX_POINT('',#9400);
#2845=VERTEX_POINT('',#9404);
#2846=VERTEX_POINT('',#9405);
#2847=VERTEX_POINT('',#9412);
#2848=VERTEX_POINT('',#9414);
#2849=VERTEX_POINT('',#9418);
#2850=VERTEX_POINT('',#9420);
#2851=VERTEX_POINT('',#9426);
#2852=VERTEX_POINT('',#9428);
#2853=VERTEX_POINT('',#9432);
#2854=VERTEX_POINT('',#9434);
#2855=VERTEX_POINT('',#9438);
#2856=VERTEX_POINT('',#9439);
#2857=VERTEX_POINT('',#9441);
#2858=VERTEX_POINT('',#9443);
#2859=VERTEX_POINT('',#9447);
#2860=VERTEX_POINT('',#9449);
#2861=VERTEX_POINT('',#9453);
#2862=VERTEX_POINT('',#9454);
#2863=VERTEX_POINT('',#9459);
#2864=VERTEX_POINT('',#9463);
#2865=VERTEX_POINT('',#9469);
#2866=VERTEX_POINT('',#9470);
#2867=VERTEX_POINT('',#9475);
#2868=VERTEX_POINT('',#9479);
#2869=VERTEX_POINT('',#9485);
#2870=VERTEX_POINT('',#9486);
#2871=VERTEX_POINT('',#9488);
#2872=VERTEX_POINT('',#9490);
#2873=VERTEX_POINT('',#9494);
#2874=VERTEX_POINT('',#9495);
#2875=VERTEX_POINT('',#9497);
#2876=VERTEX_POINT('',#9499);
#2877=VERTEX_POINT('',#9503);
#2878=VERTEX_POINT('',#9509);
#2879=VERTEX_POINT('',#9511);
#2880=VERTEX_POINT('',#9515);
#2881=VERTEX_POINT('',#9516);
#2882=VERTEX_POINT('',#9521);
#2883=VERTEX_POINT('',#9522);
#2884=VERTEX_POINT('',#9524);
#2885=VERTEX_POINT('',#9526);
#2886=VERTEX_POINT('',#9530);
#2887=VERTEX_POINT('',#9532);
#2888=VERTEX_POINT('',#9536);
#2889=VERTEX_POINT('',#9542);
#2890=VERTEX_POINT('',#9550);
#2891=VERTEX_POINT('',#9551);
#2892=VERTEX_POINT('',#9553);
#2893=VERTEX_POINT('',#9555);
#2894=VERTEX_POINT('',#9559);
#2895=VERTEX_POINT('',#9560);
#2896=VERTEX_POINT('',#9562);
#2897=VERTEX_POINT('',#9564);
#2898=VERTEX_POINT('',#9568);
#2899=VERTEX_POINT('',#9569);
#2900=VERTEX_POINT('',#9571);
#2901=VERTEX_POINT('',#9573);
#2902=VERTEX_POINT('',#9577);
#2903=VERTEX_POINT('',#9578);
#2904=VERTEX_POINT('',#9580);
#2905=VERTEX_POINT('',#9582);
#2906=VERTEX_POINT('',#9594);
#2907=VERTEX_POINT('',#9595);
#2908=VERTEX_POINT('',#9597);
#2909=VERTEX_POINT('',#9599);
#2910=VERTEX_POINT('',#9603);
#2911=VERTEX_POINT('',#9616);
#2912=VERTEX_POINT('',#9620);
#2913=VERTEX_POINT('',#9622);
#2914=VERTEX_POINT('',#9626);
#2915=VERTEX_POINT('',#9628);
#2916=VERTEX_POINT('',#9644);
#2917=VERTEX_POINT('',#9648);
#2918=VERTEX_POINT('',#9652);
#2919=VERTEX_POINT('',#9653);
#2920=VERTEX_POINT('',#9655);
#2921=VERTEX_POINT('',#9659);
#2922=VERTEX_POINT('',#9661);
#2923=VERTEX_POINT('',#9665);
#2924=VERTEX_POINT('',#9669);
#2925=VERTEX_POINT('',#9670);
#2926=VERTEX_POINT('',#9672);
#2927=VERTEX_POINT('',#9676);
#2928=VERTEX_POINT('',#9678);
#2929=VERTEX_POINT('',#9682);
#2930=VERTEX_POINT('',#9686);
#2931=VERTEX_POINT('',#9687);
#2932=VERTEX_POINT('',#9689);
#2933=VERTEX_POINT('',#9693);
#2934=VERTEX_POINT('',#9695);
#2935=VERTEX_POINT('',#9699);
#2936=VERTEX_POINT('',#9703);
#2937=VERTEX_POINT('',#9704);
#2938=VERTEX_POINT('',#9706);
#2939=VERTEX_POINT('',#9710);
#2940=VERTEX_POINT('',#9712);
#2941=VERTEX_POINT('',#9716);
#2942=VERTEX_POINT('',#9720);
#2943=VERTEX_POINT('',#9721);
#2944=VERTEX_POINT('',#9723);
#2945=VERTEX_POINT('',#9727);
#2946=VERTEX_POINT('',#9729);
#2947=VERTEX_POINT('',#9733);
#2948=VERTEX_POINT('',#9737);
#2949=VERTEX_POINT('',#9738);
#2950=VERTEX_POINT('',#9740);
#2951=VERTEX_POINT('',#9744);
#2952=VERTEX_POINT('',#9746);
#2953=VERTEX_POINT('',#9750);
#2954=VERTEX_POINT('',#9754);
#2955=VERTEX_POINT('',#9755);
#2956=VERTEX_POINT('',#9757);
#2957=VERTEX_POINT('',#9761);
#2958=VERTEX_POINT('',#9763);
#2959=VERTEX_POINT('',#9767);
#2960=VERTEX_POINT('',#9771);
#2961=VERTEX_POINT('',#9772);
#2962=VERTEX_POINT('',#9774);
#2963=VERTEX_POINT('',#9778);
#2964=VERTEX_POINT('',#9780);
#2965=VERTEX_POINT('',#9784);
#2966=VERTEX_POINT('',#9788);
#2967=VERTEX_POINT('',#9789);
#2968=VERTEX_POINT('',#9791);
#2969=VERTEX_POINT('',#9795);
#2970=VERTEX_POINT('',#9797);
#2971=VERTEX_POINT('',#9801);
#2972=VERTEX_POINT('',#9805);
#2973=VERTEX_POINT('',#9806);
#2974=VERTEX_POINT('',#9808);
#2975=VERTEX_POINT('',#9812);
#2976=VERTEX_POINT('',#9814);
#2977=VERTEX_POINT('',#9818);
#2978=VERTEX_POINT('',#9822);
#2979=VERTEX_POINT('',#9823);
#2980=VERTEX_POINT('',#9825);
#2981=VERTEX_POINT('',#9829);
#2982=VERTEX_POINT('',#9831);
#2983=VERTEX_POINT('',#9835);
#2984=VERTEX_POINT('',#9839);
#2985=VERTEX_POINT('',#9840);
#2986=VERTEX_POINT('',#9842);
#2987=VERTEX_POINT('',#9846);
#2988=VERTEX_POINT('',#9848);
#2989=VERTEX_POINT('',#9852);
#2990=VERTEX_POINT('',#9856);
#2991=VERTEX_POINT('',#9857);
#2992=VERTEX_POINT('',#9859);
#2993=VERTEX_POINT('',#9863);
#2994=VERTEX_POINT('',#9865);
#2995=VERTEX_POINT('',#9869);
#2996=VERTEX_POINT('',#9873);
#2997=VERTEX_POINT('',#9874);
#2998=VERTEX_POINT('',#9887);
#2999=VERTEX_POINT('',#9889);
#3000=VERTEX_POINT('',#9893);
#3001=VERTEX_POINT('',#9895);
#3002=VERTEX_POINT('',#9901);
#3003=VERTEX_POINT('',#9916);
#3004=VERTEX_POINT('',#9918);
#3005=VERTEX_POINT('',#9922);
#3006=VERTEX_POINT('',#9923);
#3007=VERTEX_POINT('',#9939);
#3008=VERTEX_POINT('',#9945);
#3009=VERTEX_POINT('',#9960);
#3010=VERTEX_POINT('',#9961);
#3011=VERTEX_POINT('',#9963);
#3012=VERTEX_POINT('',#9978);
#3013=VERTEX_POINT('',#9980);
#3014=VERTEX_POINT('',#10002);
#3015=VERTEX_POINT('',#10003);
#3016=VERTEX_POINT('',#10019);
#3017=VERTEX_POINT('',#10021);
#3018=VERTEX_POINT('',#10029);
#3019=VERTEX_POINT('',#10031);
#3020=VERTEX_POINT('',#10033);
#3021=VERTEX_POINT('',#10035);
#3022=VERTEX_POINT('',#10037);
#3023=VERTEX_POINT('',#10039);
#3024=VERTEX_POINT('',#10041);
#3025=VERTEX_POINT('',#10045);
#3026=VERTEX_POINT('',#10046);
#3027=VERTEX_POINT('',#10051);
#3028=VERTEX_POINT('',#10052);
#3029=VERTEX_POINT('',#10057);
#3030=VERTEX_POINT('',#10058);
#3031=VERTEX_POINT('',#10060);
#3032=VERTEX_POINT('',#10062);
#3033=VERTEX_POINT('',#10074);
#3034=VERTEX_POINT('',#10076);
#3035=VERTEX_POINT('',#10080);
#3036=VERTEX_POINT('',#10081);
#3037=VERTEX_POINT('',#10086);
#3038=VERTEX_POINT('',#10090);
#3039=VERTEX_POINT('',#10096);
#3040=VERTEX_POINT('',#10097);
#3041=VERTEX_POINT('',#10099);
#3042=VERTEX_POINT('',#10103);
#3043=VERTEX_POINT('',#10105);
#3044=VERTEX_POINT('',#10109);
#3045=VERTEX_POINT('',#10113);
#3046=VERTEX_POINT('',#10114);
#3047=VERTEX_POINT('',#10116);
#3048=VERTEX_POINT('',#10120);
#3049=VERTEX_POINT('',#10122);
#3050=VERTEX_POINT('',#10126);
#3051=VERTEX_POINT('',#10130);
#3052=VERTEX_POINT('',#10131);
#3053=VERTEX_POINT('',#10133);
#3054=VERTEX_POINT('',#10137);
#3055=VERTEX_POINT('',#10139);
#3056=VERTEX_POINT('',#10143);
#3057=VERTEX_POINT('',#10147);
#3058=VERTEX_POINT('',#10148);
#3059=VERTEX_POINT('',#10150);
#3060=VERTEX_POINT('',#10154);
#3061=VERTEX_POINT('',#10156);
#3062=VERTEX_POINT('',#10160);
#3063=VERTEX_POINT('',#10164);
#3064=VERTEX_POINT('',#10165);
#3065=VERTEX_POINT('',#10167);
#3066=VERTEX_POINT('',#10171);
#3067=VERTEX_POINT('',#10173);
#3068=VERTEX_POINT('',#10177);
#3069=VERTEX_POINT('',#10181);
#3070=VERTEX_POINT('',#10182);
#3071=VERTEX_POINT('',#10184);
#3072=VERTEX_POINT('',#10188);
#3073=VERTEX_POINT('',#10190);
#3074=VERTEX_POINT('',#10194);
#3075=VERTEX_POINT('',#10198);
#3076=VERTEX_POINT('',#10199);
#3077=VERTEX_POINT('',#10201);
#3078=VERTEX_POINT('',#10205);
#3079=VERTEX_POINT('',#10207);
#3080=VERTEX_POINT('',#10211);
#3081=VERTEX_POINT('',#10215);
#3082=VERTEX_POINT('',#10216);
#3083=VERTEX_POINT('',#10218);
#3084=VERTEX_POINT('',#10222);
#3085=VERTEX_POINT('',#10224);
#3086=VERTEX_POINT('',#10228);
#3087=VERTEX_POINT('',#10232);
#3088=VERTEX_POINT('',#10233);
#3089=VERTEX_POINT('',#10235);
#3090=VERTEX_POINT('',#10239);
#3091=VERTEX_POINT('',#10241);
#3092=VERTEX_POINT('',#10245);
#3093=VERTEX_POINT('',#10249);
#3094=VERTEX_POINT('',#10250);
#3095=VERTEX_POINT('',#10252);
#3096=VERTEX_POINT('',#10256);
#3097=VERTEX_POINT('',#10258);
#3098=VERTEX_POINT('',#10262);
#3099=VERTEX_POINT('',#10266);
#3100=VERTEX_POINT('',#10267);
#3101=VERTEX_POINT('',#10269);
#3102=VERTEX_POINT('',#10273);
#3103=VERTEX_POINT('',#10275);
#3104=VERTEX_POINT('',#10279);
#3105=VERTEX_POINT('',#10283);
#3106=VERTEX_POINT('',#10284);
#3107=VERTEX_POINT('',#10286);
#3108=VERTEX_POINT('',#10290);
#3109=VERTEX_POINT('',#10292);
#3110=VERTEX_POINT('',#10296);
#3111=VERTEX_POINT('',#10300);
#3112=VERTEX_POINT('',#10301);
#3113=VERTEX_POINT('',#10303);
#3114=VERTEX_POINT('',#10307);
#3115=VERTEX_POINT('',#10309);
#3116=VERTEX_POINT('',#10313);
#3117=VERTEX_POINT('',#10317);
#3118=VERTEX_POINT('',#10319);
#3119=VERTEX_POINT('',#10335);
#3120=VERTEX_POINT('',#10337);
#3121=VERTEX_POINT('',#10352);
#3122=VERTEX_POINT('',#10354);
#3123=VERTEX_POINT('',#10357);
#3124=VERTEX_POINT('',#10359);
#3125=VERTEX_POINT('',#10363);
#3126=VERTEX_POINT('',#10367);
#3127=VERTEX_POINT('',#10368);
#3128=VERTEX_POINT('',#10370);
#3129=VERTEX_POINT('',#10372);
#3130=VERTEX_POINT('',#10376);
#3131=VERTEX_POINT('',#10378);
#3132=VERTEX_POINT('',#10380);
#3133=VERTEX_POINT('',#10382);
#3134=VERTEX_POINT('',#10386);
#3135=VERTEX_POINT('',#10399);
#3136=VERTEX_POINT('',#10401);
#3137=VERTEX_POINT('',#10405);
#3138=VERTEX_POINT('',#10407);
#3139=VERTEX_POINT('',#10415);
#3140=VERTEX_POINT('',#10417);
#3141=VERTEX_POINT('',#10421);
#3142=VERTEX_POINT('',#10425);
#3143=VERTEX_POINT('',#10431);
#3144=VERTEX_POINT('',#10433);
#3145=VERTEX_POINT('',#10437);
#3146=VERTEX_POINT('',#10441);
#3147=VERTEX_POINT('',#10447);
#3148=VERTEX_POINT('',#10449);
#3149=VERTEX_POINT('',#10453);
#3150=VERTEX_POINT('',#10457);
#3151=VERTEX_POINT('',#10461);
#3152=VERTEX_POINT('',#10466);
#3153=VERTEX_POINT('',#10472);
#3154=VERTEX_POINT('',#10474);
#3155=VERTEX_POINT('',#10479);
#3156=VERTEX_POINT('',#10482);
#3157=VERTEX_POINT('',#10496);
#3158=VERTEX_POINT('',#10500);
#3159=VERTEX_POINT('',#10502);
#3160=VERTEX_POINT('',#10506);
#3161=VERTEX_POINT('',#10510);
#3162=VERTEX_POINT('',#10512);
#3163=VERTEX_POINT('',#10516);
#3164=VERTEX_POINT('',#10538);
#3165=VERTEX_POINT('',#10542);
#3166=VERTEX_POINT('',#10546);
#3167=VERTEX_POINT('',#10547);
#3168=VERTEX_POINT('',#10552);
#3169=VERTEX_POINT('',#10553);
#3170=VERTEX_POINT('',#10558);
#3171=VERTEX_POINT('',#10562);
#3172=VERTEX_POINT('',#10568);
#3173=VERTEX_POINT('',#10569);
#3174=VERTEX_POINT('',#10574);
#3175=VERTEX_POINT('',#10578);
#3176=VERTEX_POINT('',#10584);
#3177=VERTEX_POINT('',#10586);
#3178=VERTEX_POINT('',#10590);
#3179=VERTEX_POINT('',#10592);
#3180=VERTEX_POINT('',#10596);
#3181=VERTEX_POINT('',#10598);
#3182=VERTEX_POINT('',#10602);
#3183=VERTEX_POINT('',#10604);
#3184=VERTEX_POINT('',#10608);
#3185=VERTEX_POINT('',#10611);
#3186=VERTEX_POINT('',#10613);
#3187=VERTEX_POINT('',#10617);
#3188=VERTEX_POINT('',#10621);
#3189=VERTEX_POINT('',#10624);
#3190=VERTEX_POINT('',#10628);
#3191=VERTEX_POINT('',#10631);
#3192=VERTEX_POINT('',#10633);
#3193=VERTEX_POINT('',#10637);
#3194=VERTEX_POINT('',#10641);
#3195=VERTEX_POINT('',#10644);
#3196=VERTEX_POINT('',#10648);
#3197=VERTEX_POINT('',#10651);
#3198=VERTEX_POINT('',#10653);
#3199=VERTEX_POINT('',#10657);
#3200=VERTEX_POINT('',#10663);
#3201=VERTEX_POINT('',#10665);
#3202=VERTEX_POINT('',#10670);
#3203=VERTEX_POINT('',#10676);
#3204=VERTEX_POINT('',#10690);
#3205=VERTEX_POINT('',#10694);
#3206=VERTEX_POINT('',#10698);
#3207=VERTEX_POINT('',#10730);
#3208=VERTEX_POINT('',#10742);
#3209=VERTEX_POINT('',#10744);
#3210=VERTEX_POINT('',#10749);
#3211=VERTEX_POINT('',#10753);
#3212=VERTEX_POINT('',#10757);
#3213=VERTEX_POINT('',#10765);
#3214=VERTEX_POINT('',#10766);
#3215=VERTEX_POINT('',#10771);
#3216=VERTEX_POINT('',#10775);
#3217=VERTEX_POINT('',#10781);
#3218=VERTEX_POINT('',#10782);
#3219=VERTEX_POINT('',#10784);
#3220=VERTEX_POINT('',#10786);
#3221=VERTEX_POINT('',#10790);
#3222=VERTEX_POINT('',#10792);
#3223=VERTEX_POINT('',#10796);
#3224=VERTEX_POINT('',#10798);
#3225=VERTEX_POINT('',#10802);
#3226=VERTEX_POINT('',#10804);
#3227=VERTEX_POINT('',#10808);
#3228=VERTEX_POINT('',#10810);
#3229=VERTEX_POINT('',#10814);
#3230=VERTEX_POINT('',#10815);
#3231=VERTEX_POINT('',#10849);
#3232=VERTEX_POINT('',#10853);
#3233=VERTEX_POINT('',#10857);
#3234=VERTEX_POINT('',#10859);
#3235=VERTEX_POINT('',#10866);
#3236=VERTEX_POINT('',#10870);
#3237=VERTEX_POINT('',#10871);
#3238=VERTEX_POINT('',#10873);
#3239=VERTEX_POINT('',#10875);
#3240=VERTEX_POINT('',#10879);
#3241=VERTEX_POINT('',#10881);
#3242=VERTEX_POINT('',#10894);
#3243=VERTEX_POINT('',#10896);
#3244=VERTEX_POINT('',#10900);
#3245=VERTEX_POINT('',#10904);
#3246=VERTEX_POINT('',#10908);
#3247=VERTEX_POINT('',#10913);
#3248=VERTEX_POINT('',#10914);
#3249=VERTEX_POINT('',#10917);
#3250=VERTEX_POINT('',#10921);
#3251=VERTEX_POINT('',#10925);
#3252=VERTEX_POINT('',#10931);
#3253=VERTEX_POINT('',#10935);
#3254=VERTEX_POINT('',#10939);
#3255=VERTEX_POINT('',#10943);
#3256=VERTEX_POINT('',#10947);
#3257=VERTEX_POINT('',#10968);
#3258=VERTEX_POINT('',#10972);
#3259=VERTEX_POINT('',#10976);
#3260=VERTEX_POINT('',#10991);
#3261=VERTEX_POINT('',#10995);
#3262=VERTEX_POINT('',#10999);
#3263=VERTEX_POINT('',#11003);
#3264=VERTEX_POINT('',#11009);
#3265=VERTEX_POINT('',#11011);
#3266=EDGE_CURVE('',#2684,#2684,#2563,.T.);
#3267=EDGE_CURVE('',#2684,#2685,#1085,.T.);
#3268=EDGE_CURVE('',#2685,#2685,#2564,.T.);
#3269=EDGE_CURVE('',#2686,#2686,#2565,.T.);
#3270=EDGE_CURVE('',#2686,#2687,#1086,.T.);
#3271=EDGE_CURVE('',#2687,#2687,#2566,.T.);
#3272=EDGE_CURVE('',#2688,#2688,#2567,.T.);
#3273=EDGE_CURVE('',#2688,#2689,#1087,.T.);
#3274=EDGE_CURVE('',#2689,#2689,#2568,.T.);
#3275=EDGE_CURVE('',#2690,#2691,#1088,.T.);
#3276=EDGE_CURVE('',#2691,#2692,#1089,.T.);
#3277=EDGE_CURVE('',#2693,#2692,#1090,.T.);
#3278=EDGE_CURVE('',#2690,#2693,#1091,.T.);
#3279=EDGE_CURVE('',#2694,#2695,#1092,.T.);
#3280=EDGE_CURVE('',#2696,#2695,#1093,.T.);
#3281=EDGE_CURVE('',#2697,#2696,#1094,.T.);
#3282=EDGE_CURVE('',#2697,#2694,#1095,.T.);
#3283=EDGE_CURVE('',#2698,#2699,#1096,.T.);
#3284=EDGE_CURVE('',#2700,#2699,#1097,.T.);
#3285=EDGE_CURVE('',#2701,#2700,#1098,.T.);
#3286=EDGE_CURVE('',#2698,#2701,#1099,.T.);
#3287=EDGE_CURVE('',#2702,#2698,#1100,.T.);
#3288=EDGE_CURVE('',#2703,#2701,#1101,.T.);
#3289=EDGE_CURVE('',#2702,#2703,#1102,.T.);
#3290=EDGE_CURVE('',#2704,#2705,#1103,.T.);
#3291=EDGE_CURVE('',#2706,#2705,#71,.T.);
#3292=EDGE_CURVE('',#2706,#2707,#1104,.T.);
#3293=EDGE_CURVE('',#2704,#2707,#72,.T.);
#3294=EDGE_CURVE('',#2708,#2709,#2569,.T.);
#3295=EDGE_CURVE('',#2710,#2708,#1105,.T.);
#3296=EDGE_CURVE('',#2711,#2710,#2570,.T.);
#3297=EDGE_CURVE('',#2709,#2711,#1106,.T.);
#3298=EDGE_CURVE('',#2712,#2713,#2571,.T.);
#3299=EDGE_CURVE('',#2714,#2712,#1107,.T.);
#3300=EDGE_CURVE('',#2715,#2714,#2572,.T.);
#3301=EDGE_CURVE('',#2715,#2713,#1108,.T.);
#3302=EDGE_CURVE('',#2716,#2717,#1109,.T.);
#3303=EDGE_CURVE('',#2718,#2716,#1110,.T.);
#3304=EDGE_CURVE('',#2719,#2718,#1111,.T.);
#3305=EDGE_CURVE('',#2717,#2719,#1112,.T.);
#3306=EDGE_CURVE('',#2720,#2721,#1113,.T.);
#3307=EDGE_CURVE('',#2722,#2720,#1114,.T.);
#3308=EDGE_CURVE('',#2723,#2722,#1115,.T.);
#3309=EDGE_CURVE('',#2721,#2723,#1116,.T.);
#3310=EDGE_CURVE('',#2724,#2725,#1117,.T.);
#3311=EDGE_CURVE('',#2725,#2726,#2573,.F.);
#3312=EDGE_CURVE('',#2726,#2727,#1118,.T.);
#3313=EDGE_CURVE('',#2724,#2727,#73,.T.);
#3314=EDGE_CURVE('',#2707,#2728,#1119,.T.);
#3315=EDGE_CURVE('',#2728,#2729,#74,.T.);
#3316=EDGE_CURVE('',#2729,#2704,#1120,.T.);
#3317=EDGE_CURVE('',#2705,#2730,#1121,.T.);
#3318=EDGE_CURVE('',#2731,#2730,#75,.T.);
#3319=EDGE_CURVE('',#2731,#2706,#1122,.T.);
#3320=EDGE_CURVE('',#2732,#2706,#1123,.T.);
#3321=EDGE_CURVE('',#2732,#2733,#1124,.T.);
#3322=EDGE_CURVE('',#2733,#2707,#1125,.T.);
#3323=EDGE_CURVE('',#2734,#2703,#1126,.T.);
#3324=EDGE_CURVE('',#2735,#2734,#1127,.T.);
#3325=EDGE_CURVE('',#2735,#2702,#1128,.T.);
#3326=EDGE_CURVE('',#2736,#2737,#1129,.T.);
#3327=EDGE_CURVE('',#2738,#2737,#2574,.T.);
#3328=EDGE_CURVE('',#2738,#2739,#1130,.T.);
#3329=EDGE_CURVE('',#2736,#2739,#2575,.T.);
#3330=EDGE_CURVE('',#2737,#2740,#2576,.T.);
#3331=EDGE_CURVE('',#2740,#2741,#2577,.T.);
#3332=EDGE_CURVE('',#2741,#2738,#2578,.T.);
#3333=EDGE_CURVE('',#2742,#2743,#1131,.T.);
#3334=EDGE_CURVE('',#2743,#2744,#2579,.F.);
#3335=EDGE_CURVE('',#2744,#2745,#1132,.T.);
#3336=EDGE_CURVE('',#2742,#2745,#76,.T.);
#3337=EDGE_CURVE('',#2740,#2746,#1133,.T.);
#3338=EDGE_CURVE('',#2747,#2746,#2580,.T.);
#3339=EDGE_CURVE('',#2747,#2741,#1134,.T.);
#3340=EDGE_CURVE('',#2748,#2749,#2581,.F.);
#3341=EDGE_CURVE('',#2749,#2738,#1135,.T.);
#3342=EDGE_CURVE('',#2741,#2748,#1136,.T.);
#3343=EDGE_CURVE('',#2750,#2751,#1137,.T.);
#3344=EDGE_CURVE('',#2751,#2714,#2582,.T.);
#3345=EDGE_CURVE('',#2714,#2752,#1138,.T.);
#3346=EDGE_CURVE('',#2750,#2752,#77,.T.);
#3347=EDGE_CURVE('',#2753,#2715,#30,.F.);
#3348=EDGE_CURVE('',#2751,#2753,#2583,.T.);
#3349=EDGE_CURVE('',#2754,#2755,#78,.T.);
#3350=EDGE_CURVE('',#2755,#2756,#1139,.T.);
#3351=EDGE_CURVE('',#2756,#2757,#2584,.T.);
#3352=EDGE_CURVE('',#2757,#2754,#1140,.T.);
#3353=EDGE_CURVE('',#2758,#2759,#1141,.T.);
#3354=EDGE_CURVE('',#2759,#2710,#2585,.T.);
#3355=EDGE_CURVE('',#2710,#2760,#1142,.T.);
#3356=EDGE_CURVE('',#2758,#2760,#79,.T.);
#3357=EDGE_CURVE('',#2761,#2711,#31,.F.);
#3358=EDGE_CURVE('',#2759,#2761,#2586,.T.);
#3359=EDGE_CURVE('',#2762,#2713,#32,.T.);
#3360=EDGE_CURVE('',#2762,#2763,#2587,.T.);
#3361=EDGE_CURVE('',#2712,#2763,#2588,.T.);
#3362=EDGE_CURVE('',#2764,#2712,#1143,.T.);
#3363=EDGE_CURVE('',#2763,#2765,#1144,.T.);
#3364=EDGE_CURVE('',#2765,#2764,#80,.T.);
#3365=EDGE_CURVE('',#2766,#2767,#81,.T.);
#3366=EDGE_CURVE('',#2767,#2768,#1145,.T.);
#3367=EDGE_CURVE('',#2768,#2769,#2589,.T.);
#3368=EDGE_CURVE('',#2769,#2766,#1146,.T.);
#3369=EDGE_CURVE('',#2754,#2767,#1147,.T.);
#3370=EDGE_CURVE('',#2766,#2762,#1148,.T.);
#3371=EDGE_CURVE('',#2753,#2755,#1149,.T.);
#3372=EDGE_CURVE('',#2770,#2771,#82,.T.);
#3373=EDGE_CURVE('',#2771,#2772,#1150,.T.);
#3374=EDGE_CURVE('',#2772,#2773,#2590,.T.);
#3375=EDGE_CURVE('',#2773,#2770,#1151,.T.);
#3376=EDGE_CURVE('',#2774,#2775,#83,.T.);
#3377=EDGE_CURVE('',#2775,#2776,#1152,.T.);
#3378=EDGE_CURVE('',#2777,#2776,#2591,.T.);
#3379=EDGE_CURVE('',#2777,#2774,#1153,.T.);
#3380=EDGE_CURVE('',#2770,#2775,#1154,.T.);
#3381=EDGE_CURVE('',#2778,#2774,#1155,.T.);
#3382=EDGE_CURVE('',#2709,#2778,#33,.F.);
#3383=EDGE_CURVE('',#2771,#2761,#1156,.T.);
#3384=EDGE_CURVE('',#2778,#2779,#2592,.T.);
#3385=EDGE_CURVE('',#2708,#2779,#2593,.T.);
#3386=EDGE_CURVE('',#2780,#2708,#1157,.T.);
#3387=EDGE_CURVE('',#2779,#2781,#1158,.T.);
#3388=EDGE_CURVE('',#2781,#2780,#84,.T.);
#3389=EDGE_CURVE('',#2782,#2783,#1159,.T.);
#3390=EDGE_CURVE('',#2782,#2784,#1160,.T.);
#3391=EDGE_CURVE('',#2785,#2784,#1161,.T.);
#3392=EDGE_CURVE('',#2783,#2785,#1162,.T.);
#3393=EDGE_CURVE('',#2786,#2787,#1163,.T.);
#3394=EDGE_CURVE('',#2787,#2788,#1164,.T.);
#3395=EDGE_CURVE('',#2788,#2789,#1165,.T.);
#3396=EDGE_CURVE('',#2786,#2789,#1166,.T.);
#3397=EDGE_CURVE('',#2790,#2786,#1167,.T.);
#3398=EDGE_CURVE('',#2787,#2790,#1168,.T.);
#3399=EDGE_CURVE('',#2791,#2788,#1169,.T.);
#3400=EDGE_CURVE('',#2790,#2791,#1170,.T.);
#3401=EDGE_CURVE('',#2783,#2735,#1171,.T.);
#3402=EDGE_CURVE('',#2789,#2785,#1172,.T.);
#3403=EDGE_CURVE('',#2792,#2791,#1173,.T.);
#3404=EDGE_CURVE('',#2699,#2792,#1174,.T.);
#3405=EDGE_CURVE('',#2793,#2792,#1175,.T.);
#3406=EDGE_CURVE('',#2700,#2793,#1176,.T.);
#3407=EDGE_CURVE('',#2794,#2793,#1177,.T.);
#3408=EDGE_CURVE('',#2795,#2794,#1178,.T.);
#3409=EDGE_CURVE('',#2734,#2795,#1179,.T.);
#3410=EDGE_CURVE('',#2796,#2794,#1180,.T.);
#3411=EDGE_CURVE('',#2797,#2796,#1181,.T.);
#3412=EDGE_CURVE('',#2797,#2795,#1182,.T.);
#3413=EDGE_CURVE('',#2798,#2796,#1183,.T.);
#3414=EDGE_CURVE('',#2799,#2798,#1184,.T.);
#3415=EDGE_CURVE('',#2797,#2799,#1185,.T.);
#3416=EDGE_CURVE('',#2800,#2801,#2594,.T.);
#3417=EDGE_CURVE('',#2802,#2800,#1186,.T.);
#3418=EDGE_CURVE('',#2802,#2799,#1187,.T.);
#3419=EDGE_CURVE('',#2801,#2798,#1188,.T.);
#3420=EDGE_CURVE('',#2803,#2804,#1189,.T.);
#3421=EDGE_CURVE('',#2805,#2803,#1190,.T.);
#3422=EDGE_CURVE('',#2806,#2805,#1191,.T.);
#3423=EDGE_CURVE('',#2804,#2806,#1192,.T.);
#3424=EDGE_CURVE('',#2807,#2808,#1193,.T.);
#3425=EDGE_CURVE('',#2809,#2807,#1194,.T.);
#3426=EDGE_CURVE('',#2809,#2810,#1195,.T.);
#3427=EDGE_CURVE('',#2808,#2810,#1196,.T.);
#3428=EDGE_CURVE('',#2811,#2809,#1197,.T.);
#3429=EDGE_CURVE('',#2812,#2811,#1198,.T.);
#3430=EDGE_CURVE('',#2813,#2812,#1199,.T.);
#3431=EDGE_CURVE('',#2813,#2814,#1200,.T.);
#3432=EDGE_CURVE('',#2814,#2726,#1201,.T.);
#3433=EDGE_CURVE('',#2749,#2725,#1202,.T.);
#3434=EDGE_CURVE('',#2748,#2744,#1203,.T.);
#3435=EDGE_CURVE('',#2743,#2802,#1204,.T.);
#3436=EDGE_CURVE('',#2810,#2800,#1205,.T.);
#3437=EDGE_CURVE('',#2815,#2816,#1206,.T.);
#3438=EDGE_CURVE('',#2816,#2817,#34,.F.);
#3439=EDGE_CURVE('',#2817,#2818,#1207,.F.);
#3440=EDGE_CURVE('',#2818,#2813,#2595,.T.);
#3441=EDGE_CURVE('',#2815,#2812,#85,.T.);
#3442=EDGE_CURVE('',#2819,#2817,#1208,.T.);
#3443=EDGE_CURVE('',#2820,#2816,#86,.T.);
#3444=EDGE_CURVE('',#2820,#2821,#1209,.T.);
#3445=EDGE_CURVE('',#2819,#2821,#87,.T.);
#3446=EDGE_CURVE('',#2821,#2724,#1210,.T.);
#3447=EDGE_CURVE('',#2822,#2820,#1211,.F.);
#3448=EDGE_CURVE('',#2739,#2822,#1212,.T.);
#3449=EDGE_CURVE('',#2730,#2729,#1213,.T.);
#3450=EDGE_CURVE('',#2739,#2823,#2596,.T.);
#3451=EDGE_CURVE('',#2823,#2824,#2597,.T.);
#3452=EDGE_CURVE('',#2824,#2736,#2598,.T.);
#3453=EDGE_CURVE('',#2825,#2826,#1214,.T.);
#3454=EDGE_CURVE('',#2826,#2827,#1215,.T.);
#3455=EDGE_CURVE('',#2828,#2827,#1216,.T.);
#3456=EDGE_CURVE('',#2825,#2828,#1217,.T.);
#3457=EDGE_CURVE('',#2829,#2830,#1218,.T.);
#3458=EDGE_CURVE('',#2830,#2831,#1219,.T.);
#3459=EDGE_CURVE('',#2832,#2831,#1220,.T.);
#3460=EDGE_CURVE('',#2829,#2832,#1221,.T.);
#3461=EDGE_CURVE('',#2826,#2829,#2599,.T.);
#3462=EDGE_CURVE('',#2827,#2832,#2600,.T.);
#3463=EDGE_CURVE('',#2833,#2833,#2601,.T.);
#3464=EDGE_CURVE('',#2833,#2834,#1222,.T.);
#3465=EDGE_CURVE('',#2834,#2834,#2602,.T.);
#3466=EDGE_CURVE('',#2835,#2836,#1223,.T.);
#3467=EDGE_CURVE('',#2835,#2837,#1224,.T.);
#3468=EDGE_CURVE('',#2838,#2837,#1225,.T.);
#3469=EDGE_CURVE('',#2838,#2836,#1226,.T.);
#3470=EDGE_CURVE('',#2837,#2839,#2603,.T.);
#3471=EDGE_CURVE('',#2840,#2839,#1227,.T.);
#3472=EDGE_CURVE('',#2838,#2840,#2604,.T.);
#3473=EDGE_CURVE('',#2841,#2842,#1228,.T.);
#3474=EDGE_CURVE('',#2840,#2841,#1229,.T.);
#3475=EDGE_CURVE('',#2839,#2842,#1230,.T.);
#3476=EDGE_CURVE('',#2843,#2843,#2605,.T.);
#3477=EDGE_CURVE('',#2843,#2844,#1231,.T.);
#3478=EDGE_CURVE('',#2844,#2844,#2606,.T.);
#3479=EDGE_CURVE('',#2845,#2846,#1232,.T.);
#3480=EDGE_CURVE('',#2784,#2845,#1233,.T.);
#3481=EDGE_CURVE('',#2846,#2782,#1234,.T.);
#3482=EDGE_CURVE('',#2760,#2780,#1235,.T.);
#3483=EDGE_CURVE('',#2781,#2847,#1236,.T.);
#3484=EDGE_CURVE('',#2848,#2847,#88,.T.);
#3485=EDGE_CURVE('',#2848,#2780,#1237,.T.);
#3486=EDGE_CURVE('',#2760,#2849,#1238,.T.);
#3487=EDGE_CURVE('',#2849,#2850,#89,.F.);
#3488=EDGE_CURVE('',#2850,#2758,#1239,.T.);
#3489=EDGE_CURVE('',#2752,#2764,#1240,.T.);
#3490=EDGE_CURVE('',#2765,#2851,#1241,.T.);
#3491=EDGE_CURVE('',#2852,#2851,#90,.T.);
#3492=EDGE_CURVE('',#2852,#2764,#1242,.T.);
#3493=EDGE_CURVE('',#2752,#2853,#1243,.T.);
#3494=EDGE_CURVE('',#2853,#2854,#91,.F.);
#3495=EDGE_CURVE('',#2854,#2750,#1244,.T.);
#3496=EDGE_CURVE('',#2855,#2856,#1245,.T.);
#3497=EDGE_CURVE('',#2856,#2857,#2607,.T.);
#3498=EDGE_CURVE('',#2857,#2858,#1246,.T.);
#3499=EDGE_CURVE('',#2858,#2855,#92,.T.);
#3500=EDGE_CURVE('',#2858,#2859,#1247,.T.);
#3501=EDGE_CURVE('',#2859,#2860,#93,.F.);
#3502=EDGE_CURVE('',#2860,#2855,#1248,.T.);
#3503=EDGE_CURVE('',#2861,#2862,#1249,.T.);
#3504=EDGE_CURVE('',#2861,#2719,#1250,.T.);
#3505=EDGE_CURVE('',#2862,#2718,#1251,.T.);
#3506=EDGE_CURVE('',#2863,#2861,#1252,.T.);
#3507=EDGE_CURVE('',#2863,#2717,#1253,.T.);
#3508=EDGE_CURVE('',#2864,#2863,#1254,.T.);
#3509=EDGE_CURVE('',#2864,#2716,#1255,.T.);
#3510=EDGE_CURVE('',#2862,#2864,#1256,.T.);
#3511=EDGE_CURVE('',#2865,#2866,#1257,.T.);
#3512=EDGE_CURVE('',#2865,#2723,#1258,.T.);
#3513=EDGE_CURVE('',#2866,#2722,#1259,.T.);
#3514=EDGE_CURVE('',#2867,#2865,#1260,.T.);
#3515=EDGE_CURVE('',#2867,#2721,#1261,.T.);
#3516=EDGE_CURVE('',#2868,#2867,#1262,.T.);
#3517=EDGE_CURVE('',#2868,#2720,#1263,.T.);
#3518=EDGE_CURVE('',#2866,#2868,#1264,.T.);
#3519=EDGE_CURVE('',#2869,#2870,#1265,.T.);
#3520=EDGE_CURVE('',#2869,#2871,#1266,.T.);
#3521=EDGE_CURVE('',#2872,#2871,#1267,.T.);
#3522=EDGE_CURVE('',#2872,#2870,#1268,.T.);
#3523=EDGE_CURVE('',#2873,#2874,#1269,.T.);
#3524=EDGE_CURVE('',#2873,#2875,#1270,.T.);
#3525=EDGE_CURVE('',#2876,#2875,#1271,.T.);
#3526=EDGE_CURVE('',#2876,#2874,#1272,.T.);
#3527=EDGE_CURVE('',#2814,#2877,#1273,.T.);
#3528=EDGE_CURVE('',#2877,#2727,#1274,.T.);
#3529=EDGE_CURVE('',#2727,#2819,#1275,.T.);
#3530=EDGE_CURVE('',#2878,#2819,#1276,.T.);
#3531=EDGE_CURVE('',#2879,#2878,#2608,.T.);
#3532=EDGE_CURVE('',#2879,#2818,#1277,.T.);
#3533=EDGE_CURVE('',#2880,#2881,#2609,.T.);
#3534=EDGE_CURVE('',#2880,#2879,#1278,.T.);
#3535=EDGE_CURVE('',#2878,#2881,#1279,.T.);
#3536=EDGE_CURVE('',#2882,#2883,#2610,.T.);
#3537=EDGE_CURVE('',#2882,#2884,#1280,.T.);
#3538=EDGE_CURVE('',#2884,#2885,#2611,.T.);
#3539=EDGE_CURVE('',#2885,#2883,#1281,.T.);
#3540=EDGE_CURVE('',#2745,#2886,#1282,.T.);
#3541=EDGE_CURVE('',#2887,#2886,#94,.T.);
#3542=EDGE_CURVE('',#2887,#2742,#1283,.T.);
#3543=EDGE_CURVE('',#2733,#2888,#1284,.T.);
#3544=EDGE_CURVE('',#2888,#2728,#1285,.T.);
#3545=EDGE_CURVE('',#2728,#2731,#1286,.T.);
#3546=EDGE_CURVE('',#2889,#2731,#1287,.T.);
#3547=EDGE_CURVE('',#2889,#2732,#1288,.T.);
#3548=EDGE_CURVE('',#2846,#2880,#1289,.T.);
#3549=EDGE_CURVE('',#2888,#2742,#1290,.T.);
#3550=EDGE_CURVE('',#2877,#2889,#1291,.T.);
#3551=EDGE_CURVE('',#2890,#2891,#1292,.T.);
#3552=EDGE_CURVE('',#2890,#2892,#1293,.T.);
#3553=EDGE_CURVE('',#2893,#2892,#1294,.T.);
#3554=EDGE_CURVE('',#2893,#2891,#1295,.T.);
#3555=EDGE_CURVE('',#2894,#2895,#1296,.T.);
#3556=EDGE_CURVE('',#2894,#2896,#1297,.T.);
#3557=EDGE_CURVE('',#2897,#2896,#1298,.T.);
#3558=EDGE_CURVE('',#2897,#2895,#1299,.T.);
#3559=EDGE_CURVE('',#2898,#2899,#1300,.T.);
#3560=EDGE_CURVE('',#2898,#2900,#1301,.T.);
#3561=EDGE_CURVE('',#2901,#2900,#1302,.T.);
#3562=EDGE_CURVE('',#2901,#2899,#1303,.T.);
#3563=EDGE_CURVE('',#2902,#2903,#1304,.T.);
#3564=EDGE_CURVE('',#2902,#2904,#1305,.T.);
#3565=EDGE_CURVE('',#2905,#2904,#1306,.T.);
#3566=EDGE_CURVE('',#2905,#2903,#1307,.T.);
#3567=EDGE_CURVE('',#2906,#2907,#2612,.T.);
#3568=EDGE_CURVE('',#2907,#2908,#2613,.T.);
#3569=EDGE_CURVE('',#2909,#2908,#2614,.T.);
#3570=EDGE_CURVE('',#2909,#2906,#2615,.T.);
#3571=EDGE_CURVE('',#2910,#2907,#1308,.T.);
#3572=EDGE_CURVE('',#2746,#2910,#2616,.T.);
#3573=EDGE_CURVE('',#2908,#2824,#1309,.T.);
#3574=EDGE_CURVE('',#2910,#2911,#2617,.T.);
#3575=EDGE_CURVE('',#2911,#2747,#2618,.T.);
#3576=EDGE_CURVE('',#2912,#2747,#1310,.T.);
#3577=EDGE_CURVE('',#2913,#2912,#1311,.F.);
#3578=EDGE_CURVE('',#2886,#2913,#1312,.T.);
#3579=EDGE_CURVE('',#2914,#2913,#95,.T.);
#3580=EDGE_CURVE('',#2914,#2915,#35,.T.);
#3581=EDGE_CURVE('',#2915,#2887,#1313,.T.);
#3582=EDGE_CURVE('',#2801,#2915,#1314,.T.);
#3583=EDGE_CURVE('',#2914,#2916,#1315,.T.);
#3584=EDGE_CURVE('',#2810,#2916,#96,.T.);
#3585=EDGE_CURVE('',#2808,#2917,#97,.T.);
#3586=EDGE_CURVE('',#2916,#2917,#1316,.T.);
#3587=EDGE_CURVE('',#2918,#2919,#1317,.T.);
#3588=EDGE_CURVE('',#2919,#2920,#1318,.T.);
#3589=EDGE_CURVE('',#2918,#2920,#1319,.T.);
#3590=EDGE_CURVE('',#2920,#2921,#1320,.T.);
#3591=EDGE_CURVE('',#2922,#2919,#1321,.T.);
#3592=EDGE_CURVE('',#2921,#2922,#1322,.T.);
#3593=EDGE_CURVE('',#2921,#2923,#1323,.T.);
#3594=EDGE_CURVE('',#2923,#2922,#1324,.T.);
#3595=EDGE_CURVE('',#2924,#2925,#1325,.T.);
#3596=EDGE_CURVE('',#2925,#2926,#1326,.T.);
#3597=EDGE_CURVE('',#2924,#2926,#1327,.T.);
#3598=EDGE_CURVE('',#2926,#2927,#1328,.T.);
#3599=EDGE_CURVE('',#2928,#2925,#1329,.T.);
#3600=EDGE_CURVE('',#2927,#2928,#1330,.T.);
#3601=EDGE_CURVE('',#2927,#2929,#1331,.T.);
#3602=EDGE_CURVE('',#2929,#2928,#1332,.T.);
#3603=EDGE_CURVE('',#2930,#2931,#1333,.T.);
#3604=EDGE_CURVE('',#2931,#2932,#1334,.T.);
#3605=EDGE_CURVE('',#2930,#2932,#1335,.T.);
#3606=EDGE_CURVE('',#2932,#2933,#1336,.T.);
#3607=EDGE_CURVE('',#2934,#2931,#1337,.T.);
#3608=EDGE_CURVE('',#2933,#2934,#1338,.T.);
#3609=EDGE_CURVE('',#2933,#2935,#1339,.T.);
#3610=EDGE_CURVE('',#2935,#2934,#1340,.T.);
#3611=EDGE_CURVE('',#2936,#2937,#1341,.T.);
#3612=EDGE_CURVE('',#2937,#2938,#1342,.T.);
#3613=EDGE_CURVE('',#2936,#2938,#1343,.T.);
#3614=EDGE_CURVE('',#2938,#2939,#1344,.T.);
#3615=EDGE_CURVE('',#2940,#2937,#1345,.T.);
#3616=EDGE_CURVE('',#2939,#2940,#1346,.T.);
#3617=EDGE_CURVE('',#2939,#2941,#1347,.T.);
#3618=EDGE_CURVE('',#2941,#2940,#1348,.T.);
#3619=EDGE_CURVE('',#2942,#2943,#1349,.T.);
#3620=EDGE_CURVE('',#2943,#2944,#1350,.T.);
#3621=EDGE_CURVE('',#2942,#2944,#1351,.T.);
#3622=EDGE_CURVE('',#2944,#2945,#1352,.T.);
#3623=EDGE_CURVE('',#2946,#2943,#1353,.T.);
#3624=EDGE_CURVE('',#2945,#2946,#1354,.T.);
#3625=EDGE_CURVE('',#2945,#2947,#1355,.T.);
#3626=EDGE_CURVE('',#2947,#2946,#1356,.T.);
#3627=EDGE_CURVE('',#2948,#2949,#1357,.T.);
#3628=EDGE_CURVE('',#2949,#2950,#1358,.T.);
#3629=EDGE_CURVE('',#2948,#2950,#1359,.T.);
#3630=EDGE_CURVE('',#2950,#2951,#1360,.T.);
#3631=EDGE_CURVE('',#2952,#2949,#1361,.T.);
#3632=EDGE_CURVE('',#2951,#2952,#1362,.T.);
#3633=EDGE_CURVE('',#2951,#2953,#1363,.T.);
#3634=EDGE_CURVE('',#2953,#2952,#1364,.T.);
#3635=EDGE_CURVE('',#2954,#2955,#1365,.T.);
#3636=EDGE_CURVE('',#2955,#2956,#1366,.T.);
#3637=EDGE_CURVE('',#2954,#2956,#1367,.T.);
#3638=EDGE_CURVE('',#2956,#2957,#1368,.T.);
#3639=EDGE_CURVE('',#2958,#2955,#1369,.T.);
#3640=EDGE_CURVE('',#2957,#2958,#1370,.T.);
#3641=EDGE_CURVE('',#2957,#2959,#1371,.T.);
#3642=EDGE_CURVE('',#2959,#2958,#1372,.T.);
#3643=EDGE_CURVE('',#2960,#2961,#1373,.T.);
#3644=EDGE_CURVE('',#2961,#2962,#1374,.T.);
#3645=EDGE_CURVE('',#2960,#2962,#1375,.T.);
#3646=EDGE_CURVE('',#2962,#2963,#1376,.T.);
#3647=EDGE_CURVE('',#2964,#2961,#1377,.T.);
#3648=EDGE_CURVE('',#2963,#2964,#1378,.T.);
#3649=EDGE_CURVE('',#2963,#2965,#1379,.T.);
#3650=EDGE_CURVE('',#2965,#2964,#1380,.T.);
#3651=EDGE_CURVE('',#2966,#2967,#1381,.T.);
#3652=EDGE_CURVE('',#2967,#2968,#1382,.T.);
#3653=EDGE_CURVE('',#2966,#2968,#1383,.T.);
#3654=EDGE_CURVE('',#2968,#2969,#1384,.T.);
#3655=EDGE_CURVE('',#2970,#2967,#1385,.T.);
#3656=EDGE_CURVE('',#2969,#2970,#1386,.T.);
#3657=EDGE_CURVE('',#2969,#2971,#1387,.T.);
#3658=EDGE_CURVE('',#2971,#2970,#1388,.T.);
#3659=EDGE_CURVE('',#2972,#2973,#1389,.T.);
#3660=EDGE_CURVE('',#2973,#2974,#1390,.T.);
#3661=EDGE_CURVE('',#2972,#2974,#1391,.T.);
#3662=EDGE_CURVE('',#2974,#2975,#1392,.T.);
#3663=EDGE_CURVE('',#2976,#2973,#1393,.T.);
#3664=EDGE_CURVE('',#2975,#2976,#1394,.T.);
#3665=EDGE_CURVE('',#2975,#2977,#1395,.T.);
#3666=EDGE_CURVE('',#2977,#2976,#1396,.T.);
#3667=EDGE_CURVE('',#2978,#2979,#1397,.T.);
#3668=EDGE_CURVE('',#2979,#2980,#1398,.T.);
#3669=EDGE_CURVE('',#2978,#2980,#1399,.T.);
#3670=EDGE_CURVE('',#2980,#2981,#1400,.T.);
#3671=EDGE_CURVE('',#2982,#2979,#1401,.T.);
#3672=EDGE_CURVE('',#2981,#2982,#1402,.T.);
#3673=EDGE_CURVE('',#2981,#2983,#1403,.T.);
#3674=EDGE_CURVE('',#2983,#2982,#1404,.T.);
#3675=EDGE_CURVE('',#2984,#2985,#1405,.T.);
#3676=EDGE_CURVE('',#2985,#2986,#1406,.T.);
#3677=EDGE_CURVE('',#2984,#2986,#1407,.T.);
#3678=EDGE_CURVE('',#2986,#2987,#1408,.T.);
#3679=EDGE_CURVE('',#2988,#2985,#1409,.T.);
#3680=EDGE_CURVE('',#2987,#2988,#1410,.T.);
#3681=EDGE_CURVE('',#2987,#2989,#1411,.T.);
#3682=EDGE_CURVE('',#2989,#2988,#1412,.T.);
#3683=EDGE_CURVE('',#2990,#2991,#1413,.T.);
#3684=EDGE_CURVE('',#2991,#2992,#1414,.T.);
#3685=EDGE_CURVE('',#2990,#2992,#1415,.T.);
#3686=EDGE_CURVE('',#2992,#2993,#1416,.T.);
#3687=EDGE_CURVE('',#2994,#2991,#1417,.T.);
#3688=EDGE_CURVE('',#2993,#2994,#1418,.T.);
#3689=EDGE_CURVE('',#2993,#2995,#1419,.T.);
#3690=EDGE_CURVE('',#2995,#2994,#1420,.T.);
#3691=EDGE_CURVE('',#2996,#2997,#36,.F.);
#3692=EDGE_CURVE('',#2997,#2998,#2619,.T.);
#3693=EDGE_CURVE('',#2999,#2998,#2620,.T.);
#3694=EDGE_CURVE('',#2999,#2996,#2621,.T.);
#3695=EDGE_CURVE('',#2756,#3000,#2622,.T.);
#3696=EDGE_CURVE('',#3001,#2854,#1421,.T.);
#3697=EDGE_CURVE('',#3000,#3001,#2623,.T.);
#3698=EDGE_CURVE('',#2757,#2768,#1422,.T.);
#3699=EDGE_CURVE('',#3002,#3000,#37,.T.);
#3700=EDGE_CURVE('',#3002,#2757,#2624,.T.);
#3701=EDGE_CURVE('',#2772,#3003,#2625,.T.);
#3702=EDGE_CURVE('',#3004,#2850,#1423,.T.);
#3703=EDGE_CURVE('',#3003,#3004,#2626,.T.);
#3704=EDGE_CURVE('',#3005,#3006,#38,.F.);
#3705=EDGE_CURVE('',#3006,#2769,#2627,.T.);
#3706=EDGE_CURVE('',#2768,#3005,#2628,.T.);
#3707=EDGE_CURVE('',#3007,#3006,#2629,.T.);
#3708=EDGE_CURVE('',#2851,#3007,#1424,.T.);
#3709=EDGE_CURVE('',#2776,#2773,#1425,.T.);
#3710=EDGE_CURVE('',#3008,#3003,#39,.T.);
#3711=EDGE_CURVE('',#3008,#2773,#2630,.T.);
#3712=EDGE_CURVE('',#3009,#3010,#2631,.T.);
#3713=EDGE_CURVE('',#3010,#3011,#40,.T.);
#3714=EDGE_CURVE('',#3011,#3012,#2632,.T.);
#3715=EDGE_CURVE('',#3012,#3013,#41,.T.);
#3716=EDGE_CURVE('',#3009,#3013,#42,.T.);
#3717=EDGE_CURVE('',#3014,#3015,#43,.F.);
#3718=EDGE_CURVE('',#3015,#2777,#2633,.T.);
#3719=EDGE_CURVE('',#2776,#3014,#2634,.T.);
#3720=EDGE_CURVE('',#3016,#3015,#2635,.T.);
#3721=EDGE_CURVE('',#3017,#3016,#2636,.F.);
#3722=EDGE_CURVE('',#2847,#3017,#1426,.T.);
#3723=EDGE_CURVE('',#3013,#3017,#1427,.T.);
#3724=EDGE_CURVE('',#3016,#3009,#1428,.T.);
#3725=EDGE_CURVE('',#2883,#2845,#1429,.T.);
#3726=EDGE_CURVE('',#3018,#2885,#1430,.T.);
#3727=EDGE_CURVE('',#3019,#3018,#1431,.T.);
#3728=EDGE_CURVE('',#3020,#3019,#1432,.T.);
#3729=EDGE_CURVE('',#3020,#3021,#1433,.T.);
#3730=EDGE_CURVE('',#3022,#3021,#1434,.T.);
#3731=EDGE_CURVE('',#3023,#3022,#1435,.T.);
#3732=EDGE_CURVE('',#3024,#3023,#1436,.T.);
#3733=EDGE_CURVE('',#3024,#2887,#1437,.T.);
#3734=EDGE_CURVE('',#3025,#3026,#1438,.T.);
#3735=EDGE_CURVE('',#3025,#3020,#1439,.T.);
#3736=EDGE_CURVE('',#3026,#3019,#1440,.T.);
#3737=EDGE_CURVE('',#3027,#3028,#1441,.T.);
#3738=EDGE_CURVE('',#3027,#3018,#1442,.T.);
#3739=EDGE_CURVE('',#3028,#2884,#1443,.T.);
#3740=EDGE_CURVE('',#3029,#3030,#2637,.T.);
#3741=EDGE_CURVE('',#3030,#3031,#2638,.T.);
#3742=EDGE_CURVE('',#3032,#3031,#2639,.T.);
#3743=EDGE_CURVE('',#3032,#3029,#2640,.T.);
#3744=EDGE_CURVE('',#3010,#3033,#2641,.T.);
#3745=EDGE_CURVE('',#3034,#3033,#2642,.T.);
#3746=EDGE_CURVE('',#3034,#3011,#2643,.T.);
#3747=EDGE_CURVE('',#3035,#3036,#1444,.T.);
#3748=EDGE_CURVE('',#3035,#2804,#1445,.T.);
#3749=EDGE_CURVE('',#3036,#2806,#1446,.T.);
#3750=EDGE_CURVE('',#3037,#3035,#1447,.T.);
#3751=EDGE_CURVE('',#3037,#2803,#1448,.T.);
#3752=EDGE_CURVE('',#3038,#3037,#1449,.T.);
#3753=EDGE_CURVE('',#3038,#2805,#1450,.T.);
#3754=EDGE_CURVE('',#3036,#3038,#1451,.T.);
#3755=EDGE_CURVE('',#3039,#3040,#1452,.T.);
#3756=EDGE_CURVE('',#3041,#3040,#1453,.T.);
#3757=EDGE_CURVE('',#3039,#3041,#1454,.T.);
#3758=EDGE_CURVE('',#3041,#3042,#1455,.T.);
#3759=EDGE_CURVE('',#3040,#3043,#1456,.T.);
#3760=EDGE_CURVE('',#3043,#3042,#1457,.T.);
#3761=EDGE_CURVE('',#3042,#3044,#1458,.T.);
#3762=EDGE_CURVE('',#3044,#3043,#1459,.T.);
#3763=EDGE_CURVE('',#3045,#3046,#1460,.T.);
#3764=EDGE_CURVE('',#3047,#3046,#1461,.T.);
#3765=EDGE_CURVE('',#3045,#3047,#1462,.T.);
#3766=EDGE_CURVE('',#3047,#3048,#1463,.T.);
#3767=EDGE_CURVE('',#3046,#3049,#1464,.T.);
#3768=EDGE_CURVE('',#3049,#3048,#1465,.T.);
#3769=EDGE_CURVE('',#3048,#3050,#1466,.T.);
#3770=EDGE_CURVE('',#3050,#3049,#1467,.T.);
#3771=EDGE_CURVE('',#3051,#3052,#1468,.T.);
#3772=EDGE_CURVE('',#3053,#3052,#1469,.T.);
#3773=EDGE_CURVE('',#3051,#3053,#1470,.T.);
#3774=EDGE_CURVE('',#3053,#3054,#1471,.T.);
#3775=EDGE_CURVE('',#3052,#3055,#1472,.T.);
#3776=EDGE_CURVE('',#3055,#3054,#1473,.T.);
#3777=EDGE_CURVE('',#3054,#3056,#1474,.T.);
#3778=EDGE_CURVE('',#3056,#3055,#1475,.T.);
#3779=EDGE_CURVE('',#3057,#3058,#1476,.T.);
#3780=EDGE_CURVE('',#3059,#3058,#1477,.T.);
#3781=EDGE_CURVE('',#3057,#3059,#1478,.T.);
#3782=EDGE_CURVE('',#3059,#3060,#1479,.T.);
#3783=EDGE_CURVE('',#3058,#3061,#1480,.T.);
#3784=EDGE_CURVE('',#3061,#3060,#1481,.T.);
#3785=EDGE_CURVE('',#3060,#3062,#1482,.T.);
#3786=EDGE_CURVE('',#3062,#3061,#1483,.T.);
#3787=EDGE_CURVE('',#3063,#3064,#1484,.T.);
#3788=EDGE_CURVE('',#3065,#3064,#1485,.T.);
#3789=EDGE_CURVE('',#3063,#3065,#1486,.T.);
#3790=EDGE_CURVE('',#3065,#3066,#1487,.T.);
#3791=EDGE_CURVE('',#3064,#3067,#1488,.T.);
#3792=EDGE_CURVE('',#3067,#3066,#1489,.T.);
#3793=EDGE_CURVE('',#3066,#3068,#1490,.T.);
#3794=EDGE_CURVE('',#3068,#3067,#1491,.T.);
#3795=EDGE_CURVE('',#3069,#3070,#1492,.T.);
#3796=EDGE_CURVE('',#3071,#3070,#1493,.T.);
#3797=EDGE_CURVE('',#3069,#3071,#1494,.T.);
#3798=EDGE_CURVE('',#3071,#3072,#1495,.T.);
#3799=EDGE_CURVE('',#3070,#3073,#1496,.T.);
#3800=EDGE_CURVE('',#3073,#3072,#1497,.T.);
#3801=EDGE_CURVE('',#3072,#3074,#1498,.T.);
#3802=EDGE_CURVE('',#3074,#3073,#1499,.T.);
#3803=EDGE_CURVE('',#3075,#3076,#1500,.T.);
#3804=EDGE_CURVE('',#3077,#3076,#1501,.T.);
#3805=EDGE_CURVE('',#3075,#3077,#1502,.T.);
#3806=EDGE_CURVE('',#3077,#3078,#1503,.T.);
#3807=EDGE_CURVE('',#3076,#3079,#1504,.T.);
#3808=EDGE_CURVE('',#3079,#3078,#1505,.T.);
#3809=EDGE_CURVE('',#3078,#3080,#1506,.T.);
#3810=EDGE_CURVE('',#3080,#3079,#1507,.T.);
#3811=EDGE_CURVE('',#3081,#3082,#1508,.T.);
#3812=EDGE_CURVE('',#3083,#3082,#1509,.T.);
#3813=EDGE_CURVE('',#3081,#3083,#1510,.T.);
#3814=EDGE_CURVE('',#3083,#3084,#1511,.T.);
#3815=EDGE_CURVE('',#3082,#3085,#1512,.T.);
#3816=EDGE_CURVE('',#3085,#3084,#1513,.T.);
#3817=EDGE_CURVE('',#3084,#3086,#1514,.T.);
#3818=EDGE_CURVE('',#3086,#3085,#1515,.T.);
#3819=EDGE_CURVE('',#3087,#3088,#1516,.T.);
#3820=EDGE_CURVE('',#3089,#3088,#1517,.T.);
#3821=EDGE_CURVE('',#3087,#3089,#1518,.T.);
#3822=EDGE_CURVE('',#3089,#3090,#1519,.T.);
#3823=EDGE_CURVE('',#3088,#3091,#1520,.T.);
#3824=EDGE_CURVE('',#3091,#3090,#1521,.T.);
#3825=EDGE_CURVE('',#3090,#3092,#1522,.T.);
#3826=EDGE_CURVE('',#3092,#3091,#1523,.T.);
#3827=EDGE_CURVE('',#3093,#3094,#1524,.T.);
#3828=EDGE_CURVE('',#3095,#3094,#1525,.T.);
#3829=EDGE_CURVE('',#3093,#3095,#1526,.T.);
#3830=EDGE_CURVE('',#3095,#3096,#1527,.T.);
#3831=EDGE_CURVE('',#3094,#3097,#1528,.T.);
#3832=EDGE_CURVE('',#3097,#3096,#1529,.T.);
#3833=EDGE_CURVE('',#3096,#3098,#1530,.T.);
#3834=EDGE_CURVE('',#3098,#3097,#1531,.T.);
#3835=EDGE_CURVE('',#3099,#3100,#1532,.T.);
#3836=EDGE_CURVE('',#3101,#3100,#1533,.T.);
#3837=EDGE_CURVE('',#3099,#3101,#1534,.T.);
#3838=EDGE_CURVE('',#3101,#3102,#1535,.T.);
#3839=EDGE_CURVE('',#3100,#3103,#1536,.T.);
#3840=EDGE_CURVE('',#3103,#3102,#1537,.T.);
#3841=EDGE_CURVE('',#3102,#3104,#1538,.T.);
#3842=EDGE_CURVE('',#3104,#3103,#1539,.T.);
#3843=EDGE_CURVE('',#3105,#3106,#1540,.T.);
#3844=EDGE_CURVE('',#3107,#3106,#1541,.T.);
#3845=EDGE_CURVE('',#3105,#3107,#1542,.T.);
#3846=EDGE_CURVE('',#3107,#3108,#1543,.T.);
#3847=EDGE_CURVE('',#3106,#3109,#1544,.T.);
#3848=EDGE_CURVE('',#3109,#3108,#1545,.T.);
#3849=EDGE_CURVE('',#3108,#3110,#1546,.T.);
#3850=EDGE_CURVE('',#3110,#3109,#1547,.T.);
#3851=EDGE_CURVE('',#3111,#3112,#1548,.T.);
#3852=EDGE_CURVE('',#3113,#3112,#1549,.T.);
#3853=EDGE_CURVE('',#3111,#3113,#1550,.T.);
#3854=EDGE_CURVE('',#3113,#3114,#1551,.T.);
#3855=EDGE_CURVE('',#3112,#3115,#1552,.T.);
#3856=EDGE_CURVE('',#3115,#3114,#1553,.T.);
#3857=EDGE_CURVE('',#3114,#3116,#1554,.T.);
#3858=EDGE_CURVE('',#3116,#3115,#1555,.T.);
#3859=EDGE_CURVE('',#3117,#2807,#98,.T.);
#3860=EDGE_CURVE('',#3117,#3118,#1556,.T.);
#3861=EDGE_CURVE('',#3118,#2809,#99,.T.);
#3862=EDGE_CURVE('',#2923,#2924,#1557,.T.);
#3863=EDGE_CURVE('',#2929,#2930,#1558,.T.);
#3864=EDGE_CURVE('',#2935,#2936,#1559,.T.);
#3865=EDGE_CURVE('',#2941,#2942,#1560,.T.);
#3866=EDGE_CURVE('',#2947,#2948,#1561,.T.);
#3867=EDGE_CURVE('',#2953,#2954,#1562,.T.);
#3868=EDGE_CURVE('',#2959,#2960,#1563,.T.);
#3869=EDGE_CURVE('',#2965,#2966,#1564,.T.);
#3870=EDGE_CURVE('',#2971,#2972,#1565,.T.);
#3871=EDGE_CURVE('',#2977,#2978,#1566,.T.);
#3872=EDGE_CURVE('',#2983,#2984,#1567,.T.);
#3873=EDGE_CURVE('',#2989,#2990,#1568,.T.);
#3874=EDGE_CURVE('',#2995,#3119,#1569,.T.);
#3875=EDGE_CURVE('',#3119,#3120,#1570,.T.);
#3876=EDGE_CURVE('',#3120,#3039,#1571,.T.);
#3877=EDGE_CURVE('',#3044,#3045,#1572,.T.);
#3878=EDGE_CURVE('',#3050,#3051,#1573,.T.);
#3879=EDGE_CURVE('',#3056,#3057,#1574,.T.);
#3880=EDGE_CURVE('',#3062,#3063,#1575,.T.);
#3881=EDGE_CURVE('',#3068,#3069,#1576,.T.);
#3882=EDGE_CURVE('',#3074,#3075,#1577,.T.);
#3883=EDGE_CURVE('',#3080,#3081,#1578,.T.);
#3884=EDGE_CURVE('',#3086,#3087,#1579,.T.);
#3885=EDGE_CURVE('',#3092,#3093,#1580,.T.);
#3886=EDGE_CURVE('',#3098,#3099,#1581,.T.);
#3887=EDGE_CURVE('',#3104,#3105,#1582,.T.);
#3888=EDGE_CURVE('',#3110,#3111,#1583,.T.);
#3889=EDGE_CURVE('',#3116,#3121,#1584,.T.);
#3890=EDGE_CURVE('',#3121,#3122,#1585,.T.);
#3891=EDGE_CURVE('',#3122,#3117,#1586,.T.);
#3892=EDGE_CURVE('',#2917,#3123,#1587,.T.);
#3893=EDGE_CURVE('',#3123,#3124,#1588,.T.);
#3894=EDGE_CURVE('',#3124,#2918,#1589,.T.);
#3895=EDGE_CURVE('',#3118,#3125,#1590,.T.);
#3896=EDGE_CURVE('',#3125,#2811,#100,.T.);
#3897=EDGE_CURVE('',#3126,#3127,#2644,.T.);
#3898=EDGE_CURVE('',#3127,#3128,#2645,.T.);
#3899=EDGE_CURVE('',#3129,#3128,#2646,.T.);
#3900=EDGE_CURVE('',#3129,#3126,#2647,.T.);
#3901=EDGE_CURVE('',#3128,#3130,#1591,.T.);
#3902=EDGE_CURVE('',#3131,#3127,#1592,.T.);
#3903=EDGE_CURVE('',#3131,#3132,#1593,.T.);
#3904=EDGE_CURVE('',#3132,#3133,#1594,.T.);
#3905=EDGE_CURVE('',#3130,#3133,#2648,.F.);
#3906=EDGE_CURVE('',#3130,#3134,#44,.F.);
#3907=EDGE_CURVE('',#3134,#3129,#1595,.T.);
#3908=EDGE_CURVE('',#3125,#3135,#101,.T.);
#3909=EDGE_CURVE('',#3135,#3136,#1596,.T.);
#3910=EDGE_CURVE('',#3136,#2815,#102,.T.);
#3911=EDGE_CURVE('',#3136,#3137,#1597,.T.);
#3912=EDGE_CURVE('',#3137,#3138,#1598,.T.);
#3913=EDGE_CURVE('',#2822,#3138,#103,.F.);
#3914=EDGE_CURVE('',#3138,#2823,#1599,.T.);
#3915=EDGE_CURVE('',#2823,#2909,#1600,.T.);
#3916=EDGE_CURVE('',#3139,#2825,#2649,.T.);
#3917=EDGE_CURVE('',#3140,#2828,#2650,.T.);
#3918=EDGE_CURVE('',#3140,#3139,#1601,.T.);
#3919=EDGE_CURVE('',#3141,#3139,#1602,.T.);
#3920=EDGE_CURVE('',#2830,#3141,#2651,.T.);
#3921=EDGE_CURVE('',#3142,#3141,#1603,.T.);
#3922=EDGE_CURVE('',#2831,#3142,#2652,.T.);
#3923=EDGE_CURVE('',#3140,#3142,#1604,.T.);
#3924=EDGE_CURVE('',#3143,#2841,#2653,.T.);
#3925=EDGE_CURVE('',#2842,#3144,#2654,.T.);
#3926=EDGE_CURVE('',#3144,#3143,#1605,.T.);
#3927=EDGE_CURVE('',#3145,#3143,#1606,.T.);
#3928=EDGE_CURVE('',#2836,#3145,#2655,.T.);
#3929=EDGE_CURVE('',#3145,#3146,#1607,.T.);
#3930=EDGE_CURVE('',#3146,#2835,#2656,.T.);
#3931=EDGE_CURVE('',#3144,#3146,#1608,.T.);
#3932=EDGE_CURVE('',#3147,#2846,#104,.T.);
#3933=EDGE_CURVE('',#3147,#3148,#1609,.T.);
#3934=EDGE_CURVE('',#3148,#2845,#105,.T.);
#3935=EDGE_CURVE('',#3148,#3149,#1610,.T.);
#3936=EDGE_CURVE('',#2883,#3149,#2657,.T.);
#3937=EDGE_CURVE('',#3149,#3150,#2658,.T.);
#3938=EDGE_CURVE('',#2882,#3150,#2659,.T.);
#3939=EDGE_CURVE('',#3150,#3151,#1611,.T.);
#3940=EDGE_CURVE('',#2881,#3151,#2660,.T.);
#3941=EDGE_CURVE('',#2881,#2882,#1612,.T.);
#3942=EDGE_CURVE('',#3151,#3152,#2661,.T.);
#3943=EDGE_CURVE('',#2880,#3152,#2662,.T.);
#3944=EDGE_CURVE('',#3152,#3147,#1613,.T.);
#3945=EDGE_CURVE('',#3031,#3153,#1614,.T.);
#3946=EDGE_CURVE('',#3153,#3154,#106,.F.);
#3947=EDGE_CURVE('',#3154,#3032,#1615,.T.);
#3948=EDGE_CURVE('',#3029,#3034,#1616,.T.);
#3949=EDGE_CURVE('',#3155,#3154,#1617,.F.);
#3950=EDGE_CURVE('',#2692,#3155,#2663,.F.);
#3951=EDGE_CURVE('',#2691,#3156,#1618,.T.);
#3952=EDGE_CURVE('',#3012,#3156,#1619,.T.);
#3953=EDGE_CURVE('',#3156,#2848,#1620,.T.);
#3954=EDGE_CURVE('',#2848,#2849,#1621,.T.);
#3955=EDGE_CURVE('',#2849,#2852,#1622,.T.);
#3956=EDGE_CURVE('',#3004,#3007,#1623,.T.);
#3957=EDGE_CURVE('',#2852,#2853,#1624,.T.);
#3958=EDGE_CURVE('',#2853,#2860,#1625,.T.);
#3959=EDGE_CURVE('',#2859,#3157,#1626,.T.);
#3960=EDGE_CURVE('',#3001,#3157,#1627,.T.);
#3961=EDGE_CURVE('',#2860,#3158,#1628,.T.);
#3962=EDGE_CURVE('',#3159,#3158,#1629,.T.);
#3963=EDGE_CURVE('',#3159,#2855,#1630,.T.);
#3964=EDGE_CURVE('',#3160,#3159,#1631,.T.);
#3965=EDGE_CURVE('',#2856,#3160,#1632,.T.);
#3966=EDGE_CURVE('',#2856,#3161,#2664,.T.);
#3967=EDGE_CURVE('',#3162,#3160,#2665,.T.);
#3968=EDGE_CURVE('',#3161,#3162,#1633,.T.);
#3969=EDGE_CURVE('',#3161,#3163,#45,.F.);
#3970=EDGE_CURVE('',#3163,#2857,#2666,.T.);
#3971=EDGE_CURVE('',#3157,#2997,#2667,.T.);
#3972=EDGE_CURVE('',#3163,#3164,#1634,.T.);
#3973=EDGE_CURVE('',#2998,#3164,#1635,.T.);
#3974=EDGE_CURVE('',#3164,#3165,#107,.T.);
#3975=EDGE_CURVE('',#3165,#2999,#1636,.T.);
#3976=EDGE_CURVE('',#3166,#3167,#1637,.T.);
#3977=EDGE_CURVE('',#3166,#2999,#1638,.T.);
#3978=EDGE_CURVE('',#3165,#3167,#1639,.T.);
#3979=EDGE_CURVE('',#3168,#3169,#1640,.T.);
#3980=EDGE_CURVE('',#3169,#2861,#108,.T.);
#3981=EDGE_CURVE('',#3168,#2862,#109,.T.);
#3982=EDGE_CURVE('',#3169,#3170,#1641,.T.);
#3983=EDGE_CURVE('',#3170,#2863,#110,.T.);
#3984=EDGE_CURVE('',#3170,#3171,#1642,.T.);
#3985=EDGE_CURVE('',#2864,#3171,#111,.T.);
#3986=EDGE_CURVE('',#3171,#3168,#1643,.T.);
#3987=EDGE_CURVE('',#3172,#3173,#1644,.T.);
#3988=EDGE_CURVE('',#3173,#2865,#112,.T.);
#3989=EDGE_CURVE('',#3172,#2866,#113,.T.);
#3990=EDGE_CURVE('',#3173,#3174,#1645,.T.);
#3991=EDGE_CURVE('',#3174,#2867,#114,.T.);
#3992=EDGE_CURVE('',#3174,#3175,#1646,.T.);
#3993=EDGE_CURVE('',#2868,#3175,#115,.T.);
#3994=EDGE_CURVE('',#3175,#3172,#1647,.T.);
#3995=EDGE_CURVE('',#3176,#2905,#1648,.T.);
#3996=EDGE_CURVE('',#2904,#3177,#1649,.T.);
#3997=EDGE_CURVE('',#3176,#3177,#1650,.T.);
#3998=EDGE_CURVE('',#3178,#2876,#1651,.T.);
#3999=EDGE_CURVE('',#2875,#3179,#1652,.T.);
#4000=EDGE_CURVE('',#3178,#3179,#1653,.T.);
#4001=EDGE_CURVE('',#3180,#2872,#1654,.T.);
#4002=EDGE_CURVE('',#2871,#3181,#1655,.T.);
#4003=EDGE_CURVE('',#3180,#3181,#1656,.T.);
#4004=EDGE_CURVE('',#3182,#3022,#1657,.T.);
#4005=EDGE_CURVE('',#3183,#3182,#1658,.T.);
#4006=EDGE_CURVE('',#3183,#3023,#1659,.T.);
#4007=EDGE_CURVE('',#3184,#3180,#1660,.T.);
#4008=EDGE_CURVE('',#2896,#3184,#1661,.T.);
#4009=EDGE_CURVE('',#3185,#2894,#1662,.T.);
#4010=EDGE_CURVE('',#3186,#3185,#1663,.T.);
#4011=EDGE_CURVE('',#2870,#3186,#1664,.T.);
#4012=EDGE_CURVE('',#3187,#2869,#1665,.T.);
#4013=EDGE_CURVE('',#3187,#3186,#1666,.T.);
#4014=EDGE_CURVE('',#3188,#3187,#1667,.T.);
#4015=EDGE_CURVE('',#2895,#3188,#1668,.T.);
#4016=EDGE_CURVE('',#3189,#2897,#1669,.T.);
#4017=EDGE_CURVE('',#3181,#3189,#1670,.T.);
#4018=EDGE_CURVE('',#3190,#3178,#1671,.T.);
#4019=EDGE_CURVE('',#2891,#3190,#1672,.T.);
#4020=EDGE_CURVE('',#3191,#2893,#1673,.T.);
#4021=EDGE_CURVE('',#3192,#3191,#1674,.T.);
#4022=EDGE_CURVE('',#2874,#3192,#1675,.T.);
#4023=EDGE_CURVE('',#3193,#2873,#1676,.T.);
#4024=EDGE_CURVE('',#3193,#3192,#1677,.T.);
#4025=EDGE_CURVE('',#3194,#3193,#1678,.T.);
#4026=EDGE_CURVE('',#2892,#3194,#1679,.T.);
#4027=EDGE_CURVE('',#3195,#2890,#1680,.T.);
#4028=EDGE_CURVE('',#3179,#3195,#1681,.T.);
#4029=EDGE_CURVE('',#3196,#3176,#1682,.T.);
#4030=EDGE_CURVE('',#2900,#3196,#1683,.T.);
#4031=EDGE_CURVE('',#3197,#2898,#1684,.T.);
#4032=EDGE_CURVE('',#3198,#3197,#1685,.T.);
#4033=EDGE_CURVE('',#2903,#3198,#1686,.T.);
#4034=EDGE_CURVE('',#3199,#2902,#1687,.T.);
#4035=EDGE_CURVE('',#3199,#3198,#1688,.T.);
#4036=EDGE_CURVE('',#3191,#3188,#1689,.T.);
#4037=EDGE_CURVE('',#3197,#3194,#1690,.T.);
#4038=EDGE_CURVE('',#2899,#3200,#1691,.T.);
#4039=EDGE_CURVE('',#3201,#3200,#1692,.T.);
#4040=EDGE_CURVE('',#3201,#3024,#1693,.T.);
#4041=EDGE_CURVE('',#3185,#3183,#1694,.T.);
#4042=EDGE_CURVE('',#3202,#3201,#1695,.T.);
#4043=EDGE_CURVE('',#3202,#3021,#1696,.T.);
#4044=EDGE_CURVE('',#3028,#3025,#1697,.T.);
#4045=EDGE_CURVE('',#3182,#3184,#1698,.T.);
#4046=EDGE_CURVE('',#3203,#3202,#1699,.T.);
#4047=EDGE_CURVE('',#3203,#2901,#1700,.T.);
#4048=EDGE_CURVE('',#3195,#3196,#1701,.T.);
#4049=EDGE_CURVE('',#3189,#3190,#1702,.T.);
#4050=EDGE_CURVE('',#3200,#3199,#1703,.T.);
#4051=EDGE_CURVE('',#3177,#3203,#1704,.T.);
#4052=EDGE_CURVE('',#3030,#2906,#1705,.T.);
#4053=EDGE_CURVE('',#2909,#3031,#1706,.T.);
#4054=EDGE_CURVE('',#2906,#2911,#1707,.T.);
#4055=EDGE_CURVE('',#3204,#2912,#116,.F.);
#4056=EDGE_CURVE('',#2911,#3204,#1708,.T.);
#4057=EDGE_CURVE('',#3204,#3205,#1709,.T.);
#4058=EDGE_CURVE('',#3205,#2916,#1710,.T.);
#4059=EDGE_CURVE('',#3205,#3206,#1711,.T.);
#4060=EDGE_CURVE('',#3206,#3123,#1712,.F.);
#4061=EDGE_CURVE('',#3206,#3124,#1713,.T.);
#4062=EDGE_CURVE('',#2923,#2918,#1714,.T.);
#4063=EDGE_CURVE('',#2929,#2924,#1715,.T.);
#4064=EDGE_CURVE('',#2935,#2930,#1716,.T.);
#4065=EDGE_CURVE('',#2941,#2936,#1717,.T.);
#4066=EDGE_CURVE('',#2947,#2942,#1718,.T.);
#4067=EDGE_CURVE('',#2953,#2948,#1719,.T.);
#4068=EDGE_CURVE('',#2959,#2954,#1720,.T.);
#4069=EDGE_CURVE('',#2965,#2960,#1721,.T.);
#4070=EDGE_CURVE('',#2971,#2966,#1722,.T.);
#4071=EDGE_CURVE('',#2977,#2972,#1723,.T.);
#4072=EDGE_CURVE('',#2983,#2978,#1724,.T.);
#4073=EDGE_CURVE('',#2989,#2984,#1725,.T.);
#4074=EDGE_CURVE('',#2995,#2990,#1726,.T.);
#4075=EDGE_CURVE('',#3207,#3166,#2668,.T.);
#4076=EDGE_CURVE('',#2996,#3207,#1727,.T.);
#4077=EDGE_CURVE('',#3002,#2996,#1728,.T.);
#4078=EDGE_CURVE('',#3005,#3002,#1729,.T.);
#4079=EDGE_CURVE('',#3008,#3005,#1730,.T.);
#4080=EDGE_CURVE('',#3014,#3008,#1731,.T.);
#4081=EDGE_CURVE('',#3208,#3014,#1732,.T.);
#4082=EDGE_CURVE('',#3209,#3208,#2669,.T.);
#4083=EDGE_CURVE('',#3209,#3010,#1733,.T.);
#4084=EDGE_CURVE('',#3209,#3027,#2670,.F.);
#4085=EDGE_CURVE('',#3208,#3210,#1734,.T.);
#4086=EDGE_CURVE('',#3210,#3026,#2671,.T.);
#4087=EDGE_CURVE('',#3210,#3211,#1735,.T.);
#4088=EDGE_CURVE('',#3025,#3211,#117,.T.);
#4089=EDGE_CURVE('',#3211,#3212,#1736,.T.);
#4090=EDGE_CURVE('',#3212,#3028,#118,.T.);
#4091=EDGE_CURVE('',#3212,#3033,#1737,.T.);
#4092=EDGE_CURVE('',#3033,#3030,#1738,.T.);
#4093=EDGE_CURVE('',#3213,#3214,#1739,.T.);
#4094=EDGE_CURVE('',#3214,#3035,#119,.T.);
#4095=EDGE_CURVE('',#3213,#3036,#120,.T.);
#4096=EDGE_CURVE('',#3214,#3215,#1740,.T.);
#4097=EDGE_CURVE('',#3037,#3215,#121,.T.);
#4098=EDGE_CURVE('',#3215,#3216,#1741,.T.);
#4099=EDGE_CURVE('',#3216,#3038,#122,.T.);
#4100=EDGE_CURVE('',#3216,#3213,#1742,.T.);
#4101=EDGE_CURVE('',#3217,#3218,#1743,.T.);
#4102=EDGE_CURVE('',#3218,#3219,#1744,.T.);
#4103=EDGE_CURVE('',#3220,#3219,#1745,.T.);
#4104=EDGE_CURVE('',#3217,#3220,#1746,.T.);
#4105=EDGE_CURVE('',#3218,#3221,#1747,.T.);
#4106=EDGE_CURVE('',#3221,#3222,#1748,.T.);
#4107=EDGE_CURVE('',#3219,#3222,#1749,.T.);
#4108=EDGE_CURVE('',#3221,#3223,#1750,.T.);
#4109=EDGE_CURVE('',#3223,#3224,#1751,.T.);
#4110=EDGE_CURVE('',#3222,#3224,#1752,.T.);
#4111=EDGE_CURVE('',#3225,#3223,#1753,.T.);
#4112=EDGE_CURVE('',#3225,#3226,#1754,.T.);
#4113=EDGE_CURVE('',#3224,#3226,#1755,.T.);
#4114=EDGE_CURVE('',#3227,#3225,#1756,.T.);
#4115=EDGE_CURVE('',#3227,#3228,#1757,.T.);
#4116=EDGE_CURVE('',#3226,#3228,#1758,.T.);
#4117=EDGE_CURVE('',#3229,#3230,#1759,.T.);
#4118=EDGE_CURVE('',#3228,#3230,#1760,.T.);
#4119=EDGE_CURVE('',#3229,#3227,#1761,.T.);
#4120=EDGE_CURVE('',#3230,#3119,#1762,.T.);
#4121=EDGE_CURVE('',#3120,#3229,#1763,.T.);
#4122=EDGE_CURVE('',#3044,#3039,#1764,.T.);
#4123=EDGE_CURVE('',#3050,#3045,#1765,.T.);
#4124=EDGE_CURVE('',#3056,#3051,#1766,.T.);
#4125=EDGE_CURVE('',#3062,#3057,#1767,.T.);
#4126=EDGE_CURVE('',#3068,#3063,#1768,.T.);
#4127=EDGE_CURVE('',#3074,#3069,#1769,.T.);
#4128=EDGE_CURVE('',#3080,#3075,#1770,.T.);
#4129=EDGE_CURVE('',#3086,#3081,#1771,.T.);
#4130=EDGE_CURVE('',#3092,#3087,#1772,.T.);
#4131=EDGE_CURVE('',#3098,#3093,#1773,.T.);
#4132=EDGE_CURVE('',#3104,#3099,#1774,.T.);
#4133=EDGE_CURVE('',#3110,#3105,#1775,.T.);
#4134=EDGE_CURVE('',#3116,#3111,#1776,.T.);
#4135=EDGE_CURVE('',#3121,#3231,#1777,.T.);
#4136=EDGE_CURVE('',#3231,#3122,#1778,.T.);
#4137=EDGE_CURVE('',#3231,#3232,#1779,.T.);
#4138=EDGE_CURVE('',#3118,#3232,#1780,.T.);
#4139=EDGE_CURVE('',#3232,#3233,#1781,.T.);
#4140=EDGE_CURVE('',#3234,#3233,#123,.T.);
#4141=EDGE_CURVE('',#3234,#3135,#1782,.T.);
#4142=EDGE_CURVE('',#3129,#3234,#1783,.T.);
#4143=EDGE_CURVE('',#3233,#3126,#1784,.T.);
#4144=EDGE_CURVE('',#3126,#3235,#1785,.T.);
#4145=EDGE_CURVE('',#3235,#3131,#124,.T.);
#4146=EDGE_CURVE('',#3236,#3237,#1786,.T.);
#4147=EDGE_CURVE('',#3237,#3238,#125,.F.);
#4148=EDGE_CURVE('',#3238,#3239,#1787,.T.);
#4149=EDGE_CURVE('',#3236,#3239,#126,.T.);
#4150=EDGE_CURVE('',#3240,#3239,#1788,.T.);
#4151=EDGE_CURVE('',#3240,#3241,#46,.T.);
#4152=EDGE_CURVE('',#3241,#3236,#1789,.T.);
#4153=EDGE_CURVE('',#3242,#3131,#1790,.T.);
#4154=EDGE_CURVE('',#3243,#3242,#1791,.T.);
#4155=EDGE_CURVE('',#3243,#3132,#1792,.T.);
#4156=EDGE_CURVE('',#3244,#3243,#1793,.T.);
#4157=EDGE_CURVE('',#3133,#3244,#1794,.T.);
#4158=EDGE_CURVE('',#3245,#3244,#2672,.T.);
#4159=EDGE_CURVE('',#3245,#3134,#1795,.T.);
#4160=EDGE_CURVE('',#3246,#3245,#1796,.T.);
#4161=EDGE_CURVE('',#3240,#3246,#1797,.T.);
#4162=EDGE_CURVE('',#3137,#3239,#1798,.T.);
#4163=EDGE_CURVE('',#3247,#3248,#1799,.T.);
#4164=EDGE_CURVE('',#3238,#3247,#1800,.T.);
#4165=EDGE_CURVE('',#3237,#3249,#1801,.T.);
#4166=EDGE_CURVE('',#3248,#3249,#1802,.T.);
#4167=EDGE_CURVE('',#3250,#3247,#1803,.T.);
#4168=EDGE_CURVE('',#3153,#3250,#1804,.T.);
#4169=EDGE_CURVE('',#3251,#3250,#1805,.T.);
#4170=EDGE_CURVE('',#3155,#3251,#1806,.T.);
#4171=EDGE_CURVE('',#2693,#3251,#2673,.T.);
#4172=EDGE_CURVE('',#3252,#2690,#1807,.T.);
#4173=EDGE_CURVE('',#3158,#3252,#1808,.T.);
#4174=EDGE_CURVE('',#3253,#3252,#1809,.T.);
#4175=EDGE_CURVE('',#3158,#3253,#127,.F.);
#4176=EDGE_CURVE('',#3253,#3254,#1810,.T.);
#4177=EDGE_CURVE('',#3159,#3254,#128,.T.);
#4178=EDGE_CURVE('',#3254,#3255,#1811,.T.);
#4179=EDGE_CURVE('',#3255,#3160,#2674,.T.);
#4180=EDGE_CURVE('',#3256,#3162,#47,.F.);
#4181=EDGE_CURVE('',#3255,#3256,#2675,.T.);
#4182=EDGE_CURVE('',#3167,#3257,#129,.T.);
#4183=EDGE_CURVE('',#3257,#3256,#1812,.T.);
#4184=EDGE_CURVE('',#3257,#3258,#1813,.T.);
#4185=EDGE_CURVE('',#3258,#3166,#2676,.T.);
#4186=EDGE_CURVE('',#3207,#3259,#48,.T.);
#4187=EDGE_CURVE('',#3258,#3259,#2677,.T.);
#4188=EDGE_CURVE('',#3260,#3259,#2678,.T.);
#4189=EDGE_CURVE('',#3207,#3260,#1814,.T.);
#4190=EDGE_CURVE('',#3261,#3260,#1815,.T.);
#4191=EDGE_CURVE('',#3261,#3220,#1816,.T.);
#4192=EDGE_CURVE('',#3261,#3262,#1817,.T.);
#4193=EDGE_CURVE('',#3262,#3217,#1818,.T.);
#4194=EDGE_CURVE('',#3263,#3262,#1819,.T.);
#4195=EDGE_CURVE('',#3235,#3263,#1820,.T.);
#4196=EDGE_CURVE('',#3263,#3242,#2679,.T.);
#4197=EDGE_CURVE('',#3246,#3264,#2680,.T.);
#4198=EDGE_CURVE('',#3264,#3265,#1821,.T.);
#4199=EDGE_CURVE('',#3241,#3265,#2681,.T.);
#4200=EDGE_CURVE('',#3265,#2694,#1822,.T.);
#4201=EDGE_CURVE('',#3249,#2697,#2682,.T.);
#4202=EDGE_CURVE('',#3248,#2696,#2683,.T.);
#4203=EDGE_CURVE('',#2695,#3264,#1823,.T.);
#4204=ORIENTED_EDGE('',*,*,#3266,.F.);
#4205=ORIENTED_EDGE('',*,*,#3267,.T.);
#4206=ORIENTED_EDGE('',*,*,#3268,.F.);
#4207=ORIENTED_EDGE('',*,*,#3267,.F.);
#4208=ORIENTED_EDGE('',*,*,#3266,.T.);
#4209=ORIENTED_EDGE('',*,*,#3269,.F.);
#4210=ORIENTED_EDGE('',*,*,#3270,.T.);
#4211=ORIENTED_EDGE('',*,*,#3271,.F.);
#4212=ORIENTED_EDGE('',*,*,#3270,.F.);
#4213=ORIENTED_EDGE('',*,*,#3269,.T.);
#4214=ORIENTED_EDGE('',*,*,#3272,.F.);
#4215=ORIENTED_EDGE('',*,*,#3273,.T.);
#4216=ORIENTED_EDGE('',*,*,#3274,.F.);
#4217=ORIENTED_EDGE('',*,*,#3273,.F.);
#4218=ORIENTED_EDGE('',*,*,#3272,.T.);
#4219=ORIENTED_EDGE('',*,*,#3275,.T.);
#4220=ORIENTED_EDGE('',*,*,#3276,.T.);
#4221=ORIENTED_EDGE('',*,*,#3277,.F.);
#4222=ORIENTED_EDGE('',*,*,#3278,.F.);
#4223=ORIENTED_EDGE('',*,*,#3279,.T.);
#4224=ORIENTED_EDGE('',*,*,#3280,.F.);
#4225=ORIENTED_EDGE('',*,*,#3281,.F.);
#4226=ORIENTED_EDGE('',*,*,#3282,.T.);
#4227=ORIENTED_EDGE('',*,*,#3283,.T.);
#4228=ORIENTED_EDGE('',*,*,#3284,.F.);
#4229=ORIENTED_EDGE('',*,*,#3285,.F.);
#4230=ORIENTED_EDGE('',*,*,#3286,.F.);
#4231=ORIENTED_EDGE('',*,*,#3287,.T.);
#4232=ORIENTED_EDGE('',*,*,#3286,.T.);
#4233=ORIENTED_EDGE('',*,*,#3288,.F.);
#4234=ORIENTED_EDGE('',*,*,#3289,.F.);
#4235=ORIENTED_EDGE('',*,*,#3290,.T.);
#4236=ORIENTED_EDGE('',*,*,#3291,.F.);
#4237=ORIENTED_EDGE('',*,*,#3292,.T.);
#4238=ORIENTED_EDGE('',*,*,#3293,.F.);
#4239=ORIENTED_EDGE('',*,*,#3294,.F.);
#4240=ORIENTED_EDGE('',*,*,#3295,.F.);
#4241=ORIENTED_EDGE('',*,*,#3296,.F.);
#4242=ORIENTED_EDGE('',*,*,#3297,.F.);
#4243=ORIENTED_EDGE('',*,*,#3298,.F.);
#4244=ORIENTED_EDGE('',*,*,#3299,.F.);
#4245=ORIENTED_EDGE('',*,*,#3300,.F.);
#4246=ORIENTED_EDGE('',*,*,#3301,.T.);
#4247=ORIENTED_EDGE('',*,*,#3302,.F.);
#4248=ORIENTED_EDGE('',*,*,#3303,.F.);
#4249=ORIENTED_EDGE('',*,*,#3304,.F.);
#4250=ORIENTED_EDGE('',*,*,#3305,.F.);
#4251=ORIENTED_EDGE('',*,*,#3306,.F.);
#4252=ORIENTED_EDGE('',*,*,#3307,.F.);
#4253=ORIENTED_EDGE('',*,*,#3308,.F.);
#4254=ORIENTED_EDGE('',*,*,#3309,.F.);
#4255=ORIENTED_EDGE('',*,*,#3310,.T.);
#4256=ORIENTED_EDGE('',*,*,#3311,.T.);
#4257=ORIENTED_EDGE('',*,*,#3312,.T.);
#4258=ORIENTED_EDGE('',*,*,#3313,.F.);
#4259=ORIENTED_EDGE('',*,*,#3314,.T.);
#4260=ORIENTED_EDGE('',*,*,#3315,.T.);
#4261=ORIENTED_EDGE('',*,*,#3316,.T.);
#4262=ORIENTED_EDGE('',*,*,#3293,.T.);
#4263=ORIENTED_EDGE('',*,*,#3317,.T.);
#4264=ORIENTED_EDGE('',*,*,#3318,.F.);
#4265=ORIENTED_EDGE('',*,*,#3319,.T.);
#4266=ORIENTED_EDGE('',*,*,#3291,.T.);
#4267=ORIENTED_EDGE('',*,*,#3292,.F.);
#4268=ORIENTED_EDGE('',*,*,#3320,.F.);
#4269=ORIENTED_EDGE('',*,*,#3321,.T.);
#4270=ORIENTED_EDGE('',*,*,#3322,.T.);
#4271=ORIENTED_EDGE('',*,*,#3289,.T.);
#4272=ORIENTED_EDGE('',*,*,#3323,.F.);
#4273=ORIENTED_EDGE('',*,*,#3324,.F.);
#4274=ORIENTED_EDGE('',*,*,#3325,.T.);
#4275=ORIENTED_EDGE('',*,*,#3326,.T.);
#4276=ORIENTED_EDGE('',*,*,#3327,.F.);
#4277=ORIENTED_EDGE('',*,*,#3328,.T.);
#4278=ORIENTED_EDGE('',*,*,#3329,.F.);
#4279=ORIENTED_EDGE('',*,*,#3327,.T.);
#4280=ORIENTED_EDGE('',*,*,#3330,.T.);
#4281=ORIENTED_EDGE('',*,*,#3331,.T.);
#4282=ORIENTED_EDGE('',*,*,#3332,.T.);
#4283=ORIENTED_EDGE('',*,*,#3333,.T.);
#4284=ORIENTED_EDGE('',*,*,#3334,.T.);
#4285=ORIENTED_EDGE('',*,*,#3335,.T.);
#4286=ORIENTED_EDGE('',*,*,#3336,.F.);
#4287=ORIENTED_EDGE('',*,*,#3331,.F.);
#4288=ORIENTED_EDGE('',*,*,#3337,.T.);
#4289=ORIENTED_EDGE('',*,*,#3338,.F.);
#4290=ORIENTED_EDGE('',*,*,#3339,.T.);
#4291=ORIENTED_EDGE('',*,*,#3340,.T.);
#4292=ORIENTED_EDGE('',*,*,#3341,.T.);
#4293=ORIENTED_EDGE('',*,*,#3332,.F.);
#4294=ORIENTED_EDGE('',*,*,#3342,.T.);
#4295=ORIENTED_EDGE('',*,*,#3343,.T.);
#4296=ORIENTED_EDGE('',*,*,#3344,.T.);
#4297=ORIENTED_EDGE('',*,*,#3345,.T.);
#4298=ORIENTED_EDGE('',*,*,#3346,.F.);
#4299=ORIENTED_EDGE('',*,*,#3347,.T.);
#4300=ORIENTED_EDGE('',*,*,#3300,.T.);
#4301=ORIENTED_EDGE('',*,*,#3344,.F.);
#4302=ORIENTED_EDGE('',*,*,#3348,.T.);
#4303=ORIENTED_EDGE('',*,*,#3349,.T.);
#4304=ORIENTED_EDGE('',*,*,#3350,.T.);
#4305=ORIENTED_EDGE('',*,*,#3351,.T.);
#4306=ORIENTED_EDGE('',*,*,#3352,.T.);
#4307=ORIENTED_EDGE('',*,*,#3353,.T.);
#4308=ORIENTED_EDGE('',*,*,#3354,.T.);
#4309=ORIENTED_EDGE('',*,*,#3355,.T.);
#4310=ORIENTED_EDGE('',*,*,#3356,.F.);
#4311=ORIENTED_EDGE('',*,*,#3357,.T.);
#4312=ORIENTED_EDGE('',*,*,#3296,.T.);
#4313=ORIENTED_EDGE('',*,*,#3354,.F.);
#4314=ORIENTED_EDGE('',*,*,#3358,.T.);
#4315=ORIENTED_EDGE('',*,*,#3359,.F.);
#4316=ORIENTED_EDGE('',*,*,#3360,.T.);
#4317=ORIENTED_EDGE('',*,*,#3361,.F.);
#4318=ORIENTED_EDGE('',*,*,#3298,.T.);
#4319=ORIENTED_EDGE('',*,*,#3362,.T.);
#4320=ORIENTED_EDGE('',*,*,#3361,.T.);
#4321=ORIENTED_EDGE('',*,*,#3363,.T.);
#4322=ORIENTED_EDGE('',*,*,#3364,.T.);
#4323=ORIENTED_EDGE('',*,*,#3365,.T.);
#4324=ORIENTED_EDGE('',*,*,#3366,.T.);
#4325=ORIENTED_EDGE('',*,*,#3367,.T.);
#4326=ORIENTED_EDGE('',*,*,#3368,.T.);
#4327=ORIENTED_EDGE('',*,*,#3349,.F.);
#4328=ORIENTED_EDGE('',*,*,#3369,.T.);
#4329=ORIENTED_EDGE('',*,*,#3365,.F.);
#4330=ORIENTED_EDGE('',*,*,#3370,.T.);
#4331=ORIENTED_EDGE('',*,*,#3359,.T.);
#4332=ORIENTED_EDGE('',*,*,#3301,.F.);
#4333=ORIENTED_EDGE('',*,*,#3347,.F.);
#4334=ORIENTED_EDGE('',*,*,#3371,.T.);
#4335=ORIENTED_EDGE('',*,*,#3372,.T.);
#4336=ORIENTED_EDGE('',*,*,#3373,.T.);
#4337=ORIENTED_EDGE('',*,*,#3374,.T.);
#4338=ORIENTED_EDGE('',*,*,#3375,.T.);
#4339=ORIENTED_EDGE('',*,*,#3376,.T.);
#4340=ORIENTED_EDGE('',*,*,#3377,.T.);
#4341=ORIENTED_EDGE('',*,*,#3378,.F.);
#4342=ORIENTED_EDGE('',*,*,#3379,.T.);
#4343=ORIENTED_EDGE('',*,*,#3372,.F.);
#4344=ORIENTED_EDGE('',*,*,#3380,.T.);
#4345=ORIENTED_EDGE('',*,*,#3376,.F.);
#4346=ORIENTED_EDGE('',*,*,#3381,.F.);
#4347=ORIENTED_EDGE('',*,*,#3382,.F.);
#4348=ORIENTED_EDGE('',*,*,#3297,.T.);
#4349=ORIENTED_EDGE('',*,*,#3357,.F.);
#4350=ORIENTED_EDGE('',*,*,#3383,.F.);
#4351=ORIENTED_EDGE('',*,*,#3382,.T.);
#4352=ORIENTED_EDGE('',*,*,#3384,.T.);
#4353=ORIENTED_EDGE('',*,*,#3385,.F.);
#4354=ORIENTED_EDGE('',*,*,#3294,.T.);
#4355=ORIENTED_EDGE('',*,*,#3386,.T.);
#4356=ORIENTED_EDGE('',*,*,#3385,.T.);
#4357=ORIENTED_EDGE('',*,*,#3387,.T.);
#4358=ORIENTED_EDGE('',*,*,#3388,.T.);
#4359=ORIENTED_EDGE('',*,*,#3389,.F.);
#4360=ORIENTED_EDGE('',*,*,#3390,.T.);
#4361=ORIENTED_EDGE('',*,*,#3391,.F.);
#4362=ORIENTED_EDGE('',*,*,#3392,.F.);
#4363=ORIENTED_EDGE('',*,*,#3393,.T.);
#4364=ORIENTED_EDGE('',*,*,#3394,.T.);
#4365=ORIENTED_EDGE('',*,*,#3395,.T.);
#4366=ORIENTED_EDGE('',*,*,#3396,.F.);
#4367=ORIENTED_EDGE('',*,*,#3393,.F.);
#4368=ORIENTED_EDGE('',*,*,#3397,.F.);
#4369=ORIENTED_EDGE('',*,*,#3398,.F.);
#4370=ORIENTED_EDGE('',*,*,#3399,.T.);
#4371=ORIENTED_EDGE('',*,*,#3394,.F.);
#4372=ORIENTED_EDGE('',*,*,#3398,.T.);
#4373=ORIENTED_EDGE('',*,*,#3400,.T.);
#4374=ORIENTED_EDGE('',*,*,#3325,.F.);
#4375=ORIENTED_EDGE('',*,*,#3401,.F.);
#4376=ORIENTED_EDGE('',*,*,#3392,.T.);
#4377=ORIENTED_EDGE('',*,*,#3402,.F.);
#4378=ORIENTED_EDGE('',*,*,#3395,.F.);
#4379=ORIENTED_EDGE('',*,*,#3399,.F.);
#4380=ORIENTED_EDGE('',*,*,#3403,.F.);
#4381=ORIENTED_EDGE('',*,*,#3404,.F.);
#4382=ORIENTED_EDGE('',*,*,#3283,.F.);
#4383=ORIENTED_EDGE('',*,*,#3287,.F.);
#4384=ORIENTED_EDGE('',*,*,#3404,.T.);
#4385=ORIENTED_EDGE('',*,*,#3405,.F.);
#4386=ORIENTED_EDGE('',*,*,#3406,.F.);
#4387=ORIENTED_EDGE('',*,*,#3284,.T.);
#4388=ORIENTED_EDGE('',*,*,#3406,.T.);
#4389=ORIENTED_EDGE('',*,*,#3407,.F.);
#4390=ORIENTED_EDGE('',*,*,#3408,.F.);
#4391=ORIENTED_EDGE('',*,*,#3409,.F.);
#4392=ORIENTED_EDGE('',*,*,#3323,.T.);
#4393=ORIENTED_EDGE('',*,*,#3288,.T.);
#4394=ORIENTED_EDGE('',*,*,#3285,.T.);
#4395=ORIENTED_EDGE('',*,*,#3408,.T.);
#4396=ORIENTED_EDGE('',*,*,#3410,.F.);
#4397=ORIENTED_EDGE('',*,*,#3411,.F.);
#4398=ORIENTED_EDGE('',*,*,#3412,.T.);
#4399=ORIENTED_EDGE('',*,*,#3413,.F.);
#4400=ORIENTED_EDGE('',*,*,#3414,.F.);
#4401=ORIENTED_EDGE('',*,*,#3415,.F.);
#4402=ORIENTED_EDGE('',*,*,#3411,.T.);
#4403=ORIENTED_EDGE('',*,*,#3416,.F.);
#4404=ORIENTED_EDGE('',*,*,#3417,.F.);
#4405=ORIENTED_EDGE('',*,*,#3418,.T.);
#4406=ORIENTED_EDGE('',*,*,#3414,.T.);
#4407=ORIENTED_EDGE('',*,*,#3419,.F.);
#4408=ORIENTED_EDGE('',*,*,#3420,.F.);
#4409=ORIENTED_EDGE('',*,*,#3421,.F.);
#4410=ORIENTED_EDGE('',*,*,#3422,.F.);
#4411=ORIENTED_EDGE('',*,*,#3423,.F.);
#4412=ORIENTED_EDGE('',*,*,#3424,.F.);
#4413=ORIENTED_EDGE('',*,*,#3425,.F.);
#4414=ORIENTED_EDGE('',*,*,#3426,.T.);
#4415=ORIENTED_EDGE('',*,*,#3427,.F.);
#4416=ORIENTED_EDGE('',*,*,#3428,.F.);
#4417=ORIENTED_EDGE('',*,*,#3429,.F.);
#4418=ORIENTED_EDGE('',*,*,#3430,.F.);
#4419=ORIENTED_EDGE('',*,*,#3431,.T.);
#4420=ORIENTED_EDGE('',*,*,#3432,.T.);
#4421=ORIENTED_EDGE('',*,*,#3311,.F.);
#4422=ORIENTED_EDGE('',*,*,#3433,.F.);
#4423=ORIENTED_EDGE('',*,*,#3340,.F.);
#4424=ORIENTED_EDGE('',*,*,#3434,.T.);
#4425=ORIENTED_EDGE('',*,*,#3334,.F.);
#4426=ORIENTED_EDGE('',*,*,#3435,.T.);
#4427=ORIENTED_EDGE('',*,*,#3417,.T.);
#4428=ORIENTED_EDGE('',*,*,#3436,.F.);
#4429=ORIENTED_EDGE('',*,*,#3426,.F.);
#4430=ORIENTED_EDGE('',*,*,#3437,.T.);
#4431=ORIENTED_EDGE('',*,*,#3438,.T.);
#4432=ORIENTED_EDGE('',*,*,#3439,.T.);
#4433=ORIENTED_EDGE('',*,*,#3440,.T.);
#4434=ORIENTED_EDGE('',*,*,#3430,.T.);
#4435=ORIENTED_EDGE('',*,*,#3441,.F.);
#4436=ORIENTED_EDGE('',*,*,#3442,.T.);
#4437=ORIENTED_EDGE('',*,*,#3438,.F.);
#4438=ORIENTED_EDGE('',*,*,#3443,.F.);
#4439=ORIENTED_EDGE('',*,*,#3444,.T.);
#4440=ORIENTED_EDGE('',*,*,#3445,.F.);
#4441=ORIENTED_EDGE('',*,*,#3328,.F.);
#4442=ORIENTED_EDGE('',*,*,#3341,.F.);
#4443=ORIENTED_EDGE('',*,*,#3433,.T.);
#4444=ORIENTED_EDGE('',*,*,#3310,.F.);
#4445=ORIENTED_EDGE('',*,*,#3446,.F.);
#4446=ORIENTED_EDGE('',*,*,#3444,.F.);
#4447=ORIENTED_EDGE('',*,*,#3447,.F.);
#4448=ORIENTED_EDGE('',*,*,#3448,.F.);
#4449=ORIENTED_EDGE('',*,*,#3316,.F.);
#4450=ORIENTED_EDGE('',*,*,#3449,.F.);
#4451=ORIENTED_EDGE('',*,*,#3317,.F.);
#4452=ORIENTED_EDGE('',*,*,#3290,.F.);
#4453=ORIENTED_EDGE('',*,*,#3329,.T.);
#4454=ORIENTED_EDGE('',*,*,#3450,.T.);
#4455=ORIENTED_EDGE('',*,*,#3451,.T.);
#4456=ORIENTED_EDGE('',*,*,#3452,.T.);
#4457=ORIENTED_EDGE('',*,*,#3453,.T.);
#4458=ORIENTED_EDGE('',*,*,#3454,.T.);
#4459=ORIENTED_EDGE('',*,*,#3455,.F.);
#4460=ORIENTED_EDGE('',*,*,#3456,.F.);
#4461=ORIENTED_EDGE('',*,*,#3457,.T.);
#4462=ORIENTED_EDGE('',*,*,#3458,.T.);
#4463=ORIENTED_EDGE('',*,*,#3459,.F.);
#4464=ORIENTED_EDGE('',*,*,#3460,.F.);
#4465=ORIENTED_EDGE('',*,*,#3461,.T.);
#4466=ORIENTED_EDGE('',*,*,#3460,.T.);
#4467=ORIENTED_EDGE('',*,*,#3462,.F.);
#4468=ORIENTED_EDGE('',*,*,#3454,.F.);
#4469=ORIENTED_EDGE('',*,*,#3463,.F.);
#4470=ORIENTED_EDGE('',*,*,#3464,.T.);
#4471=ORIENTED_EDGE('',*,*,#3465,.T.);
#4472=ORIENTED_EDGE('',*,*,#3464,.F.);
#4473=ORIENTED_EDGE('',*,*,#3466,.F.);
#4474=ORIENTED_EDGE('',*,*,#3467,.T.);
#4475=ORIENTED_EDGE('',*,*,#3468,.F.);
#4476=ORIENTED_EDGE('',*,*,#3469,.T.);
#4477=ORIENTED_EDGE('',*,*,#3470,.T.);
#4478=ORIENTED_EDGE('',*,*,#3471,.F.);
#4479=ORIENTED_EDGE('',*,*,#3472,.F.);
#4480=ORIENTED_EDGE('',*,*,#3468,.T.);
#4481=ORIENTED_EDGE('',*,*,#3473,.F.);
#4482=ORIENTED_EDGE('',*,*,#3474,.F.);
#4483=ORIENTED_EDGE('',*,*,#3471,.T.);
#4484=ORIENTED_EDGE('',*,*,#3475,.T.);
#4485=ORIENTED_EDGE('',*,*,#3476,.F.);
#4486=ORIENTED_EDGE('',*,*,#3477,.T.);
#4487=ORIENTED_EDGE('',*,*,#3478,.T.);
#4488=ORIENTED_EDGE('',*,*,#3477,.F.);
#4489=ORIENTED_EDGE('',*,*,#3479,.F.);
#4490=ORIENTED_EDGE('',*,*,#3480,.F.);
#4491=ORIENTED_EDGE('',*,*,#3390,.F.);
#4492=ORIENTED_EDGE('',*,*,#3481,.F.);
#4493=ORIENTED_EDGE('',*,*,#3386,.F.);
#4494=ORIENTED_EDGE('',*,*,#3482,.F.);
#4495=ORIENTED_EDGE('',*,*,#3355,.F.);
#4496=ORIENTED_EDGE('',*,*,#3295,.T.);
#4497=ORIENTED_EDGE('',*,*,#3483,.T.);
#4498=ORIENTED_EDGE('',*,*,#3484,.F.);
#4499=ORIENTED_EDGE('',*,*,#3485,.T.);
#4500=ORIENTED_EDGE('',*,*,#3388,.F.);
#4501=ORIENTED_EDGE('',*,*,#3486,.T.);
#4502=ORIENTED_EDGE('',*,*,#3487,.T.);
#4503=ORIENTED_EDGE('',*,*,#3488,.T.);
#4504=ORIENTED_EDGE('',*,*,#3356,.T.);
#4505=ORIENTED_EDGE('',*,*,#3362,.F.);
#4506=ORIENTED_EDGE('',*,*,#3489,.F.);
#4507=ORIENTED_EDGE('',*,*,#3345,.F.);
#4508=ORIENTED_EDGE('',*,*,#3299,.T.);
#4509=ORIENTED_EDGE('',*,*,#3490,.T.);
#4510=ORIENTED_EDGE('',*,*,#3491,.F.);
#4511=ORIENTED_EDGE('',*,*,#3492,.T.);
#4512=ORIENTED_EDGE('',*,*,#3364,.F.);
#4513=ORIENTED_EDGE('',*,*,#3493,.T.);
#4514=ORIENTED_EDGE('',*,*,#3494,.T.);
#4515=ORIENTED_EDGE('',*,*,#3495,.T.);
#4516=ORIENTED_EDGE('',*,*,#3346,.T.);
#4517=ORIENTED_EDGE('',*,*,#3496,.T.);
#4518=ORIENTED_EDGE('',*,*,#3497,.T.);
#4519=ORIENTED_EDGE('',*,*,#3498,.T.);
#4520=ORIENTED_EDGE('',*,*,#3499,.T.);
#4521=ORIENTED_EDGE('',*,*,#3500,.T.);
#4522=ORIENTED_EDGE('',*,*,#3501,.T.);
#4523=ORIENTED_EDGE('',*,*,#3502,.T.);
#4524=ORIENTED_EDGE('',*,*,#3499,.F.);
#4525=ORIENTED_EDGE('',*,*,#3503,.F.);
#4526=ORIENTED_EDGE('',*,*,#3504,.T.);
#4527=ORIENTED_EDGE('',*,*,#3304,.T.);
#4528=ORIENTED_EDGE('',*,*,#3505,.F.);
#4529=ORIENTED_EDGE('',*,*,#3506,.F.);
#4530=ORIENTED_EDGE('',*,*,#3507,.T.);
#4531=ORIENTED_EDGE('',*,*,#3305,.T.);
#4532=ORIENTED_EDGE('',*,*,#3504,.F.);
#4533=ORIENTED_EDGE('',*,*,#3508,.F.);
#4534=ORIENTED_EDGE('',*,*,#3509,.T.);
#4535=ORIENTED_EDGE('',*,*,#3302,.T.);
#4536=ORIENTED_EDGE('',*,*,#3507,.F.);
#4537=ORIENTED_EDGE('',*,*,#3510,.F.);
#4538=ORIENTED_EDGE('',*,*,#3505,.T.);
#4539=ORIENTED_EDGE('',*,*,#3303,.T.);
#4540=ORIENTED_EDGE('',*,*,#3509,.F.);
#4541=ORIENTED_EDGE('',*,*,#3511,.F.);
#4542=ORIENTED_EDGE('',*,*,#3512,.T.);
#4543=ORIENTED_EDGE('',*,*,#3308,.T.);
#4544=ORIENTED_EDGE('',*,*,#3513,.F.);
#4545=ORIENTED_EDGE('',*,*,#3514,.F.);
#4546=ORIENTED_EDGE('',*,*,#3515,.T.);
#4547=ORIENTED_EDGE('',*,*,#3309,.T.);
#4548=ORIENTED_EDGE('',*,*,#3512,.F.);
#4549=ORIENTED_EDGE('',*,*,#3516,.F.);
#4550=ORIENTED_EDGE('',*,*,#3517,.T.);
#4551=ORIENTED_EDGE('',*,*,#3306,.T.);
#4552=ORIENTED_EDGE('',*,*,#3515,.F.);
#4553=ORIENTED_EDGE('',*,*,#3518,.F.);
#4554=ORIENTED_EDGE('',*,*,#3513,.T.);
#4555=ORIENTED_EDGE('',*,*,#3307,.T.);
#4556=ORIENTED_EDGE('',*,*,#3517,.F.);
#4557=ORIENTED_EDGE('',*,*,#3519,.F.);
#4558=ORIENTED_EDGE('',*,*,#3520,.T.);
#4559=ORIENTED_EDGE('',*,*,#3521,.F.);
#4560=ORIENTED_EDGE('',*,*,#3522,.T.);
#4561=ORIENTED_EDGE('',*,*,#3523,.F.);
#4562=ORIENTED_EDGE('',*,*,#3524,.T.);
#4563=ORIENTED_EDGE('',*,*,#3525,.F.);
#4564=ORIENTED_EDGE('',*,*,#3526,.T.);
#4565=ORIENTED_EDGE('',*,*,#3312,.F.);
#4566=ORIENTED_EDGE('',*,*,#3432,.F.);
#4567=ORIENTED_EDGE('',*,*,#3527,.T.);
#4568=ORIENTED_EDGE('',*,*,#3528,.T.);
#4569=ORIENTED_EDGE('',*,*,#3446,.T.);
#4570=ORIENTED_EDGE('',*,*,#3313,.T.);
#4571=ORIENTED_EDGE('',*,*,#3529,.T.);
#4572=ORIENTED_EDGE('',*,*,#3445,.T.);
#4573=ORIENTED_EDGE('',*,*,#3442,.F.);
#4574=ORIENTED_EDGE('',*,*,#3530,.F.);
#4575=ORIENTED_EDGE('',*,*,#3531,.F.);
#4576=ORIENTED_EDGE('',*,*,#3532,.T.);
#4577=ORIENTED_EDGE('',*,*,#3439,.F.);
#4578=ORIENTED_EDGE('',*,*,#3533,.F.);
#4579=ORIENTED_EDGE('',*,*,#3534,.T.);
#4580=ORIENTED_EDGE('',*,*,#3531,.T.);
#4581=ORIENTED_EDGE('',*,*,#3535,.T.);
#4582=ORIENTED_EDGE('',*,*,#3536,.F.);
#4583=ORIENTED_EDGE('',*,*,#3537,.T.);
#4584=ORIENTED_EDGE('',*,*,#3538,.T.);
#4585=ORIENTED_EDGE('',*,*,#3539,.T.);
#4586=ORIENTED_EDGE('',*,*,#3540,.T.);
#4587=ORIENTED_EDGE('',*,*,#3541,.F.);
#4588=ORIENTED_EDGE('',*,*,#3542,.T.);
#4589=ORIENTED_EDGE('',*,*,#3336,.T.);
#4590=ORIENTED_EDGE('',*,*,#3314,.F.);
#4591=ORIENTED_EDGE('',*,*,#3322,.F.);
#4592=ORIENTED_EDGE('',*,*,#3543,.T.);
#4593=ORIENTED_EDGE('',*,*,#3544,.T.);
#4594=ORIENTED_EDGE('',*,*,#3449,.T.);
#4595=ORIENTED_EDGE('',*,*,#3315,.F.);
#4596=ORIENTED_EDGE('',*,*,#3545,.T.);
#4597=ORIENTED_EDGE('',*,*,#3318,.T.);
#4598=ORIENTED_EDGE('',*,*,#3319,.F.);
#4599=ORIENTED_EDGE('',*,*,#3546,.F.);
#4600=ORIENTED_EDGE('',*,*,#3547,.T.);
#4601=ORIENTED_EDGE('',*,*,#3320,.T.);
#4602=ORIENTED_EDGE('',*,*,#3440,.F.);
#4603=ORIENTED_EDGE('',*,*,#3532,.F.);
#4604=ORIENTED_EDGE('',*,*,#3534,.F.);
#4605=ORIENTED_EDGE('',*,*,#3548,.F.);
#4606=ORIENTED_EDGE('',*,*,#3481,.T.);
#4607=ORIENTED_EDGE('',*,*,#3389,.T.);
#4608=ORIENTED_EDGE('',*,*,#3401,.T.);
#4609=ORIENTED_EDGE('',*,*,#3324,.T.);
#4610=ORIENTED_EDGE('',*,*,#3409,.T.);
#4611=ORIENTED_EDGE('',*,*,#3412,.F.);
#4612=ORIENTED_EDGE('',*,*,#3415,.T.);
#4613=ORIENTED_EDGE('',*,*,#3418,.F.);
#4614=ORIENTED_EDGE('',*,*,#3435,.F.);
#4615=ORIENTED_EDGE('',*,*,#3333,.F.);
#4616=ORIENTED_EDGE('',*,*,#3549,.F.);
#4617=ORIENTED_EDGE('',*,*,#3543,.F.);
#4618=ORIENTED_EDGE('',*,*,#3321,.F.);
#4619=ORIENTED_EDGE('',*,*,#3547,.F.);
#4620=ORIENTED_EDGE('',*,*,#3550,.F.);
#4621=ORIENTED_EDGE('',*,*,#3527,.F.);
#4622=ORIENTED_EDGE('',*,*,#3431,.F.);
#4623=ORIENTED_EDGE('',*,*,#3551,.F.);
#4624=ORIENTED_EDGE('',*,*,#3552,.T.);
#4625=ORIENTED_EDGE('',*,*,#3553,.F.);
#4626=ORIENTED_EDGE('',*,*,#3554,.T.);
#4627=ORIENTED_EDGE('',*,*,#3555,.F.);
#4628=ORIENTED_EDGE('',*,*,#3556,.T.);
#4629=ORIENTED_EDGE('',*,*,#3557,.F.);
#4630=ORIENTED_EDGE('',*,*,#3558,.T.);
#4631=ORIENTED_EDGE('',*,*,#3559,.F.);
#4632=ORIENTED_EDGE('',*,*,#3560,.T.);
#4633=ORIENTED_EDGE('',*,*,#3561,.F.);
#4634=ORIENTED_EDGE('',*,*,#3562,.T.);
#4635=ORIENTED_EDGE('',*,*,#3563,.F.);
#4636=ORIENTED_EDGE('',*,*,#3564,.T.);
#4637=ORIENTED_EDGE('',*,*,#3565,.F.);
#4638=ORIENTED_EDGE('',*,*,#3566,.T.);
#4639=ORIENTED_EDGE('',*,*,#3567,.T.);
#4640=ORIENTED_EDGE('',*,*,#3568,.T.);
#4641=ORIENTED_EDGE('',*,*,#3569,.F.);
#4642=ORIENTED_EDGE('',*,*,#3570,.T.);
#4643=ORIENTED_EDGE('',*,*,#3571,.F.);
#4644=ORIENTED_EDGE('',*,*,#3572,.F.);
#4645=ORIENTED_EDGE('',*,*,#3337,.F.);
#4646=ORIENTED_EDGE('',*,*,#3330,.F.);
#4647=ORIENTED_EDGE('',*,*,#3326,.F.);
#4648=ORIENTED_EDGE('',*,*,#3452,.F.);
#4649=ORIENTED_EDGE('',*,*,#3573,.F.);
#4650=ORIENTED_EDGE('',*,*,#3568,.F.);
#4651=ORIENTED_EDGE('',*,*,#3338,.T.);
#4652=ORIENTED_EDGE('',*,*,#3572,.T.);
#4653=ORIENTED_EDGE('',*,*,#3574,.T.);
#4654=ORIENTED_EDGE('',*,*,#3575,.T.);
#4655=ORIENTED_EDGE('',*,*,#3342,.F.);
#4656=ORIENTED_EDGE('',*,*,#3339,.F.);
#4657=ORIENTED_EDGE('',*,*,#3576,.F.);
#4658=ORIENTED_EDGE('',*,*,#3577,.F.);
#4659=ORIENTED_EDGE('',*,*,#3578,.F.);
#4660=ORIENTED_EDGE('',*,*,#3540,.F.);
#4661=ORIENTED_EDGE('',*,*,#3335,.F.);
#4662=ORIENTED_EDGE('',*,*,#3434,.F.);
#4663=ORIENTED_EDGE('',*,*,#3578,.T.);
#4664=ORIENTED_EDGE('',*,*,#3579,.F.);
#4665=ORIENTED_EDGE('',*,*,#3580,.T.);
#4666=ORIENTED_EDGE('',*,*,#3581,.T.);
#4667=ORIENTED_EDGE('',*,*,#3541,.T.);
#4668=ORIENTED_EDGE('',*,*,#3582,.T.);
#4669=ORIENTED_EDGE('',*,*,#3580,.F.);
#4670=ORIENTED_EDGE('',*,*,#3583,.T.);
#4671=ORIENTED_EDGE('',*,*,#3584,.F.);
#4672=ORIENTED_EDGE('',*,*,#3436,.T.);
#4673=ORIENTED_EDGE('',*,*,#3416,.T.);
#4674=ORIENTED_EDGE('',*,*,#3585,.F.);
#4675=ORIENTED_EDGE('',*,*,#3427,.T.);
#4676=ORIENTED_EDGE('',*,*,#3584,.T.);
#4677=ORIENTED_EDGE('',*,*,#3586,.T.);
#4678=ORIENTED_EDGE('',*,*,#3587,.T.);
#4679=ORIENTED_EDGE('',*,*,#3588,.T.);
#4680=ORIENTED_EDGE('',*,*,#3589,.F.);
#4681=ORIENTED_EDGE('',*,*,#3590,.F.);
#4682=ORIENTED_EDGE('',*,*,#3588,.F.);
#4683=ORIENTED_EDGE('',*,*,#3591,.F.);
#4684=ORIENTED_EDGE('',*,*,#3592,.F.);
#4685=ORIENTED_EDGE('',*,*,#3593,.F.);
#4686=ORIENTED_EDGE('',*,*,#3592,.T.);
#4687=ORIENTED_EDGE('',*,*,#3594,.F.);
#4688=ORIENTED_EDGE('',*,*,#3595,.T.);
#4689=ORIENTED_EDGE('',*,*,#3596,.T.);
#4690=ORIENTED_EDGE('',*,*,#3597,.F.);
#4691=ORIENTED_EDGE('',*,*,#3598,.F.);
#4692=ORIENTED_EDGE('',*,*,#3596,.F.);
#4693=ORIENTED_EDGE('',*,*,#3599,.F.);
#4694=ORIENTED_EDGE('',*,*,#3600,.F.);
#4695=ORIENTED_EDGE('',*,*,#3601,.F.);
#4696=ORIENTED_EDGE('',*,*,#3600,.T.);
#4697=ORIENTED_EDGE('',*,*,#3602,.F.);
#4698=ORIENTED_EDGE('',*,*,#3603,.T.);
#4699=ORIENTED_EDGE('',*,*,#3604,.T.);
#4700=ORIENTED_EDGE('',*,*,#3605,.F.);
#4701=ORIENTED_EDGE('',*,*,#3606,.F.);
#4702=ORIENTED_EDGE('',*,*,#3604,.F.);
#4703=ORIENTED_EDGE('',*,*,#3607,.F.);
#4704=ORIENTED_EDGE('',*,*,#3608,.F.);
#4705=ORIENTED_EDGE('',*,*,#3609,.F.);
#4706=ORIENTED_EDGE('',*,*,#3608,.T.);
#4707=ORIENTED_EDGE('',*,*,#3610,.F.);
#4708=ORIENTED_EDGE('',*,*,#3611,.T.);
#4709=ORIENTED_EDGE('',*,*,#3612,.T.);
#4710=ORIENTED_EDGE('',*,*,#3613,.F.);
#4711=ORIENTED_EDGE('',*,*,#3614,.F.);
#4712=ORIENTED_EDGE('',*,*,#3612,.F.);
#4713=ORIENTED_EDGE('',*,*,#3615,.F.);
#4714=ORIENTED_EDGE('',*,*,#3616,.F.);
#4715=ORIENTED_EDGE('',*,*,#3617,.F.);
#4716=ORIENTED_EDGE('',*,*,#3616,.T.);
#4717=ORIENTED_EDGE('',*,*,#3618,.F.);
#4718=ORIENTED_EDGE('',*,*,#3619,.T.);
#4719=ORIENTED_EDGE('',*,*,#3620,.T.);
#4720=ORIENTED_EDGE('',*,*,#3621,.F.);
#4721=ORIENTED_EDGE('',*,*,#3622,.F.);
#4722=ORIENTED_EDGE('',*,*,#3620,.F.);
#4723=ORIENTED_EDGE('',*,*,#3623,.F.);
#4724=ORIENTED_EDGE('',*,*,#3624,.F.);
#4725=ORIENTED_EDGE('',*,*,#3625,.F.);
#4726=ORIENTED_EDGE('',*,*,#3624,.T.);
#4727=ORIENTED_EDGE('',*,*,#3626,.F.);
#4728=ORIENTED_EDGE('',*,*,#3627,.T.);
#4729=ORIENTED_EDGE('',*,*,#3628,.T.);
#4730=ORIENTED_EDGE('',*,*,#3629,.F.);
#4731=ORIENTED_EDGE('',*,*,#3630,.F.);
#4732=ORIENTED_EDGE('',*,*,#3628,.F.);
#4733=ORIENTED_EDGE('',*,*,#3631,.F.);
#4734=ORIENTED_EDGE('',*,*,#3632,.F.);
#4735=ORIENTED_EDGE('',*,*,#3633,.F.);
#4736=ORIENTED_EDGE('',*,*,#3632,.T.);
#4737=ORIENTED_EDGE('',*,*,#3634,.F.);
#4738=ORIENTED_EDGE('',*,*,#3635,.T.);
#4739=ORIENTED_EDGE('',*,*,#3636,.T.);
#4740=ORIENTED_EDGE('',*,*,#3637,.F.);
#4741=ORIENTED_EDGE('',*,*,#3638,.F.);
#4742=ORIENTED_EDGE('',*,*,#3636,.F.);
#4743=ORIENTED_EDGE('',*,*,#3639,.F.);
#4744=ORIENTED_EDGE('',*,*,#3640,.F.);
#4745=ORIENTED_EDGE('',*,*,#3641,.F.);
#4746=ORIENTED_EDGE('',*,*,#3640,.T.);
#4747=ORIENTED_EDGE('',*,*,#3642,.F.);
#4748=ORIENTED_EDGE('',*,*,#3643,.T.);
#4749=ORIENTED_EDGE('',*,*,#3644,.T.);
#4750=ORIENTED_EDGE('',*,*,#3645,.F.);
#4751=ORIENTED_EDGE('',*,*,#3646,.F.);
#4752=ORIENTED_EDGE('',*,*,#3644,.F.);
#4753=ORIENTED_EDGE('',*,*,#3647,.F.);
#4754=ORIENTED_EDGE('',*,*,#3648,.F.);
#4755=ORIENTED_EDGE('',*,*,#3649,.F.);
#4756=ORIENTED_EDGE('',*,*,#3648,.T.);
#4757=ORIENTED_EDGE('',*,*,#3650,.F.);
#4758=ORIENTED_EDGE('',*,*,#3651,.T.);
#4759=ORIENTED_EDGE('',*,*,#3652,.T.);
#4760=ORIENTED_EDGE('',*,*,#3653,.F.);
#4761=ORIENTED_EDGE('',*,*,#3654,.F.);
#4762=ORIENTED_EDGE('',*,*,#3652,.F.);
#4763=ORIENTED_EDGE('',*,*,#3655,.F.);
#4764=ORIENTED_EDGE('',*,*,#3656,.F.);
#4765=ORIENTED_EDGE('',*,*,#3657,.F.);
#4766=ORIENTED_EDGE('',*,*,#3656,.T.);
#4767=ORIENTED_EDGE('',*,*,#3658,.F.);
#4768=ORIENTED_EDGE('',*,*,#3659,.T.);
#4769=ORIENTED_EDGE('',*,*,#3660,.T.);
#4770=ORIENTED_EDGE('',*,*,#3661,.F.);
#4771=ORIENTED_EDGE('',*,*,#3662,.F.);
#4772=ORIENTED_EDGE('',*,*,#3660,.F.);
#4773=ORIENTED_EDGE('',*,*,#3663,.F.);
#4774=ORIENTED_EDGE('',*,*,#3664,.F.);
#4775=ORIENTED_EDGE('',*,*,#3665,.F.);
#4776=ORIENTED_EDGE('',*,*,#3664,.T.);
#4777=ORIENTED_EDGE('',*,*,#3666,.F.);
#4778=ORIENTED_EDGE('',*,*,#3667,.T.);
#4779=ORIENTED_EDGE('',*,*,#3668,.T.);
#4780=ORIENTED_EDGE('',*,*,#3669,.F.);
#4781=ORIENTED_EDGE('',*,*,#3670,.F.);
#4782=ORIENTED_EDGE('',*,*,#3668,.F.);
#4783=ORIENTED_EDGE('',*,*,#3671,.F.);
#4784=ORIENTED_EDGE('',*,*,#3672,.F.);
#4785=ORIENTED_EDGE('',*,*,#3673,.F.);
#4786=ORIENTED_EDGE('',*,*,#3672,.T.);
#4787=ORIENTED_EDGE('',*,*,#3674,.F.);
#4788=ORIENTED_EDGE('',*,*,#3675,.T.);
#4789=ORIENTED_EDGE('',*,*,#3676,.T.);
#4790=ORIENTED_EDGE('',*,*,#3677,.F.);
#4791=ORIENTED_EDGE('',*,*,#3678,.F.);
#4792=ORIENTED_EDGE('',*,*,#3676,.F.);
#4793=ORIENTED_EDGE('',*,*,#3679,.F.);
#4794=ORIENTED_EDGE('',*,*,#3680,.F.);
#4795=ORIENTED_EDGE('',*,*,#3681,.F.);
#4796=ORIENTED_EDGE('',*,*,#3680,.T.);
#4797=ORIENTED_EDGE('',*,*,#3682,.F.);
#4798=ORIENTED_EDGE('',*,*,#3683,.T.);
#4799=ORIENTED_EDGE('',*,*,#3684,.T.);
#4800=ORIENTED_EDGE('',*,*,#3685,.F.);
#4801=ORIENTED_EDGE('',*,*,#3686,.F.);
#4802=ORIENTED_EDGE('',*,*,#3684,.F.);
#4803=ORIENTED_EDGE('',*,*,#3687,.F.);
#4804=ORIENTED_EDGE('',*,*,#3688,.F.);
#4805=ORIENTED_EDGE('',*,*,#3689,.F.);
#4806=ORIENTED_EDGE('',*,*,#3688,.T.);
#4807=ORIENTED_EDGE('',*,*,#3690,.F.);
#4808=ORIENTED_EDGE('',*,*,#3691,.T.);
#4809=ORIENTED_EDGE('',*,*,#3692,.T.);
#4810=ORIENTED_EDGE('',*,*,#3693,.F.);
#4811=ORIENTED_EDGE('',*,*,#3694,.T.);
#4812=ORIENTED_EDGE('',*,*,#3695,.F.);
#4813=ORIENTED_EDGE('',*,*,#3350,.F.);
#4814=ORIENTED_EDGE('',*,*,#3371,.F.);
#4815=ORIENTED_EDGE('',*,*,#3348,.F.);
#4816=ORIENTED_EDGE('',*,*,#3343,.F.);
#4817=ORIENTED_EDGE('',*,*,#3495,.F.);
#4818=ORIENTED_EDGE('',*,*,#3696,.F.);
#4819=ORIENTED_EDGE('',*,*,#3697,.F.);
#4820=ORIENTED_EDGE('',*,*,#3352,.F.);
#4821=ORIENTED_EDGE('',*,*,#3698,.T.);
#4822=ORIENTED_EDGE('',*,*,#3366,.F.);
#4823=ORIENTED_EDGE('',*,*,#3369,.F.);
#4824=ORIENTED_EDGE('',*,*,#3699,.F.);
#4825=ORIENTED_EDGE('',*,*,#3700,.T.);
#4826=ORIENTED_EDGE('',*,*,#3351,.F.);
#4827=ORIENTED_EDGE('',*,*,#3695,.T.);
#4828=ORIENTED_EDGE('',*,*,#3701,.F.);
#4829=ORIENTED_EDGE('',*,*,#3373,.F.);
#4830=ORIENTED_EDGE('',*,*,#3383,.T.);
#4831=ORIENTED_EDGE('',*,*,#3358,.F.);
#4832=ORIENTED_EDGE('',*,*,#3353,.F.);
#4833=ORIENTED_EDGE('',*,*,#3488,.F.);
#4834=ORIENTED_EDGE('',*,*,#3702,.F.);
#4835=ORIENTED_EDGE('',*,*,#3703,.F.);
#4836=ORIENTED_EDGE('',*,*,#3704,.T.);
#4837=ORIENTED_EDGE('',*,*,#3705,.T.);
#4838=ORIENTED_EDGE('',*,*,#3367,.F.);
#4839=ORIENTED_EDGE('',*,*,#3706,.T.);
#4840=ORIENTED_EDGE('',*,*,#3370,.F.);
#4841=ORIENTED_EDGE('',*,*,#3368,.F.);
#4842=ORIENTED_EDGE('',*,*,#3705,.F.);
#4843=ORIENTED_EDGE('',*,*,#3707,.F.);
#4844=ORIENTED_EDGE('',*,*,#3708,.F.);
#4845=ORIENTED_EDGE('',*,*,#3490,.F.);
#4846=ORIENTED_EDGE('',*,*,#3363,.F.);
#4847=ORIENTED_EDGE('',*,*,#3360,.F.);
#4848=ORIENTED_EDGE('',*,*,#3375,.F.);
#4849=ORIENTED_EDGE('',*,*,#3709,.F.);
#4850=ORIENTED_EDGE('',*,*,#3377,.F.);
#4851=ORIENTED_EDGE('',*,*,#3380,.F.);
#4852=ORIENTED_EDGE('',*,*,#3710,.F.);
#4853=ORIENTED_EDGE('',*,*,#3711,.T.);
#4854=ORIENTED_EDGE('',*,*,#3374,.F.);
#4855=ORIENTED_EDGE('',*,*,#3701,.T.);
#4856=ORIENTED_EDGE('',*,*,#3712,.T.);
#4857=ORIENTED_EDGE('',*,*,#3713,.T.);
#4858=ORIENTED_EDGE('',*,*,#3714,.T.);
#4859=ORIENTED_EDGE('',*,*,#3715,.T.);
#4860=ORIENTED_EDGE('',*,*,#3716,.F.);
#4861=ORIENTED_EDGE('',*,*,#3717,.T.);
#4862=ORIENTED_EDGE('',*,*,#3718,.T.);
#4863=ORIENTED_EDGE('',*,*,#3378,.T.);
#4864=ORIENTED_EDGE('',*,*,#3719,.T.);
#4865=ORIENTED_EDGE('',*,*,#3718,.F.);
#4866=ORIENTED_EDGE('',*,*,#3720,.F.);
#4867=ORIENTED_EDGE('',*,*,#3721,.F.);
#4868=ORIENTED_EDGE('',*,*,#3722,.F.);
#4869=ORIENTED_EDGE('',*,*,#3483,.F.);
#4870=ORIENTED_EDGE('',*,*,#3387,.F.);
#4871=ORIENTED_EDGE('',*,*,#3384,.F.);
#4872=ORIENTED_EDGE('',*,*,#3381,.T.);
#4873=ORIENTED_EDGE('',*,*,#3379,.F.);
#4874=ORIENTED_EDGE('',*,*,#3723,.T.);
#4875=ORIENTED_EDGE('',*,*,#3721,.T.);
#4876=ORIENTED_EDGE('',*,*,#3724,.T.);
#4877=ORIENTED_EDGE('',*,*,#3716,.T.);
#4878=ORIENTED_EDGE('',*,*,#3582,.F.);
#4879=ORIENTED_EDGE('',*,*,#3419,.T.);
#4880=ORIENTED_EDGE('',*,*,#3413,.T.);
#4881=ORIENTED_EDGE('',*,*,#3410,.T.);
#4882=ORIENTED_EDGE('',*,*,#3407,.T.);
#4883=ORIENTED_EDGE('',*,*,#3405,.T.);
#4884=ORIENTED_EDGE('',*,*,#3403,.T.);
#4885=ORIENTED_EDGE('',*,*,#3400,.F.);
#4886=ORIENTED_EDGE('',*,*,#3397,.T.);
#4887=ORIENTED_EDGE('',*,*,#3396,.T.);
#4888=ORIENTED_EDGE('',*,*,#3402,.T.);
#4889=ORIENTED_EDGE('',*,*,#3391,.T.);
#4890=ORIENTED_EDGE('',*,*,#3480,.T.);
#4891=ORIENTED_EDGE('',*,*,#3725,.F.);
#4892=ORIENTED_EDGE('',*,*,#3539,.F.);
#4893=ORIENTED_EDGE('',*,*,#3726,.F.);
#4894=ORIENTED_EDGE('',*,*,#3727,.F.);
#4895=ORIENTED_EDGE('',*,*,#3728,.F.);
#4896=ORIENTED_EDGE('',*,*,#3729,.T.);
#4897=ORIENTED_EDGE('',*,*,#3730,.F.);
#4898=ORIENTED_EDGE('',*,*,#3731,.F.);
#4899=ORIENTED_EDGE('',*,*,#3732,.F.);
#4900=ORIENTED_EDGE('',*,*,#3733,.T.);
#4901=ORIENTED_EDGE('',*,*,#3581,.F.);
#4902=ORIENTED_EDGE('',*,*,#3734,.F.);
#4903=ORIENTED_EDGE('',*,*,#3735,.T.);
#4904=ORIENTED_EDGE('',*,*,#3728,.T.);
#4905=ORIENTED_EDGE('',*,*,#3736,.F.);
#4906=ORIENTED_EDGE('',*,*,#3737,.F.);
#4907=ORIENTED_EDGE('',*,*,#3738,.T.);
#4908=ORIENTED_EDGE('',*,*,#3726,.T.);
#4909=ORIENTED_EDGE('',*,*,#3538,.F.);
#4910=ORIENTED_EDGE('',*,*,#3739,.F.);
#4911=ORIENTED_EDGE('',*,*,#3740,.T.);
#4912=ORIENTED_EDGE('',*,*,#3741,.T.);
#4913=ORIENTED_EDGE('',*,*,#3742,.F.);
#4914=ORIENTED_EDGE('',*,*,#3743,.T.);
#4915=ORIENTED_EDGE('',*,*,#3744,.T.);
#4916=ORIENTED_EDGE('',*,*,#3745,.F.);
#4917=ORIENTED_EDGE('',*,*,#3746,.T.);
#4918=ORIENTED_EDGE('',*,*,#3713,.F.);
#4919=ORIENTED_EDGE('',*,*,#3747,.F.);
#4920=ORIENTED_EDGE('',*,*,#3748,.T.);
#4921=ORIENTED_EDGE('',*,*,#3423,.T.);
#4922=ORIENTED_EDGE('',*,*,#3749,.F.);
#4923=ORIENTED_EDGE('',*,*,#3750,.F.);
#4924=ORIENTED_EDGE('',*,*,#3751,.T.);
#4925=ORIENTED_EDGE('',*,*,#3420,.T.);
#4926=ORIENTED_EDGE('',*,*,#3748,.F.);
#4927=ORIENTED_EDGE('',*,*,#3752,.F.);
#4928=ORIENTED_EDGE('',*,*,#3753,.T.);
#4929=ORIENTED_EDGE('',*,*,#3421,.T.);
#4930=ORIENTED_EDGE('',*,*,#3751,.F.);
#4931=ORIENTED_EDGE('',*,*,#3754,.F.);
#4932=ORIENTED_EDGE('',*,*,#3749,.T.);
#4933=ORIENTED_EDGE('',*,*,#3422,.T.);
#4934=ORIENTED_EDGE('',*,*,#3753,.F.);
#4935=ORIENTED_EDGE('',*,*,#3755,.T.);
#4936=ORIENTED_EDGE('',*,*,#3756,.F.);
#4937=ORIENTED_EDGE('',*,*,#3757,.F.);
#4938=ORIENTED_EDGE('',*,*,#3758,.F.);
#4939=ORIENTED_EDGE('',*,*,#3756,.T.);
#4940=ORIENTED_EDGE('',*,*,#3759,.T.);
#4941=ORIENTED_EDGE('',*,*,#3760,.T.);
#4942=ORIENTED_EDGE('',*,*,#3761,.F.);
#4943=ORIENTED_EDGE('',*,*,#3760,.F.);
#4944=ORIENTED_EDGE('',*,*,#3762,.F.);
#4945=ORIENTED_EDGE('',*,*,#3763,.T.);
#4946=ORIENTED_EDGE('',*,*,#3764,.F.);
#4947=ORIENTED_EDGE('',*,*,#3765,.F.);
#4948=ORIENTED_EDGE('',*,*,#3766,.F.);
#4949=ORIENTED_EDGE('',*,*,#3764,.T.);
#4950=ORIENTED_EDGE('',*,*,#3767,.T.);
#4951=ORIENTED_EDGE('',*,*,#3768,.T.);
#4952=ORIENTED_EDGE('',*,*,#3769,.F.);
#4953=ORIENTED_EDGE('',*,*,#3768,.F.);
#4954=ORIENTED_EDGE('',*,*,#3770,.F.);
#4955=ORIENTED_EDGE('',*,*,#3771,.T.);
#4956=ORIENTED_EDGE('',*,*,#3772,.F.);
#4957=ORIENTED_EDGE('',*,*,#3773,.F.);
#4958=ORIENTED_EDGE('',*,*,#3774,.F.);
#4959=ORIENTED_EDGE('',*,*,#3772,.T.);
#4960=ORIENTED_EDGE('',*,*,#3775,.T.);
#4961=ORIENTED_EDGE('',*,*,#3776,.T.);
#4962=ORIENTED_EDGE('',*,*,#3777,.F.);
#4963=ORIENTED_EDGE('',*,*,#3776,.F.);
#4964=ORIENTED_EDGE('',*,*,#3778,.F.);
#4965=ORIENTED_EDGE('',*,*,#3779,.T.);
#4966=ORIENTED_EDGE('',*,*,#3780,.F.);
#4967=ORIENTED_EDGE('',*,*,#3781,.F.);
#4968=ORIENTED_EDGE('',*,*,#3782,.F.);
#4969=ORIENTED_EDGE('',*,*,#3780,.T.);
#4970=ORIENTED_EDGE('',*,*,#3783,.T.);
#4971=ORIENTED_EDGE('',*,*,#3784,.T.);
#4972=ORIENTED_EDGE('',*,*,#3785,.F.);
#4973=ORIENTED_EDGE('',*,*,#3784,.F.);
#4974=ORIENTED_EDGE('',*,*,#3786,.F.);
#4975=ORIENTED_EDGE('',*,*,#3787,.T.);
#4976=ORIENTED_EDGE('',*,*,#3788,.F.);
#4977=ORIENTED_EDGE('',*,*,#3789,.F.);
#4978=ORIENTED_EDGE('',*,*,#3790,.F.);
#4979=ORIENTED_EDGE('',*,*,#3788,.T.);
#4980=ORIENTED_EDGE('',*,*,#3791,.T.);
#4981=ORIENTED_EDGE('',*,*,#3792,.T.);
#4982=ORIENTED_EDGE('',*,*,#3793,.F.);
#4983=ORIENTED_EDGE('',*,*,#3792,.F.);
#4984=ORIENTED_EDGE('',*,*,#3794,.F.);
#4985=ORIENTED_EDGE('',*,*,#3795,.T.);
#4986=ORIENTED_EDGE('',*,*,#3796,.F.);
#4987=ORIENTED_EDGE('',*,*,#3797,.F.);
#4988=ORIENTED_EDGE('',*,*,#3798,.F.);
#4989=ORIENTED_EDGE('',*,*,#3796,.T.);
#4990=ORIENTED_EDGE('',*,*,#3799,.T.);
#4991=ORIENTED_EDGE('',*,*,#3800,.T.);
#4992=ORIENTED_EDGE('',*,*,#3801,.F.);
#4993=ORIENTED_EDGE('',*,*,#3800,.F.);
#4994=ORIENTED_EDGE('',*,*,#3802,.F.);
#4995=ORIENTED_EDGE('',*,*,#3803,.T.);
#4996=ORIENTED_EDGE('',*,*,#3804,.F.);
#4997=ORIENTED_EDGE('',*,*,#3805,.F.);
#4998=ORIENTED_EDGE('',*,*,#3806,.F.);
#4999=ORIENTED_EDGE('',*,*,#3804,.T.);
#5000=ORIENTED_EDGE('',*,*,#3807,.T.);
#5001=ORIENTED_EDGE('',*,*,#3808,.T.);
#5002=ORIENTED_EDGE('',*,*,#3809,.F.);
#5003=ORIENTED_EDGE('',*,*,#3808,.F.);
#5004=ORIENTED_EDGE('',*,*,#3810,.F.);
#5005=ORIENTED_EDGE('',*,*,#3811,.T.);
#5006=ORIENTED_EDGE('',*,*,#3812,.F.);
#5007=ORIENTED_EDGE('',*,*,#3813,.F.);
#5008=ORIENTED_EDGE('',*,*,#3814,.F.);
#5009=ORIENTED_EDGE('',*,*,#3812,.T.);
#5010=ORIENTED_EDGE('',*,*,#3815,.T.);
#5011=ORIENTED_EDGE('',*,*,#3816,.T.);
#5012=ORIENTED_EDGE('',*,*,#3817,.F.);
#5013=ORIENTED_EDGE('',*,*,#3816,.F.);
#5014=ORIENTED_EDGE('',*,*,#3818,.F.);
#5015=ORIENTED_EDGE('',*,*,#3819,.T.);
#5016=ORIENTED_EDGE('',*,*,#3820,.F.);
#5017=ORIENTED_EDGE('',*,*,#3821,.F.);
#5018=ORIENTED_EDGE('',*,*,#3822,.F.);
#5019=ORIENTED_EDGE('',*,*,#3820,.T.);
#5020=ORIENTED_EDGE('',*,*,#3823,.T.);
#5021=ORIENTED_EDGE('',*,*,#3824,.T.);
#5022=ORIENTED_EDGE('',*,*,#3825,.F.);
#5023=ORIENTED_EDGE('',*,*,#3824,.F.);
#5024=ORIENTED_EDGE('',*,*,#3826,.F.);
#5025=ORIENTED_EDGE('',*,*,#3827,.T.);
#5026=ORIENTED_EDGE('',*,*,#3828,.F.);
#5027=ORIENTED_EDGE('',*,*,#3829,.F.);
#5028=ORIENTED_EDGE('',*,*,#3830,.F.);
#5029=ORIENTED_EDGE('',*,*,#3828,.T.);
#5030=ORIENTED_EDGE('',*,*,#3831,.T.);
#5031=ORIENTED_EDGE('',*,*,#3832,.T.);
#5032=ORIENTED_EDGE('',*,*,#3833,.F.);
#5033=ORIENTED_EDGE('',*,*,#3832,.F.);
#5034=ORIENTED_EDGE('',*,*,#3834,.F.);
#5035=ORIENTED_EDGE('',*,*,#3835,.T.);
#5036=ORIENTED_EDGE('',*,*,#3836,.F.);
#5037=ORIENTED_EDGE('',*,*,#3837,.F.);
#5038=ORIENTED_EDGE('',*,*,#3838,.F.);
#5039=ORIENTED_EDGE('',*,*,#3836,.T.);
#5040=ORIENTED_EDGE('',*,*,#3839,.T.);
#5041=ORIENTED_EDGE('',*,*,#3840,.T.);
#5042=ORIENTED_EDGE('',*,*,#3841,.F.);
#5043=ORIENTED_EDGE('',*,*,#3840,.F.);
#5044=ORIENTED_EDGE('',*,*,#3842,.F.);
#5045=ORIENTED_EDGE('',*,*,#3843,.T.);
#5046=ORIENTED_EDGE('',*,*,#3844,.F.);
#5047=ORIENTED_EDGE('',*,*,#3845,.F.);
#5048=ORIENTED_EDGE('',*,*,#3846,.F.);
#5049=ORIENTED_EDGE('',*,*,#3844,.T.);
#5050=ORIENTED_EDGE('',*,*,#3847,.T.);
#5051=ORIENTED_EDGE('',*,*,#3848,.T.);
#5052=ORIENTED_EDGE('',*,*,#3849,.F.);
#5053=ORIENTED_EDGE('',*,*,#3848,.F.);
#5054=ORIENTED_EDGE('',*,*,#3850,.F.);
#5055=ORIENTED_EDGE('',*,*,#3851,.T.);
#5056=ORIENTED_EDGE('',*,*,#3852,.F.);
#5057=ORIENTED_EDGE('',*,*,#3853,.F.);
#5058=ORIENTED_EDGE('',*,*,#3854,.F.);
#5059=ORIENTED_EDGE('',*,*,#3852,.T.);
#5060=ORIENTED_EDGE('',*,*,#3855,.T.);
#5061=ORIENTED_EDGE('',*,*,#3856,.T.);
#5062=ORIENTED_EDGE('',*,*,#3857,.F.);
#5063=ORIENTED_EDGE('',*,*,#3856,.F.);
#5064=ORIENTED_EDGE('',*,*,#3858,.F.);
#5065=ORIENTED_EDGE('',*,*,#3859,.F.);
#5066=ORIENTED_EDGE('',*,*,#3860,.T.);
#5067=ORIENTED_EDGE('',*,*,#3861,.T.);
#5068=ORIENTED_EDGE('',*,*,#3425,.T.);
#5069=ORIENTED_EDGE('',*,*,#3862,.T.);
#5070=ORIENTED_EDGE('',*,*,#3597,.T.);
#5071=ORIENTED_EDGE('',*,*,#3598,.T.);
#5072=ORIENTED_EDGE('',*,*,#3601,.T.);
#5073=ORIENTED_EDGE('',*,*,#3863,.T.);
#5074=ORIENTED_EDGE('',*,*,#3605,.T.);
#5075=ORIENTED_EDGE('',*,*,#3606,.T.);
#5076=ORIENTED_EDGE('',*,*,#3609,.T.);
#5077=ORIENTED_EDGE('',*,*,#3864,.T.);
#5078=ORIENTED_EDGE('',*,*,#3613,.T.);
#5079=ORIENTED_EDGE('',*,*,#3614,.T.);
#5080=ORIENTED_EDGE('',*,*,#3617,.T.);
#5081=ORIENTED_EDGE('',*,*,#3865,.T.);
#5082=ORIENTED_EDGE('',*,*,#3621,.T.);
#5083=ORIENTED_EDGE('',*,*,#3622,.T.);
#5084=ORIENTED_EDGE('',*,*,#3625,.T.);
#5085=ORIENTED_EDGE('',*,*,#3866,.T.);
#5086=ORIENTED_EDGE('',*,*,#3629,.T.);
#5087=ORIENTED_EDGE('',*,*,#3630,.T.);
#5088=ORIENTED_EDGE('',*,*,#3633,.T.);
#5089=ORIENTED_EDGE('',*,*,#3867,.T.);
#5090=ORIENTED_EDGE('',*,*,#3637,.T.);
#5091=ORIENTED_EDGE('',*,*,#3638,.T.);
#5092=ORIENTED_EDGE('',*,*,#3641,.T.);
#5093=ORIENTED_EDGE('',*,*,#3868,.T.);
#5094=ORIENTED_EDGE('',*,*,#3645,.T.);
#5095=ORIENTED_EDGE('',*,*,#3646,.T.);
#5096=ORIENTED_EDGE('',*,*,#3649,.T.);
#5097=ORIENTED_EDGE('',*,*,#3869,.T.);
#5098=ORIENTED_EDGE('',*,*,#3653,.T.);
#5099=ORIENTED_EDGE('',*,*,#3654,.T.);
#5100=ORIENTED_EDGE('',*,*,#3657,.T.);
#5101=ORIENTED_EDGE('',*,*,#3870,.T.);
#5102=ORIENTED_EDGE('',*,*,#3661,.T.);
#5103=ORIENTED_EDGE('',*,*,#3662,.T.);
#5104=ORIENTED_EDGE('',*,*,#3665,.T.);
#5105=ORIENTED_EDGE('',*,*,#3871,.T.);
#5106=ORIENTED_EDGE('',*,*,#3669,.T.);
#5107=ORIENTED_EDGE('',*,*,#3670,.T.);
#5108=ORIENTED_EDGE('',*,*,#3673,.T.);
#5109=ORIENTED_EDGE('',*,*,#3872,.T.);
#5110=ORIENTED_EDGE('',*,*,#3677,.T.);
#5111=ORIENTED_EDGE('',*,*,#3678,.T.);
#5112=ORIENTED_EDGE('',*,*,#3681,.T.);
#5113=ORIENTED_EDGE('',*,*,#3873,.T.);
#5114=ORIENTED_EDGE('',*,*,#3685,.T.);
#5115=ORIENTED_EDGE('',*,*,#3686,.T.);
#5116=ORIENTED_EDGE('',*,*,#3689,.T.);
#5117=ORIENTED_EDGE('',*,*,#3874,.T.);
#5118=ORIENTED_EDGE('',*,*,#3875,.T.);
#5119=ORIENTED_EDGE('',*,*,#3876,.T.);
#5120=ORIENTED_EDGE('',*,*,#3757,.T.);
#5121=ORIENTED_EDGE('',*,*,#3758,.T.);
#5122=ORIENTED_EDGE('',*,*,#3761,.T.);
#5123=ORIENTED_EDGE('',*,*,#3877,.T.);
#5124=ORIENTED_EDGE('',*,*,#3765,.T.);
#5125=ORIENTED_EDGE('',*,*,#3766,.T.);
#5126=ORIENTED_EDGE('',*,*,#3769,.T.);
#5127=ORIENTED_EDGE('',*,*,#3878,.T.);
#5128=ORIENTED_EDGE('',*,*,#3773,.T.);
#5129=ORIENTED_EDGE('',*,*,#3774,.T.);
#5130=ORIENTED_EDGE('',*,*,#3777,.T.);
#5131=ORIENTED_EDGE('',*,*,#3879,.T.);
#5132=ORIENTED_EDGE('',*,*,#3781,.T.);
#5133=ORIENTED_EDGE('',*,*,#3782,.T.);
#5134=ORIENTED_EDGE('',*,*,#3785,.T.);
#5135=ORIENTED_EDGE('',*,*,#3880,.T.);
#5136=ORIENTED_EDGE('',*,*,#3789,.T.);
#5137=ORIENTED_EDGE('',*,*,#3790,.T.);
#5138=ORIENTED_EDGE('',*,*,#3793,.T.);
#5139=ORIENTED_EDGE('',*,*,#3881,.T.);
#5140=ORIENTED_EDGE('',*,*,#3797,.T.);
#5141=ORIENTED_EDGE('',*,*,#3798,.T.);
#5142=ORIENTED_EDGE('',*,*,#3801,.T.);
#5143=ORIENTED_EDGE('',*,*,#3882,.T.);
#5144=ORIENTED_EDGE('',*,*,#3805,.T.);
#5145=ORIENTED_EDGE('',*,*,#3806,.T.);
#5146=ORIENTED_EDGE('',*,*,#3809,.T.);
#5147=ORIENTED_EDGE('',*,*,#3883,.T.);
#5148=ORIENTED_EDGE('',*,*,#3813,.T.);
#5149=ORIENTED_EDGE('',*,*,#3814,.T.);
#5150=ORIENTED_EDGE('',*,*,#3817,.T.);
#5151=ORIENTED_EDGE('',*,*,#3884,.T.);
#5152=ORIENTED_EDGE('',*,*,#3821,.T.);
#5153=ORIENTED_EDGE('',*,*,#3822,.T.);
#5154=ORIENTED_EDGE('',*,*,#3825,.T.);
#5155=ORIENTED_EDGE('',*,*,#3885,.T.);
#5156=ORIENTED_EDGE('',*,*,#3829,.T.);
#5157=ORIENTED_EDGE('',*,*,#3830,.T.);
#5158=ORIENTED_EDGE('',*,*,#3833,.T.);
#5159=ORIENTED_EDGE('',*,*,#3886,.T.);
#5160=ORIENTED_EDGE('',*,*,#3837,.T.);
#5161=ORIENTED_EDGE('',*,*,#3838,.T.);
#5162=ORIENTED_EDGE('',*,*,#3841,.T.);
#5163=ORIENTED_EDGE('',*,*,#3887,.T.);
#5164=ORIENTED_EDGE('',*,*,#3845,.T.);
#5165=ORIENTED_EDGE('',*,*,#3846,.T.);
#5166=ORIENTED_EDGE('',*,*,#3849,.T.);
#5167=ORIENTED_EDGE('',*,*,#3888,.T.);
#5168=ORIENTED_EDGE('',*,*,#3853,.T.);
#5169=ORIENTED_EDGE('',*,*,#3854,.T.);
#5170=ORIENTED_EDGE('',*,*,#3857,.T.);
#5171=ORIENTED_EDGE('',*,*,#3889,.T.);
#5172=ORIENTED_EDGE('',*,*,#3890,.T.);
#5173=ORIENTED_EDGE('',*,*,#3891,.T.);
#5174=ORIENTED_EDGE('',*,*,#3859,.T.);
#5175=ORIENTED_EDGE('',*,*,#3424,.T.);
#5176=ORIENTED_EDGE('',*,*,#3585,.T.);
#5177=ORIENTED_EDGE('',*,*,#3892,.T.);
#5178=ORIENTED_EDGE('',*,*,#3893,.T.);
#5179=ORIENTED_EDGE('',*,*,#3894,.T.);
#5180=ORIENTED_EDGE('',*,*,#3589,.T.);
#5181=ORIENTED_EDGE('',*,*,#3590,.T.);
#5182=ORIENTED_EDGE('',*,*,#3593,.T.);
#5183=ORIENTED_EDGE('',*,*,#3271,.T.);
#5184=ORIENTED_EDGE('',*,*,#3428,.T.);
#5185=ORIENTED_EDGE('',*,*,#3861,.F.);
#5186=ORIENTED_EDGE('',*,*,#3895,.T.);
#5187=ORIENTED_EDGE('',*,*,#3896,.T.);
#5188=ORIENTED_EDGE('',*,*,#3897,.T.);
#5189=ORIENTED_EDGE('',*,*,#3898,.T.);
#5190=ORIENTED_EDGE('',*,*,#3899,.F.);
#5191=ORIENTED_EDGE('',*,*,#3900,.T.);
#5192=ORIENTED_EDGE('',*,*,#3901,.F.);
#5193=ORIENTED_EDGE('',*,*,#3898,.F.);
#5194=ORIENTED_EDGE('',*,*,#3902,.F.);
#5195=ORIENTED_EDGE('',*,*,#3903,.T.);
#5196=ORIENTED_EDGE('',*,*,#3904,.T.);
#5197=ORIENTED_EDGE('',*,*,#3905,.F.);
#5198=ORIENTED_EDGE('',*,*,#3899,.T.);
#5199=ORIENTED_EDGE('',*,*,#3901,.T.);
#5200=ORIENTED_EDGE('',*,*,#3906,.T.);
#5201=ORIENTED_EDGE('',*,*,#3907,.T.);
#5202=ORIENTED_EDGE('',*,*,#3429,.T.);
#5203=ORIENTED_EDGE('',*,*,#3896,.F.);
#5204=ORIENTED_EDGE('',*,*,#3908,.T.);
#5205=ORIENTED_EDGE('',*,*,#3909,.T.);
#5206=ORIENTED_EDGE('',*,*,#3910,.T.);
#5207=ORIENTED_EDGE('',*,*,#3441,.T.);
#5208=ORIENTED_EDGE('',*,*,#3910,.F.);
#5209=ORIENTED_EDGE('',*,*,#3911,.T.);
#5210=ORIENTED_EDGE('',*,*,#3912,.T.);
#5211=ORIENTED_EDGE('',*,*,#3913,.F.);
#5212=ORIENTED_EDGE('',*,*,#3447,.T.);
#5213=ORIENTED_EDGE('',*,*,#3443,.T.);
#5214=ORIENTED_EDGE('',*,*,#3437,.F.);
#5215=ORIENTED_EDGE('',*,*,#3913,.T.);
#5216=ORIENTED_EDGE('',*,*,#3914,.T.);
#5217=ORIENTED_EDGE('',*,*,#3450,.F.);
#5218=ORIENTED_EDGE('',*,*,#3448,.T.);
#5219=ORIENTED_EDGE('',*,*,#3451,.F.);
#5220=ORIENTED_EDGE('',*,*,#3915,.T.);
#5221=ORIENTED_EDGE('',*,*,#3569,.T.);
#5222=ORIENTED_EDGE('',*,*,#3573,.T.);
#5223=ORIENTED_EDGE('',*,*,#3916,.T.);
#5224=ORIENTED_EDGE('',*,*,#3456,.T.);
#5225=ORIENTED_EDGE('',*,*,#3917,.F.);
#5226=ORIENTED_EDGE('',*,*,#3918,.T.);
#5227=ORIENTED_EDGE('',*,*,#3457,.F.);
#5228=ORIENTED_EDGE('',*,*,#3461,.F.);
#5229=ORIENTED_EDGE('',*,*,#3453,.F.);
#5230=ORIENTED_EDGE('',*,*,#3916,.F.);
#5231=ORIENTED_EDGE('',*,*,#3919,.F.);
#5232=ORIENTED_EDGE('',*,*,#3920,.F.);
#5233=ORIENTED_EDGE('',*,*,#3465,.F.);
#5234=ORIENTED_EDGE('',*,*,#3920,.T.);
#5235=ORIENTED_EDGE('',*,*,#3921,.F.);
#5236=ORIENTED_EDGE('',*,*,#3922,.F.);
#5237=ORIENTED_EDGE('',*,*,#3458,.F.);
#5238=ORIENTED_EDGE('',*,*,#3462,.T.);
#5239=ORIENTED_EDGE('',*,*,#3459,.T.);
#5240=ORIENTED_EDGE('',*,*,#3922,.T.);
#5241=ORIENTED_EDGE('',*,*,#3923,.F.);
#5242=ORIENTED_EDGE('',*,*,#3917,.T.);
#5243=ORIENTED_EDGE('',*,*,#3455,.T.);
#5244=ORIENTED_EDGE('',*,*,#3463,.T.);
#5245=ORIENTED_EDGE('',*,*,#3924,.T.);
#5246=ORIENTED_EDGE('',*,*,#3473,.T.);
#5247=ORIENTED_EDGE('',*,*,#3925,.T.);
#5248=ORIENTED_EDGE('',*,*,#3926,.T.);
#5249=ORIENTED_EDGE('',*,*,#3469,.F.);
#5250=ORIENTED_EDGE('',*,*,#3472,.T.);
#5251=ORIENTED_EDGE('',*,*,#3474,.T.);
#5252=ORIENTED_EDGE('',*,*,#3924,.F.);
#5253=ORIENTED_EDGE('',*,*,#3927,.F.);
#5254=ORIENTED_EDGE('',*,*,#3928,.F.);
#5255=ORIENTED_EDGE('',*,*,#3476,.T.);
#5256=ORIENTED_EDGE('',*,*,#3928,.T.);
#5257=ORIENTED_EDGE('',*,*,#3929,.T.);
#5258=ORIENTED_EDGE('',*,*,#3930,.T.);
#5259=ORIENTED_EDGE('',*,*,#3466,.T.);
#5260=ORIENTED_EDGE('',*,*,#3931,.F.);
#5261=ORIENTED_EDGE('',*,*,#3925,.F.);
#5262=ORIENTED_EDGE('',*,*,#3475,.F.);
#5263=ORIENTED_EDGE('',*,*,#3470,.F.);
#5264=ORIENTED_EDGE('',*,*,#3467,.F.);
#5265=ORIENTED_EDGE('',*,*,#3930,.F.);
#5266=ORIENTED_EDGE('',*,*,#3478,.F.);
#5267=ORIENTED_EDGE('',*,*,#3479,.T.);
#5268=ORIENTED_EDGE('',*,*,#3932,.F.);
#5269=ORIENTED_EDGE('',*,*,#3933,.T.);
#5270=ORIENTED_EDGE('',*,*,#3934,.T.);
#5271=ORIENTED_EDGE('',*,*,#3935,.T.);
#5272=ORIENTED_EDGE('',*,*,#3936,.F.);
#5273=ORIENTED_EDGE('',*,*,#3725,.T.);
#5274=ORIENTED_EDGE('',*,*,#3934,.F.);
#5275=ORIENTED_EDGE('',*,*,#3936,.T.);
#5276=ORIENTED_EDGE('',*,*,#3937,.T.);
#5277=ORIENTED_EDGE('',*,*,#3938,.F.);
#5278=ORIENTED_EDGE('',*,*,#3536,.T.);
#5279=ORIENTED_EDGE('',*,*,#3938,.T.);
#5280=ORIENTED_EDGE('',*,*,#3939,.T.);
#5281=ORIENTED_EDGE('',*,*,#3940,.F.);
#5282=ORIENTED_EDGE('',*,*,#3941,.T.);
#5283=ORIENTED_EDGE('',*,*,#3940,.T.);
#5284=ORIENTED_EDGE('',*,*,#3942,.T.);
#5285=ORIENTED_EDGE('',*,*,#3943,.F.);
#5286=ORIENTED_EDGE('',*,*,#3533,.T.);
#5287=ORIENTED_EDGE('',*,*,#3548,.T.);
#5288=ORIENTED_EDGE('',*,*,#3943,.T.);
#5289=ORIENTED_EDGE('',*,*,#3944,.T.);
#5290=ORIENTED_EDGE('',*,*,#3932,.T.);
#5291=ORIENTED_EDGE('',*,*,#3742,.T.);
#5292=ORIENTED_EDGE('',*,*,#3945,.T.);
#5293=ORIENTED_EDGE('',*,*,#3946,.T.);
#5294=ORIENTED_EDGE('',*,*,#3947,.T.);
#5295=ORIENTED_EDGE('',*,*,#3714,.F.);
#5296=ORIENTED_EDGE('',*,*,#3746,.F.);
#5297=ORIENTED_EDGE('',*,*,#3948,.F.);
#5298=ORIENTED_EDGE('',*,*,#3743,.F.);
#5299=ORIENTED_EDGE('',*,*,#3947,.F.);
#5300=ORIENTED_EDGE('',*,*,#3949,.F.);
#5301=ORIENTED_EDGE('',*,*,#3950,.F.);
#5302=ORIENTED_EDGE('',*,*,#3276,.F.);
#5303=ORIENTED_EDGE('',*,*,#3951,.T.);
#5304=ORIENTED_EDGE('',*,*,#3952,.F.);
#5305=ORIENTED_EDGE('',*,*,#3723,.F.);
#5306=ORIENTED_EDGE('',*,*,#3715,.F.);
#5307=ORIENTED_EDGE('',*,*,#3952,.T.);
#5308=ORIENTED_EDGE('',*,*,#3953,.T.);
#5309=ORIENTED_EDGE('',*,*,#3484,.T.);
#5310=ORIENTED_EDGE('',*,*,#3722,.T.);
#5311=ORIENTED_EDGE('',*,*,#3485,.F.);
#5312=ORIENTED_EDGE('',*,*,#3954,.T.);
#5313=ORIENTED_EDGE('',*,*,#3486,.F.);
#5314=ORIENTED_EDGE('',*,*,#3482,.T.);
#5315=ORIENTED_EDGE('',*,*,#3702,.T.);
#5316=ORIENTED_EDGE('',*,*,#3487,.F.);
#5317=ORIENTED_EDGE('',*,*,#3955,.T.);
#5318=ORIENTED_EDGE('',*,*,#3491,.T.);
#5319=ORIENTED_EDGE('',*,*,#3708,.T.);
#5320=ORIENTED_EDGE('',*,*,#3956,.F.);
#5321=ORIENTED_EDGE('',*,*,#3492,.F.);
#5322=ORIENTED_EDGE('',*,*,#3957,.T.);
#5323=ORIENTED_EDGE('',*,*,#3493,.F.);
#5324=ORIENTED_EDGE('',*,*,#3489,.T.);
#5325=ORIENTED_EDGE('',*,*,#3696,.T.);
#5326=ORIENTED_EDGE('',*,*,#3494,.F.);
#5327=ORIENTED_EDGE('',*,*,#3958,.T.);
#5328=ORIENTED_EDGE('',*,*,#3501,.F.);
#5329=ORIENTED_EDGE('',*,*,#3959,.T.);
#5330=ORIENTED_EDGE('',*,*,#3960,.F.);
#5331=ORIENTED_EDGE('',*,*,#3502,.F.);
#5332=ORIENTED_EDGE('',*,*,#3961,.T.);
#5333=ORIENTED_EDGE('',*,*,#3962,.F.);
#5334=ORIENTED_EDGE('',*,*,#3963,.T.);
#5335=ORIENTED_EDGE('',*,*,#3496,.F.);
#5336=ORIENTED_EDGE('',*,*,#3963,.F.);
#5337=ORIENTED_EDGE('',*,*,#3964,.F.);
#5338=ORIENTED_EDGE('',*,*,#3965,.F.);
#5339=ORIENTED_EDGE('',*,*,#3966,.F.);
#5340=ORIENTED_EDGE('',*,*,#3965,.T.);
#5341=ORIENTED_EDGE('',*,*,#3967,.F.);
#5342=ORIENTED_EDGE('',*,*,#3968,.F.);
#5343=ORIENTED_EDGE('',*,*,#3969,.T.);
#5344=ORIENTED_EDGE('',*,*,#3970,.T.);
#5345=ORIENTED_EDGE('',*,*,#3497,.F.);
#5346=ORIENTED_EDGE('',*,*,#3966,.T.);
#5347=ORIENTED_EDGE('',*,*,#3692,.F.);
#5348=ORIENTED_EDGE('',*,*,#3971,.F.);
#5349=ORIENTED_EDGE('',*,*,#3959,.F.);
#5350=ORIENTED_EDGE('',*,*,#3500,.F.);
#5351=ORIENTED_EDGE('',*,*,#3498,.F.);
#5352=ORIENTED_EDGE('',*,*,#3970,.F.);
#5353=ORIENTED_EDGE('',*,*,#3972,.T.);
#5354=ORIENTED_EDGE('',*,*,#3973,.F.);
#5355=ORIENTED_EDGE('',*,*,#3974,.T.);
#5356=ORIENTED_EDGE('',*,*,#3975,.T.);
#5357=ORIENTED_EDGE('',*,*,#3693,.T.);
#5358=ORIENTED_EDGE('',*,*,#3973,.T.);
#5359=ORIENTED_EDGE('',*,*,#3976,.F.);
#5360=ORIENTED_EDGE('',*,*,#3977,.T.);
#5361=ORIENTED_EDGE('',*,*,#3975,.F.);
#5362=ORIENTED_EDGE('',*,*,#3978,.T.);
#5363=ORIENTED_EDGE('',*,*,#3979,.T.);
#5364=ORIENTED_EDGE('',*,*,#3980,.T.);
#5365=ORIENTED_EDGE('',*,*,#3503,.T.);
#5366=ORIENTED_EDGE('',*,*,#3981,.F.);
#5367=ORIENTED_EDGE('',*,*,#3506,.T.);
#5368=ORIENTED_EDGE('',*,*,#3980,.F.);
#5369=ORIENTED_EDGE('',*,*,#3982,.T.);
#5370=ORIENTED_EDGE('',*,*,#3983,.T.);
#5371=ORIENTED_EDGE('',*,*,#3984,.T.);
#5372=ORIENTED_EDGE('',*,*,#3985,.F.);
#5373=ORIENTED_EDGE('',*,*,#3508,.T.);
#5374=ORIENTED_EDGE('',*,*,#3983,.F.);
#5375=ORIENTED_EDGE('',*,*,#3986,.T.);
#5376=ORIENTED_EDGE('',*,*,#3981,.T.);
#5377=ORIENTED_EDGE('',*,*,#3510,.T.);
#5378=ORIENTED_EDGE('',*,*,#3985,.T.);
#5379=ORIENTED_EDGE('',*,*,#3987,.T.);
#5380=ORIENTED_EDGE('',*,*,#3988,.T.);
#5381=ORIENTED_EDGE('',*,*,#3511,.T.);
#5382=ORIENTED_EDGE('',*,*,#3989,.F.);
#5383=ORIENTED_EDGE('',*,*,#3990,.T.);
#5384=ORIENTED_EDGE('',*,*,#3991,.T.);
#5385=ORIENTED_EDGE('',*,*,#3514,.T.);
#5386=ORIENTED_EDGE('',*,*,#3988,.F.);
#5387=ORIENTED_EDGE('',*,*,#3516,.T.);
#5388=ORIENTED_EDGE('',*,*,#3991,.F.);
#5389=ORIENTED_EDGE('',*,*,#3992,.T.);
#5390=ORIENTED_EDGE('',*,*,#3993,.F.);
#5391=ORIENTED_EDGE('',*,*,#3994,.T.);
#5392=ORIENTED_EDGE('',*,*,#3989,.T.);
#5393=ORIENTED_EDGE('',*,*,#3518,.T.);
#5394=ORIENTED_EDGE('',*,*,#3993,.T.);
#5395=ORIENTED_EDGE('',*,*,#3995,.T.);
#5396=ORIENTED_EDGE('',*,*,#3565,.T.);
#5397=ORIENTED_EDGE('',*,*,#3996,.T.);
#5398=ORIENTED_EDGE('',*,*,#3997,.F.);
#5399=ORIENTED_EDGE('',*,*,#3998,.T.);
#5400=ORIENTED_EDGE('',*,*,#3525,.T.);
#5401=ORIENTED_EDGE('',*,*,#3999,.T.);
#5402=ORIENTED_EDGE('',*,*,#4000,.F.);
#5403=ORIENTED_EDGE('',*,*,#4001,.T.);
#5404=ORIENTED_EDGE('',*,*,#3521,.T.);
#5405=ORIENTED_EDGE('',*,*,#4002,.T.);
#5406=ORIENTED_EDGE('',*,*,#4003,.F.);
#5407=ORIENTED_EDGE('',*,*,#3731,.T.);
#5408=ORIENTED_EDGE('',*,*,#4004,.F.);
#5409=ORIENTED_EDGE('',*,*,#4005,.F.);
#5410=ORIENTED_EDGE('',*,*,#4006,.T.);
#5411=ORIENTED_EDGE('',*,*,#4007,.F.);
#5412=ORIENTED_EDGE('',*,*,#4008,.F.);
#5413=ORIENTED_EDGE('',*,*,#3556,.F.);
#5414=ORIENTED_EDGE('',*,*,#4009,.F.);
#5415=ORIENTED_EDGE('',*,*,#4010,.F.);
#5416=ORIENTED_EDGE('',*,*,#4011,.F.);
#5417=ORIENTED_EDGE('',*,*,#3522,.F.);
#5418=ORIENTED_EDGE('',*,*,#4001,.F.);
#5419=ORIENTED_EDGE('',*,*,#4012,.T.);
#5420=ORIENTED_EDGE('',*,*,#3519,.T.);
#5421=ORIENTED_EDGE('',*,*,#4011,.T.);
#5422=ORIENTED_EDGE('',*,*,#4013,.F.);
#5423=ORIENTED_EDGE('',*,*,#4002,.F.);
#5424=ORIENTED_EDGE('',*,*,#3520,.F.);
#5425=ORIENTED_EDGE('',*,*,#4012,.F.);
#5426=ORIENTED_EDGE('',*,*,#4014,.F.);
#5427=ORIENTED_EDGE('',*,*,#4015,.F.);
#5428=ORIENTED_EDGE('',*,*,#3558,.F.);
#5429=ORIENTED_EDGE('',*,*,#4016,.F.);
#5430=ORIENTED_EDGE('',*,*,#4017,.F.);
#5431=ORIENTED_EDGE('',*,*,#4018,.F.);
#5432=ORIENTED_EDGE('',*,*,#4019,.F.);
#5433=ORIENTED_EDGE('',*,*,#3554,.F.);
#5434=ORIENTED_EDGE('',*,*,#4020,.F.);
#5435=ORIENTED_EDGE('',*,*,#4021,.F.);
#5436=ORIENTED_EDGE('',*,*,#4022,.F.);
#5437=ORIENTED_EDGE('',*,*,#3526,.F.);
#5438=ORIENTED_EDGE('',*,*,#3998,.F.);
#5439=ORIENTED_EDGE('',*,*,#4023,.T.);
#5440=ORIENTED_EDGE('',*,*,#3523,.T.);
#5441=ORIENTED_EDGE('',*,*,#4022,.T.);
#5442=ORIENTED_EDGE('',*,*,#4024,.F.);
#5443=ORIENTED_EDGE('',*,*,#3999,.F.);
#5444=ORIENTED_EDGE('',*,*,#3524,.F.);
#5445=ORIENTED_EDGE('',*,*,#4023,.F.);
#5446=ORIENTED_EDGE('',*,*,#4025,.F.);
#5447=ORIENTED_EDGE('',*,*,#4026,.F.);
#5448=ORIENTED_EDGE('',*,*,#3552,.F.);
#5449=ORIENTED_EDGE('',*,*,#4027,.F.);
#5450=ORIENTED_EDGE('',*,*,#4028,.F.);
#5451=ORIENTED_EDGE('',*,*,#4029,.F.);
#5452=ORIENTED_EDGE('',*,*,#4030,.F.);
#5453=ORIENTED_EDGE('',*,*,#3560,.F.);
#5454=ORIENTED_EDGE('',*,*,#4031,.F.);
#5455=ORIENTED_EDGE('',*,*,#4032,.F.);
#5456=ORIENTED_EDGE('',*,*,#4033,.F.);
#5457=ORIENTED_EDGE('',*,*,#3566,.F.);
#5458=ORIENTED_EDGE('',*,*,#3995,.F.);
#5459=ORIENTED_EDGE('',*,*,#4034,.T.);
#5460=ORIENTED_EDGE('',*,*,#3563,.T.);
#5461=ORIENTED_EDGE('',*,*,#4033,.T.);
#5462=ORIENTED_EDGE('',*,*,#4035,.F.);
#5463=ORIENTED_EDGE('',*,*,#4009,.T.);
#5464=ORIENTED_EDGE('',*,*,#3555,.T.);
#5465=ORIENTED_EDGE('',*,*,#4015,.T.);
#5466=ORIENTED_EDGE('',*,*,#4036,.F.);
#5467=ORIENTED_EDGE('',*,*,#4020,.T.);
#5468=ORIENTED_EDGE('',*,*,#3553,.T.);
#5469=ORIENTED_EDGE('',*,*,#4026,.T.);
#5470=ORIENTED_EDGE('',*,*,#4037,.F.);
#5471=ORIENTED_EDGE('',*,*,#4031,.T.);
#5472=ORIENTED_EDGE('',*,*,#3559,.T.);
#5473=ORIENTED_EDGE('',*,*,#4038,.T.);
#5474=ORIENTED_EDGE('',*,*,#4039,.F.);
#5475=ORIENTED_EDGE('',*,*,#4040,.T.);
#5476=ORIENTED_EDGE('',*,*,#3732,.T.);
#5477=ORIENTED_EDGE('',*,*,#4006,.F.);
#5478=ORIENTED_EDGE('',*,*,#4041,.F.);
#5479=ORIENTED_EDGE('',*,*,#3550,.T.);
#5480=ORIENTED_EDGE('',*,*,#3546,.T.);
#5481=ORIENTED_EDGE('',*,*,#3545,.F.);
#5482=ORIENTED_EDGE('',*,*,#3544,.F.);
#5483=ORIENTED_EDGE('',*,*,#3549,.T.);
#5484=ORIENTED_EDGE('',*,*,#3542,.F.);
#5485=ORIENTED_EDGE('',*,*,#3733,.F.);
#5486=ORIENTED_EDGE('',*,*,#4040,.F.);
#5487=ORIENTED_EDGE('',*,*,#4042,.F.);
#5488=ORIENTED_EDGE('',*,*,#4043,.T.);
#5489=ORIENTED_EDGE('',*,*,#3729,.F.);
#5490=ORIENTED_EDGE('',*,*,#3735,.F.);
#5491=ORIENTED_EDGE('',*,*,#4044,.F.);
#5492=ORIENTED_EDGE('',*,*,#3739,.T.);
#5493=ORIENTED_EDGE('',*,*,#3537,.F.);
#5494=ORIENTED_EDGE('',*,*,#3941,.F.);
#5495=ORIENTED_EDGE('',*,*,#3535,.F.);
#5496=ORIENTED_EDGE('',*,*,#3530,.T.);
#5497=ORIENTED_EDGE('',*,*,#3529,.F.);
#5498=ORIENTED_EDGE('',*,*,#3528,.F.);
#5499=ORIENTED_EDGE('',*,*,#4016,.T.);
#5500=ORIENTED_EDGE('',*,*,#3557,.T.);
#5501=ORIENTED_EDGE('',*,*,#4008,.T.);
#5502=ORIENTED_EDGE('',*,*,#4045,.F.);
#5503=ORIENTED_EDGE('',*,*,#4004,.T.);
#5504=ORIENTED_EDGE('',*,*,#3730,.T.);
#5505=ORIENTED_EDGE('',*,*,#4043,.F.);
#5506=ORIENTED_EDGE('',*,*,#4046,.F.);
#5507=ORIENTED_EDGE('',*,*,#4047,.T.);
#5508=ORIENTED_EDGE('',*,*,#3561,.T.);
#5509=ORIENTED_EDGE('',*,*,#4030,.T.);
#5510=ORIENTED_EDGE('',*,*,#4048,.F.);
#5511=ORIENTED_EDGE('',*,*,#4027,.T.);
#5512=ORIENTED_EDGE('',*,*,#3551,.T.);
#5513=ORIENTED_EDGE('',*,*,#4019,.T.);
#5514=ORIENTED_EDGE('',*,*,#4049,.F.);
#5515=ORIENTED_EDGE('',*,*,#3996,.F.);
#5516=ORIENTED_EDGE('',*,*,#3564,.F.);
#5517=ORIENTED_EDGE('',*,*,#4034,.F.);
#5518=ORIENTED_EDGE('',*,*,#4050,.F.);
#5519=ORIENTED_EDGE('',*,*,#4038,.F.);
#5520=ORIENTED_EDGE('',*,*,#3562,.F.);
#5521=ORIENTED_EDGE('',*,*,#4047,.F.);
#5522=ORIENTED_EDGE('',*,*,#4051,.F.);
#5523=ORIENTED_EDGE('',*,*,#3741,.F.);
#5524=ORIENTED_EDGE('',*,*,#4052,.T.);
#5525=ORIENTED_EDGE('',*,*,#3570,.F.);
#5526=ORIENTED_EDGE('',*,*,#4053,.T.);
#5527=ORIENTED_EDGE('',*,*,#4054,.T.);
#5528=ORIENTED_EDGE('',*,*,#3574,.F.);
#5529=ORIENTED_EDGE('',*,*,#3571,.T.);
#5530=ORIENTED_EDGE('',*,*,#3567,.F.);
#5531=ORIENTED_EDGE('',*,*,#4055,.T.);
#5532=ORIENTED_EDGE('',*,*,#3576,.T.);
#5533=ORIENTED_EDGE('',*,*,#3575,.F.);
#5534=ORIENTED_EDGE('',*,*,#4056,.T.);
#5535=ORIENTED_EDGE('',*,*,#3583,.F.);
#5536=ORIENTED_EDGE('',*,*,#3579,.T.);
#5537=ORIENTED_EDGE('',*,*,#3577,.T.);
#5538=ORIENTED_EDGE('',*,*,#4055,.F.);
#5539=ORIENTED_EDGE('',*,*,#4057,.T.);
#5540=ORIENTED_EDGE('',*,*,#4058,.T.);
#5541=ORIENTED_EDGE('',*,*,#3892,.F.);
#5542=ORIENTED_EDGE('',*,*,#3586,.F.);
#5543=ORIENTED_EDGE('',*,*,#4058,.F.);
#5544=ORIENTED_EDGE('',*,*,#4059,.T.);
#5545=ORIENTED_EDGE('',*,*,#4060,.T.);
#5546=ORIENTED_EDGE('',*,*,#3893,.F.);
#5547=ORIENTED_EDGE('',*,*,#4060,.F.);
#5548=ORIENTED_EDGE('',*,*,#4061,.T.);
#5549=ORIENTED_EDGE('',*,*,#4062,.F.);
#5550=ORIENTED_EDGE('',*,*,#3594,.T.);
#5551=ORIENTED_EDGE('',*,*,#3591,.T.);
#5552=ORIENTED_EDGE('',*,*,#3587,.F.);
#5553=ORIENTED_EDGE('',*,*,#4063,.F.);
#5554=ORIENTED_EDGE('',*,*,#3602,.T.);
#5555=ORIENTED_EDGE('',*,*,#3599,.T.);
#5556=ORIENTED_EDGE('',*,*,#3595,.F.);
#5557=ORIENTED_EDGE('',*,*,#4064,.F.);
#5558=ORIENTED_EDGE('',*,*,#3610,.T.);
#5559=ORIENTED_EDGE('',*,*,#3607,.T.);
#5560=ORIENTED_EDGE('',*,*,#3603,.F.);
#5561=ORIENTED_EDGE('',*,*,#4065,.F.);
#5562=ORIENTED_EDGE('',*,*,#3618,.T.);
#5563=ORIENTED_EDGE('',*,*,#3615,.T.);
#5564=ORIENTED_EDGE('',*,*,#3611,.F.);
#5565=ORIENTED_EDGE('',*,*,#4066,.F.);
#5566=ORIENTED_EDGE('',*,*,#3626,.T.);
#5567=ORIENTED_EDGE('',*,*,#3623,.T.);
#5568=ORIENTED_EDGE('',*,*,#3619,.F.);
#5569=ORIENTED_EDGE('',*,*,#4067,.F.);
#5570=ORIENTED_EDGE('',*,*,#3634,.T.);
#5571=ORIENTED_EDGE('',*,*,#3631,.T.);
#5572=ORIENTED_EDGE('',*,*,#3627,.F.);
#5573=ORIENTED_EDGE('',*,*,#4068,.F.);
#5574=ORIENTED_EDGE('',*,*,#3642,.T.);
#5575=ORIENTED_EDGE('',*,*,#3639,.T.);
#5576=ORIENTED_EDGE('',*,*,#3635,.F.);
#5577=ORIENTED_EDGE('',*,*,#4069,.F.);
#5578=ORIENTED_EDGE('',*,*,#3650,.T.);
#5579=ORIENTED_EDGE('',*,*,#3647,.T.);
#5580=ORIENTED_EDGE('',*,*,#3643,.F.);
#5581=ORIENTED_EDGE('',*,*,#4070,.F.);
#5582=ORIENTED_EDGE('',*,*,#3658,.T.);
#5583=ORIENTED_EDGE('',*,*,#3655,.T.);
#5584=ORIENTED_EDGE('',*,*,#3651,.F.);
#5585=ORIENTED_EDGE('',*,*,#4071,.F.);
#5586=ORIENTED_EDGE('',*,*,#3666,.T.);
#5587=ORIENTED_EDGE('',*,*,#3663,.T.);
#5588=ORIENTED_EDGE('',*,*,#3659,.F.);
#5589=ORIENTED_EDGE('',*,*,#4072,.F.);
#5590=ORIENTED_EDGE('',*,*,#3674,.T.);
#5591=ORIENTED_EDGE('',*,*,#3671,.T.);
#5592=ORIENTED_EDGE('',*,*,#3667,.F.);
#5593=ORIENTED_EDGE('',*,*,#4073,.F.);
#5594=ORIENTED_EDGE('',*,*,#3682,.T.);
#5595=ORIENTED_EDGE('',*,*,#3679,.T.);
#5596=ORIENTED_EDGE('',*,*,#3675,.F.);
#5597=ORIENTED_EDGE('',*,*,#4074,.F.);
#5598=ORIENTED_EDGE('',*,*,#3690,.T.);
#5599=ORIENTED_EDGE('',*,*,#3687,.T.);
#5600=ORIENTED_EDGE('',*,*,#3683,.F.);
#5601=ORIENTED_EDGE('',*,*,#4075,.F.);
#5602=ORIENTED_EDGE('',*,*,#4076,.F.);
#5603=ORIENTED_EDGE('',*,*,#3694,.F.);
#5604=ORIENTED_EDGE('',*,*,#3977,.F.);
#5605=ORIENTED_EDGE('',*,*,#3697,.T.);
#5606=ORIENTED_EDGE('',*,*,#3960,.T.);
#5607=ORIENTED_EDGE('',*,*,#3971,.T.);
#5608=ORIENTED_EDGE('',*,*,#3691,.F.);
#5609=ORIENTED_EDGE('',*,*,#4077,.F.);
#5610=ORIENTED_EDGE('',*,*,#3699,.T.);
#5611=ORIENTED_EDGE('',*,*,#3700,.F.);
#5612=ORIENTED_EDGE('',*,*,#4078,.F.);
#5613=ORIENTED_EDGE('',*,*,#3706,.F.);
#5614=ORIENTED_EDGE('',*,*,#3698,.F.);
#5615=ORIENTED_EDGE('',*,*,#3707,.T.);
#5616=ORIENTED_EDGE('',*,*,#3704,.F.);
#5617=ORIENTED_EDGE('',*,*,#4079,.F.);
#5618=ORIENTED_EDGE('',*,*,#3710,.T.);
#5619=ORIENTED_EDGE('',*,*,#3703,.T.);
#5620=ORIENTED_EDGE('',*,*,#3956,.T.);
#5621=ORIENTED_EDGE('',*,*,#3711,.F.);
#5622=ORIENTED_EDGE('',*,*,#4080,.F.);
#5623=ORIENTED_EDGE('',*,*,#3719,.F.);
#5624=ORIENTED_EDGE('',*,*,#3709,.T.);
#5625=ORIENTED_EDGE('',*,*,#3724,.F.);
#5626=ORIENTED_EDGE('',*,*,#3720,.T.);
#5627=ORIENTED_EDGE('',*,*,#3717,.F.);
#5628=ORIENTED_EDGE('',*,*,#4081,.F.);
#5629=ORIENTED_EDGE('',*,*,#4082,.F.);
#5630=ORIENTED_EDGE('',*,*,#4083,.T.);
#5631=ORIENTED_EDGE('',*,*,#3712,.F.);
#5632=ORIENTED_EDGE('',*,*,#3727,.T.);
#5633=ORIENTED_EDGE('',*,*,#3738,.F.);
#5634=ORIENTED_EDGE('',*,*,#4084,.F.);
#5635=ORIENTED_EDGE('',*,*,#4082,.T.);
#5636=ORIENTED_EDGE('',*,*,#4085,.T.);
#5637=ORIENTED_EDGE('',*,*,#4086,.T.);
#5638=ORIENTED_EDGE('',*,*,#3736,.T.);
#5639=ORIENTED_EDGE('',*,*,#3734,.T.);
#5640=ORIENTED_EDGE('',*,*,#4086,.F.);
#5641=ORIENTED_EDGE('',*,*,#4087,.T.);
#5642=ORIENTED_EDGE('',*,*,#4088,.F.);
#5643=ORIENTED_EDGE('',*,*,#4089,.T.);
#5644=ORIENTED_EDGE('',*,*,#4090,.T.);
#5645=ORIENTED_EDGE('',*,*,#4044,.T.);
#5646=ORIENTED_EDGE('',*,*,#4088,.T.);
#5647=ORIENTED_EDGE('',*,*,#3744,.F.);
#5648=ORIENTED_EDGE('',*,*,#4083,.F.);
#5649=ORIENTED_EDGE('',*,*,#4084,.T.);
#5650=ORIENTED_EDGE('',*,*,#3737,.T.);
#5651=ORIENTED_EDGE('',*,*,#4090,.F.);
#5652=ORIENTED_EDGE('',*,*,#4091,.T.);
#5653=ORIENTED_EDGE('',*,*,#3745,.T.);
#5654=ORIENTED_EDGE('',*,*,#4092,.T.);
#5655=ORIENTED_EDGE('',*,*,#3740,.F.);
#5656=ORIENTED_EDGE('',*,*,#3948,.T.);
#5657=ORIENTED_EDGE('',*,*,#4093,.T.);
#5658=ORIENTED_EDGE('',*,*,#4094,.T.);
#5659=ORIENTED_EDGE('',*,*,#3747,.T.);
#5660=ORIENTED_EDGE('',*,*,#4095,.F.);
#5661=ORIENTED_EDGE('',*,*,#4096,.T.);
#5662=ORIENTED_EDGE('',*,*,#4097,.F.);
#5663=ORIENTED_EDGE('',*,*,#3750,.T.);
#5664=ORIENTED_EDGE('',*,*,#4094,.F.);
#5665=ORIENTED_EDGE('',*,*,#3752,.T.);
#5666=ORIENTED_EDGE('',*,*,#4097,.T.);
#5667=ORIENTED_EDGE('',*,*,#4098,.T.);
#5668=ORIENTED_EDGE('',*,*,#4099,.T.);
#5669=ORIENTED_EDGE('',*,*,#4100,.T.);
#5670=ORIENTED_EDGE('',*,*,#4095,.T.);
#5671=ORIENTED_EDGE('',*,*,#3754,.T.);
#5672=ORIENTED_EDGE('',*,*,#4099,.F.);
#5673=ORIENTED_EDGE('',*,*,#4101,.T.);
#5674=ORIENTED_EDGE('',*,*,#4102,.T.);
#5675=ORIENTED_EDGE('',*,*,#4103,.F.);
#5676=ORIENTED_EDGE('',*,*,#4104,.F.);
#5677=ORIENTED_EDGE('',*,*,#4105,.T.);
#5678=ORIENTED_EDGE('',*,*,#4106,.T.);
#5679=ORIENTED_EDGE('',*,*,#4107,.F.);
#5680=ORIENTED_EDGE('',*,*,#4102,.F.);
#5681=ORIENTED_EDGE('',*,*,#4108,.T.);
#5682=ORIENTED_EDGE('',*,*,#4109,.T.);
#5683=ORIENTED_EDGE('',*,*,#4110,.F.);
#5684=ORIENTED_EDGE('',*,*,#4106,.F.);
#5685=ORIENTED_EDGE('',*,*,#4111,.F.);
#5686=ORIENTED_EDGE('',*,*,#4112,.T.);
#5687=ORIENTED_EDGE('',*,*,#4113,.F.);
#5688=ORIENTED_EDGE('',*,*,#4109,.F.);
#5689=ORIENTED_EDGE('',*,*,#4114,.F.);
#5690=ORIENTED_EDGE('',*,*,#4115,.T.);
#5691=ORIENTED_EDGE('',*,*,#4116,.F.);
#5692=ORIENTED_EDGE('',*,*,#4112,.F.);
#5693=ORIENTED_EDGE('',*,*,#4117,.T.);
#5694=ORIENTED_EDGE('',*,*,#4118,.F.);
#5695=ORIENTED_EDGE('',*,*,#4115,.F.);
#5696=ORIENTED_EDGE('',*,*,#4119,.F.);
#5697=ORIENTED_EDGE('',*,*,#3875,.F.);
#5698=ORIENTED_EDGE('',*,*,#4120,.F.);
#5699=ORIENTED_EDGE('',*,*,#4117,.F.);
#5700=ORIENTED_EDGE('',*,*,#4121,.F.);
#5701=ORIENTED_EDGE('',*,*,#3268,.T.);
#5702=ORIENTED_EDGE('',*,*,#4122,.F.);
#5703=ORIENTED_EDGE('',*,*,#3762,.T.);
#5704=ORIENTED_EDGE('',*,*,#3759,.F.);
#5705=ORIENTED_EDGE('',*,*,#3755,.F.);
#5706=ORIENTED_EDGE('',*,*,#4123,.F.);
#5707=ORIENTED_EDGE('',*,*,#3770,.T.);
#5708=ORIENTED_EDGE('',*,*,#3767,.F.);
#5709=ORIENTED_EDGE('',*,*,#3763,.F.);
#5710=ORIENTED_EDGE('',*,*,#4124,.F.);
#5711=ORIENTED_EDGE('',*,*,#3778,.T.);
#5712=ORIENTED_EDGE('',*,*,#3775,.F.);
#5713=ORIENTED_EDGE('',*,*,#3771,.F.);
#5714=ORIENTED_EDGE('',*,*,#4125,.F.);
#5715=ORIENTED_EDGE('',*,*,#3786,.T.);
#5716=ORIENTED_EDGE('',*,*,#3783,.F.);
#5717=ORIENTED_EDGE('',*,*,#3779,.F.);
#5718=ORIENTED_EDGE('',*,*,#4126,.F.);
#5719=ORIENTED_EDGE('',*,*,#3794,.T.);
#5720=ORIENTED_EDGE('',*,*,#3791,.F.);
#5721=ORIENTED_EDGE('',*,*,#3787,.F.);
#5722=ORIENTED_EDGE('',*,*,#4127,.F.);
#5723=ORIENTED_EDGE('',*,*,#3802,.T.);
#5724=ORIENTED_EDGE('',*,*,#3799,.F.);
#5725=ORIENTED_EDGE('',*,*,#3795,.F.);
#5726=ORIENTED_EDGE('',*,*,#4128,.F.);
#5727=ORIENTED_EDGE('',*,*,#3810,.T.);
#5728=ORIENTED_EDGE('',*,*,#3807,.F.);
#5729=ORIENTED_EDGE('',*,*,#3803,.F.);
#5730=ORIENTED_EDGE('',*,*,#4129,.F.);
#5731=ORIENTED_EDGE('',*,*,#3818,.T.);
#5732=ORIENTED_EDGE('',*,*,#3815,.F.);
#5733=ORIENTED_EDGE('',*,*,#3811,.F.);
#5734=ORIENTED_EDGE('',*,*,#4130,.F.);
#5735=ORIENTED_EDGE('',*,*,#3826,.T.);
#5736=ORIENTED_EDGE('',*,*,#3823,.F.);
#5737=ORIENTED_EDGE('',*,*,#3819,.F.);
#5738=ORIENTED_EDGE('',*,*,#4131,.F.);
#5739=ORIENTED_EDGE('',*,*,#3834,.T.);
#5740=ORIENTED_EDGE('',*,*,#3831,.F.);
#5741=ORIENTED_EDGE('',*,*,#3827,.F.);
#5742=ORIENTED_EDGE('',*,*,#4132,.F.);
#5743=ORIENTED_EDGE('',*,*,#3842,.T.);
#5744=ORIENTED_EDGE('',*,*,#3839,.F.);
#5745=ORIENTED_EDGE('',*,*,#3835,.F.);
#5746=ORIENTED_EDGE('',*,*,#4133,.F.);
#5747=ORIENTED_EDGE('',*,*,#3850,.T.);
#5748=ORIENTED_EDGE('',*,*,#3847,.F.);
#5749=ORIENTED_EDGE('',*,*,#3843,.F.);
#5750=ORIENTED_EDGE('',*,*,#4134,.F.);
#5751=ORIENTED_EDGE('',*,*,#3858,.T.);
#5752=ORIENTED_EDGE('',*,*,#3855,.F.);
#5753=ORIENTED_EDGE('',*,*,#3851,.F.);
#5754=ORIENTED_EDGE('',*,*,#4135,.T.);
#5755=ORIENTED_EDGE('',*,*,#4136,.T.);
#5756=ORIENTED_EDGE('',*,*,#3890,.F.);
#5757=ORIENTED_EDGE('',*,*,#3891,.F.);
#5758=ORIENTED_EDGE('',*,*,#4136,.F.);
#5759=ORIENTED_EDGE('',*,*,#4137,.T.);
#5760=ORIENTED_EDGE('',*,*,#4138,.F.);
#5761=ORIENTED_EDGE('',*,*,#3860,.F.);
#5762=ORIENTED_EDGE('',*,*,#3895,.F.);
#5763=ORIENTED_EDGE('',*,*,#4138,.T.);
#5764=ORIENTED_EDGE('',*,*,#4139,.T.);
#5765=ORIENTED_EDGE('',*,*,#4140,.F.);
#5766=ORIENTED_EDGE('',*,*,#4141,.T.);
#5767=ORIENTED_EDGE('',*,*,#3908,.F.);
#5768=ORIENTED_EDGE('',*,*,#3900,.F.);
#5769=ORIENTED_EDGE('',*,*,#4142,.T.);
#5770=ORIENTED_EDGE('',*,*,#4140,.T.);
#5771=ORIENTED_EDGE('',*,*,#4143,.T.);
#5772=ORIENTED_EDGE('',*,*,#3902,.T.);
#5773=ORIENTED_EDGE('',*,*,#3897,.F.);
#5774=ORIENTED_EDGE('',*,*,#4144,.T.);
#5775=ORIENTED_EDGE('',*,*,#4145,.T.);
#5776=ORIENTED_EDGE('',*,*,#4146,.T.);
#5777=ORIENTED_EDGE('',*,*,#4147,.T.);
#5778=ORIENTED_EDGE('',*,*,#4148,.T.);
#5779=ORIENTED_EDGE('',*,*,#4149,.F.);
#5780=ORIENTED_EDGE('',*,*,#4150,.F.);
#5781=ORIENTED_EDGE('',*,*,#4151,.T.);
#5782=ORIENTED_EDGE('',*,*,#4152,.T.);
#5783=ORIENTED_EDGE('',*,*,#4149,.T.);
#5784=ORIENTED_EDGE('',*,*,#4153,.F.);
#5785=ORIENTED_EDGE('',*,*,#4154,.F.);
#5786=ORIENTED_EDGE('',*,*,#4155,.T.);
#5787=ORIENTED_EDGE('',*,*,#3903,.F.);
#5788=ORIENTED_EDGE('',*,*,#4156,.F.);
#5789=ORIENTED_EDGE('',*,*,#4157,.F.);
#5790=ORIENTED_EDGE('',*,*,#3904,.F.);
#5791=ORIENTED_EDGE('',*,*,#4155,.F.);
#5792=ORIENTED_EDGE('',*,*,#4158,.F.);
#5793=ORIENTED_EDGE('',*,*,#4159,.T.);
#5794=ORIENTED_EDGE('',*,*,#3906,.F.);
#5795=ORIENTED_EDGE('',*,*,#3905,.T.);
#5796=ORIENTED_EDGE('',*,*,#4157,.T.);
#5797=ORIENTED_EDGE('',*,*,#3909,.F.);
#5798=ORIENTED_EDGE('',*,*,#4141,.F.);
#5799=ORIENTED_EDGE('',*,*,#4142,.F.);
#5800=ORIENTED_EDGE('',*,*,#3907,.F.);
#5801=ORIENTED_EDGE('',*,*,#4159,.F.);
#5802=ORIENTED_EDGE('',*,*,#4160,.F.);
#5803=ORIENTED_EDGE('',*,*,#4161,.F.);
#5804=ORIENTED_EDGE('',*,*,#4150,.T.);
#5805=ORIENTED_EDGE('',*,*,#4162,.F.);
#5806=ORIENTED_EDGE('',*,*,#3911,.F.);
#5807=ORIENTED_EDGE('',*,*,#4163,.F.);
#5808=ORIENTED_EDGE('',*,*,#4164,.F.);
#5809=ORIENTED_EDGE('',*,*,#4147,.F.);
#5810=ORIENTED_EDGE('',*,*,#4165,.T.);
#5811=ORIENTED_EDGE('',*,*,#4166,.F.);
#5812=ORIENTED_EDGE('',*,*,#4148,.F.);
#5813=ORIENTED_EDGE('',*,*,#4164,.T.);
#5814=ORIENTED_EDGE('',*,*,#4167,.F.);
#5815=ORIENTED_EDGE('',*,*,#4168,.F.);
#5816=ORIENTED_EDGE('',*,*,#3945,.F.);
#5817=ORIENTED_EDGE('',*,*,#4053,.F.);
#5818=ORIENTED_EDGE('',*,*,#3915,.F.);
#5819=ORIENTED_EDGE('',*,*,#3914,.F.);
#5820=ORIENTED_EDGE('',*,*,#3912,.F.);
#5821=ORIENTED_EDGE('',*,*,#4162,.T.);
#5822=ORIENTED_EDGE('',*,*,#3944,.F.);
#5823=ORIENTED_EDGE('',*,*,#3942,.F.);
#5824=ORIENTED_EDGE('',*,*,#3939,.F.);
#5825=ORIENTED_EDGE('',*,*,#3937,.F.);
#5826=ORIENTED_EDGE('',*,*,#3935,.F.);
#5827=ORIENTED_EDGE('',*,*,#3933,.F.);
#5828=ORIENTED_EDGE('',*,*,#3931,.T.);
#5829=ORIENTED_EDGE('',*,*,#3929,.F.);
#5830=ORIENTED_EDGE('',*,*,#3927,.T.);
#5831=ORIENTED_EDGE('',*,*,#3926,.F.);
#5832=ORIENTED_EDGE('',*,*,#3923,.T.);
#5833=ORIENTED_EDGE('',*,*,#3921,.T.);
#5834=ORIENTED_EDGE('',*,*,#3919,.T.);
#5835=ORIENTED_EDGE('',*,*,#3918,.F.);
#5836=ORIENTED_EDGE('',*,*,#4169,.F.);
#5837=ORIENTED_EDGE('',*,*,#4170,.F.);
#5838=ORIENTED_EDGE('',*,*,#3949,.T.);
#5839=ORIENTED_EDGE('',*,*,#3946,.F.);
#5840=ORIENTED_EDGE('',*,*,#4168,.T.);
#5841=ORIENTED_EDGE('',*,*,#4171,.F.);
#5842=ORIENTED_EDGE('',*,*,#3277,.T.);
#5843=ORIENTED_EDGE('',*,*,#3950,.T.);
#5844=ORIENTED_EDGE('',*,*,#4170,.T.);
#5845=ORIENTED_EDGE('',*,*,#4172,.F.);
#5846=ORIENTED_EDGE('',*,*,#4173,.F.);
#5847=ORIENTED_EDGE('',*,*,#3961,.F.);
#5848=ORIENTED_EDGE('',*,*,#3958,.F.);
#5849=ORIENTED_EDGE('',*,*,#3957,.F.);
#5850=ORIENTED_EDGE('',*,*,#3955,.F.);
#5851=ORIENTED_EDGE('',*,*,#3954,.F.);
#5852=ORIENTED_EDGE('',*,*,#3953,.F.);
#5853=ORIENTED_EDGE('',*,*,#3951,.F.);
#5854=ORIENTED_EDGE('',*,*,#3275,.F.);
#5855=ORIENTED_EDGE('',*,*,#4174,.F.);
#5856=ORIENTED_EDGE('',*,*,#4175,.F.);
#5857=ORIENTED_EDGE('',*,*,#4173,.T.);
#5858=ORIENTED_EDGE('',*,*,#3962,.T.);
#5859=ORIENTED_EDGE('',*,*,#4175,.T.);
#5860=ORIENTED_EDGE('',*,*,#4176,.T.);
#5861=ORIENTED_EDGE('',*,*,#4177,.F.);
#5862=ORIENTED_EDGE('',*,*,#4178,.T.);
#5863=ORIENTED_EDGE('',*,*,#4179,.T.);
#5864=ORIENTED_EDGE('',*,*,#3964,.T.);
#5865=ORIENTED_EDGE('',*,*,#4177,.T.);
#5866=ORIENTED_EDGE('',*,*,#4180,.T.);
#5867=ORIENTED_EDGE('',*,*,#3967,.T.);
#5868=ORIENTED_EDGE('',*,*,#4179,.F.);
#5869=ORIENTED_EDGE('',*,*,#4181,.T.);
#5870=ORIENTED_EDGE('',*,*,#4182,.F.);
#5871=ORIENTED_EDGE('',*,*,#3978,.F.);
#5872=ORIENTED_EDGE('',*,*,#3974,.F.);
#5873=ORIENTED_EDGE('',*,*,#3972,.F.);
#5874=ORIENTED_EDGE('',*,*,#3969,.F.);
#5875=ORIENTED_EDGE('',*,*,#3968,.T.);
#5876=ORIENTED_EDGE('',*,*,#4180,.F.);
#5877=ORIENTED_EDGE('',*,*,#4183,.F.);
#5878=ORIENTED_EDGE('',*,*,#4182,.T.);
#5879=ORIENTED_EDGE('',*,*,#4184,.T.);
#5880=ORIENTED_EDGE('',*,*,#4185,.T.);
#5881=ORIENTED_EDGE('',*,*,#3976,.T.);
#5882=ORIENTED_EDGE('',*,*,#4186,.F.);
#5883=ORIENTED_EDGE('',*,*,#4075,.T.);
#5884=ORIENTED_EDGE('',*,*,#4185,.F.);
#5885=ORIENTED_EDGE('',*,*,#4187,.T.);
#5886=ORIENTED_EDGE('',*,*,#4188,.F.);
#5887=ORIENTED_EDGE('',*,*,#4189,.F.);
#5888=ORIENTED_EDGE('',*,*,#4186,.T.);
#5889=ORIENTED_EDGE('',*,*,#4092,.F.);
#5890=ORIENTED_EDGE('',*,*,#4091,.F.);
#5891=ORIENTED_EDGE('',*,*,#4089,.F.);
#5892=ORIENTED_EDGE('',*,*,#4087,.F.);
#5893=ORIENTED_EDGE('',*,*,#4085,.F.);
#5894=ORIENTED_EDGE('',*,*,#4081,.T.);
#5895=ORIENTED_EDGE('',*,*,#4080,.T.);
#5896=ORIENTED_EDGE('',*,*,#4079,.T.);
#5897=ORIENTED_EDGE('',*,*,#4078,.T.);
#5898=ORIENTED_EDGE('',*,*,#4077,.T.);
#5899=ORIENTED_EDGE('',*,*,#4076,.T.);
#5900=ORIENTED_EDGE('',*,*,#4189,.T.);
#5901=ORIENTED_EDGE('',*,*,#4190,.F.);
#5902=ORIENTED_EDGE('',*,*,#4191,.T.);
#5903=ORIENTED_EDGE('',*,*,#4103,.T.);
#5904=ORIENTED_EDGE('',*,*,#4107,.T.);
#5905=ORIENTED_EDGE('',*,*,#4110,.T.);
#5906=ORIENTED_EDGE('',*,*,#4113,.T.);
#5907=ORIENTED_EDGE('',*,*,#4116,.T.);
#5908=ORIENTED_EDGE('',*,*,#4118,.T.);
#5909=ORIENTED_EDGE('',*,*,#4120,.T.);
#5910=ORIENTED_EDGE('',*,*,#3874,.F.);
#5911=ORIENTED_EDGE('',*,*,#4074,.T.);
#5912=ORIENTED_EDGE('',*,*,#3873,.F.);
#5913=ORIENTED_EDGE('',*,*,#4073,.T.);
#5914=ORIENTED_EDGE('',*,*,#3872,.F.);
#5915=ORIENTED_EDGE('',*,*,#4072,.T.);
#5916=ORIENTED_EDGE('',*,*,#3871,.F.);
#5917=ORIENTED_EDGE('',*,*,#4071,.T.);
#5918=ORIENTED_EDGE('',*,*,#3870,.F.);
#5919=ORIENTED_EDGE('',*,*,#4070,.T.);
#5920=ORIENTED_EDGE('',*,*,#3869,.F.);
#5921=ORIENTED_EDGE('',*,*,#4069,.T.);
#5922=ORIENTED_EDGE('',*,*,#3868,.F.);
#5923=ORIENTED_EDGE('',*,*,#4068,.T.);
#5924=ORIENTED_EDGE('',*,*,#3867,.F.);
#5925=ORIENTED_EDGE('',*,*,#4067,.T.);
#5926=ORIENTED_EDGE('',*,*,#3866,.F.);
#5927=ORIENTED_EDGE('',*,*,#4066,.T.);
#5928=ORIENTED_EDGE('',*,*,#3865,.F.);
#5929=ORIENTED_EDGE('',*,*,#4065,.T.);
#5930=ORIENTED_EDGE('',*,*,#3864,.F.);
#5931=ORIENTED_EDGE('',*,*,#4064,.T.);
#5932=ORIENTED_EDGE('',*,*,#3863,.F.);
#5933=ORIENTED_EDGE('',*,*,#4063,.T.);
#5934=ORIENTED_EDGE('',*,*,#3862,.F.);
#5935=ORIENTED_EDGE('',*,*,#4062,.T.);
#5936=ORIENTED_EDGE('',*,*,#3894,.F.);
#5937=ORIENTED_EDGE('',*,*,#4061,.F.);
#5938=ORIENTED_EDGE('',*,*,#4059,.F.);
#5939=ORIENTED_EDGE('',*,*,#4057,.F.);
#5940=ORIENTED_EDGE('',*,*,#4056,.F.);
#5941=ORIENTED_EDGE('',*,*,#4054,.F.);
#5942=ORIENTED_EDGE('',*,*,#4052,.F.);
#5943=ORIENTED_EDGE('',*,*,#4051,.T.);
#5944=ORIENTED_EDGE('',*,*,#4046,.T.);
#5945=ORIENTED_EDGE('',*,*,#4042,.T.);
#5946=ORIENTED_EDGE('',*,*,#4039,.T.);
#5947=ORIENTED_EDGE('',*,*,#4050,.T.);
#5948=ORIENTED_EDGE('',*,*,#4035,.T.);
#5949=ORIENTED_EDGE('',*,*,#4032,.T.);
#5950=ORIENTED_EDGE('',*,*,#4037,.T.);
#5951=ORIENTED_EDGE('',*,*,#4025,.T.);
#5952=ORIENTED_EDGE('',*,*,#4024,.T.);
#5953=ORIENTED_EDGE('',*,*,#4021,.T.);
#5954=ORIENTED_EDGE('',*,*,#4036,.T.);
#5955=ORIENTED_EDGE('',*,*,#4014,.T.);
#5956=ORIENTED_EDGE('',*,*,#4013,.T.);
#5957=ORIENTED_EDGE('',*,*,#4010,.T.);
#5958=ORIENTED_EDGE('',*,*,#4041,.T.);
#5959=ORIENTED_EDGE('',*,*,#4005,.T.);
#5960=ORIENTED_EDGE('',*,*,#4045,.T.);
#5961=ORIENTED_EDGE('',*,*,#4007,.T.);
#5962=ORIENTED_EDGE('',*,*,#4003,.T.);
#5963=ORIENTED_EDGE('',*,*,#4017,.T.);
#5964=ORIENTED_EDGE('',*,*,#4049,.T.);
#5965=ORIENTED_EDGE('',*,*,#4018,.T.);
#5966=ORIENTED_EDGE('',*,*,#4000,.T.);
#5967=ORIENTED_EDGE('',*,*,#4028,.T.);
#5968=ORIENTED_EDGE('',*,*,#4048,.T.);
#5969=ORIENTED_EDGE('',*,*,#4029,.T.);
#5970=ORIENTED_EDGE('',*,*,#3997,.T.);
#5971=ORIENTED_EDGE('',*,*,#3994,.F.);
#5972=ORIENTED_EDGE('',*,*,#3992,.F.);
#5973=ORIENTED_EDGE('',*,*,#3990,.F.);
#5974=ORIENTED_EDGE('',*,*,#3987,.F.);
#5975=ORIENTED_EDGE('',*,*,#3986,.F.);
#5976=ORIENTED_EDGE('',*,*,#3984,.F.);
#5977=ORIENTED_EDGE('',*,*,#3982,.F.);
#5978=ORIENTED_EDGE('',*,*,#3979,.F.);
#5979=ORIENTED_EDGE('',*,*,#4104,.T.);
#5980=ORIENTED_EDGE('',*,*,#4191,.F.);
#5981=ORIENTED_EDGE('',*,*,#4192,.T.);
#5982=ORIENTED_EDGE('',*,*,#4193,.T.);
#5983=ORIENTED_EDGE('',*,*,#4144,.F.);
#5984=ORIENTED_EDGE('',*,*,#4143,.F.);
#5985=ORIENTED_EDGE('',*,*,#4139,.F.);
#5986=ORIENTED_EDGE('',*,*,#4137,.F.);
#5987=ORIENTED_EDGE('',*,*,#4135,.F.);
#5988=ORIENTED_EDGE('',*,*,#3889,.F.);
#5989=ORIENTED_EDGE('',*,*,#4134,.T.);
#5990=ORIENTED_EDGE('',*,*,#3888,.F.);
#5991=ORIENTED_EDGE('',*,*,#4133,.T.);
#5992=ORIENTED_EDGE('',*,*,#3887,.F.);
#5993=ORIENTED_EDGE('',*,*,#4132,.T.);
#5994=ORIENTED_EDGE('',*,*,#3886,.F.);
#5995=ORIENTED_EDGE('',*,*,#4131,.T.);
#5996=ORIENTED_EDGE('',*,*,#3885,.F.);
#5997=ORIENTED_EDGE('',*,*,#4130,.T.);
#5998=ORIENTED_EDGE('',*,*,#3884,.F.);
#5999=ORIENTED_EDGE('',*,*,#4129,.T.);
#6000=ORIENTED_EDGE('',*,*,#3883,.F.);
#6001=ORIENTED_EDGE('',*,*,#4128,.T.);
#6002=ORIENTED_EDGE('',*,*,#3882,.F.);
#6003=ORIENTED_EDGE('',*,*,#4127,.T.);
#6004=ORIENTED_EDGE('',*,*,#3881,.F.);
#6005=ORIENTED_EDGE('',*,*,#4126,.T.);
#6006=ORIENTED_EDGE('',*,*,#3880,.F.);
#6007=ORIENTED_EDGE('',*,*,#4125,.T.);
#6008=ORIENTED_EDGE('',*,*,#3879,.F.);
#6009=ORIENTED_EDGE('',*,*,#4124,.T.);
#6010=ORIENTED_EDGE('',*,*,#3878,.F.);
#6011=ORIENTED_EDGE('',*,*,#4123,.T.);
#6012=ORIENTED_EDGE('',*,*,#3877,.F.);
#6013=ORIENTED_EDGE('',*,*,#4122,.T.);
#6014=ORIENTED_EDGE('',*,*,#3876,.F.);
#6015=ORIENTED_EDGE('',*,*,#4121,.T.);
#6016=ORIENTED_EDGE('',*,*,#4119,.T.);
#6017=ORIENTED_EDGE('',*,*,#4114,.T.);
#6018=ORIENTED_EDGE('',*,*,#4111,.T.);
#6019=ORIENTED_EDGE('',*,*,#4108,.F.);
#6020=ORIENTED_EDGE('',*,*,#4105,.F.);
#6021=ORIENTED_EDGE('',*,*,#4101,.F.);
#6022=ORIENTED_EDGE('',*,*,#4193,.F.);
#6023=ORIENTED_EDGE('',*,*,#4194,.F.);
#6024=ORIENTED_EDGE('',*,*,#4195,.F.);
#6025=ORIENTED_EDGE('',*,*,#4100,.F.);
#6026=ORIENTED_EDGE('',*,*,#4098,.F.);
#6027=ORIENTED_EDGE('',*,*,#4096,.F.);
#6028=ORIENTED_EDGE('',*,*,#4093,.F.);
#6029=ORIENTED_EDGE('',*,*,#4195,.T.);
#6030=ORIENTED_EDGE('',*,*,#4196,.T.);
#6031=ORIENTED_EDGE('',*,*,#4153,.T.);
#6032=ORIENTED_EDGE('',*,*,#4145,.F.);
#6033=ORIENTED_EDGE('',*,*,#4197,.T.);
#6034=ORIENTED_EDGE('',*,*,#4198,.T.);
#6035=ORIENTED_EDGE('',*,*,#4199,.F.);
#6036=ORIENTED_EDGE('',*,*,#4151,.F.);
#6037=ORIENTED_EDGE('',*,*,#4161,.T.);
#6038=ORIENTED_EDGE('',*,*,#4152,.F.);
#6039=ORIENTED_EDGE('',*,*,#4199,.T.);
#6040=ORIENTED_EDGE('',*,*,#4200,.T.);
#6041=ORIENTED_EDGE('',*,*,#3282,.F.);
#6042=ORIENTED_EDGE('',*,*,#4201,.F.);
#6043=ORIENTED_EDGE('',*,*,#4165,.F.);
#6044=ORIENTED_EDGE('',*,*,#4146,.F.);
#6045=ORIENTED_EDGE('',*,*,#4202,.F.);
#6046=ORIENTED_EDGE('',*,*,#4166,.T.);
#6047=ORIENTED_EDGE('',*,*,#4201,.T.);
#6048=ORIENTED_EDGE('',*,*,#3281,.T.);
#6049=ORIENTED_EDGE('',*,*,#4167,.T.);
#6050=ORIENTED_EDGE('',*,*,#4163,.T.);
#6051=ORIENTED_EDGE('',*,*,#4202,.T.);
#6052=ORIENTED_EDGE('',*,*,#3280,.T.);
#6053=ORIENTED_EDGE('',*,*,#4203,.T.);
#6054=ORIENTED_EDGE('',*,*,#4197,.F.);
#6055=ORIENTED_EDGE('',*,*,#4160,.T.);
#6056=ORIENTED_EDGE('',*,*,#4158,.T.);
#6057=ORIENTED_EDGE('',*,*,#4156,.T.);
#6058=ORIENTED_EDGE('',*,*,#4154,.T.);
#6059=ORIENTED_EDGE('',*,*,#4196,.F.);
#6060=ORIENTED_EDGE('',*,*,#4194,.T.);
#6061=ORIENTED_EDGE('',*,*,#4192,.F.);
#6062=ORIENTED_EDGE('',*,*,#4190,.T.);
#6063=ORIENTED_EDGE('',*,*,#4188,.T.);
#6064=ORIENTED_EDGE('',*,*,#4187,.F.);
#6065=ORIENTED_EDGE('',*,*,#4184,.F.);
#6066=ORIENTED_EDGE('',*,*,#4183,.T.);
#6067=ORIENTED_EDGE('',*,*,#4181,.F.);
#6068=ORIENTED_EDGE('',*,*,#4178,.F.);
#6069=ORIENTED_EDGE('',*,*,#4176,.F.);
#6070=ORIENTED_EDGE('',*,*,#4174,.T.);
#6071=ORIENTED_EDGE('',*,*,#4172,.T.);
#6072=ORIENTED_EDGE('',*,*,#3278,.T.);
#6073=ORIENTED_EDGE('',*,*,#4171,.T.);
#6074=ORIENTED_EDGE('',*,*,#4169,.T.);
#6075=ORIENTED_EDGE('',*,*,#3274,.T.);
#6076=ORIENTED_EDGE('',*,*,#4198,.F.);
#6077=ORIENTED_EDGE('',*,*,#4203,.F.);
#6078=ORIENTED_EDGE('',*,*,#3279,.F.);
#6079=ORIENTED_EDGE('',*,*,#4200,.F.);
#6080=CYLINDRICAL_SURFACE('',#6544,100.);
#6081=CYLINDRICAL_SURFACE('',#6548,100.);
#6082=CYLINDRICAL_SURFACE('',#6552,100.);
#6083=CYLINDRICAL_SURFACE('',#6560,20.);
#6084=CYLINDRICAL_SURFACE('',#6563,80.);
#6085=CYLINDRICAL_SURFACE('',#6566,80.);
#6086=CYLINDRICAL_SURFACE('',#6571,20.);
#6087=CYLINDRICAL_SURFACE('',#6574,20.);
#6088=CYLINDRICAL_SURFACE('',#6576,20.);
#6089=CYLINDRICAL_SURFACE('',#6580,30.);
#6090=CYLINDRICAL_SURFACE('',#6586,20.);
#6091=CYLINDRICAL_SURFACE('',#6589,30.);
#6092=CYLINDRICAL_SURFACE('',#6591,50.);
#6093=CYLINDRICAL_SURFACE('',#6593,10.);
#6094=CYLINDRICAL_SURFACE('',#6598,10.);
#6095=CYLINDRICAL_SURFACE('',#6601,10.);
#6096=CYLINDRICAL_SURFACE('',#6609,10.);
#6097=CYLINDRICAL_SURFACE('',#6611,10.);
#6098=CYLINDRICAL_SURFACE('',#6615,10.);
#6099=CYLINDRICAL_SURFACE('',#6618,10.);
#6100=CYLINDRICAL_SURFACE('',#6625,10.);
#6101=CYLINDRICAL_SURFACE('',#6641,30.);
#6102=CYLINDRICAL_SURFACE('',#6644,20.);
#6103=CYLINDRICAL_SURFACE('',#6653,200.);
#6104=CYLINDRICAL_SURFACE('',#6656,100.);
#6105=CYLINDRICAL_SURFACE('',#6660,200.);
#6106=CYLINDRICAL_SURFACE('',#6664,100.);
#6107=CYLINDRICAL_SURFACE('',#6669,10.);
#6108=CYLINDRICAL_SURFACE('',#6671,10.);
#6109=CYLINDRICAL_SURFACE('',#6674,10.);
#6110=CYLINDRICAL_SURFACE('',#6676,10.);
#6111=CYLINDRICAL_SURFACE('',#6678,10.);
#6112=CYLINDRICAL_SURFACE('',#6681,10.);
#6113=CYLINDRICAL_SURFACE('',#6694,20.);
#6114=CYLINDRICAL_SURFACE('',#6697,100.);
#6115=CYLINDRICAL_SURFACE('',#6699,100.);
#6116=CYLINDRICAL_SURFACE('',#6702,20.);
#6117=CYLINDRICAL_SURFACE('',#6705,20.);
#6118=CYLINDRICAL_SURFACE('',#6721,20.);
#6119=CYLINDRICAL_SURFACE('',#6723,30.);
#6120=CYLINDRICAL_SURFACE('',#6725,30.);
#6121=CYLINDRICAL_SURFACE('',#6796,10.);
#6122=CYLINDRICAL_SURFACE('',#6851,30.);
#6123=CYLINDRICAL_SURFACE('',#6855,30.);
#6124=CYLINDRICAL_SURFACE('',#6864,10.);
#6125=CYLINDRICAL_SURFACE('',#6865,30.);
#6126=CYLINDRICAL_SURFACE('',#6870,50.);
#6127=CYLINDRICAL_SURFACE('',#6871,30.);
#6128=CYLINDRICAL_SURFACE('',#6872,50.);
#6129=CYLINDRICAL_SURFACE('',#6877,50.);
#6130=CYLINDRICAL_SURFACE('',#6880,50.);
#6131=CYLINDRICAL_SURFACE('',#6885,50.);
#6132=CYLINDRICAL_SURFACE('',#6888,20.);
#6133=CYLINDRICAL_SURFACE('',#6891,20.);
#6134=CYLINDRICAL_SURFACE('',#6896,20.);
#6135=CYLINDRICAL_SURFACE('',#6901,20.);
#6136=CYLINDRICAL_SURFACE('',#6902,10.);
#6137=CYLINDRICAL_SURFACE('',#6913,80.);
#6138=CYLINDRICAL_SURFACE('',#6920,10.);
#6139=CYLINDRICAL_SURFACE('',#6923,10.);
#6140=CYLINDRICAL_SURFACE('',#6926,10.);
#6141=CYLINDRICAL_SURFACE('',#6928,10.);
#6142=CYLINDRICAL_SURFACE('',#6930,10.);
#6143=CYLINDRICAL_SURFACE('',#6931,10.);
#6144=CYLINDRICAL_SURFACE('',#6934,10.);
#6145=CYLINDRICAL_SURFACE('',#6936,10.);
#6146=CYLINDRICAL_SURFACE('',#6938,10.);
#6147=CYLINDRICAL_SURFACE('',#6955,50.);
#6148=CYLINDRICAL_SURFACE('',#6956,30.);
#6149=CYLINDRICAL_SURFACE('',#6957,50.);
#6150=CYLINDRICAL_SURFACE('',#6975,100.);
#6151=CYLINDRICAL_SURFACE('',#6977,1917.561930507);
#6152=CYLINDRICAL_SURFACE('',#6978,100.);
#6153=CYLINDRICAL_SURFACE('',#6979,1917.561930507);
#6154=CYLINDRICAL_SURFACE('',#6980,100.);
#6155=CYLINDRICAL_SURFACE('',#6981,1917.561930507);
#6156=CYLINDRICAL_SURFACE('',#6986,20.);
#6157=CYLINDRICAL_SURFACE('',#6988,20.);
#6158=CYLINDRICAL_SURFACE('',#6990,20.);
#6159=CYLINDRICAL_SURFACE('',#6991,10.);
#6160=CYLINDRICAL_SURFACE('',#6992,10.);
#6161=CYLINDRICAL_SURFACE('',#6995,10.);
#6162=CYLINDRICAL_SURFACE('',#6997,10.);
#6163=CYLINDRICAL_SURFACE('',#6999,10.);
#6164=CYLINDRICAL_SURFACE('',#7024,200.);
#6165=CYLINDRICAL_SURFACE('',#7025,10.);
#6166=CYLINDRICAL_SURFACE('',#7027,10.);
#6167=CYLINDRICAL_SURFACE('',#7030,10.);
#6168=CYLINDRICAL_SURFACE('',#7033,300.);
#6169=CYLINDRICAL_SURFACE('',#7039,70.);
#6170=CYLINDRICAL_SURFACE('',#7044,10.);
#6171=CYLINDRICAL_SURFACE('',#7046,10.);
#6172=CYLINDRICAL_SURFACE('',#7052,10.);
#6173=CYLINDRICAL_SURFACE('',#7056,1917.561930507);
#6174=CYLINDRICAL_SURFACE('',#7061,10.);
#6175=CYLINDRICAL_SURFACE('',#7063,50.);
#6176=CYLINDRICAL_SURFACE('',#7068,70.0000000000002);
#6177=ADVANCED_FACE('',(#364),#6080,.T.);
#6178=ADVANCED_FACE('',(#365),#130,.T.);
#6179=ADVANCED_FACE('',(#366),#6081,.T.);
#6180=ADVANCED_FACE('',(#367),#131,.T.);
#6181=ADVANCED_FACE('',(#368),#6082,.T.);
#6182=ADVANCED_FACE('',(#369),#132,.T.);
#6183=ADVANCED_FACE('',(#370),#133,.T.);
#6184=ADVANCED_FACE('',(#371),#134,.F.);
#6185=ADVANCED_FACE('',(#372),#135,.T.);
#6186=ADVANCED_FACE('',(#373),#136,.T.);
#6187=ADVANCED_FACE('',(#374),#6083,.T.);
#6188=ADVANCED_FACE('',(#375),#6084,.T.);
#6189=ADVANCED_FACE('',(#376),#6085,.T.);
#6190=ADVANCED_FACE('',(#377),#137,.F.);
#6191=ADVANCED_FACE('',(#378),#138,.F.);
#6192=ADVANCED_FACE('',(#379),#6086,.T.);
#6193=ADVANCED_FACE('',(#380),#6087,.T.);
#6194=ADVANCED_FACE('',(#381),#6088,.T.);
#6195=ADVANCED_FACE('',(#382),#139,.F.);
#6196=ADVANCED_FACE('',(#383),#140,.T.);
#6197=ADVANCED_FACE('',(#384),#6089,.T.);
#6198=ADVANCED_FACE('',(#385),#66,.F.);
#6199=ADVANCED_FACE('',(#386),#6090,.T.);
#6200=ADVANCED_FACE('',(#387),#6091,.T.);
#6201=ADVANCED_FACE('',(#388),#6092,.T.);
#6202=ADVANCED_FACE('',(#389),#6093,.T.);
#6203=ADVANCED_FACE('',(#390),#49,.T.);
#6204=ADVANCED_FACE('',(#391),#6094,.T.);
#6205=ADVANCED_FACE('',(#392),#6095,.T.);
#6206=ADVANCED_FACE('',(#393),#50,.T.);
#6207=ADVANCED_FACE('',(#394),#51,.T.);
#6208=ADVANCED_FACE('',(#395),#6096,.T.);
#6209=ADVANCED_FACE('',(#396),#6097,.T.);
#6210=ADVANCED_FACE('',(#397),#141,.T.);
#6211=ADVANCED_FACE('',(#398),#6098,.T.);
#6212=ADVANCED_FACE('',(#399),#6099,.T.);
#6213=ADVANCED_FACE('',(#400),#142,.F.);
#6214=ADVANCED_FACE('',(#401),#52,.T.);
#6215=ADVANCED_FACE('',(#402),#6100,.T.);
#6216=ADVANCED_FACE('',(#403),#143,.T.);
#6217=ADVANCED_FACE('',(#404),#144,.T.);
#6218=ADVANCED_FACE('',(#405),#145,.T.);
#6219=ADVANCED_FACE('',(#406),#146,.F.);
#6220=ADVANCED_FACE('',(#407),#147,.T.);
#6221=ADVANCED_FACE('',(#408),#148,.T.);
#6222=ADVANCED_FACE('',(#409),#149,.T.);
#6223=ADVANCED_FACE('',(#410),#150,.F.);
#6224=ADVANCED_FACE('',(#411),#151,.F.);
#6225=ADVANCED_FACE('',(#412),#152,.F.);
#6226=ADVANCED_FACE('',(#413),#153,.F.);
#6227=ADVANCED_FACE('',(#414),#154,.T.);
#6228=ADVANCED_FACE('',(#415),#155,.T.);
#6229=ADVANCED_FACE('',(#416),#6101,.T.);
#6230=ADVANCED_FACE('',(#417),#6102,.T.);
#6231=ADVANCED_FACE('',(#418,#15),#156,.F.);
#6232=ADVANCED_FACE('',(#419),#67,.F.);
#6233=ADVANCED_FACE('',(#420),#157,.T.);
#6234=ADVANCED_FACE('',(#421),#158,.T.);
#6235=ADVANCED_FACE('',(#422),#6103,.T.);
#6236=ADVANCED_FACE('',(#423),#6104,.F.);
#6237=ADVANCED_FACE('',(#424),#159,.T.);
#6238=ADVANCED_FACE('',(#425),#6105,.T.);
#6239=ADVANCED_FACE('',(#426),#160,.T.);
#6240=ADVANCED_FACE('',(#427),#6106,.F.);
#6241=ADVANCED_FACE('',(#428),#161,.T.);
#6242=ADVANCED_FACE('',(#429),#162,.T.);
#6243=ADVANCED_FACE('',(#430),#6107,.T.);
#6244=ADVANCED_FACE('',(#431),#6108,.T.);
#6245=ADVANCED_FACE('',(#432),#163,.T.);
#6246=ADVANCED_FACE('',(#433),#6109,.T.);
#6247=ADVANCED_FACE('',(#434),#6110,.T.);
#6248=ADVANCED_FACE('',(#435),#6111,.T.);
#6249=ADVANCED_FACE('',(#436),#6112,.T.);
#6250=ADVANCED_FACE('',(#437),#164,.F.);
#6251=ADVANCED_FACE('',(#438),#165,.F.);
#6252=ADVANCED_FACE('',(#439),#166,.F.);
#6253=ADVANCED_FACE('',(#440),#167,.F.);
#6254=ADVANCED_FACE('',(#441),#168,.F.);
#6255=ADVANCED_FACE('',(#442),#169,.F.);
#6256=ADVANCED_FACE('',(#443),#170,.F.);
#6257=ADVANCED_FACE('',(#444),#171,.F.);
#6258=ADVANCED_FACE('',(#445),#172,.T.);
#6259=ADVANCED_FACE('',(#446),#173,.T.);
#6260=ADVANCED_FACE('',(#447),#174,.F.);
#6261=ADVANCED_FACE('',(#448),#6113,.T.);
#6262=ADVANCED_FACE('',(#449),#175,.F.);
#6263=ADVANCED_FACE('',(#450),#6114,.F.);
#6264=ADVANCED_FACE('',(#451),#6115,.F.);
#6265=ADVANCED_FACE('',(#452),#6116,.T.);
#6266=ADVANCED_FACE('',(#453),#176,.F.);
#6267=ADVANCED_FACE('',(#454),#6117,.T.);
#6268=ADVANCED_FACE('',(#455),#177,.F.);
#6269=ADVANCED_FACE('',(#456),#178,.F.);
#6270=ADVANCED_FACE('',(#457),#179,.T.);
#6271=ADVANCED_FACE('',(#458),#180,.T.);
#6272=ADVANCED_FACE('',(#459),#181,.T.);
#6273=ADVANCED_FACE('',(#460),#182,.T.);
#6274=ADVANCED_FACE('',(#461),#68,.F.);
#6275=ADVANCED_FACE('',(#462),#183,.T.);
#6276=ADVANCED_FACE('',(#463),#69,.F.);
#6277=ADVANCED_FACE('',(#464),#184,.T.);
#6278=ADVANCED_FACE('',(#465),#6118,.T.);
#6279=ADVANCED_FACE('',(#466),#6119,.T.);
#6280=ADVANCED_FACE('',(#467),#6120,.T.);
#6281=ADVANCED_FACE('',(#468),#185,.F.);
#6282=ADVANCED_FACE('',(#469),#186,.F.);
#6283=ADVANCED_FACE('',(#470),#187,.F.);
#6284=ADVANCED_FACE('',(#471),#188,.F.);
#6285=ADVANCED_FACE('',(#472),#189,.F.);
#6286=ADVANCED_FACE('',(#473),#190,.F.);
#6287=ADVANCED_FACE('',(#474),#191,.F.);
#6288=ADVANCED_FACE('',(#475),#192,.F.);
#6289=ADVANCED_FACE('',(#476),#193,.F.);
#6290=ADVANCED_FACE('',(#477),#194,.F.);
#6291=ADVANCED_FACE('',(#478),#195,.F.);
#6292=ADVANCED_FACE('',(#479),#196,.F.);
#6293=ADVANCED_FACE('',(#480),#197,.F.);
#6294=ADVANCED_FACE('',(#481),#198,.F.);
#6295=ADVANCED_FACE('',(#482),#199,.F.);
#6296=ADVANCED_FACE('',(#483),#200,.F.);
#6297=ADVANCED_FACE('',(#484),#201,.F.);
#6298=ADVANCED_FACE('',(#485),#202,.F.);
#6299=ADVANCED_FACE('',(#486),#203,.F.);
#6300=ADVANCED_FACE('',(#487),#204,.F.);
#6301=ADVANCED_FACE('',(#488),#205,.F.);
#6302=ADVANCED_FACE('',(#489),#206,.F.);
#6303=ADVANCED_FACE('',(#490),#207,.F.);
#6304=ADVANCED_FACE('',(#491),#208,.F.);
#6305=ADVANCED_FACE('',(#492),#209,.F.);
#6306=ADVANCED_FACE('',(#493),#210,.F.);
#6307=ADVANCED_FACE('',(#494),#211,.F.);
#6308=ADVANCED_FACE('',(#495),#212,.F.);
#6309=ADVANCED_FACE('',(#496),#213,.F.);
#6310=ADVANCED_FACE('',(#497),#214,.F.);
#6311=ADVANCED_FACE('',(#498),#215,.F.);
#6312=ADVANCED_FACE('',(#499),#216,.F.);
#6313=ADVANCED_FACE('',(#500),#217,.F.);
#6314=ADVANCED_FACE('',(#501),#218,.F.);
#6315=ADVANCED_FACE('',(#502),#219,.F.);
#6316=ADVANCED_FACE('',(#503),#220,.F.);
#6317=ADVANCED_FACE('',(#504),#221,.F.);
#6318=ADVANCED_FACE('',(#505),#222,.F.);
#6319=ADVANCED_FACE('',(#506),#223,.F.);
#6320=ADVANCED_FACE('',(#507),#53,.T.);
#6321=ADVANCED_FACE('',(#508),#224,.T.);
#6322=ADVANCED_FACE('',(#509),#225,.T.);
#6323=ADVANCED_FACE('',(#510),#54,.T.);
#6324=ADVANCED_FACE('',(#511),#226,.T.);
#6325=ADVANCED_FACE('',(#512),#55,.T.);
#6326=ADVANCED_FACE('',(#513),#227,.F.);
#6327=ADVANCED_FACE('',(#514),#228,.F.);
#6328=ADVANCED_FACE('',(#515),#56,.T.);
#6329=ADVANCED_FACE('',(#516),#57,.T.);
#6330=ADVANCED_FACE('',(#517),#58,.T.);
#6331=ADVANCED_FACE('',(#518),#229,.T.);
#6332=ADVANCED_FACE('',(#519),#6121,.T.);
#6333=ADVANCED_FACE('',(#520),#230,.F.);
#6334=ADVANCED_FACE('',(#521),#231,.F.);
#6335=ADVANCED_FACE('',(#522),#232,.F.);
#6336=ADVANCED_FACE('',(#523),#59,.T.);
#6337=ADVANCED_FACE('',(#524),#70,.F.);
#6338=ADVANCED_FACE('',(#525),#233,.F.);
#6339=ADVANCED_FACE('',(#526),#234,.F.);
#6340=ADVANCED_FACE('',(#527),#235,.F.);
#6341=ADVANCED_FACE('',(#528),#236,.F.);
#6342=ADVANCED_FACE('',(#529),#237,.T.);
#6343=ADVANCED_FACE('',(#530),#238,.T.);
#6344=ADVANCED_FACE('',(#531),#239,.T.);
#6345=ADVANCED_FACE('',(#532),#240,.T.);
#6346=ADVANCED_FACE('',(#533),#241,.T.);
#6347=ADVANCED_FACE('',(#534),#242,.T.);
#6348=ADVANCED_FACE('',(#535),#243,.T.);
#6349=ADVANCED_FACE('',(#536),#244,.T.);
#6350=ADVANCED_FACE('',(#537),#245,.T.);
#6351=ADVANCED_FACE('',(#538),#246,.T.);
#6352=ADVANCED_FACE('',(#539),#247,.T.);
#6353=ADVANCED_FACE('',(#540),#248,.T.);
#6354=ADVANCED_FACE('',(#541),#249,.T.);
#6355=ADVANCED_FACE('',(#542),#250,.T.);
#6356=ADVANCED_FACE('',(#543),#251,.T.);
#6357=ADVANCED_FACE('',(#544),#252,.T.);
#6358=ADVANCED_FACE('',(#545),#253,.T.);
#6359=ADVANCED_FACE('',(#546),#254,.T.);
#6360=ADVANCED_FACE('',(#547),#255,.T.);
#6361=ADVANCED_FACE('',(#548),#256,.T.);
#6362=ADVANCED_FACE('',(#549),#257,.T.);
#6363=ADVANCED_FACE('',(#550),#258,.T.);
#6364=ADVANCED_FACE('',(#551),#259,.T.);
#6365=ADVANCED_FACE('',(#552),#260,.T.);
#6366=ADVANCED_FACE('',(#553),#261,.T.);
#6367=ADVANCED_FACE('',(#554),#262,.T.);
#6368=ADVANCED_FACE('',(#555),#263,.T.);
#6369=ADVANCED_FACE('',(#556),#264,.T.);
#6370=ADVANCED_FACE('',(#557),#265,.T.);
#6371=ADVANCED_FACE('',(#558),#266,.T.);
#6372=ADVANCED_FACE('',(#559),#267,.T.);
#6373=ADVANCED_FACE('',(#560),#268,.T.);
#6374=ADVANCED_FACE('',(#561),#269,.T.);
#6375=ADVANCED_FACE('',(#562),#270,.T.);
#6376=ADVANCED_FACE('',(#563),#271,.T.);
#6377=ADVANCED_FACE('',(#564),#272,.T.);
#6378=ADVANCED_FACE('',(#565),#273,.T.);
#6379=ADVANCED_FACE('',(#566),#274,.T.);
#6380=ADVANCED_FACE('',(#567),#275,.T.);
#6381=ADVANCED_FACE('',(#568),#6122,.T.);
#6382=ADVANCED_FACE('',(#569,#16),#276,.T.);
#6383=ADVANCED_FACE('',(#570),#6123,.T.);
#6384=ADVANCED_FACE('',(#571),#60,.T.);
#6385=ADVANCED_FACE('',(#572),#277,.F.);
#6386=ADVANCED_FACE('',(#573),#6124,.T.);
#6387=ADVANCED_FACE('',(#574),#6125,.T.);
#6388=ADVANCED_FACE('',(#575),#278,.T.);
#6389=ADVANCED_FACE('',(#576),#6126,.T.);
#6390=ADVANCED_FACE('',(#577),#6127,.T.);
#6391=ADVANCED_FACE('',(#578),#6128,.F.);
#6392=ADVANCED_FACE('',(#579,#17),#279,.T.);
#6393=ADVANCED_FACE('',(#580),#6129,.F.);
#6394=ADVANCED_FACE('',(#581,#18),#280,.F.);
#6395=ADVANCED_FACE('',(#582),#6130,.F.);
#6396=ADVANCED_FACE('',(#583,#19),#281,.T.);
#6397=ADVANCED_FACE('',(#584),#6131,.F.);
#6398=ADVANCED_FACE('',(#585,#20),#282,.F.);
#6399=ADVANCED_FACE('',(#586),#6132,.T.);
#6400=ADVANCED_FACE('',(#587),#6133,.T.);
#6401=ADVANCED_FACE('',(#588),#61,.T.);
#6402=ADVANCED_FACE('',(#589),#6134,.T.);
#6403=ADVANCED_FACE('',(#590),#62,.T.);
#6404=ADVANCED_FACE('',(#591),#6135,.T.);
#6405=ADVANCED_FACE('',(#592),#6136,.T.);
#6406=ADVANCED_FACE('',(#593),#283,.F.);
#6407=ADVANCED_FACE('',(#594),#284,.F.);
#6408=ADVANCED_FACE('',(#595),#285,.T.);
#6409=ADVANCED_FACE('',(#596),#286,.F.);
#6410=ADVANCED_FACE('',(#597),#287,.T.);
#6411=ADVANCED_FACE('',(#598),#288,.F.);
#6412=ADVANCED_FACE('',(#599),#289,.T.);
#6413=ADVANCED_FACE('',(#600),#290,.T.);
#6414=ADVANCED_FACE('',(#601),#6137,.T.);
#6415=ADVANCED_FACE('',(#602),#63,.T.);
#6416=ADVANCED_FACE('',(#603),#291,.F.);
#6417=ADVANCED_FACE('',(#604),#6138,.T.);
#6418=ADVANCED_FACE('',(#605),#292,.F.);
#6419=ADVANCED_FACE('',(#606),#6139,.T.);
#6420=ADVANCED_FACE('',(#607),#6140,.T.);
#6421=ADVANCED_FACE('',(#608),#6141,.T.);
#6422=ADVANCED_FACE('',(#609),#6142,.T.);
#6423=ADVANCED_FACE('',(#610),#6143,.T.);
#6424=ADVANCED_FACE('',(#611),#6144,.T.);
#6425=ADVANCED_FACE('',(#612),#6145,.T.);
#6426=ADVANCED_FACE('',(#613),#6146,.T.);
#6427=ADVANCED_FACE('',(#614),#293,.T.);
#6428=ADVANCED_FACE('',(#615),#294,.T.);
#6429=ADVANCED_FACE('',(#616),#295,.T.);
#6430=ADVANCED_FACE('',(#617),#296,.F.);
#6431=ADVANCED_FACE('',(#618),#297,.T.);
#6432=ADVANCED_FACE('',(#619),#298,.T.);
#6433=ADVANCED_FACE('',(#620),#299,.T.);
#6434=ADVANCED_FACE('',(#621),#300,.T.);
#6435=ADVANCED_FACE('',(#622),#301,.T.);
#6436=ADVANCED_FACE('',(#623),#302,.T.);
#6437=ADVANCED_FACE('',(#624),#303,.T.);
#6438=ADVANCED_FACE('',(#625),#304,.T.);
#6439=ADVANCED_FACE('',(#626),#305,.F.);
#6440=ADVANCED_FACE('',(#627),#306,.F.);
#6441=ADVANCED_FACE('',(#628),#307,.F.);
#6442=ADVANCED_FACE('',(#629),#308,.T.);
#6443=ADVANCED_FACE('',(#630),#6147,.T.);
#6444=ADVANCED_FACE('',(#631),#6148,.T.);
#6445=ADVANCED_FACE('',(#632),#6149,.T.);
#6446=ADVANCED_FACE('',(#633),#309,.T.);
#6447=ADVANCED_FACE('',(#634),#310,.T.);
#6448=ADVANCED_FACE('',(#635),#311,.T.);
#6449=ADVANCED_FACE('',(#636),#312,.F.);
#6450=ADVANCED_FACE('',(#637),#313,.F.);
#6451=ADVANCED_FACE('',(#638),#314,.F.);
#6452=ADVANCED_FACE('',(#639),#315,.F.);
#6453=ADVANCED_FACE('',(#640),#316,.F.);
#6454=ADVANCED_FACE('',(#641),#317,.F.);
#6455=ADVANCED_FACE('',(#642),#318,.F.);
#6456=ADVANCED_FACE('',(#643),#319,.F.);
#6457=ADVANCED_FACE('',(#644),#320,.F.);
#6458=ADVANCED_FACE('',(#645),#321,.F.);
#6459=ADVANCED_FACE('',(#646),#322,.F.);
#6460=ADVANCED_FACE('',(#647),#323,.F.);
#6461=ADVANCED_FACE('',(#648),#324,.F.);
#6462=ADVANCED_FACE('',(#649),#6150,.T.);
#6463=ADVANCED_FACE('',(#650),#6151,.T.);
#6464=ADVANCED_FACE('',(#651),#6152,.T.);
#6465=ADVANCED_FACE('',(#652),#6153,.T.);
#6466=ADVANCED_FACE('',(#653),#6154,.T.);
#6467=ADVANCED_FACE('',(#654),#6155,.T.);
#6468=ADVANCED_FACE('',(#655),#325,.T.);
#6469=ADVANCED_FACE('',(#656),#6156,.T.);
#6470=ADVANCED_FACE('',(#657),#6157,.T.);
#6471=ADVANCED_FACE('',(#658),#6158,.T.);
#6472=ADVANCED_FACE('',(#659),#6159,.T.);
#6473=ADVANCED_FACE('',(#660),#6160,.T.);
#6474=ADVANCED_FACE('',(#661),#6161,.T.);
#6475=ADVANCED_FACE('',(#662),#6162,.T.);
#6476=ADVANCED_FACE('',(#663),#6163,.T.);
#6477=ADVANCED_FACE('',(#664),#326,.T.);
#6478=ADVANCED_FACE('',(#665),#327,.T.);
#6479=ADVANCED_FACE('',(#666),#328,.T.);
#6480=ADVANCED_FACE('',(#667),#329,.T.);
#6481=ADVANCED_FACE('',(#668),#330,.T.);
#6482=ADVANCED_FACE('',(#669),#331,.F.);
#6483=ADVANCED_FACE('',(#670,#21),#332,.F.);
#6484=ADVANCED_FACE('',(#671),#333,.T.);
#6485=ADVANCED_FACE('',(#672),#334,.T.);
#6486=ADVANCED_FACE('',(#673),#335,.T.);
#6487=ADVANCED_FACE('',(#674),#336,.T.);
#6488=ADVANCED_FACE('',(#675),#337,.T.);
#6489=ADVANCED_FACE('',(#676),#338,.T.);
#6490=ADVANCED_FACE('',(#677),#339,.T.);
#6491=ADVANCED_FACE('',(#678),#340,.T.);
#6492=ADVANCED_FACE('',(#679),#341,.T.);
#6493=ADVANCED_FACE('',(#680),#342,.T.);
#6494=ADVANCED_FACE('',(#681),#343,.T.);
#6495=ADVANCED_FACE('',(#682),#344,.T.);
#6496=ADVANCED_FACE('',(#683),#345,.T.);
#6497=ADVANCED_FACE('',(#684),#346,.T.);
#6498=ADVANCED_FACE('',(#685),#347,.T.);
#6499=ADVANCED_FACE('',(#686),#348,.T.);
#6500=ADVANCED_FACE('',(#687),#6164,.T.);
#6501=ADVANCED_FACE('',(#688),#6165,.T.);
#6502=ADVANCED_FACE('',(#689),#6166,.T.);
#6503=ADVANCED_FACE('',(#690),#6167,.T.);
#6504=ADVANCED_FACE('',(#691),#349,.F.);
#6505=ADVANCED_FACE('',(#692),#350,.F.);
#6506=ADVANCED_FACE('',(#693),#6168,.T.);
#6507=ADVANCED_FACE('',(#694),#351,.F.);
#6508=ADVANCED_FACE('',(#695),#352,.F.);
#6509=ADVANCED_FACE('',(#696,#22,#23,#24),#353,.T.);
#6510=ADVANCED_FACE('',(#697),#354,.T.);
#6511=ADVANCED_FACE('',(#698),#6169,.T.);
#6512=ADVANCED_FACE('',(#699),#355,.F.);
#6513=ADVANCED_FACE('',(#700),#356,.F.);
#6514=ADVANCED_FACE('',(#701),#6170,.T.);
#6515=ADVANCED_FACE('',(#702),#6171,.T.);
#6516=ADVANCED_FACE('',(#703),#64,.T.);
#6517=ADVANCED_FACE('',(#704),#357,.F.);
#6518=ADVANCED_FACE('',(#705),#6172,.T.);
#6519=ADVANCED_FACE('',(#706),#65,.T.);
#6520=ADVANCED_FACE('',(#707),#6173,.T.);
#6521=ADVANCED_FACE('',(#708,#25,#26,#27),#358,.T.);
#6522=ADVANCED_FACE('',(#709),#359,.T.);
#6523=ADVANCED_FACE('',(#710,#28),#360,.T.);
#6524=ADVANCED_FACE('',(#711),#6174,.T.);
#6525=ADVANCED_FACE('',(#712),#6175,.T.);
#6526=ADVANCED_FACE('',(#713),#361,.F.);
#6527=ADVANCED_FACE('',(#714),#6176,.T.);
#6528=ADVANCED_FACE('',(#715,#29),#362,.F.);
#6529=ADVANCED_FACE('',(#716),#363,.F.);
#6530=CLOSED_SHELL('',(#6177,#6178,#6179,#6180,#6181,#6182,#6183,#6184,
#6185,#6186,#6187,#6188,#6189,#6190,#6191,#6192,#6193,#6194,#6195,#6196,
#6197,#6198,#6199,#6200,#6201,#6202,#6203,#6204,#6205,#6206,#6207,#6208,
#6209,#6210,#6211,#6212,#6213,#6214,#6215,#6216,#6217,#6218,#6219,#6220,
#6221,#6222,#6223,#6224,#6225,#6226,#6227,#6228,#6229,#6230,#6231,#6232,
#6233,#6234,#6235,#6236,#6237,#6238,#6239,#6240,#6241,#6242,#6243,#6244,
#6245,#6246,#6247,#6248,#6249,#6250,#6251,#6252,#6253,#6254,#6255,#6256,
#6257,#6258,#6259,#6260,#6261,#6262,#6263,#6264,#6265,#6266,#6267,#6268,
#6269,#6270,#6271,#6272,#6273,#6274,#6275,#6276,#6277,#6278,#6279,#6280,
#6281,#6282,#6283,#6284,#6285,#6286,#6287,#6288,#6289,#6290,#6291,#6292,
#6293,#6294,#6295,#6296,#6297,#6298,#6299,#6300,#6301,#6302,#6303,#6304,
#6305,#6306,#6307,#6308,#6309,#6310,#6311,#6312,#6313,#6314,#6315,#6316,
#6317,#6318,#6319,#6320,#6321,#6322,#6323,#6324,#6325,#6326,#6327,#6328,
#6329,#6330,#6331,#6332,#6333,#6334,#6335,#6336,#6337,#6338,#6339,#6340,
#6341,#6342,#6343,#6344,#6345,#6346,#6347,#6348,#6349,#6350,#6351,#6352,
#6353,#6354,#6355,#6356,#6357,#6358,#6359,#6360,#6361,#6362,#6363,#6364,
#6365,#6366,#6367,#6368,#6369,#6370,#6371,#6372,#6373,#6374,#6375,#6376,
#6377,#6378,#6379,#6380,#6381,#6382,#6383,#6384,#6385,#6386,#6387,#6388,
#6389,#6390,#6391,#6392,#6393,#6394,#6395,#6396,#6397,#6398,#6399,#6400,
#6401,#6402,#6403,#6404,#6405,#6406,#6407,#6408,#6409,#6410,#6411,#6412,
#6413,#6414,#6415,#6416,#6417,#6418,#6419,#6420,#6421,#6422,#6423,#6424,
#6425,#6426,#6427,#6428,#6429,#6430,#6431,#6432,#6433,#6434,#6435,#6436,
#6437,#6438,#6439,#6440,#6441,#6442,#6443,#6444,#6445,#6446,#6447,#6448,
#6449,#6450,#6451,#6452,#6453,#6454,#6455,#6456,#6457,#6458,#6459,#6460,
#6461,#6462,#6463,#6464,#6465,#6466,#6467,#6468,#6469,#6470,#6471,#6472,
#6473,#6474,#6475,#6476,#6477,#6478,#6479,#6480,#6481,#6482,#6483,#6484,
#6485,#6486,#6487,#6488,#6489,#6490,#6491,#6492,#6493,#6494,#6495,#6496,
#6497,#6498,#6499,#6500,#6501,#6502,#6503,#6504,#6505,#6506,#6507,#6508,
#6509,#6510,#6511,#6512,#6513,#6514,#6515,#6516,#6517,#6518,#6519,#6520,
#6521,#6522,#6523,#6524,#6525,#6526,#6527,#6528,#6529));
#6531=DERIVED_UNIT_ELEMENT(#6533,1.);
#6532=DERIVED_UNIT_ELEMENT(#11027,-3.);
#6533=(
MASS_UNIT()
NAMED_UNIT(*)
SI_UNIT(.KILO.,.GRAM.)
);
#6534=DERIVED_UNIT((#6531,#6532));
#6535=MEASURE_REPRESENTATION_ITEM('density measure',
POSITIVE_RATIO_MEASURE(7850.),#6534);
#6536=PROPERTY_DEFINITION_REPRESENTATION(#6541,#6538);
#6537=PROPERTY_DEFINITION_REPRESENTATION(#6542,#6539);
#6538=REPRESENTATION('material name',(#6540),#11024);
#6539=REPRESENTATION('density',(#6535),#11024);
#6540=DESCRIPTIVE_REPRESENTATION_ITEM('Steel','Steel');
#6541=PROPERTY_DEFINITION('material property','material name',#11034);
#6542=PROPERTY_DEFINITION('material property','density of part',#11034);
#6543=AXIS2_PLACEMENT_3D('',#8869,#7072,#7073);
#6544=AXIS2_PLACEMENT_3D('',#8870,#7074,#7075);
#6545=AXIS2_PLACEMENT_3D('',#8872,#7076,#7077);
#6546=AXIS2_PLACEMENT_3D('',#8875,#7079,#7080);
#6547=AXIS2_PLACEMENT_3D('',#8876,#7081,#7082);
#6548=AXIS2_PLACEMENT_3D('',#8877,#7083,#7084);
#6549=AXIS2_PLACEMENT_3D('',#8879,#7085,#7086);
#6550=AXIS2_PLACEMENT_3D('',#8882,#7088,#7089);
#6551=AXIS2_PLACEMENT_3D('',#8883,#7090,#7091);
#6552=AXIS2_PLACEMENT_3D('',#8884,#7092,#7093);
#6553=AXIS2_PLACEMENT_3D('',#8886,#7094,#7095);
#6554=AXIS2_PLACEMENT_3D('',#8889,#7097,#7098);
#6555=AXIS2_PLACEMENT_3D('',#8890,#7099,#7100);
#6556=AXIS2_PLACEMENT_3D('',#8891,#7101,#7102);
#6557=AXIS2_PLACEMENT_3D('',#8900,#7107,#7108);
#6558=AXIS2_PLACEMENT_3D('',#8909,#7113,#7114);
#6559=AXIS2_PLACEMENT_3D('',#8918,#7119,#7120);
#6560=AXIS2_PLACEMENT_3D('',#8924,#7124,#7125);
#6561=AXIS2_PLACEMENT_3D('',#8929,#7127,#7128);
#6562=AXIS2_PLACEMENT_3D('',#8932,#7130,#7131);
#6563=AXIS2_PLACEMENT_3D('',#8933,#7132,#7133);
#6564=AXIS2_PLACEMENT_3D('',#8936,#7134,#7135);
#6565=AXIS2_PLACEMENT_3D('',#8940,#7137,#7138);
#6566=AXIS2_PLACEMENT_3D('',#8942,#7140,#7141);
#6567=AXIS2_PLACEMENT_3D('',#8945,#7142,#7143);
#6568=AXIS2_PLACEMENT_3D('',#8949,#7145,#7146);
#6569=AXIS2_PLACEMENT_3D('',#8951,#7148,#7149);
#6570=AXIS2_PLACEMENT_3D('',#8960,#7154,#7155);
#6571=AXIS2_PLACEMENT_3D('',#8969,#7160,#7161);
#6572=AXIS2_PLACEMENT_3D('',#8974,#7163,#7164);
#6573=AXIS2_PLACEMENT_3D('',#8977,#7166,#7167);
#6574=AXIS2_PLACEMENT_3D('',#8978,#7168,#7169);
#6575=AXIS2_PLACEMENT_3D('',#8982,#7171,#7172);
#6576=AXIS2_PLACEMENT_3D('',#8984,#7174,#7175);
#6577=AXIS2_PLACEMENT_3D('',#8988,#7177,#7178);
#6578=AXIS2_PLACEMENT_3D('',#8990,#7180,#7181);
#6579=AXIS2_PLACEMENT_3D('',#8996,#7185,#7186);
#6580=AXIS2_PLACEMENT_3D('',#9002,#7190,#7191);
#6581=AXIS2_PLACEMENT_3D('',#9007,#7193,#7194);
#6582=AXIS2_PLACEMENT_3D('',#9010,#7196,#7197);
#6583=AXIS2_PLACEMENT_3D('',#9021,#7198,#7199);
#6584=AXIS2_PLACEMENT_3D('',#9023,#7200,#7201);
#6585=AXIS2_PLACEMENT_3D('',#9024,#7202,#7203);
#6586=AXIS2_PLACEMENT_3D('',#9025,#7204,#7205);
#6587=AXIS2_PLACEMENT_3D('',#9030,#7207,#7208);
#6588=AXIS2_PLACEMENT_3D('',#9033,#7210,#7211);
#6589=AXIS2_PLACEMENT_3D('',#9034,#7212,#7213);
#6590=AXIS2_PLACEMENT_3D('',#9038,#7215,#7216);
#6591=AXIS2_PLACEMENT_3D('',#9040,#7218,#7219);
#6592=AXIS2_PLACEMENT_3D('',#9043,#7220,#7221);
#6593=AXIS2_PLACEMENT_3D('',#9046,#7224,#7225);
#6594=AXIS2_PLACEMENT_3D('',#9050,#7227,#7228);
#6595=AXIS2_PLACEMENT_3D('',#9053,#7230,#7231);
#6596=AXIS2_PLACEMENT_3D('',#9054,#7232,#7233);
#6597=AXIS2_PLACEMENT_3D('',#9074,#7234,#7235);
#6598=AXIS2_PLACEMENT_3D('',#9075,#7236,#7237);
#6599=AXIS2_PLACEMENT_3D('',#9078,#7238,#7239);
#6600=AXIS2_PLACEMENT_3D('',#9082,#7241,#7242);
#6601=AXIS2_PLACEMENT_3D('',#9084,#7244,#7245);
#6602=AXIS2_PLACEMENT_3D('',#9088,#7247,#7248);
#6603=AXIS2_PLACEMENT_3D('',#9091,#7250,#7251);
#6604=AXIS2_PLACEMENT_3D('',#9092,#7252,#7253);
#6605=AXIS2_PLACEMENT_3D('',#9112,#7254,#7255);
#6606=AXIS2_PLACEMENT_3D('',#9113,#7256,#7257);
#6607=AXIS2_PLACEMENT_3D('',#9134,#7258,#7259);
#6608=AXIS2_PLACEMENT_3D('',#9135,#7260,#7261);
#6609=AXIS2_PLACEMENT_3D('',#9136,#7262,#7263);
#6610=AXIS2_PLACEMENT_3D('',#9141,#7266,#7267);
#6611=AXIS2_PLACEMENT_3D('',#9142,#7268,#7269);
#6612=AXIS2_PLACEMENT_3D('',#9145,#7270,#7271);
#6613=AXIS2_PLACEMENT_3D('',#9149,#7273,#7274);
#6614=AXIS2_PLACEMENT_3D('',#9151,#7276,#7277);
#6615=AXIS2_PLACEMENT_3D('',#9155,#7281,#7282);
#6616=AXIS2_PLACEMENT_3D('',#9158,#7283,#7284);
#6617=AXIS2_PLACEMENT_3D('',#9162,#7286,#7287);
#6618=AXIS2_PLACEMENT_3D('',#9164,#7289,#7290);
#6619=AXIS2_PLACEMENT_3D('',#9167,#7291,#7292);
#6620=AXIS2_PLACEMENT_3D('',#9171,#7294,#7295);
#6621=AXIS2_PLACEMENT_3D('',#9173,#7297,#7298);
#6622=AXIS2_PLACEMENT_3D('',#9196,#7302,#7303);
#6623=AXIS2_PLACEMENT_3D('',#9198,#7304,#7305);
#6624=AXIS2_PLACEMENT_3D('',#9199,#7306,#7307);
#6625=AXIS2_PLACEMENT_3D('',#9200,#7308,#7309);
#6626=AXIS2_PLACEMENT_3D('',#9205,#7312,#7313);
#6627=AXIS2_PLACEMENT_3D('',#9206,#7314,#7315);
#6628=AXIS2_PLACEMENT_3D('',#9215,#7320,#7321);
#6629=AXIS2_PLACEMENT_3D('',#9224,#7326,#7327);
#6630=AXIS2_PLACEMENT_3D('',#9228,#7330,#7331);
#6631=AXIS2_PLACEMENT_3D('',#9232,#7334,#7335);
#6632=AXIS2_PLACEMENT_3D('',#9238,#7340,#7341);
#6633=AXIS2_PLACEMENT_3D('',#9242,#7344,#7345);
#6634=AXIS2_PLACEMENT_3D('',#9248,#7349,#7350);
#6635=AXIS2_PLACEMENT_3D('',#9254,#7354,#7355);
#6636=AXIS2_PLACEMENT_3D('',#9260,#7359,#7360);
#6637=AXIS2_PLACEMENT_3D('',#9263,#7361,#7362);
#6638=AXIS2_PLACEMENT_3D('',#9268,#7366,#7367);
#6639=AXIS2_PLACEMENT_3D('',#9277,#7372,#7373);
#6640=AXIS2_PLACEMENT_3D('',#9286,#7378,#7379);
#6641=AXIS2_PLACEMENT_3D('',#9300,#7389,#7390);
#6642=AXIS2_PLACEMENT_3D('',#9319,#7393,#7394);
#6643=AXIS2_PLACEMENT_3D('',#9320,#7395,#7396);
#6644=AXIS2_PLACEMENT_3D('',#9321,#7397,#7398);
#6645=AXIS2_PLACEMENT_3D('',#9325,#7400,#7401);
#6646=AXIS2_PLACEMENT_3D('',#9328,#7403,#7404);
#6647=AXIS2_PLACEMENT_3D('',#9329,#7405,#7406);
#6648=AXIS2_PLACEMENT_3D('',#9345,#7411,#7412);
#6649=AXIS2_PLACEMENT_3D('',#9347,#7413,#7414);
#6650=AXIS2_PLACEMENT_3D('',#9348,#7415,#7416);
#6651=AXIS2_PLACEMENT_3D('',#9349,#7417,#7418);
#6652=AXIS2_PLACEMENT_3D('',#9358,#7423,#7424);
#6653=AXIS2_PLACEMENT_3D('',#9367,#7429,#7430);
#6654=AXIS2_PLACEMENT_3D('',#9368,#7431,#7432);
#6655=AXIS2_PLACEMENT_3D('',#9369,#7433,#7434);
#6656=AXIS2_PLACEMENT_3D('',#9370,#7435,#7436);
#6657=AXIS2_PLACEMENT_3D('',#9372,#7437,#7438);
#6658=AXIS2_PLACEMENT_3D('',#9375,#7440,#7441);
#6659=AXIS2_PLACEMENT_3D('',#9376,#7442,#7443);
#6660=AXIS2_PLACEMENT_3D('',#9385,#7448,#7449);
#6661=AXIS2_PLACEMENT_3D('',#9387,#7450,#7451);
#6662=AXIS2_PLACEMENT_3D('',#9390,#7453,#7454);
#6663=AXIS2_PLACEMENT_3D('',#9391,#7455,#7456);
#6664=AXIS2_PLACEMENT_3D('',#9397,#7460,#7461);
#6665=AXIS2_PLACEMENT_3D('',#9399,#7462,#7463);
#6666=AXIS2_PLACEMENT_3D('',#9402,#7465,#7466);
#6667=AXIS2_PLACEMENT_3D('',#9403,#7467,#7468);
#6668=AXIS2_PLACEMENT_3D('',#9409,#7472,#7473);
#6669=AXIS2_PLACEMENT_3D('',#9411,#7475,#7476);
#6670=AXIS2_PLACEMENT_3D('',#9415,#7478,#7479);
#6671=AXIS2_PLACEMENT_3D('',#9417,#7481,#7482);
#6672=AXIS2_PLACEMENT_3D('',#9421,#7484,#7485);
#6673=AXIS2_PLACEMENT_3D('',#9423,#7487,#7488);
#6674=AXIS2_PLACEMENT_3D('',#9425,#7490,#7491);
#6675=AXIS2_PLACEMENT_3D('',#9429,#7493,#7494);
#6676=AXIS2_PLACEMENT_3D('',#9431,#7496,#7497);
#6677=AXIS2_PLACEMENT_3D('',#9435,#7499,#7500);
#6678=AXIS2_PLACEMENT_3D('',#9437,#7502,#7503);
#6679=AXIS2_PLACEMENT_3D('',#9442,#7505,#7506);
#6680=AXIS2_PLACEMENT_3D('',#9445,#7508,#7509);
#6681=AXIS2_PLACEMENT_3D('',#9446,#7510,#7511);
#6682=AXIS2_PLACEMENT_3D('',#9450,#7513,#7514);
#6683=AXIS2_PLACEMENT_3D('',#9452,#7516,#7517);
#6684=AXIS2_PLACEMENT_3D('',#9458,#7521,#7522);
#6685=AXIS2_PLACEMENT_3D('',#9462,#7525,#7526);
#6686=AXIS2_PLACEMENT_3D('',#9466,#7529,#7530);
#6687=AXIS2_PLACEMENT_3D('',#9468,#7532,#7533);
#6688=AXIS2_PLACEMENT_3D('',#9474,#7537,#7538);
#6689=AXIS2_PLACEMENT_3D('',#9478,#7541,#7542);
#6690=AXIS2_PLACEMENT_3D('',#9482,#7545,#7546);
#6691=AXIS2_PLACEMENT_3D('',#9484,#7548,#7549);
#6692=AXIS2_PLACEMENT_3D('',#9493,#7554,#7555);
#6693=AXIS2_PLACEMENT_3D('',#9502,#7560,#7561);
#6694=AXIS2_PLACEMENT_3D('',#9506,#7564,#7565);
#6695=AXIS2_PLACEMENT_3D('',#9508,#7567,#7568);
#6696=AXIS2_PLACEMENT_3D('',#9512,#7570,#7571);
#6697=AXIS2_PLACEMENT_3D('',#9514,#7573,#7574);
#6698=AXIS2_PLACEMENT_3D('',#9517,#7575,#7576);
#6699=AXIS2_PLACEMENT_3D('',#9520,#7579,#7580);
#6700=AXIS2_PLACEMENT_3D('',#9523,#7581,#7582);
#6701=AXIS2_PLACEMENT_3D('',#9527,#7584,#7585);
#6702=AXIS2_PLACEMENT_3D('',#9529,#7587,#7588);
#6703=AXIS2_PLACEMENT_3D('',#9533,#7590,#7591);
#6704=AXIS2_PLACEMENT_3D('',#9535,#7593,#7594);
#6705=AXIS2_PLACEMENT_3D('',#9539,#7597,#7598);
#6706=AXIS2_PLACEMENT_3D('',#9541,#7600,#7601);
#6707=AXIS2_PLACEMENT_3D('',#9545,#7604,#7605);
#6708=AXIS2_PLACEMENT_3D('',#9549,#7609,#7610);
#6709=AXIS2_PLACEMENT_3D('',#9558,#7615,#7616);
#6710=AXIS2_PLACEMENT_3D('',#9567,#7621,#7622);
#6711=AXIS2_PLACEMENT_3D('',#9576,#7627,#7628);
#6712=AXIS2_PLACEMENT_3D('',#9596,#7633,#7634);
#6713=AXIS2_PLACEMENT_3D('',#9598,#7635,#7636);
#6714=AXIS2_PLACEMENT_3D('',#9600,#7637,#7638);
#6715=AXIS2_PLACEMENT_3D('',#9601,#7639,#7640);
#6716=AXIS2_PLACEMENT_3D('',#9602,#7641,#7642);
#6717=AXIS2_PLACEMENT_3D('',#9605,#7644,#7645);
#6718=AXIS2_PLACEMENT_3D('',#9617,#7647,#7648);
#6719=AXIS2_PLACEMENT_3D('',#9618,#7649,#7650);
#6720=AXIS2_PLACEMENT_3D('',#9619,#7651,#7652);
#6721=AXIS2_PLACEMENT_3D('',#9625,#7656,#7657);
#6722=AXIS2_PLACEMENT_3D('',#9627,#7658,#7659);
#6723=AXIS2_PLACEMENT_3D('',#9642,#7661,#7662);
#6724=AXIS2_PLACEMENT_3D('',#9646,#7665,#7666);
#6725=AXIS2_PLACEMENT_3D('',#9647,#7667,#7668);
#6726=AXIS2_PLACEMENT_3D('',#9649,#7669,#7670);
#6727=AXIS2_PLACEMENT_3D('',#9651,#7672,#7673);
#6728=AXIS2_PLACEMENT_3D('',#9658,#7677,#7678);
#6729=AXIS2_PLACEMENT_3D('',#9664,#7682,#7683);
#6730=AXIS2_PLACEMENT_3D('',#9668,#7686,#7687);
#6731=AXIS2_PLACEMENT_3D('',#9675,#7691,#7692);
#6732=AXIS2_PLACEMENT_3D('',#9681,#7696,#7697);
#6733=AXIS2_PLACEMENT_3D('',#9685,#7700,#7701);
#6734=AXIS2_PLACEMENT_3D('',#9692,#7705,#7706);
#6735=AXIS2_PLACEMENT_3D('',#9698,#7710,#7711);
#6736=AXIS2_PLACEMENT_3D('',#9702,#7714,#7715);
#6737=AXIS2_PLACEMENT_3D('',#9709,#7719,#7720);
#6738=AXIS2_PLACEMENT_3D('',#9715,#7724,#7725);
#6739=AXIS2_PLACEMENT_3D('',#9719,#7728,#7729);
#6740=AXIS2_PLACEMENT_3D('',#9726,#7733,#7734);
#6741=AXIS2_PLACEMENT_3D('',#9732,#7738,#7739);
#6742=AXIS2_PLACEMENT_3D('',#9736,#7742,#7743);
#6743=AXIS2_PLACEMENT_3D('',#9743,#7747,#7748);
#6744=AXIS2_PLACEMENT_3D('',#9749,#7752,#7753);
#6745=AXIS2_PLACEMENT_3D('',#9753,#7756,#7757);
#6746=AXIS2_PLACEMENT_3D('',#9760,#7761,#7762);
#6747=AXIS2_PLACEMENT_3D('',#9766,#7766,#7767);
#6748=AXIS2_PLACEMENT_3D('',#9770,#7770,#7771);
#6749=AXIS2_PLACEMENT_3D('',#9777,#7775,#7776);
#6750=AXIS2_PLACEMENT_3D('',#9783,#7780,#7781);
#6751=AXIS2_PLACEMENT_3D('',#9787,#7784,#7785);
#6752=AXIS2_PLACEMENT_3D('',#9794,#7789,#7790);
#6753=AXIS2_PLACEMENT_3D('',#9800,#7794,#7795);
#6754=AXIS2_PLACEMENT_3D('',#9804,#7798,#7799);
#6755=AXIS2_PLACEMENT_3D('',#9811,#7803,#7804);
#6756=AXIS2_PLACEMENT_3D('',#9817,#7808,#7809);
#6757=AXIS2_PLACEMENT_3D('',#9821,#7812,#7813);
#6758=AXIS2_PLACEMENT_3D('',#9828,#7817,#7818);
#6759=AXIS2_PLACEMENT_3D('',#9834,#7822,#7823);
#6760=AXIS2_PLACEMENT_3D('',#9838,#7826,#7827);
#6761=AXIS2_PLACEMENT_3D('',#9845,#7831,#7832);
#6762=AXIS2_PLACEMENT_3D('',#9851,#7836,#7837);
#6763=AXIS2_PLACEMENT_3D('',#9855,#7840,#7841);
#6764=AXIS2_PLACEMENT_3D('',#9862,#7845,#7846);
#6765=AXIS2_PLACEMENT_3D('',#9868,#7850,#7851);
#6766=AXIS2_PLACEMENT_3D('',#9872,#7854,#7855);
#6767=AXIS2_PLACEMENT_3D('',#9888,#7856,#7857);
#6768=AXIS2_PLACEMENT_3D('',#9890,#7858,#7859);
#6769=AXIS2_PLACEMENT_3D('',#9891,#7860,#7861);
#6770=AXIS2_PLACEMENT_3D('',#9892,#7862,#7863);
#6771=AXIS2_PLACEMENT_3D('',#9894,#7864,#7865);
#6772=AXIS2_PLACEMENT_3D('',#9897,#7867,#7868);
#6773=AXIS2_PLACEMENT_3D('',#9898,#7869,#7870);
#6774=AXIS2_PLACEMENT_3D('',#9900,#7872,#7873);
#6775=AXIS2_PLACEMENT_3D('',#9914,#7874,#7875);
#6776=AXIS2_PLACEMENT_3D('',#9915,#7876,#7877);
#6777=AXIS2_PLACEMENT_3D('',#9917,#7878,#7879);
#6778=AXIS2_PLACEMENT_3D('',#9920,#7881,#7882);
#6779=AXIS2_PLACEMENT_3D('',#9921,#7883,#7884);
#6780=AXIS2_PLACEMENT_3D('',#9936,#7885,#7886);
#6781=AXIS2_PLACEMENT_3D('',#9937,#7887,#7888);
#6782=AXIS2_PLACEMENT_3D('',#9938,#7889,#7890);
#6783=AXIS2_PLACEMENT_3D('',#9940,#7891,#7892);
#6784=AXIS2_PLACEMENT_3D('',#9942,#7894,#7895);
#6785=AXIS2_PLACEMENT_3D('',#9944,#7897,#7898);
#6786=AXIS2_PLACEMENT_3D('',#9958,#7899,#7900);
#6787=AXIS2_PLACEMENT_3D('',#9959,#7901,#7902);
#6788=AXIS2_PLACEMENT_3D('',#9962,#7903,#7904);
#6789=AXIS2_PLACEMENT_3D('',#9979,#7905,#7906);
#6790=AXIS2_PLACEMENT_3D('',#10001,#7907,#7908);
#6791=AXIS2_PLACEMENT_3D('',#10016,#7909,#7910);
#6792=AXIS2_PLACEMENT_3D('',#10017,#7911,#7912);
#6793=AXIS2_PLACEMENT_3D('',#10018,#7913,#7914);
#6794=AXIS2_PLACEMENT_3D('',#10020,#7915,#7916);
#6795=AXIS2_PLACEMENT_3D('',#10022,#7917,#7918);
#6796=AXIS2_PLACEMENT_3D('',#10024,#7920,#7921);
#6797=AXIS2_PLACEMENT_3D('',#10027,#7924,#7925);
#6798=AXIS2_PLACEMENT_3D('',#10044,#7935,#7936);
#6799=AXIS2_PLACEMENT_3D('',#10050,#7940,#7941);
#6800=AXIS2_PLACEMENT_3D('',#10056,#7945,#7946);
#6801=AXIS2_PLACEMENT_3D('',#10059,#7947,#7948);
#6802=AXIS2_PLACEMENT_3D('',#10061,#7949,#7950);
#6803=AXIS2_PLACEMENT_3D('',#10063,#7951,#7952);
#6804=AXIS2_PLACEMENT_3D('',#10064,#7953,#7954);
#6805=AXIS2_PLACEMENT_3D('',#10075,#7955,#7956);
#6806=AXIS2_PLACEMENT_3D('',#10077,#7957,#7958);
#6807=AXIS2_PLACEMENT_3D('',#10078,#7959,#7960);
#6808=AXIS2_PLACEMENT_3D('',#10079,#7961,#7962);
#6809=AXIS2_PLACEMENT_3D('',#10085,#7966,#7967);
#6810=AXIS2_PLACEMENT_3D('',#10089,#7970,#7971);
#6811=AXIS2_PLACEMENT_3D('',#10093,#7974,#7975);
#6812=AXIS2_PLACEMENT_3D('',#10095,#7977,#7978);
#6813=AXIS2_PLACEMENT_3D('',#10102,#7982,#7983);
#6814=AXIS2_PLACEMENT_3D('',#10108,#7987,#7988);
#6815=AXIS2_PLACEMENT_3D('',#10112,#7991,#7992);
#6816=AXIS2_PLACEMENT_3D('',#10119,#7996,#7997);
#6817=AXIS2_PLACEMENT_3D('',#10125,#8001,#8002);
#6818=AXIS2_PLACEMENT_3D('',#10129,#8005,#8006);
#6819=AXIS2_PLACEMENT_3D('',#10136,#8010,#8011);
#6820=AXIS2_PLACEMENT_3D('',#10142,#8015,#8016);
#6821=AXIS2_PLACEMENT_3D('',#10146,#8019,#8020);
#6822=AXIS2_PLACEMENT_3D('',#10153,#8024,#8025);
#6823=AXIS2_PLACEMENT_3D('',#10159,#8029,#8030);
#6824=AXIS2_PLACEMENT_3D('',#10163,#8033,#8034);
#6825=AXIS2_PLACEMENT_3D('',#10170,#8038,#8039);
#6826=AXIS2_PLACEMENT_3D('',#10176,#8043,#8044);
#6827=AXIS2_PLACEMENT_3D('',#10180,#8047,#8048);
#6828=AXIS2_PLACEMENT_3D('',#10187,#8052,#8053);
#6829=AXIS2_PLACEMENT_3D('',#10193,#8057,#8058);
#6830=AXIS2_PLACEMENT_3D('',#10197,#8061,#8062);
#6831=AXIS2_PLACEMENT_3D('',#10204,#8066,#8067);
#6832=AXIS2_PLACEMENT_3D('',#10210,#8071,#8072);
#6833=AXIS2_PLACEMENT_3D('',#10214,#8075,#8076);
#6834=AXIS2_PLACEMENT_3D('',#10221,#8080,#8081);
#6835=AXIS2_PLACEMENT_3D('',#10227,#8085,#8086);
#6836=AXIS2_PLACEMENT_3D('',#10231,#8089,#8090);
#6837=AXIS2_PLACEMENT_3D('',#10238,#8094,#8095);
#6838=AXIS2_PLACEMENT_3D('',#10244,#8099,#8100);
#6839=AXIS2_PLACEMENT_3D('',#10248,#8103,#8104);
#6840=AXIS2_PLACEMENT_3D('',#10255,#8108,#8109);
#6841=AXIS2_PLACEMENT_3D('',#10261,#8113,#8114);
#6842=AXIS2_PLACEMENT_3D('',#10265,#8117,#8118);
#6843=AXIS2_PLACEMENT_3D('',#10272,#8122,#8123);
#6844=AXIS2_PLACEMENT_3D('',#10278,#8127,#8128);
#6845=AXIS2_PLACEMENT_3D('',#10282,#8131,#8132);
#6846=AXIS2_PLACEMENT_3D('',#10289,#8136,#8137);
#6847=AXIS2_PLACEMENT_3D('',#10295,#8141,#8142);
#6848=AXIS2_PLACEMENT_3D('',#10299,#8145,#8146);
#6849=AXIS2_PLACEMENT_3D('',#10306,#8150,#8151);
#6850=AXIS2_PLACEMENT_3D('',#10312,#8155,#8156);
#6851=AXIS2_PLACEMENT_3D('',#10316,#8159,#8160);
#6852=AXIS2_PLACEMENT_3D('',#10318,#8161,#8162);
#6853=AXIS2_PLACEMENT_3D('',#10321,#8164,#8165);
#6854=AXIS2_PLACEMENT_3D('',#10322,#8166,#8167);
#6855=AXIS2_PLACEMENT_3D('',#10362,#8201,#8202);
#6856=AXIS2_PLACEMENT_3D('',#10365,#8204,#8205);
#6857=AXIS2_PLACEMENT_3D('',#10366,#8206,#8207);
#6858=AXIS2_PLACEMENT_3D('',#10369,#8208,#8209);
#6859=AXIS2_PLACEMENT_3D('',#10371,#8210,#8211);
#6860=AXIS2_PLACEMENT_3D('',#10373,#8212,#8213);
#6861=AXIS2_PLACEMENT_3D('',#10374,#8214,#8215);
#6862=AXIS2_PLACEMENT_3D('',#10375,#8216,#8217);
#6863=AXIS2_PLACEMENT_3D('',#10384,#8222,#8223);
#6864=AXIS2_PLACEMENT_3D('',#10385,#8224,#8225);
#6865=AXIS2_PLACEMENT_3D('',#10398,#8227,#8228);
#6866=AXIS2_PLACEMENT_3D('',#10400,#8229,#8230);
#6867=AXIS2_PLACEMENT_3D('',#10403,#8232,#8233);
#6868=AXIS2_PLACEMENT_3D('',#10404,#8234,#8235);
#6869=AXIS2_PLACEMENT_3D('',#10409,#8238,#8239);
#6870=AXIS2_PLACEMENT_3D('',#10410,#8240,#8241);
#6871=AXIS2_PLACEMENT_3D('',#10412,#8243,#8244);
#6872=AXIS2_PLACEMENT_3D('',#10414,#8246,#8247);
#6873=AXIS2_PLACEMENT_3D('',#10416,#8248,#8249);
#6874=AXIS2_PLACEMENT_3D('',#10418,#8250,#8251);
#6875=AXIS2_PLACEMENT_3D('',#10420,#8253,#8254);
#6876=AXIS2_PLACEMENT_3D('',#10423,#8256,#8257);
#6877=AXIS2_PLACEMENT_3D('',#10424,#8258,#8259);
#6878=AXIS2_PLACEMENT_3D('',#10427,#8261,#8262);
#6879=AXIS2_PLACEMENT_3D('',#10428,#8263,#8264);
#6880=AXIS2_PLACEMENT_3D('',#10430,#8266,#8267);
#6881=AXIS2_PLACEMENT_3D('',#10432,#8268,#8269);
#6882=AXIS2_PLACEMENT_3D('',#10434,#8270,#8271);
#6883=AXIS2_PLACEMENT_3D('',#10436,#8273,#8274);
#6884=AXIS2_PLACEMENT_3D('',#10439,#8276,#8277);
#6885=AXIS2_PLACEMENT_3D('',#10440,#8278,#8279);
#6886=AXIS2_PLACEMENT_3D('',#10443,#8281,#8282);
#6887=AXIS2_PLACEMENT_3D('',#10444,#8283,#8284);
#6888=AXIS2_PLACEMENT_3D('',#10446,#8286,#8287);
#6889=AXIS2_PLACEMENT_3D('',#10448,#8288,#8289);
#6890=AXIS2_PLACEMENT_3D('',#10451,#8291,#8292);
#6891=AXIS2_PLACEMENT_3D('',#10452,#8293,#8294);
#6892=AXIS2_PLACEMENT_3D('',#10455,#8296,#8297);
#6893=AXIS2_PLACEMENT_3D('',#10456,#8298,#8299);
#6894=AXIS2_PLACEMENT_3D('',#10458,#8300,#8301);
#6895=AXIS2_PLACEMENT_3D('',#10459,#8302,#8303);
#6896=AXIS2_PLACEMENT_3D('',#10460,#8304,#8305);
#6897=AXIS2_PLACEMENT_3D('',#10463,#8307,#8308);
#6898=AXIS2_PLACEMENT_3D('',#10465,#8310,#8311);
#6899=AXIS2_PLACEMENT_3D('',#10467,#8312,#8313);
#6900=AXIS2_PLACEMENT_3D('',#10468,#8314,#8315);
#6901=AXIS2_PLACEMENT_3D('',#10469,#8316,#8317);
#6902=AXIS2_PLACEMENT_3D('',#10471,#8319,#8320);
#6903=AXIS2_PLACEMENT_3D('',#10475,#8322,#8323);
#6904=AXIS2_PLACEMENT_3D('',#10477,#8325,#8326);
#6905=AXIS2_PLACEMENT_3D('',#10481,#8329,#8330);
#6906=AXIS2_PLACEMENT_3D('',#10485,#8333,#8334);
#6907=AXIS2_PLACEMENT_3D('',#10487,#8336,#8337);
#6908=AXIS2_PLACEMENT_3D('',#10489,#8339,#8340);
#6909=AXIS2_PLACEMENT_3D('',#10492,#8343,#8344);
#6910=AXIS2_PLACEMENT_3D('',#10494,#8346,#8347);
#6911=AXIS2_PLACEMENT_3D('',#10499,#8351,#8352);
#6912=AXIS2_PLACEMENT_3D('',#10505,#8356,#8357);
#6913=AXIS2_PLACEMENT_3D('',#10509,#8360,#8361);
#6914=AXIS2_PLACEMENT_3D('',#10511,#8362,#8363);
#6915=AXIS2_PLACEMENT_3D('',#10513,#8364,#8365);
#6916=AXIS2_PLACEMENT_3D('',#10515,#8367,#8368);
#6917=AXIS2_PLACEMENT_3D('',#10535,#8369,#8370);
#6918=AXIS2_PLACEMENT_3D('',#10536,#8371,#8372);
#6919=AXIS2_PLACEMENT_3D('',#10537,#8373,#8374);
#6920=AXIS2_PLACEMENT_3D('',#10541,#8377,#8378);
#6921=AXIS2_PLACEMENT_3D('',#10543,#8379,#8380);
#6922=AXIS2_PLACEMENT_3D('',#10545,#8382,#8383);
#6923=AXIS2_PLACEMENT_3D('',#10551,#8387,#8388);
#6924=AXIS2_PLACEMENT_3D('',#10555,#8390,#8391);
#6925=AXIS2_PLACEMENT_3D('',#10556,#8392,#8393);
#6926=AXIS2_PLACEMENT_3D('',#10557,#8394,#8395);
#6927=AXIS2_PLACEMENT_3D('',#10560,#8397,#8398);
#6928=AXIS2_PLACEMENT_3D('',#10561,#8399,#8400);
#6929=AXIS2_PLACEMENT_3D('',#10564,#8402,#8403);
#6930=AXIS2_PLACEMENT_3D('',#10565,#8404,#8405);
#6931=AXIS2_PLACEMENT_3D('',#10567,#8407,#8408);
#6932=AXIS2_PLACEMENT_3D('',#10571,#8410,#8411);
#6933=AXIS2_PLACEMENT_3D('',#10572,#8412,#8413);
#6934=AXIS2_PLACEMENT_3D('',#10573,#8414,#8415);
#6935=AXIS2_PLACEMENT_3D('',#10576,#8417,#8418);
#6936=AXIS2_PLACEMENT_3D('',#10577,#8419,#8420);
#6937=AXIS2_PLACEMENT_3D('',#10580,#8422,#8423);
#6938=AXIS2_PLACEMENT_3D('',#10581,#8424,#8425);
#6939=AXIS2_PLACEMENT_3D('',#10583,#8427,#8428);
#6940=AXIS2_PLACEMENT_3D('',#10589,#8432,#8433);
#6941=AXIS2_PLACEMENT_3D('',#10595,#8437,#8438);
#6942=AXIS2_PLACEMENT_3D('',#10601,#8442,#8443);
#6943=AXIS2_PLACEMENT_3D('',#10607,#8447,#8448);
#6944=AXIS2_PLACEMENT_3D('',#10616,#8454,#8455);
#6945=AXIS2_PLACEMENT_3D('',#10620,#8458,#8459);
#6946=AXIS2_PLACEMENT_3D('',#10627,#8464,#8465);
#6947=AXIS2_PLACEMENT_3D('',#10636,#8471,#8472);
#6948=AXIS2_PLACEMENT_3D('',#10640,#8475,#8476);
#6949=AXIS2_PLACEMENT_3D('',#10647,#8481,#8482);
#6950=AXIS2_PLACEMENT_3D('',#10656,#8488,#8489);
#6951=AXIS2_PLACEMENT_3D('',#10660,#8492,#8493);
#6952=AXIS2_PLACEMENT_3D('',#10669,#8500,#8501);
#6953=AXIS2_PLACEMENT_3D('',#10674,#8505,#8506);
#6954=AXIS2_PLACEMENT_3D('',#10681,#8512,#8513);
#6955=AXIS2_PLACEMENT_3D('',#10684,#8516,#8517);
#6956=AXIS2_PLACEMENT_3D('',#10687,#8520,#8521);
#6957=AXIS2_PLACEMENT_3D('',#10689,#8523,#8524);
#6958=AXIS2_PLACEMENT_3D('',#10691,#8525,#8526);
#6959=AXIS2_PLACEMENT_3D('',#10693,#8528,#8529);
#6960=AXIS2_PLACEMENT_3D('',#10697,#8532,#8533);
#6961=AXIS2_PLACEMENT_3D('',#10701,#8536,#8537);
#6962=AXIS2_PLACEMENT_3D('',#10703,#8539,#8540);
#6963=AXIS2_PLACEMENT_3D('',#10705,#8542,#8543);
#6964=AXIS2_PLACEMENT_3D('',#10707,#8545,#8546);
#6965=AXIS2_PLACEMENT_3D('',#10709,#8548,#8549);
#6966=AXIS2_PLACEMENT_3D('',#10711,#8551,#8552);
#6967=AXIS2_PLACEMENT_3D('',#10713,#8554,#8555);
#6968=AXIS2_PLACEMENT_3D('',#10715,#8557,#8558);
#6969=AXIS2_PLACEMENT_3D('',#10717,#8560,#8561);
#6970=AXIS2_PLACEMENT_3D('',#10719,#8563,#8564);
#6971=AXIS2_PLACEMENT_3D('',#10721,#8566,#8567);
#6972=AXIS2_PLACEMENT_3D('',#10723,#8569,#8570);
#6973=AXIS2_PLACEMENT_3D('',#10725,#8572,#8573);
#6974=AXIS2_PLACEMENT_3D('',#10727,#8575,#8576);
#6975=AXIS2_PLACEMENT_3D('',#10729,#8578,#8579);
#6976=AXIS2_PLACEMENT_3D('',#10731,#8580,#8581);
#6977=AXIS2_PLACEMENT_3D('',#10733,#8583,#8584);
#6978=AXIS2_PLACEMENT_3D('',#10735,#8586,#8587);
#6979=AXIS2_PLACEMENT_3D('',#10737,#8589,#8590);
#6980=AXIS2_PLACEMENT_3D('',#10739,#8592,#8593);
#6981=AXIS2_PLACEMENT_3D('',#10741,#8595,#8596);
#6982=AXIS2_PLACEMENT_3D('',#10745,#8598,#8599);
#6983=AXIS2_PLACEMENT_3D('',#10747,#8601,#8602);
#6984=AXIS2_PLACEMENT_3D('',#10748,#8603,#8604);
#6985=AXIS2_PLACEMENT_3D('',#10751,#8606,#8607);
#6986=AXIS2_PLACEMENT_3D('',#10752,#8608,#8609);
#6987=AXIS2_PLACEMENT_3D('',#10755,#8611,#8612);
#6988=AXIS2_PLACEMENT_3D('',#10756,#8613,#8614);
#6989=AXIS2_PLACEMENT_3D('',#10759,#8616,#8617);
#6990=AXIS2_PLACEMENT_3D('',#10760,#8618,#8619);
#6991=AXIS2_PLACEMENT_3D('',#10762,#8621,#8622);
#6992=AXIS2_PLACEMENT_3D('',#10764,#8624,#8625);
#6993=AXIS2_PLACEMENT_3D('',#10768,#8627,#8628);
#6994=AXIS2_PLACEMENT_3D('',#10769,#8629,#8630);
#6995=AXIS2_PLACEMENT_3D('',#10770,#8631,#8632);
#6996=AXIS2_PLACEMENT_3D('',#10773,#8634,#8635);
#6997=AXIS2_PLACEMENT_3D('',#10774,#8636,#8637);
#6998=AXIS2_PLACEMENT_3D('',#10777,#8639,#8640);
#6999=AXIS2_PLACEMENT_3D('',#10778,#8641,#8642);
#7000=AXIS2_PLACEMENT_3D('',#10780,#8644,#8645);
#7001=AXIS2_PLACEMENT_3D('',#10789,#8650,#8651);
#7002=AXIS2_PLACEMENT_3D('',#10795,#8655,#8656);
#7003=AXIS2_PLACEMENT_3D('',#10801,#8660,#8661);
#7004=AXIS2_PLACEMENT_3D('',#10807,#8665,#8666);
#7005=AXIS2_PLACEMENT_3D('',#10813,#8670,#8671);
#7006=AXIS2_PLACEMENT_3D('',#10819,#8675,#8676);
#7007=AXIS2_PLACEMENT_3D('',#10822,#8679,#8680);
#7008=AXIS2_PLACEMENT_3D('',#10824,#8682,#8683);
#7009=AXIS2_PLACEMENT_3D('',#10826,#8685,#8686);
#7010=AXIS2_PLACEMENT_3D('',#10828,#8688,#8689);
#7011=AXIS2_PLACEMENT_3D('',#10830,#8691,#8692);
#7012=AXIS2_PLACEMENT_3D('',#10832,#8694,#8695);
#7013=AXIS2_PLACEMENT_3D('',#10834,#8697,#8698);
#7014=AXIS2_PLACEMENT_3D('',#10836,#8700,#8701);
#7015=AXIS2_PLACEMENT_3D('',#10838,#8703,#8704);
#7016=AXIS2_PLACEMENT_3D('',#10840,#8706,#8707);
#7017=AXIS2_PLACEMENT_3D('',#10842,#8709,#8710);
#7018=AXIS2_PLACEMENT_3D('',#10844,#8712,#8713);
#7019=AXIS2_PLACEMENT_3D('',#10846,#8715,#8716);
#7020=AXIS2_PLACEMENT_3D('',#10848,#8718,#8719);
#7021=AXIS2_PLACEMENT_3D('',#10852,#8722,#8723);
#7022=AXIS2_PLACEMENT_3D('',#10856,#8726,#8727);
#7023=AXIS2_PLACEMENT_3D('',#10860,#8729,#8730);
#7024=AXIS2_PLACEMENT_3D('',#10862,#8732,#8733);
#7025=AXIS2_PLACEMENT_3D('',#10865,#8736,#8737);
#7026=AXIS2_PLACEMENT_3D('',#10868,#8739,#8740);
#7027=AXIS2_PLACEMENT_3D('',#10869,#8741,#8742);
#7028=AXIS2_PLACEMENT_3D('',#10874,#8744,#8745);
#7029=AXIS2_PLACEMENT_3D('',#10877,#8747,#8748);
#7030=AXIS2_PLACEMENT_3D('',#10878,#8749,#8750);
#7031=AXIS2_PLACEMENT_3D('',#10893,#8753,#8754);
#7032=AXIS2_PLACEMENT_3D('',#10899,#8758,#8759);
#7033=AXIS2_PLACEMENT_3D('',#10903,#8762,#8763);
#7034=AXIS2_PLACEMENT_3D('',#10905,#8764,#8765);
#7035=AXIS2_PLACEMENT_3D('',#10907,#8767,#8768);
#7036=AXIS2_PLACEMENT_3D('',#10912,#8772,#8773);
#7037=AXIS2_PLACEMENT_3D('',#10920,#8778,#8779);
#7038=AXIS2_PLACEMENT_3D('',#10924,#8782,#8783);
#7039=AXIS2_PLACEMENT_3D('',#10928,#8786,#8787);
#7040=AXIS2_PLACEMENT_3D('',#10929,#8788,#8789);
#7041=AXIS2_PLACEMENT_3D('',#10930,#8790,#8791);
#7042=AXIS2_PLACEMENT_3D('',#10934,#8794,#8795);
#7043=AXIS2_PLACEMENT_3D('',#10937,#8797,#8798);
#7044=AXIS2_PLACEMENT_3D('',#10938,#8799,#8800);
#7045=AXIS2_PLACEMENT_3D('',#10941,#8802,#8803);
#7046=AXIS2_PLACEMENT_3D('',#10942,#8804,#8805);
#7047=AXIS2_PLACEMENT_3D('',#10945,#8807,#8808);
#7048=AXIS2_PLACEMENT_3D('',#10946,#8809,#8810);
#7049=AXIS2_PLACEMENT_3D('',#10966,#8811,#8812);
#7050=AXIS2_PLACEMENT_3D('',#10967,#8813,#8814);
#7051=AXIS2_PLACEMENT_3D('',#10969,#8815,#8816);
#7052=AXIS2_PLACEMENT_3D('',#10971,#8818,#8819);
#7053=AXIS2_PLACEMENT_3D('',#10974,#8821,#8822);
#7054=AXIS2_PLACEMENT_3D('',#10975,#8823,#8824);
#7055=AXIS2_PLACEMENT_3D('',#10989,#8825,#8826);
#7056=AXIS2_PLACEMENT_3D('',#10990,#8827,#8828);
#7057=AXIS2_PLACEMENT_3D('',#10992,#8829,#8830);
#7058=AXIS2_PLACEMENT_3D('',#10994,#8832,#8833);
#7059=AXIS2_PLACEMENT_3D('',#10998,#8836,#8837);
#7060=AXIS2_PLACEMENT_3D('',#11002,#8840,#8841);
#7061=AXIS2_PLACEMENT_3D('',#11006,#8844,#8845);
#7062=AXIS2_PLACEMENT_3D('',#11007,#8846,#8847);
#7063=AXIS2_PLACEMENT_3D('',#11008,#8848,#8849);
#7064=AXIS2_PLACEMENT_3D('',#11010,#8850,#8851);
#7065=AXIS2_PLACEMENT_3D('',#11013,#8853,#8854);
#7066=AXIS2_PLACEMENT_3D('',#11014,#8855,#8856);
#7067=AXIS2_PLACEMENT_3D('',#11016,#8858,#8859);
#7068=AXIS2_PLACEMENT_3D('',#11017,#8860,#8861);
#7069=AXIS2_PLACEMENT_3D('',#11018,#8862,#8863);
#7070=AXIS2_PLACEMENT_3D('',#11019,#8864,#8865);
#7071=AXIS2_PLACEMENT_3D('',#11021,#8867,#8868);
#7072=DIRECTION('axis',(0.,0.,1.));
#7073=DIRECTION('refdir',(1.,0.,0.));
#7074=DIRECTION('center_axis',(0.,0.,-1.));
#7075=DIRECTION('ref_axis',(1.,0.,0.));
#7076=DIRECTION('center_axis',(0.,0.,-1.));
#7077=DIRECTION('ref_axis',(1.,0.,0.));
#7078=DIRECTION('',(0.,0.,1.));
#7079=DIRECTION('center_axis',(0.,0.,1.));
#7080=DIRECTION('ref_axis',(1.,0.,0.));
#7081=DIRECTION('center_axis',(0.,0.,-1.));
#7082=DIRECTION('ref_axis',(1.,0.,0.));
#7083=DIRECTION('center_axis',(0.,1.,0.));
#7084=DIRECTION('ref_axis',(-1.,0.,0.));
#7085=DIRECTION('center_axis',(0.,1.,0.));
#7086=DIRECTION('ref_axis',(-1.,0.,0.));
#7087=DIRECTION('',(0.,-1.,0.));
#7088=DIRECTION('center_axis',(0.,-1.,0.));
#7089=DIRECTION('ref_axis',(-1.,0.,0.));
#7090=DIRECTION('center_axis',(0.,1.,0.));
#7091=DIRECTION('ref_axis',(-1.,0.,0.));
#7092=DIRECTION('center_axis',(0.,0.,-1.));
#7093=DIRECTION('ref_axis',(1.,0.,0.));
#7094=DIRECTION('center_axis',(0.,0.,-1.));
#7095=DIRECTION('ref_axis',(1.,0.,0.));
#7096=DIRECTION('',(0.,0.,1.));
#7097=DIRECTION('center_axis',(0.,0.,1.));
#7098=DIRECTION('ref_axis',(1.,0.,0.));
#7099=DIRECTION('center_axis',(0.,0.,-1.));
#7100=DIRECTION('ref_axis',(1.,0.,0.));
#7101=DIRECTION('center_axis',(1.,0.,0.));
#7102=DIRECTION('ref_axis',(0.,0.,-1.));
#7103=DIRECTION('',(0.,0.,1.));
#7104=DIRECTION('',(0.,-1.,0.));
#7105=DIRECTION('',(0.,0.,1.));
#7106=DIRECTION('',(0.,-1.,0.));
#7107=DIRECTION('center_axis',(1.,0.,0.));
#7108=DIRECTION('ref_axis',(0.,0.,-1.));
#7109=DIRECTION('',(0.,0.,-1.));
#7110=DIRECTION('',(0.,1.,0.));
#7111=DIRECTION('',(0.,0.,-1.));
#7112=DIRECTION('',(0.,1.,0.));
#7113=DIRECTION('center_axis',(-0.694658370458997,0.719339800338651,0.));
#7114=DIRECTION('ref_axis',(-0.719339800338651,-0.694658370458997,0.));
#7115=DIRECTION('',(0.719339800338651,0.694658370458997,0.));
#7116=DIRECTION('',(0.,0.,1.));
#7117=DIRECTION('',(0.719339800338652,0.694658370458996,-1.34767087771901E-16));
#7118=DIRECTION('',(0.,0.,-1.));
#7119=DIRECTION('center_axis',(-0.71933980033865,-0.694658370458999,0.));
#7120=DIRECTION('ref_axis',(0.,0.,1.));
#7121=DIRECTION('',(-0.694658370458999,0.71933980033865,0.));
#7122=DIRECTION('',(-0.694658370458999,0.71933980033865,-1.39555404689078E-16));
#7123=DIRECTION('',(0.,0.,-1.));
#7124=DIRECTION('center_axis',(0.,1.,0.));
#7125=DIRECTION('ref_axis',(-0.707106781186547,0.,0.707106781186547));
#7126=DIRECTION('',(0.,-1.,0.));
#7127=DIRECTION('center_axis',(0.,-0.707106781186548,0.707106781186548));
#7128=DIRECTION('ref_axis',(0.,0.707106781186547,0.707106781186547));
#7129=DIRECTION('',(0.,1.,0.));
#7130=DIRECTION('center_axis',(0.,0.707106781186548,0.707106781186548));
#7131=DIRECTION('ref_axis',(0.,0.707106781186547,-0.707106781186547));
#7132=DIRECTION('center_axis',(0.,0.,1.));
#7133=DIRECTION('ref_axis',(0.996792332805979,-0.0800315266580292,0.));
#7134=DIRECTION('center_axis',(0.,0.,1.));
#7135=DIRECTION('ref_axis',(0.904118431176482,-0.427281947204627,0.));
#7136=DIRECTION('',(0.,0.,1.));
#7137=DIRECTION('center_axis',(0.,0.,-1.));
#7138=DIRECTION('ref_axis',(0.904118431176482,-0.427281947204627,0.));
#7139=DIRECTION('',(0.,0.,-1.));
#7140=DIRECTION('center_axis',(0.,0.,1.));
#7141=DIRECTION('ref_axis',(0.996792332805979,-0.0800315266580292,0.));
#7142=DIRECTION('center_axis',(0.,0.,1.));
#7143=DIRECTION('ref_axis',(0.794102847356339,-0.607783405351409,0.));
#7144=DIRECTION('',(0.,0.,1.));
#7145=DIRECTION('center_axis',(0.,0.,-1.));
#7146=DIRECTION('ref_axis',(0.904118431176482,-0.427281947204627,0.));
#7147=DIRECTION('',(0.,0.,1.));
#7148=DIRECTION('center_axis',(-1.,0.,0.));
#7149=DIRECTION('ref_axis',(0.,0.,1.));
#7150=DIRECTION('',(0.,-1.,0.));
#7151=DIRECTION('',(0.,0.,-1.));
#7152=DIRECTION('',(0.,1.,0.));
#7153=DIRECTION('',(0.,0.,1.));
#7154=DIRECTION('center_axis',(-1.,0.,0.));
#7155=DIRECTION('ref_axis',(0.,0.,1.));
#7156=DIRECTION('',(0.,-1.,0.));
#7157=DIRECTION('',(0.,0.,-1.));
#7158=DIRECTION('',(0.,1.,0.));
#7159=DIRECTION('',(0.,0.,1.));
#7160=DIRECTION('center_axis',(0.,0.,1.));
#7161=DIRECTION('ref_axis',(-0.707106781186547,-0.707106781186547,0.));
#7162=DIRECTION('',(0.,0.,-1.));
#7163=DIRECTION('center_axis',(0.,0.,-1.));
#7164=DIRECTION('ref_axis',(-0.707106781186547,-0.707106781186547,0.));
#7165=DIRECTION('',(0.,0.,1.));
#7166=DIRECTION('center_axis',(0.,-0.707106781186548,0.707106781186548));
#7167=DIRECTION('ref_axis',(0.,0.707106781186547,0.707106781186547));
#7168=DIRECTION('center_axis',(0.,0.,1.));
#7169=DIRECTION('ref_axis',(-0.707106781186547,-0.707106781186547,0.));
#7170=DIRECTION('',(0.,0.,1.));
#7171=DIRECTION('center_axis',(0.,0.707106781186548,-0.707106781186548));
#7172=DIRECTION('ref_axis',(0.,-0.707106781186547,-0.707106781186547));
#7173=DIRECTION('',(0.,0.,-1.));
#7174=DIRECTION('center_axis',(0.,0.,-1.));
#7175=DIRECTION('ref_axis',(-0.707106781186547,0.707106781186547,0.));
#7176=DIRECTION('',(0.,0.,1.));
#7177=DIRECTION('center_axis',(0.,0.707106781186548,0.707106781186548));
#7178=DIRECTION('ref_axis',(0.,0.707106781186547,-0.707106781186547));
#7179=DIRECTION('',(0.,0.,-1.));
#7180=DIRECTION('center_axis',(0.,0.,-1.));
#7181=DIRECTION('ref_axis',(0.,-1.,0.));
#7182=DIRECTION('',(-1.,0.,0.));
#7183=DIRECTION('',(0.,1.,0.));
#7184=DIRECTION('',(-1.,0.,0.));
#7185=DIRECTION('center_axis',(0.,1.,0.));
#7186=DIRECTION('ref_axis',(0.,0.,1.));
#7187=DIRECTION('',(1.,0.,0.));
#7188=DIRECTION('',(0.,0.,-1.));
#7189=DIRECTION('',(1.,0.,0.));
#7190=DIRECTION('center_axis',(0.,-1.,0.));
#7191=DIRECTION('ref_axis',(-0.707106781186547,0.,0.707106781186547));
#7192=DIRECTION('',(0.,1.,0.));
#7193=DIRECTION('center_axis',(0.,1.,0.));
#7194=DIRECTION('ref_axis',(-1.,0.,0.));
#7195=DIRECTION('',(0.,-1.,0.));
#7196=DIRECTION('center_axis',(0.,-1.,0.));
#7197=DIRECTION('ref_axis',(0.,0.,1.));
#7198=DIRECTION('center_axis',(0.,0.,-1.));
#7199=DIRECTION('ref_axis',(-0.707106781186547,0.707106781186547,0.));
#7200=DIRECTION('center_axis',(-1.,0.,0.));
#7201=DIRECTION('ref_axis',(0.,0.,1.));
#7202=DIRECTION('center_axis',(0.,0.,1.));
#7203=DIRECTION('ref_axis',(-0.707106781186547,0.707106781186547,0.));
#7204=DIRECTION('center_axis',(0.,0.,-1.));
#7205=DIRECTION('ref_axis',(0.707106781186547,0.707106781186547,0.));
#7206=DIRECTION('',(0.,0.,-1.));
#7207=DIRECTION('center_axis',(0.,0.,-1.));
#7208=DIRECTION('ref_axis',(0.707106781186547,0.707106781186547,0.));
#7209=DIRECTION('',(0.,0.,1.));
#7210=DIRECTION('center_axis',(0.707106781186548,0.,0.707106781186548));
#7211=DIRECTION('ref_axis',(0.707106781186547,0.,-0.707106781186547));
#7212=DIRECTION('center_axis',(1.,0.,0.));
#7213=DIRECTION('ref_axis',(0.,0.707106781186547,0.707106781186547));
#7214=DIRECTION('',(1.,0.,0.));
#7215=DIRECTION('center_axis',(1.,7.40148683083438E-17,-7.40148683083438E-17));
#7216=DIRECTION('ref_axis',(-7.40148683083438E-17,1.,0.));
#7217=DIRECTION('',(-1.,0.,0.));
#7218=DIRECTION('center_axis',(0.,0.,1.));
#7219=DIRECTION('ref_axis',(-0.707106781186547,0.707106781186547,0.));
#7220=DIRECTION('center_axis',(0.,0.,-1.));
#7221=DIRECTION('ref_axis',(-0.707106781186547,0.707106781186547,0.));
#7222=DIRECTION('',(0.,0.,1.));
#7223=DIRECTION('',(0.,0.,-1.));
#7224=DIRECTION('center_axis',(0.719339800338649,0.694658370459,0.));
#7225=DIRECTION('ref_axis',(0.491197644359549,-0.508650050796849,-0.707106781186542));
#7226=DIRECTION('',(0.719339800338649,0.694658370459,0.));
#7227=DIRECTION('center_axis',(-0.719339800338654,-0.694658370458994,0.));
#7228=DIRECTION('ref_axis',(0.,0.,-1.));
#7229=DIRECTION('',(-0.719339800338649,-0.694658370459,0.));
#7230=DIRECTION('center_axis',(-0.930417567982045,-0.366501226724245,0.));
#7231=DIRECTION('ref_axis',(-0.366501226724245,0.930417567982045,0.));
#7232=DIRECTION('center_axis',(0.,0.,1.));
#7233=DIRECTION('ref_axis',(1.,0.,0.));
#7234=DIRECTION('center_axis',(0.,0.,1.));
#7235=DIRECTION('ref_axis',(0.904118431176482,-0.427281947204627,0.));
#7236=DIRECTION('center_axis',(0.,1.,0.));
#7237=DIRECTION('ref_axis',(0.707106781186547,0.,-0.707106781186547));
#7238=DIRECTION('center_axis',(-0.694658370458997,0.719339800338651,0.));
#7239=DIRECTION('ref_axis',(0.719339800338651,0.694658370458997,0.));
#7240=DIRECTION('',(0.,1.,0.));
#7241=DIRECTION('center_axis',(0.,-1.,0.));
#7242=DIRECTION('ref_axis',(0.,0.,-1.));
#7243=DIRECTION('',(0.,-1.,0.));
#7244=DIRECTION('center_axis',(0.719339800338649,0.694658370459,0.));
#7245=DIRECTION('ref_axis',(0.491197644359549,-0.508650050796849,-0.707106781186542));
#7246=DIRECTION('',(0.719339800338649,0.694658370459,0.));
#7247=DIRECTION('center_axis',(-0.719339800338654,-0.694658370458994,0.));
#7248=DIRECTION('ref_axis',(0.,0.,-1.));
#7249=DIRECTION('',(-0.719339800338649,-0.694658370459,0.));
#7250=DIRECTION('center_axis',(-0.930417567982045,-0.366501226724245,0.));
#7251=DIRECTION('ref_axis',(-0.366501226724245,0.930417567982045,0.));
#7252=DIRECTION('center_axis',(0.,0.,1.));
#7253=DIRECTION('ref_axis',(1.,0.,0.));
#7254=DIRECTION('center_axis',(0.,0.,1.));
#7255=DIRECTION('ref_axis',(0.904118431176482,-0.427281947204627,0.));
#7256=DIRECTION('center_axis',(0.,0.,1.));
#7257=DIRECTION('ref_axis',(1.,0.,0.));
#7258=DIRECTION('center_axis',(0.,0.,-1.));
#7259=DIRECTION('ref_axis',(0.794102847356339,-0.607783405351409,0.));
#7260=DIRECTION('center_axis',(-0.719339800338653,-0.694658370458996,0.));
#7261=DIRECTION('ref_axis',(0.694658370458996,-0.719339800338653,0.));
#7262=DIRECTION('center_axis',(0.719339800338649,0.694658370459,0.));
#7263=DIRECTION('ref_axis',(0.491197644359549,-0.508650050796849,0.707106781186542));
#7264=DIRECTION('',(0.719339800338649,0.694658370459,0.));
#7265=DIRECTION('',(-0.719339800338649,-0.694658370459,0.));
#7266=DIRECTION('center_axis',(0.930417567982044,0.366501226724248,3.3055072207661E-15));
#7267=DIRECTION('ref_axis',(0.366501226724248,-0.930417567982044,7.98020036289444E-15));
#7268=DIRECTION('center_axis',(0.,1.,0.));
#7269=DIRECTION('ref_axis',(0.707106781186547,0.,0.707106781186547));
#7270=DIRECTION('center_axis',(-0.694658370458997,0.719339800338651,0.));
#7271=DIRECTION('ref_axis',(0.719339800338651,0.694658370458997,0.));
#7272=DIRECTION('',(0.,1.,0.));
#7273=DIRECTION('center_axis',(0.,-1.,0.));
#7274=DIRECTION('ref_axis',(1.,0.,0.));
#7275=DIRECTION('',(0.,-1.,0.));
#7276=DIRECTION('center_axis',(0.694658370458997,-0.719339800338651,0.));
#7277=DIRECTION('ref_axis',(0.719339800338651,0.694658370458997,0.));
#7278=DIRECTION('',(0.,0.,1.));
#7279=DIRECTION('',(-0.719339800338651,-0.694658370458997,0.));
#7280=DIRECTION('',(0.719339800338651,0.694658370458997,0.));
#7281=DIRECTION('center_axis',(0.,1.,0.));
#7282=DIRECTION('ref_axis',(0.707106781186547,0.,-0.707106781186547));
#7283=DIRECTION('center_axis',(-0.694658370458997,0.719339800338651,0.));
#7284=DIRECTION('ref_axis',(0.719339800338651,0.694658370458997,0.));
#7285=DIRECTION('',(0.,1.,0.));
#7286=DIRECTION('center_axis',(0.,-1.,0.));
#7287=DIRECTION('ref_axis',(0.,0.,-1.));
#7288=DIRECTION('',(0.,-1.,0.));
#7289=DIRECTION('center_axis',(0.,1.,0.));
#7290=DIRECTION('ref_axis',(0.707106781186547,0.,0.707106781186547));
#7291=DIRECTION('center_axis',(-0.694658370458997,0.719339800338651,0.));
#7292=DIRECTION('ref_axis',(0.719339800338651,0.694658370458997,0.));
#7293=DIRECTION('',(0.,1.,0.));
#7294=DIRECTION('center_axis',(0.,1.,0.));
#7295=DIRECTION('ref_axis',(0.,0.,1.));
#7296=DIRECTION('',(0.,-1.,0.));
#7297=DIRECTION('center_axis',(-0.694658370458997,0.719339800338651,0.));
#7298=DIRECTION('ref_axis',(-0.719339800338651,-0.694658370458997,0.));
#7299=DIRECTION('',(0.,0.,1.));
#7300=DIRECTION('',(0.719339800338651,0.694658370458997,0.));
#7301=DIRECTION('',(-0.719339800338651,-0.694658370458997,0.));
#7302=DIRECTION('center_axis',(0.,0.,1.));
#7303=DIRECTION('ref_axis',(1.,0.,0.));
#7304=DIRECTION('center_axis',(0.,0.,-1.));
#7305=DIRECTION('ref_axis',(0.904118431176482,-0.427281947204627,0.));
#7306=DIRECTION('center_axis',(-0.719339800338646,-0.694658370459003,0.));
#7307=DIRECTION('ref_axis',(0.694658370459003,-0.719339800338646,0.));
#7308=DIRECTION('center_axis',(0.719339800338649,0.694658370459,0.));
#7309=DIRECTION('ref_axis',(0.491197644359559,-0.508650050796819,0.707106781186557));
#7310=DIRECTION('',(0.719339800338649,0.694658370459,0.));
#7311=DIRECTION('',(-0.719339800338649,-0.694658370459,0.));
#7312=DIRECTION('center_axis',(0.930417567982037,0.366501226724265,0.));
#7313=DIRECTION('ref_axis',(0.366501226724265,-0.930417567982037,0.));
#7314=DIRECTION('center_axis',(0.,1.,0.));
#7315=DIRECTION('ref_axis',(0.,0.,1.));
#7316=DIRECTION('',(0.,0.,-1.));
#7317=DIRECTION('',(1.,0.,0.));
#7318=DIRECTION('',(0.,0.,1.));
#7319=DIRECTION('',(1.,0.,0.));
#7320=DIRECTION('center_axis',(0.,1.,0.));
#7321=DIRECTION('ref_axis',(0.,0.,1.));
#7322=DIRECTION('',(-1.,0.,0.));
#7323=DIRECTION('',(0.,0.,1.));
#7324=DIRECTION('',(1.,0.,0.));
#7325=DIRECTION('',(0.,0.,1.));
#7326=DIRECTION('center_axis',(0.,0.,1.));
#7327=DIRECTION('ref_axis',(1.,0.,0.));
#7328=DIRECTION('',(0.,-1.,0.));
#7329=DIRECTION('',(0.719339800338651,0.694658370458997,0.));
#7330=DIRECTION('center_axis',(-0.694658370458997,0.719339800338651,0.));
#7331=DIRECTION('ref_axis',(-0.719339800338651,-0.694658370458997,0.));
#7332=DIRECTION('',(-0.719339800338651,-0.694658370458997,0.));
#7333=DIRECTION('',(0.,0.,1.));
#7334=DIRECTION('center_axis',(0.,0.,1.));
#7335=DIRECTION('ref_axis',(0.,-1.,0.));
#7336=DIRECTION('',(0.,1.,0.));
#7337=DIRECTION('',(0.,-1.,0.));
#7338=DIRECTION('',(0.,-1.,0.));
#7339=DIRECTION('',(0.694658370458996,-0.719339800338652,0.));
#7340=DIRECTION('center_axis',(0.719339800338652,0.694658370458996,0.));
#7341=DIRECTION('ref_axis',(0.,0.,-1.));
#7342=DIRECTION('',(0.,0.,1.));
#7343=DIRECTION('',(0.694658370458996,-0.719339800338652,1.39555404689079E-16));
#7344=DIRECTION('center_axis',(0.,1.94004842528355E-16,1.));
#7345=DIRECTION('ref_axis',(0.,-1.,1.94004842528355E-16));
#7346=DIRECTION('',(0.,-1.,1.94004842528355E-16));
#7347=DIRECTION('',(1.,0.,0.));
#7348=DIRECTION('',(0.,1.,-1.94004842528355E-16));
#7349=DIRECTION('center_axis',(0.,1.,0.));
#7350=DIRECTION('ref_axis',(1.,0.,0.));
#7351=DIRECTION('',(0.,0.,-1.));
#7352=DIRECTION('',(1.,0.,0.));
#7353=DIRECTION('',(0.,0.,-1.));
#7354=DIRECTION('center_axis',(0.,0.,-1.));
#7355=DIRECTION('ref_axis',(-1.,0.,0.));
#7356=DIRECTION('',(0.,-1.,0.));
#7357=DIRECTION('',(1.,0.,0.));
#7358=DIRECTION('',(0.,1.,0.));
#7359=DIRECTION('center_axis',(0.,1.,0.));
#7360=DIRECTION('ref_axis',(1.,0.,0.));
#7361=DIRECTION('center_axis',(0.,1.,0.));
#7362=DIRECTION('ref_axis',(0.382683432365086,0.,0.923879532511288));
#7363=DIRECTION('',(1.,0.,0.));
#7364=DIRECTION('',(0.,0.,-1.));
#7365=DIRECTION('',(0.,0.,-1.));
#7366=DIRECTION('center_axis',(1.,0.,0.));
#7367=DIRECTION('ref_axis',(0.,0.,-1.));
#7368=DIRECTION('',(0.,1.,0.));
#7369=DIRECTION('',(0.,0.,-1.));
#7370=DIRECTION('',(0.,-1.,0.));
#7371=DIRECTION('',(0.,0.,1.));
#7372=DIRECTION('center_axis',(0.,0.120664446755287,0.9926933520928));
#7373=DIRECTION('ref_axis',(0.,-0.992693352092801,0.120664446755287));
#7374=DIRECTION('',(1.,0.,0.));
#7375=DIRECTION('',(0.,0.992693352092801,-0.120664446755287));
#7376=DIRECTION('',(1.,0.,0.));
#7377=DIRECTION('',(0.,-0.992693352092801,0.120664446755287));
#7378=DIRECTION('center_axis',(0.,0.,1.));
#7379=DIRECTION('ref_axis',(0.,-1.,0.));
#7380=DIRECTION('',(0.,1.,0.));
#7381=DIRECTION('',(-0.719339800338651,0.694658370458998,0.));
#7382=DIRECTION('',(-1.,0.,0.));
#7383=DIRECTION('',(0.,1.,0.));
#7384=DIRECTION('',(-1.,0.,0.));
#7385=DIRECTION('',(0.,-1.,0.));
#7386=DIRECTION('',(1.,0.,0.));
#7387=DIRECTION('',(0.,1.,0.));
#7388=DIRECTION('',(0.,-1.,0.));
#7389=DIRECTION('center_axis',(-1.,0.,0.));
#7390=DIRECTION('ref_axis',(0.,-0.382683432365091,0.923879532511286));
#7391=DIRECTION('',(1.,0.,0.));
#7392=DIRECTION('',(-1.,0.,0.));
#7393=DIRECTION('center_axis',(-1.,0.,0.));
#7394=DIRECTION('ref_axis',(0.,-0.382683432365091,0.923879532511286));
#7395=DIRECTION('center_axis',(-0.927183854566795,0.374606593415893,0.));
#7396=DIRECTION('ref_axis',(0.374606593415893,0.927183854566795,0.));
#7397=DIRECTION('center_axis',(0.,0.,-1.));
#7398=DIRECTION('ref_axis',(-0.707106781186547,0.707106781186547,0.));
#7399=DIRECTION('',(0.,0.,-1.));
#7400=DIRECTION('center_axis',(0.,0.707106781186548,-0.707106781186548));
#7401=DIRECTION('ref_axis',(0.,0.707106781186547,0.707106781186547));
#7402=DIRECTION('',(0.,0.,1.));
#7403=DIRECTION('center_axis',(0.,0.707106781186548,0.707106781186548));
#7404=DIRECTION('ref_axis',(0.,0.707106781186547,-0.707106781186547));
#7405=DIRECTION('center_axis',(1.,0.,0.));
#7406=DIRECTION('ref_axis',(0.,-1.,0.));
#7407=DIRECTION('',(0.,1.,0.));
#7408=DIRECTION('',(0.,-0.707106781186548,-0.707106781186548));
#7409=DIRECTION('',(0.,0.,-1.));
#7410=DIRECTION('',(0.,1.,0.));
#7411=DIRECTION('center_axis',(0.,0.,1.));
#7412=DIRECTION('ref_axis',(-0.707106781186547,-0.707106781186547,0.));
#7413=DIRECTION('center_axis',(-1.,0.,0.));
#7414=DIRECTION('ref_axis',(0.,-1.,0.));
#7415=DIRECTION('center_axis',(0.,0.,-1.));
#7416=DIRECTION('ref_axis',(-0.707106781186547,-0.707106781186547,0.));
#7417=DIRECTION('center_axis',(1.,0.,0.));
#7418=DIRECTION('ref_axis',(0.,-1.,0.));
#7419=DIRECTION('',(0.,-1.,0.));
#7420=DIRECTION('',(0.,0.,-1.));
#7421=DIRECTION('',(0.,-1.,0.));
#7422=DIRECTION('',(0.,0.,-1.));
#7423=DIRECTION('center_axis',(-1.,0.,0.));
#7424=DIRECTION('ref_axis',(0.,1.,0.));
#7425=DIRECTION('',(0.,1.,0.));
#7426=DIRECTION('',(0.,0.,-1.));
#7427=DIRECTION('',(0.,1.,0.));
#7428=DIRECTION('',(0.,0.,-1.));
#7429=DIRECTION('center_axis',(0.,0.,-1.));
#7430=DIRECTION('ref_axis',(-1.,0.,0.));
#7431=DIRECTION('center_axis',(0.,0.,-1.));
#7432=DIRECTION('ref_axis',(-1.,0.,0.));
#7433=DIRECTION('center_axis',(0.,0.,-1.));
#7434=DIRECTION('ref_axis',(-1.,0.,0.));
#7435=DIRECTION('center_axis',(0.,0.,-1.));
#7436=DIRECTION('ref_axis',(-1.,0.,0.));
#7437=DIRECTION('center_axis',(0.,0.,1.));
#7438=DIRECTION('ref_axis',(-1.,0.,0.));
#7439=DIRECTION('',(0.,0.,1.));
#7440=DIRECTION('center_axis',(0.,0.,1.));
#7441=DIRECTION('ref_axis',(-1.,0.,0.));
#7442=DIRECTION('center_axis',(-1.,0.,0.));
#7443=DIRECTION('ref_axis',(0.,1.,0.));
#7444=DIRECTION('',(0.,0.,1.));
#7445=DIRECTION('',(0.,-1.,0.));
#7446=DIRECTION('',(0.,0.,-1.));
#7447=DIRECTION('',(0.,1.,0.));
#7448=DIRECTION('center_axis',(0.,0.,-1.));
#7449=DIRECTION('ref_axis',(-1.,0.,0.));
#7450=DIRECTION('center_axis',(0.,0.,1.));
#7451=DIRECTION('ref_axis',(-1.,0.,0.));
#7452=DIRECTION('',(0.,0.,-1.));
#7453=DIRECTION('center_axis',(0.,0.,1.));
#7454=DIRECTION('ref_axis',(-1.,0.,0.));
#7455=DIRECTION('center_axis',(1.,0.,0.));
#7456=DIRECTION('ref_axis',(0.,-1.,0.));
#7457=DIRECTION('',(0.,0.,-1.));
#7458=DIRECTION('',(0.,1.,0.));
#7459=DIRECTION('',(0.,1.,0.));
#7460=DIRECTION('center_axis',(0.,0.,-1.));
#7461=DIRECTION('ref_axis',(-1.,0.,0.));
#7462=DIRECTION('center_axis',(0.,0.,-1.));
#7463=DIRECTION('ref_axis',(-1.,0.,0.));
#7464=DIRECTION('',(0.,0.,-1.));
#7465=DIRECTION('center_axis',(0.,0.,-1.));
#7466=DIRECTION('ref_axis',(-1.,0.,0.));
#7467=DIRECTION('center_axis',(0.,0.,1.));
#7468=DIRECTION('ref_axis',(0.,-1.,0.));
#7469=DIRECTION('',(-1.,0.,0.));
#7470=DIRECTION('',(0.,-1.,0.));
#7471=DIRECTION('',(0.,1.,0.));
#7472=DIRECTION('center_axis',(0.694658370459,-0.719339800338649,0.));
#7473=DIRECTION('ref_axis',(0.719339800338649,0.694658370459,0.));
#7474=DIRECTION('',(0.,0.,1.));
#7475=DIRECTION('center_axis',(0.99984769515639,-0.0174524064373393,0.));
#7476=DIRECTION('ref_axis',(-0.0123407149398663,-0.706999085398828,0.707106781186542));
#7477=DIRECTION('',(-0.99984769515639,0.0174524064373393,0.));
#7478=DIRECTION('center_axis',(-0.694658370458997,0.719339800338651,0.));
#7479=DIRECTION('ref_axis',(-0.719339800338651,-0.694658370458997,-1.96261557335483E-16));
#7480=DIRECTION('',(0.99984769515639,-0.0174524064373393,0.));
#7481=DIRECTION('center_axis',(0.99984769515639,-0.0174524064373393,0.));
#7482=DIRECTION('ref_axis',(-0.0123407149398663,-0.706999085398828,-0.707106781186542));
#7483=DIRECTION('',(-0.99984769515639,0.0174524064373393,0.));
#7484=DIRECTION('center_axis',(-0.694658370458997,0.719339800338651,0.));
#7485=DIRECTION('ref_axis',(-0.719339800338651,-0.694658370458997,1.96261557335483E-16));
#7486=DIRECTION('',(0.99984769515639,-0.0174524064373393,0.));
#7487=DIRECTION('center_axis',(0.694658370459,-0.719339800338649,0.));
#7488=DIRECTION('ref_axis',(0.719339800338649,0.694658370459,0.));
#7489=DIRECTION('',(0.,0.,1.));
#7490=DIRECTION('center_axis',(0.99984769515639,-0.0174524064373393,0.));
#7491=DIRECTION('ref_axis',(-0.0123407149398663,-0.706999085398828,0.707106781186542));
#7492=DIRECTION('',(-0.99984769515639,0.0174524064373393,0.));
#7493=DIRECTION('center_axis',(-0.694658370458997,0.719339800338651,0.));
#7494=DIRECTION('ref_axis',(-0.719339800338651,-0.694658370458997,-1.96261557335483E-16));
#7495=DIRECTION('',(0.99984769515639,-0.0174524064373393,0.));
#7496=DIRECTION('center_axis',(0.99984769515639,-0.0174524064373393,0.));
#7497=DIRECTION('ref_axis',(-0.0123407149398663,-0.706999085398828,-0.707106781186542));
#7498=DIRECTION('',(-0.99984769515639,0.0174524064373393,0.));
#7499=DIRECTION('center_axis',(-0.694658370458997,0.719339800338651,0.));
#7500=DIRECTION('ref_axis',(-0.719339800338651,-0.694658370458997,1.96261557335483E-16));
#7501=DIRECTION('',(0.99984769515639,-0.0174524064373393,0.));
#7502=DIRECTION('center_axis',(0.719339800338648,0.694658370459,0.));
#7503=DIRECTION('ref_axis',(0.491197644359559,-0.508650050796819,0.707106781186557));
#7504=DIRECTION('',(0.719339800338648,0.694658370459,0.));
#7505=DIRECTION('center_axis',(-0.719339800338653,-0.694658370458996,0.));
#7506=DIRECTION('ref_axis',(0.694658370458996,-0.719339800338653,0.));
#7507=DIRECTION('',(-0.719339800338648,-0.694658370459,0.));
#7508=DIRECTION('center_axis',(0.930417567982041,0.366501226724256,1.37220985926095E-14));
#7509=DIRECTION('ref_axis',(0.366501226724256,-0.930417567982041,3.31280765264941E-14));
#7510=DIRECTION('center_axis',(-0.99984769515639,0.0174524064373393,0.));
#7511=DIRECTION('ref_axis',(-0.0123407149398667,-0.706999085398808,0.707106781186563));
#7512=DIRECTION('',(-0.99984769515639,0.0174524064373393,0.));
#7513=DIRECTION('center_axis',(-0.694658370458997,0.719339800338651,0.));
#7514=DIRECTION('ref_axis',(-0.719339800338651,-0.694658370458997,0.));
#7515=DIRECTION('',(0.99984769515639,-0.0174524064373393,0.));
#7516=DIRECTION('center_axis',(0.,0.,1.));
#7517=DIRECTION('ref_axis',(0.,1.,0.));
#7518=DIRECTION('',(0.,1.,0.));
#7519=DIRECTION('',(-1.,0.,0.));
#7520=DIRECTION('',(-1.,0.,0.));
#7521=DIRECTION('center_axis',(0.,-1.,0.));
#7522=DIRECTION('ref_axis',(0.,0.,1.));
#7523=DIRECTION('',(0.,0.,1.));
#7524=DIRECTION('',(-1.,0.,0.));
#7525=DIRECTION('center_axis',(0.,0.,-1.));
#7526=DIRECTION('ref_axis',(0.,-1.,0.));
#7527=DIRECTION('',(0.,-1.,0.));
#7528=DIRECTION('',(-1.,0.,0.));
#7529=DIRECTION('center_axis',(0.,1.,0.));
#7530=DIRECTION('ref_axis',(0.,0.,-1.));
#7531=DIRECTION('',(0.,0.,-1.));
#7532=DIRECTION('center_axis',(0.,0.,1.));
#7533=DIRECTION('ref_axis',(0.,1.,0.));
#7534=DIRECTION('',(0.,1.,0.));
#7535=DIRECTION('',(-1.,0.,0.));
#7536=DIRECTION('',(-1.,0.,0.));
#7537=DIRECTION('center_axis',(0.,-1.,0.));
#7538=DIRECTION('ref_axis',(0.,0.,1.));
#7539=DIRECTION('',(0.,0.,1.));
#7540=DIRECTION('',(-1.,0.,0.));
#7541=DIRECTION('center_axis',(0.,0.,-1.));
#7542=DIRECTION('ref_axis',(0.,-1.,0.));
#7543=DIRECTION('',(0.,-1.,0.));
#7544=DIRECTION('',(-1.,0.,0.));
#7545=DIRECTION('center_axis',(0.,1.,0.));
#7546=DIRECTION('ref_axis',(0.,0.,-1.));
#7547=DIRECTION('',(0.,0.,-1.));
#7548=DIRECTION('center_axis',(1.,0.,0.));
#7549=DIRECTION('ref_axis',(0.,0.,-1.));
#7550=DIRECTION('',(0.,0.,-1.));
#7551=DIRECTION('',(0.,-1.,0.));
#7552=DIRECTION('',(0.,0.,1.));
#7553=DIRECTION('',(0.,1.,0.));
#7554=DIRECTION('center_axis',(1.,0.,0.));
#7555=DIRECTION('ref_axis',(0.,0.,-1.));
#7556=DIRECTION('',(0.,0.,-1.));
#7557=DIRECTION('',(0.,-1.,0.));
#7558=DIRECTION('',(0.,0.,1.));
#7559=DIRECTION('',(0.,1.,0.));
#7560=DIRECTION('center_axis',(0.,1.,0.));
#7561=DIRECTION('ref_axis',(0.,0.,-1.));
#7562=DIRECTION('',(0.,0.,1.));
#7563=DIRECTION('',(-1.,0.,0.));
#7564=DIRECTION('center_axis',(0.,-1.,0.));
#7565=DIRECTION('ref_axis',(-0.707106781186547,0.,-0.707106781186547));
#7566=DIRECTION('',(0.,-1.,0.));
#7567=DIRECTION('center_axis',(0.,-1.,0.));
#7568=DIRECTION('ref_axis',(0.,0.,1.));
#7569=DIRECTION('',(-1.,0.,0.));
#7570=DIRECTION('center_axis',(0.,1.,0.));
#7571=DIRECTION('ref_axis',(-0.707106781186547,0.,0.707106781186547));
#7572=DIRECTION('',(0.,0.,-1.));
#7573=DIRECTION('center_axis',(0.,1.,0.));
#7574=DIRECTION('ref_axis',(-0.707106781186547,0.,0.707106781186547));
#7575=DIRECTION('center_axis',(0.,1.,0.));
#7576=DIRECTION('ref_axis',(-0.707106781186548,0.,0.707106781186548));
#7577=DIRECTION('',(0.,1.,0.));
#7578=DIRECTION('',(0.,-1.,0.));
#7579=DIRECTION('center_axis',(0.,1.,0.));
#7580=DIRECTION('ref_axis',(0.707106781186547,0.,0.707106781186547));
#7581=DIRECTION('center_axis',(0.,1.,0.));
#7582=DIRECTION('ref_axis',(0.707106781186547,0.,0.707106781186548));
#7583=DIRECTION('',(0.,1.,0.));
#7584=DIRECTION('center_axis',(0.,1.,0.));
#7585=DIRECTION('ref_axis',(0.707106781186547,0.,0.707106781186547));
#7586=DIRECTION('',(0.,-1.,0.));
#7587=DIRECTION('center_axis',(-1.,0.,0.));
#7588=DIRECTION('ref_axis',(0.,0.707106781186547,-0.707106781186547));
#7589=DIRECTION('',(1.,0.,0.));
#7590=DIRECTION('center_axis',(0.707106781186548,0.,-0.707106781186548));
#7591=DIRECTION('ref_axis',(-0.707106781186547,0.,-0.707106781186547));
#7592=DIRECTION('',(-1.,0.,0.));
#7593=DIRECTION('center_axis',(0.,1.,0.));
#7594=DIRECTION('ref_axis',(0.,0.,-1.));
#7595=DIRECTION('',(0.,0.,1.));
#7596=DIRECTION('',(-1.,0.,0.));
#7597=DIRECTION('center_axis',(0.,-1.,0.));
#7598=DIRECTION('ref_axis',(-0.707106781186547,0.,-0.707106781186547));
#7599=DIRECTION('',(0.,-1.,0.));
#7600=DIRECTION('center_axis',(0.,-1.,0.));
#7601=DIRECTION('ref_axis',(0.,0.,1.));
#7602=DIRECTION('',(-1.,0.,0.));
#7603=DIRECTION('',(0.,0.,-1.));
#7604=DIRECTION('center_axis',(-1.,0.,0.));
#7605=DIRECTION('ref_axis',(0.,0.,1.));
#7606=DIRECTION('',(0.,0.,1.));
#7607=DIRECTION('',(0.,1.,0.));
#7608=DIRECTION('',(0.,1.,0.));
#7609=DIRECTION('center_axis',(-1.,0.,0.));
#7610=DIRECTION('ref_axis',(0.,0.,1.));
#7611=DIRECTION('',(0.,0.,-1.));
#7612=DIRECTION('',(0.,1.,0.));
#7613=DIRECTION('',(0.,0.,1.));
#7614=DIRECTION('',(0.,-1.,0.));
#7615=DIRECTION('center_axis',(-1.,0.,0.));
#7616=DIRECTION('ref_axis',(0.,0.,1.));
#7617=DIRECTION('',(0.,0.,1.));
#7618=DIRECTION('',(0.,-1.,0.));
#7619=DIRECTION('',(0.,0.,-1.));
#7620=DIRECTION('',(0.,1.,0.));
#7621=DIRECTION('center_axis',(-1.,0.,0.));
#7622=DIRECTION('ref_axis',(0.,0.,1.));
#7623=DIRECTION('',(0.,0.,1.));
#7624=DIRECTION('',(0.,-1.,0.));
#7625=DIRECTION('',(0.,0.,-1.));
#7626=DIRECTION('',(0.,1.,0.));
#7627=DIRECTION('center_axis',(1.,0.,0.));
#7628=DIRECTION('ref_axis',(0.,0.,-1.));
#7629=DIRECTION('',(0.,0.,-1.));
#7630=DIRECTION('',(0.,-1.,0.));
#7631=DIRECTION('',(0.,0.,1.));
#7632=DIRECTION('',(0.,1.,0.));
#7633=DIRECTION('center_axis',(0.,-1.,0.));
#7634=DIRECTION('ref_axis',(1.,0.,0.));
#7635=DIRECTION('center_axis',(0.,0.,-1.));
#7636=DIRECTION('ref_axis',(0.707106781186547,-0.707106781186547,0.));
#7637=DIRECTION('center_axis',(-1.,0.,0.));
#7638=DIRECTION('ref_axis',(0.,-1.,0.));
#7639=DIRECTION('center_axis',(0.,0.,1.));
#7640=DIRECTION('ref_axis',(0.707106781186548,-0.707106781186548,0.));
#7641=DIRECTION('center_axis',(0.,0.,1.));
#7642=DIRECTION('ref_axis',(0.,-1.,0.));
#7643=DIRECTION('',(0.,-1.,0.));
#7644=DIRECTION('center_axis',(0.,0.,-1.));
#7645=DIRECTION('ref_axis',(0.707106781186547,0.707106781186548,0.));
#7646=DIRECTION('',(-1.,0.,0.));
#7647=DIRECTION('center_axis',(0.,1.,0.));
#7648=DIRECTION('ref_axis',(0.,0.,1.));
#7649=DIRECTION('center_axis',(0.,0.,1.));
#7650=DIRECTION('ref_axis',(0.707106781186547,0.707106781186548,0.));
#7651=DIRECTION('center_axis',(0.,1.,0.));
#7652=DIRECTION('ref_axis',(0.,0.,1.));
#7653=DIRECTION('',(0.,0.,1.));
#7654=DIRECTION('',(-0.707106781186548,0.,0.707106781186548));
#7655=DIRECTION('',(0.,0.,-1.));
#7656=DIRECTION('center_axis',(0.,0.,1.));
#7657=DIRECTION('ref_axis',(-0.707106781186547,0.707106781186547,0.));
#7658=DIRECTION('center_axis',(-0.707106781186548,0.,-0.707106781186548));
#7659=DIRECTION('ref_axis',(-0.707106781186547,0.,0.707106781186547));
#7660=DIRECTION('',(0.,0.,1.));
#7661=DIRECTION('center_axis',(0.,-1.,0.));
#7662=DIRECTION('ref_axis',(0.382683432365086,0.,0.923879532511288));
#7663=DIRECTION('',(0.,-1.,0.));
#7664=DIRECTION('',(0.,1.,0.));
#7665=DIRECTION('center_axis',(-1.34955230793976E-14,0.998171666621727,
-0.0604427328436129));
#7666=DIRECTION('ref_axis',(2.22869617741558E-13,-0.0604427328436129,-0.998171666621727));
#7667=DIRECTION('center_axis',(0.,-0.9926933520928,0.120664446755287));
#7668=DIRECTION('ref_axis',(0.382683432365093,0.111479412658984,0.91712907005856));
#7669=DIRECTION('center_axis',(0.,1.,0.));
#7670=DIRECTION('ref_axis',(5.2166588085259E-15,0.,1.));
#7671=DIRECTION('',(9.8130778667736E-18,0.992693352092801,-0.120664446755287));
#7672=DIRECTION('center_axis',(-2.77657182907024E-16,7.62856840386453E-16,
1.));
#7673=DIRECTION('ref_axis',(-0.342020143325669,0.939692620785908,-8.11815293120465E-16));
#7674=DIRECTION('',(-0.939692620785912,-0.342020143325659,0.));
#7675=DIRECTION('',(-0.342020143325669,0.939692620785908,-8.11815293120465E-16));
#7676=DIRECTION('',(-1.,0.,-2.77657182907024E-16));
#7677=DIRECTION('center_axis',(-0.939692620785912,-0.342020143325659,0.));
#7678=DIRECTION('ref_axis',(0.,0.,1.));
#7679=DIRECTION('',(0.,0.,-1.));
#7680=DIRECTION('',(-6.09179803465777E-16,9.16397096868393E-16,1.));
#7681=DIRECTION('',(0.342020143325669,-0.939692620785908,8.11815293120465E-16));
#7682=DIRECTION('center_axis',(2.77657182907024E-16,-7.62856840386453E-16,
-1.));
#7683=DIRECTION('ref_axis',(0.342020143325669,-0.939692620785908,8.11815293120465E-16));
#7684=DIRECTION('',(1.,0.,2.77657182907024E-16));
#7685=DIRECTION('',(-0.939692620785912,-0.342020143325659,0.));
#7686=DIRECTION('center_axis',(-2.77657182907024E-16,7.62856840386453E-16,
1.));
#7687=DIRECTION('ref_axis',(-0.342020143325669,0.939692620785908,-8.11815293120465E-16));
#7688=DIRECTION('',(-0.939692620785912,-0.342020143325659,0.));
#7689=DIRECTION('',(-0.342020143325669,0.939692620785908,-8.11815293120465E-16));
#7690=DIRECTION('',(-1.,0.,-2.77657182907024E-16));
#7691=DIRECTION('center_axis',(-0.939692620785912,-0.342020143325659,0.));
#7692=DIRECTION('ref_axis',(0.,0.,1.));
#7693=DIRECTION('',(0.,0.,-1.));
#7694=DIRECTION('',(-6.09179803465777E-16,9.16397096868393E-16,1.));
#7695=DIRECTION('',(0.342020143325669,-0.939692620785908,8.11815293120465E-16));
#7696=DIRECTION('center_axis',(2.77657182907024E-16,-7.62856840386453E-16,
-1.));
#7697=DIRECTION('ref_axis',(0.342020143325669,-0.939692620785908,8.11815293120465E-16));
#7698=DIRECTION('',(1.,0.,2.77657182907024E-16));
#7699=DIRECTION('',(-0.939692620785912,-0.342020143325659,0.));
#7700=DIRECTION('center_axis',(-2.77657182907024E-16,7.62856840386453E-16,
1.));
#7701=DIRECTION('ref_axis',(-0.342020143325669,0.939692620785908,-8.11815293120465E-16));
#7702=DIRECTION('',(-0.939692620785912,-0.342020143325659,0.));
#7703=DIRECTION('',(-0.342020143325669,0.939692620785908,-8.11815293120465E-16));
#7704=DIRECTION('',(-1.,0.,-2.77657182907024E-16));
#7705=DIRECTION('center_axis',(-0.939692620785912,-0.342020143325659,0.));
#7706=DIRECTION('ref_axis',(0.,0.,1.));
#7707=DIRECTION('',(0.,0.,-1.));
#7708=DIRECTION('',(-6.09179803465777E-16,9.16397096868393E-16,1.));
#7709=DIRECTION('',(0.342020143325669,-0.939692620785908,8.11815293120465E-16));
#7710=DIRECTION('center_axis',(2.77657182907024E-16,-7.62856840386453E-16,
-1.));
#7711=DIRECTION('ref_axis',(0.342020143325669,-0.939692620785908,8.11815293120465E-16));
#7712=DIRECTION('',(1.,0.,2.77657182907024E-16));
#7713=DIRECTION('',(-0.939692620785912,-0.342020143325659,0.));
#7714=DIRECTION('center_axis',(-2.77657182907024E-16,7.62856840386453E-16,
1.));
#7715=DIRECTION('ref_axis',(-0.342020143325669,0.939692620785908,-8.11815293120465E-16));
#7716=DIRECTION('',(-0.939692620785912,-0.342020143325659,0.));
#7717=DIRECTION('',(-0.342020143325669,0.939692620785908,-8.11815293120465E-16));
#7718=DIRECTION('',(-1.,0.,-2.77657182907024E-16));
#7719=DIRECTION('center_axis',(-0.939692620785912,-0.342020143325659,0.));
#7720=DIRECTION('ref_axis',(0.,0.,1.));
#7721=DIRECTION('',(0.,0.,-1.));
#7722=DIRECTION('',(-6.09179803465777E-16,9.16397096868393E-16,1.));
#7723=DIRECTION('',(0.342020143325669,-0.939692620785908,8.11815293120465E-16));
#7724=DIRECTION('center_axis',(2.77657182907024E-16,-7.62856840386453E-16,
-1.));
#7725=DIRECTION('ref_axis',(0.342020143325669,-0.939692620785908,8.11815293120465E-16));
#7726=DIRECTION('',(1.,0.,2.77657182907024E-16));
#7727=DIRECTION('',(-0.939692620785912,-0.342020143325659,0.));
#7728=DIRECTION('center_axis',(-2.77657182907024E-16,7.62856840386453E-16,
1.));
#7729=DIRECTION('ref_axis',(-0.342020143325669,0.939692620785908,-8.11815293120465E-16));
#7730=DIRECTION('',(-0.939692620785912,-0.342020143325659,0.));
#7731=DIRECTION('',(-0.342020143325669,0.939692620785908,-8.11815293120465E-16));
#7732=DIRECTION('',(-1.,0.,-2.77657182907024E-16));
#7733=DIRECTION('center_axis',(-0.939692620785912,-0.342020143325659,0.));
#7734=DIRECTION('ref_axis',(0.,0.,1.));
#7735=DIRECTION('',(0.,0.,-1.));
#7736=DIRECTION('',(-6.09179803465777E-16,9.16397096868393E-16,1.));
#7737=DIRECTION('',(0.342020143325669,-0.939692620785908,8.11815293120465E-16));
#7738=DIRECTION('center_axis',(2.77657182907024E-16,-7.62856840386453E-16,
-1.));
#7739=DIRECTION('ref_axis',(0.342020143325669,-0.939692620785908,8.11815293120465E-16));
#7740=DIRECTION('',(1.,0.,2.77657182907024E-16));
#7741=DIRECTION('',(-0.939692620785912,-0.342020143325659,0.));
#7742=DIRECTION('center_axis',(-2.08242887180268E-16,5.7214263028984E-16,
1.));
#7743=DIRECTION('ref_axis',(-0.342020143325669,0.939692620785908,-6.08861469840349E-16));
#7744=DIRECTION('',(-0.939692620785912,-0.342020143325659,0.));
#7745=DIRECTION('',(-0.342020143325669,0.939692620785908,-6.08861469840349E-16));
#7746=DIRECTION('',(-1.,0.,-2.08242887180268E-16));
#7747=DIRECTION('center_axis',(-0.939692620785912,-0.342020143325659,0.));
#7748=DIRECTION('ref_axis',(0.,0.,1.));
#7749=DIRECTION('',(0.,0.,-1.));
#7750=DIRECTION('',(-6.09179803465777E-16,9.16397096868393E-16,1.));
#7751=DIRECTION('',(0.342020143325669,-0.939692620785908,8.11815293120465E-16));
#7752=DIRECTION('center_axis',(2.77657182907024E-16,-7.62856840386453E-16,
-1.));
#7753=DIRECTION('ref_axis',(0.342020143325669,-0.939692620785908,8.11815293120465E-16));
#7754=DIRECTION('',(1.,0.,2.77657182907024E-16));
#7755=DIRECTION('',(-0.939692620785912,-0.342020143325659,0.));
#7756=DIRECTION('center_axis',(-2.77657182907024E-16,7.62856840386453E-16,
1.));
#7757=DIRECTION('ref_axis',(-0.342020143325669,0.939692620785908,-8.11815293120465E-16));
#7758=DIRECTION('',(-0.939692620785912,-0.342020143325659,0.));
#7759=DIRECTION('',(-0.342020143325669,0.939692620785908,-8.11815293120465E-16));
#7760=DIRECTION('',(-1.,0.,-2.77657182907024E-16));
#7761=DIRECTION('center_axis',(-0.939692620785912,-0.342020143325659,0.));
#7762=DIRECTION('ref_axis',(0.,0.,1.));
#7763=DIRECTION('',(0.,0.,-1.));
#7764=DIRECTION('',(-6.09179803465777E-16,9.16397096868393E-16,1.));
#7765=DIRECTION('',(0.342020143325669,-0.939692620785908,8.11815293120465E-16));
#7766=DIRECTION('center_axis',(2.77657182907024E-16,-7.62856840386453E-16,
-1.));
#7767=DIRECTION('ref_axis',(0.342020143325669,-0.939692620785908,8.11815293120465E-16));
#7768=DIRECTION('',(1.,0.,2.77657182907024E-16));
#7769=DIRECTION('',(-0.939692620785912,-0.342020143325659,0.));
#7770=DIRECTION('center_axis',(-2.08242887180268E-16,5.7214263028984E-16,
1.));
#7771=DIRECTION('ref_axis',(-0.342020143325669,0.939692620785908,-6.08861469840349E-16));
#7772=DIRECTION('',(-0.939692620785912,-0.342020143325659,0.));
#7773=DIRECTION('',(-0.342020143325669,0.939692620785908,-6.08861469840349E-16));
#7774=DIRECTION('',(-1.,0.,-2.08242887180268E-16));
#7775=DIRECTION('center_axis',(-0.939692620785912,-0.342020143325659,0.));
#7776=DIRECTION('ref_axis',(0.,0.,1.));
#7777=DIRECTION('',(0.,0.,-1.));
#7778=DIRECTION('',(-6.09179803465777E-16,9.16397096868393E-16,1.));
#7779=DIRECTION('',(0.342020143325669,-0.939692620785908,8.11815293120465E-16));
#7780=DIRECTION('center_axis',(2.77657182907024E-16,-7.62856840386453E-16,
-1.));
#7781=DIRECTION('ref_axis',(0.342020143325669,-0.939692620785908,8.11815293120465E-16));
#7782=DIRECTION('',(1.,0.,2.77657182907024E-16));
#7783=DIRECTION('',(-0.939692620785912,-0.342020143325659,0.));
#7784=DIRECTION('center_axis',(-2.77657182907024E-16,7.62856840386453E-16,
1.));
#7785=DIRECTION('ref_axis',(-0.342020143325669,0.939692620785908,-8.11815293120465E-16));
#7786=DIRECTION('',(-0.939692620785912,-0.342020143325659,0.));
#7787=DIRECTION('',(-0.342020143325669,0.939692620785908,-8.11815293120465E-16));
#7788=DIRECTION('',(-1.,0.,-2.77657182907024E-16));
#7789=DIRECTION('center_axis',(-0.939692620785912,-0.342020143325659,0.));
#7790=DIRECTION('ref_axis',(0.,0.,1.));
#7791=DIRECTION('',(0.,0.,-1.));
#7792=DIRECTION('',(-6.09179803465777E-16,9.16397096868393E-16,1.));
#7793=DIRECTION('',(0.342020143325669,-0.939692620785908,8.11815293120465E-16));
#7794=DIRECTION('center_axis',(2.77657182907024E-16,-7.62856840386453E-16,
-1.));
#7795=DIRECTION('ref_axis',(0.342020143325669,-0.939692620785908,8.11815293120465E-16));
#7796=DIRECTION('',(1.,0.,2.77657182907024E-16));
#7797=DIRECTION('',(-0.939692620785912,-0.342020143325659,0.));
#7798=DIRECTION('center_axis',(-2.42950035043646E-16,6.67499735338146E-16,
1.));
#7799=DIRECTION('ref_axis',(-0.342020143325669,0.939692620785908,-7.10338381480407E-16));
#7800=DIRECTION('',(-0.939692620785912,-0.342020143325659,0.));
#7801=DIRECTION('',(-0.342020143325669,0.939692620785908,-7.10338381480407E-16));
#7802=DIRECTION('',(-1.,0.,-2.42950035043646E-16));
#7803=DIRECTION('center_axis',(-0.939692620785912,-0.342020143325659,0.));
#7804=DIRECTION('ref_axis',(0.,0.,1.));
#7805=DIRECTION('',(0.,0.,-1.));
#7806=DIRECTION('',(-6.09179803465777E-16,9.16397096868393E-16,1.));
#7807=DIRECTION('',(0.342020143325669,-0.939692620785908,8.11815293120465E-16));
#7808=DIRECTION('center_axis',(2.77657182907024E-16,-7.62856840386453E-16,
-1.));
#7809=DIRECTION('ref_axis',(0.342020143325669,-0.939692620785908,8.11815293120465E-16));
#7810=DIRECTION('',(1.,0.,2.77657182907024E-16));
#7811=DIRECTION('',(-0.939692620785912,-0.342020143325659,0.));
#7812=DIRECTION('center_axis',(-2.42950035043646E-16,6.67499735338146E-16,
1.));
#7813=DIRECTION('ref_axis',(-0.342020143325669,0.939692620785908,-7.10338381480407E-16));
#7814=DIRECTION('',(-0.939692620785912,-0.342020143325659,0.));
#7815=DIRECTION('',(-0.342020143325669,0.939692620785908,-7.10338381480407E-16));
#7816=DIRECTION('',(-1.,0.,-2.42950035043646E-16));
#7817=DIRECTION('center_axis',(-0.939692620785912,-0.342020143325659,0.));
#7818=DIRECTION('ref_axis',(0.,0.,1.));
#7819=DIRECTION('',(0.,0.,-1.));
#7820=DIRECTION('',(-6.09179803465777E-16,9.16397096868393E-16,1.));
#7821=DIRECTION('',(0.342020143325669,-0.939692620785908,8.11815293120465E-16));
#7822=DIRECTION('center_axis',(2.77657182907024E-16,-7.62856840386453E-16,
-1.));
#7823=DIRECTION('ref_axis',(0.342020143325669,-0.939692620785908,8.11815293120465E-16));
#7824=DIRECTION('',(1.,0.,2.77657182907024E-16));
#7825=DIRECTION('',(-0.939692620785912,-0.342020143325659,0.));
#7826=DIRECTION('center_axis',(-2.42950035043646E-16,6.67499735338146E-16,
1.));
#7827=DIRECTION('ref_axis',(-0.342020143325669,0.939692620785908,-7.10338381480407E-16));
#7828=DIRECTION('',(-0.939692620785912,-0.342020143325659,0.));
#7829=DIRECTION('',(-0.342020143325669,0.939692620785908,-7.10338381480407E-16));
#7830=DIRECTION('',(-1.,0.,-2.42950035043646E-16));
#7831=DIRECTION('center_axis',(-0.939692620785912,-0.342020143325659,0.));
#7832=DIRECTION('ref_axis',(0.,0.,1.));
#7833=DIRECTION('',(0.,0.,-1.));
#7834=DIRECTION('',(-6.09179803465777E-16,9.16397096868393E-16,1.));
#7835=DIRECTION('',(0.342020143325669,-0.939692620785908,8.11815293120465E-16));
#7836=DIRECTION('center_axis',(2.77657182907024E-16,-7.62856840386453E-16,
-1.));
#7837=DIRECTION('ref_axis',(0.342020143325669,-0.939692620785908,8.11815293120465E-16));
#7838=DIRECTION('',(1.,0.,2.77657182907024E-16));
#7839=DIRECTION('',(-0.939692620785912,-0.342020143325659,0.));
#7840=DIRECTION('center_axis',(-2.42950035043646E-16,6.67499735338146E-16,
1.));
#7841=DIRECTION('ref_axis',(-0.342020143325669,0.939692620785908,-7.10338381480407E-16));
#7842=DIRECTION('',(-0.939692620785912,-0.342020143325659,0.));
#7843=DIRECTION('',(-0.342020143325669,0.939692620785908,-7.10338381480407E-16));
#7844=DIRECTION('',(-1.,0.,-2.42950035043646E-16));
#7845=DIRECTION('center_axis',(-0.939692620785912,-0.342020143325659,0.));
#7846=DIRECTION('ref_axis',(0.,0.,1.));
#7847=DIRECTION('',(0.,0.,-1.));
#7848=DIRECTION('',(-6.09179803465777E-16,9.16397096868393E-16,1.));
#7849=DIRECTION('',(0.342020143325669,-0.939692620785908,8.11815293120465E-16));
#7850=DIRECTION('center_axis',(2.77657182907024E-16,-7.62856840386453E-16,
-1.));
#7851=DIRECTION('ref_axis',(0.342020143325669,-0.939692620785908,8.11815293120465E-16));
#7852=DIRECTION('',(1.,0.,2.77657182907024E-16));
#7853=DIRECTION('',(-0.939692620785912,-0.342020143325659,0.));
#7854=DIRECTION('center_axis',(0.,0.,1.));
#7855=DIRECTION('ref_axis',(1.,0.,0.));
#7856=DIRECTION('center_axis',(0.,0.,-1.));
#7857=DIRECTION('ref_axis',(0.707106781186548,0.707106781186547,0.));
#7858=DIRECTION('center_axis',(0.,-1.,0.));
#7859=DIRECTION('ref_axis',(1.,0.,0.));
#7860=DIRECTION('center_axis',(0.,0.,1.));
#7861=DIRECTION('ref_axis',(0.707106781186548,0.707106781186547,0.));
#7862=DIRECTION('center_axis',(0.,0.,-1.));
#7863=DIRECTION('ref_axis',(-1.,0.,0.));
#7864=DIRECTION('center_axis',(0.,0.,1.));
#7865=DIRECTION('ref_axis',(0.707106781186548,0.707106781186548,0.));
#7866=DIRECTION('',(-0.719339800338651,-0.694658370458997,0.));
#7867=DIRECTION('center_axis',(0.,0.,-1.));
#7868=DIRECTION('ref_axis',(0.977928672089826,0.20893901575491,-1.10872174916245E-14));
#7869=DIRECTION('center_axis',(1.,0.,0.));
#7870=DIRECTION('ref_axis',(0.,1.,0.));
#7871=DIRECTION('',(0.,0.,1.));
#7872=DIRECTION('center_axis',(0.,0.,1.));
#7873=DIRECTION('ref_axis',(1.,0.,0.));
#7874=DIRECTION('center_axis',(0.,0.,-1.));
#7875=DIRECTION('ref_axis',(0.707106781186548,0.707106781186548,0.));
#7876=DIRECTION('center_axis',(0.,0.,-1.));
#7877=DIRECTION('ref_axis',(-1.,0.,0.));
#7878=DIRECTION('center_axis',(0.,0.,1.));
#7879=DIRECTION('ref_axis',(0.707106781186548,0.707106781186547,0.));
#7880=DIRECTION('',(-0.719339800338651,-0.694658370458997,0.));
#7881=DIRECTION('center_axis',(0.,0.,-1.));
#7882=DIRECTION('ref_axis',(0.977928672089826,0.20893901575491,-1.10872174916245E-14));
#7883=DIRECTION('center_axis',(0.,0.,1.));
#7884=DIRECTION('ref_axis',(1.,0.,0.));
#7885=DIRECTION('center_axis',(0.,0.,-1.));
#7886=DIRECTION('ref_axis',(0.707106781186548,0.707106781186547,0.));
#7887=DIRECTION('center_axis',(0.,0.,1.));
#7888=DIRECTION('ref_axis',(0.707106781186548,0.707106781186547,0.));
#7889=DIRECTION('center_axis',(0.,0.,-1.));
#7890=DIRECTION('ref_axis',(-1.,0.,0.));
#7891=DIRECTION('center_axis',(0.,0.,1.));
#7892=DIRECTION('ref_axis',(0.977928672089826,0.20893901575491,-1.10872174916245E-14));
#7893=DIRECTION('',(0.719339800338651,0.694658370458997,0.));
#7894=DIRECTION('center_axis',(-1.,0.,0.));
#7895=DIRECTION('ref_axis',(0.,0.,1.));
#7896=DIRECTION('',(0.,0.,-1.));
#7897=DIRECTION('center_axis',(0.,0.,1.));
#7898=DIRECTION('ref_axis',(1.,0.,0.));
#7899=DIRECTION('center_axis',(0.,0.,-1.));
#7900=DIRECTION('ref_axis',(0.707106781186548,0.707106781186547,0.));
#7901=DIRECTION('center_axis',(0.,0.,1.));
#7902=DIRECTION('ref_axis',(1.,0.,0.));
#7903=DIRECTION('center_axis',(0.,0.,-1.));
#7904=DIRECTION('ref_axis',(0.993375906645277,-0.114909999985527,0.));
#7905=DIRECTION('center_axis',(0.,0.,1.));
#7906=DIRECTION('ref_axis',(0.993375906645277,-0.114909999985527,0.));
#7907=DIRECTION('center_axis',(0.,0.,-1.));
#7908=DIRECTION('ref_axis',(-1.,0.,0.));
#7909=DIRECTION('center_axis',(0.,0.,-1.));
#7910=DIRECTION('ref_axis',(0.707106781186548,0.707106781186548,0.));
#7911=DIRECTION('center_axis',(0.,0.,1.));
#7912=DIRECTION('ref_axis',(0.707106781186548,0.707106781186548,0.));
#7913=DIRECTION('center_axis',(0.,0.,1.));
#7914=DIRECTION('ref_axis',(1.,0.,0.));
#7915=DIRECTION('center_axis',(0.,0.,1.));
#7916=DIRECTION('ref_axis',(0.977928672089826,0.20893901575491,-1.10872174916245E-14));
#7917=DIRECTION('center_axis',(0.,0.,-1.));
#7918=DIRECTION('ref_axis',(0.918150334039152,-0.39623220982625,-7.69963587193411E-15));
#7919=DIRECTION('',(0.719339800338651,0.694658370458997,0.));
#7920=DIRECTION('center_axis',(-1.12041310566603E-14,-1.08197035928842E-14,
-1.));
#7921=DIRECTION('ref_axis',(0.918150334039152,-0.39623220982625,-7.69963587193411E-15));
#7922=DIRECTION('',(-1.12041310566603E-14,-1.08197035928842E-14,-1.));
#7923=DIRECTION('',(1.10885799631619E-14,1.16482415698377E-15,1.));
#7924=DIRECTION('center_axis',(1.,0.,0.));
#7925=DIRECTION('ref_axis',(0.,0.,-1.));
#7926=DIRECTION('',(0.,0.,-1.));
#7927=DIRECTION('',(0.,0.,1.));
#7928=DIRECTION('',(0.,-1.,0.));
#7929=DIRECTION('',(0.,0.,-1.));
#7930=DIRECTION('',(0.,1.,0.));
#7931=DIRECTION('',(0.,0.,1.));
#7932=DIRECTION('',(0.,-1.,0.));
#7933=DIRECTION('',(0.,0.,-1.));
#7934=DIRECTION('',(0.,1.,0.));
#7935=DIRECTION('center_axis',(0.,1.,0.));
#7936=DIRECTION('ref_axis',(0.,0.,-1.));
#7937=DIRECTION('',(0.,0.,-1.));
#7938=DIRECTION('',(-1.,0.,0.));
#7939=DIRECTION('',(-1.,0.,0.));
#7940=DIRECTION('center_axis',(0.,-1.,0.));
#7941=DIRECTION('ref_axis',(0.,0.,1.));
#7942=DIRECTION('',(0.,0.,1.));
#7943=DIRECTION('',(-1.,0.,0.));
#7944=DIRECTION('',(-1.,0.,0.));
#7945=DIRECTION('center_axis',(0.,0.,1.));
#7946=DIRECTION('ref_axis',(1.,0.,0.));
#7947=DIRECTION('center_axis',(0.,-1.,0.));
#7948=DIRECTION('ref_axis',(0.,0.,-1.));
#7949=DIRECTION('center_axis',(0.,0.,-1.));
#7950=DIRECTION('ref_axis',(0.707106781186548,-0.707106781186548,0.));
#7951=DIRECTION('center_axis',(-1.,0.,0.));
#7952=DIRECTION('ref_axis',(0.,0.,-1.));
#7953=DIRECTION('center_axis',(0.,0.,1.));
#7954=DIRECTION('ref_axis',(0.707106781186547,-0.707106781186547,0.));
#7955=DIRECTION('center_axis',(0.,0.,-1.));
#7956=DIRECTION('ref_axis',(0.970683815086843,0.240360003179503,0.));
#7957=DIRECTION('center_axis',(0.,-1.,0.));
#7958=DIRECTION('ref_axis',(0.,0.,-1.));
#7959=DIRECTION('center_axis',(0.,0.,1.));
#7960=DIRECTION('ref_axis',(0.970683815086843,0.240360003179503,0.));
#7961=DIRECTION('center_axis',(0.,1.,0.));
#7962=DIRECTION('ref_axis',(0.,0.,1.));
#7963=DIRECTION('',(0.,0.,1.));
#7964=DIRECTION('',(1.,0.,0.));
#7965=DIRECTION('',(1.,0.,0.));
#7966=DIRECTION('center_axis',(0.,0.,-1.));
#7967=DIRECTION('ref_axis',(0.,1.,0.));
#7968=DIRECTION('',(0.,1.,0.));
#7969=DIRECTION('',(1.,0.,0.));
#7970=DIRECTION('center_axis',(0.,-1.,0.));
#7971=DIRECTION('ref_axis',(0.,0.,-1.));
#7972=DIRECTION('',(0.,0.,-1.));
#7973=DIRECTION('',(1.,0.,0.));
#7974=DIRECTION('center_axis',(0.,0.,1.));
#7975=DIRECTION('ref_axis',(0.,-1.,0.));
#7976=DIRECTION('',(0.,-1.,0.));
#7977=DIRECTION('center_axis',(2.77657182907024E-16,7.62856840386453E-16,
1.));
#7978=DIRECTION('ref_axis',(-0.342020143325669,-0.939692620785908,8.11815293120465E-16));
#7979=DIRECTION('',(0.939692620785912,-0.342020143325659,0.));
#7980=DIRECTION('',(-0.342020143325669,-0.939692620785908,8.11815293120465E-16));
#7981=DIRECTION('',(1.,0.,-2.77657182907024E-16));
#7982=DIRECTION('center_axis',(-0.939692620785912,0.342020143325659,0.));
#7983=DIRECTION('ref_axis',(0.,0.,1.));
#7984=DIRECTION('',(0.,0.,1.));
#7985=DIRECTION('',(6.09179803465777E-16,9.16397096868393E-16,1.));
#7986=DIRECTION('',(0.342020143325669,0.939692620785908,-7.10338381480407E-16));
#7987=DIRECTION('center_axis',(-2.42950035043646E-16,-6.67499735338146E-16,
-1.));
#7988=DIRECTION('ref_axis',(0.342020143325669,0.939692620785908,-7.10338381480407E-16));
#7989=DIRECTION('',(-1.,0.,2.42950035043646E-16));
#7990=DIRECTION('',(0.939692620785912,-0.342020143325659,0.));
#7991=DIRECTION('center_axis',(2.77657182907024E-16,7.62856840386453E-16,
1.));
#7992=DIRECTION('ref_axis',(-0.342020143325669,-0.939692620785908,8.11815293120465E-16));
#7993=DIRECTION('',(0.939692620785912,-0.342020143325659,0.));
#7994=DIRECTION('',(-0.342020143325669,-0.939692620785908,8.11815293120465E-16));
#7995=DIRECTION('',(1.,0.,-2.77657182907024E-16));
#7996=DIRECTION('center_axis',(-0.939692620785912,0.342020143325659,0.));
#7997=DIRECTION('ref_axis',(0.,0.,1.));
#7998=DIRECTION('',(0.,0.,1.));
#7999=DIRECTION('',(6.09179803465777E-16,9.16397096868393E-16,1.));
#8000=DIRECTION('',(0.342020143325669,0.939692620785908,-7.10338381480407E-16));
#8001=DIRECTION('center_axis',(-2.42950035043646E-16,-6.67499735338146E-16,
-1.));
#8002=DIRECTION('ref_axis',(0.342020143325669,0.939692620785908,-7.10338381480407E-16));
#8003=DIRECTION('',(-1.,0.,2.42950035043646E-16));
#8004=DIRECTION('',(0.939692620785912,-0.342020143325659,0.));
#8005=DIRECTION('center_axis',(2.77657182907024E-16,7.62856840386453E-16,
1.));
#8006=DIRECTION('ref_axis',(-0.342020143325669,-0.939692620785908,8.11815293120465E-16));
#8007=DIRECTION('',(0.939692620785912,-0.342020143325659,0.));
#8008=DIRECTION('',(-0.342020143325669,-0.939692620785908,8.11815293120465E-16));
#8009=DIRECTION('',(1.,0.,-2.77657182907024E-16));
#8010=DIRECTION('center_axis',(-0.939692620785912,0.342020143325659,0.));
#8011=DIRECTION('ref_axis',(0.,0.,1.));
#8012=DIRECTION('',(0.,0.,1.));
#8013=DIRECTION('',(6.09179803465777E-16,9.16397096868393E-16,1.));
#8014=DIRECTION('',(0.342020143325669,0.939692620785908,-7.10338381480407E-16));
#8015=DIRECTION('center_axis',(-2.42950035043646E-16,-6.67499735338146E-16,
-1.));
#8016=DIRECTION('ref_axis',(0.342020143325669,0.939692620785908,-7.10338381480407E-16));
#8017=DIRECTION('',(-1.,0.,2.42950035043646E-16));
#8018=DIRECTION('',(0.939692620785912,-0.342020143325659,0.));
#8019=DIRECTION('center_axis',(2.77657182907024E-16,7.62856840386453E-16,
1.));
#8020=DIRECTION('ref_axis',(-0.342020143325669,-0.939692620785908,8.11815293120465E-16));
#8021=DIRECTION('',(0.939692620785912,-0.342020143325659,0.));
#8022=DIRECTION('',(-0.342020143325669,-0.939692620785908,8.11815293120465E-16));
#8023=DIRECTION('',(1.,0.,-2.77657182907024E-16));
#8024=DIRECTION('center_axis',(-0.939692620785912,0.342020143325659,0.));
#8025=DIRECTION('ref_axis',(0.,0.,1.));
#8026=DIRECTION('',(0.,0.,1.));
#8027=DIRECTION('',(6.09179803465777E-16,9.16397096868393E-16,1.));
#8028=DIRECTION('',(0.342020143325669,0.939692620785908,-7.10338381480407E-16));
#8029=DIRECTION('center_axis',(-2.42950035043646E-16,-6.67499735338146E-16,
-1.));
#8030=DIRECTION('ref_axis',(0.342020143325669,0.939692620785908,-7.10338381480407E-16));
#8031=DIRECTION('',(-1.,0.,2.42950035043646E-16));
#8032=DIRECTION('',(0.939692620785912,-0.342020143325659,0.));
#8033=DIRECTION('center_axis',(2.77657182907024E-16,7.62856840386453E-16,
1.));
#8034=DIRECTION('ref_axis',(-0.342020143325669,-0.939692620785908,8.11815293120465E-16));
#8035=DIRECTION('',(0.939692620785912,-0.342020143325659,0.));
#8036=DIRECTION('',(-0.342020143325669,-0.939692620785908,8.11815293120465E-16));
#8037=DIRECTION('',(1.,0.,-2.77657182907024E-16));
#8038=DIRECTION('center_axis',(-0.939692620785912,0.342020143325659,0.));
#8039=DIRECTION('ref_axis',(0.,0.,1.));
#8040=DIRECTION('',(0.,0.,1.));
#8041=DIRECTION('',(6.09179803465777E-16,9.16397096868393E-16,1.));
#8042=DIRECTION('',(0.342020143325669,0.939692620785908,-8.11815293120465E-16));
#8043=DIRECTION('center_axis',(-2.77657182907024E-16,-7.62856840386453E-16,
-1.));
#8044=DIRECTION('ref_axis',(0.342020143325669,0.939692620785908,-8.11815293120465E-16));
#8045=DIRECTION('',(-1.,0.,2.77657182907024E-16));
#8046=DIRECTION('',(0.939692620785912,-0.342020143325659,0.));
#8047=DIRECTION('center_axis',(2.77657182907024E-16,7.62856840386453E-16,
1.));
#8048=DIRECTION('ref_axis',(-0.342020143325669,-0.939692620785908,8.11815293120465E-16));
#8049=DIRECTION('',(0.939692620785912,-0.342020143325659,0.));
#8050=DIRECTION('',(-0.342020143325669,-0.939692620785908,8.11815293120465E-16));
#8051=DIRECTION('',(1.,0.,-2.77657182907024E-16));
#8052=DIRECTION('center_axis',(-0.939692620785912,0.342020143325659,0.));
#8053=DIRECTION('ref_axis',(0.,0.,1.));
#8054=DIRECTION('',(0.,0.,1.));
#8055=DIRECTION('',(6.09179803465777E-16,9.16397096868393E-16,1.));
#8056=DIRECTION('',(0.342020143325669,0.939692620785908,-6.08861469840349E-16));
#8057=DIRECTION('center_axis',(-2.08242887180268E-16,-5.7214263028984E-16,
-1.));
#8058=DIRECTION('ref_axis',(0.342020143325669,0.939692620785908,-6.08861469840349E-16));
#8059=DIRECTION('',(-1.,0.,2.08242887180268E-16));
#8060=DIRECTION('',(0.939692620785912,-0.342020143325659,0.));
#8061=DIRECTION('center_axis',(2.77657182907024E-16,7.62856840386453E-16,
1.));
#8062=DIRECTION('ref_axis',(-0.342020143325669,-0.939692620785908,8.11815293120465E-16));
#8063=DIRECTION('',(0.939692620785912,-0.342020143325659,0.));
#8064=DIRECTION('',(-0.342020143325669,-0.939692620785908,8.11815293120465E-16));
#8065=DIRECTION('',(1.,0.,-2.77657182907024E-16));
#8066=DIRECTION('center_axis',(-0.939692620785912,0.342020143325659,0.));
#8067=DIRECTION('ref_axis',(0.,0.,1.));
#8068=DIRECTION('',(0.,0.,1.));
#8069=DIRECTION('',(6.09179803465777E-16,9.16397096868393E-16,1.));
#8070=DIRECTION('',(0.342020143325669,0.939692620785908,-8.11815293120465E-16));
#8071=DIRECTION('center_axis',(-2.77657182907024E-16,-7.62856840386453E-16,
-1.));
#8072=DIRECTION('ref_axis',(0.342020143325669,0.939692620785908,-8.11815293120465E-16));
#8073=DIRECTION('',(-1.,0.,2.77657182907024E-16));
#8074=DIRECTION('',(0.939692620785912,-0.342020143325659,0.));
#8075=DIRECTION('center_axis',(2.77657182907024E-16,7.62856840386453E-16,
1.));
#8076=DIRECTION('ref_axis',(-0.342020143325669,-0.939692620785908,8.11815293120465E-16));
#8077=DIRECTION('',(0.939692620785912,-0.342020143325659,0.));
#8078=DIRECTION('',(-0.342020143325669,-0.939692620785908,8.11815293120465E-16));
#8079=DIRECTION('',(1.,0.,-2.77657182907024E-16));
#8080=DIRECTION('center_axis',(-0.939692620785912,0.342020143325659,0.));
#8081=DIRECTION('ref_axis',(0.,0.,1.));
#8082=DIRECTION('',(0.,0.,1.));
#8083=DIRECTION('',(6.09179803465777E-16,9.16397096868393E-16,1.));
#8084=DIRECTION('',(0.342020143325669,0.939692620785908,-6.08861469840349E-16));
#8085=DIRECTION('center_axis',(-2.08242887180268E-16,-5.7214263028984E-16,
-1.));
#8086=DIRECTION('ref_axis',(0.342020143325669,0.939692620785908,-6.08861469840349E-16));
#8087=DIRECTION('',(-1.,0.,2.08242887180268E-16));
#8088=DIRECTION('',(0.939692620785912,-0.342020143325659,0.));
#8089=DIRECTION('center_axis',(2.77657182907024E-16,7.62856840386453E-16,
1.));
#8090=DIRECTION('ref_axis',(-0.342020143325669,-0.939692620785908,8.11815293120465E-16));
#8091=DIRECTION('',(0.939692620785912,-0.342020143325659,0.));
#8092=DIRECTION('',(-0.342020143325669,-0.939692620785908,8.11815293120465E-16));
#8093=DIRECTION('',(1.,0.,-2.77657182907024E-16));
#8094=DIRECTION('center_axis',(-0.939692620785912,0.342020143325659,0.));
#8095=DIRECTION('ref_axis',(0.,0.,1.));
#8096=DIRECTION('',(0.,0.,1.));
#8097=DIRECTION('',(6.09179803465777E-16,9.16397096868393E-16,1.));
#8098=DIRECTION('',(0.342020143325669,0.939692620785908,-8.11815293120465E-16));
#8099=DIRECTION('center_axis',(-2.77657182907024E-16,-7.62856840386453E-16,
-1.));
#8100=DIRECTION('ref_axis',(0.342020143325669,0.939692620785908,-8.11815293120465E-16));
#8101=DIRECTION('',(-1.,0.,2.77657182907024E-16));
#8102=DIRECTION('',(0.939692620785912,-0.342020143325659,0.));
#8103=DIRECTION('center_axis',(2.77657182907024E-16,7.62856840386453E-16,
1.));
#8104=DIRECTION('ref_axis',(-0.342020143325669,-0.939692620785908,8.11815293120465E-16));
#8105=DIRECTION('',(0.939692620785912,-0.342020143325659,0.));
#8106=DIRECTION('',(-0.342020143325669,-0.939692620785908,8.11815293120465E-16));
#8107=DIRECTION('',(1.,0.,-2.77657182907024E-16));
#8108=DIRECTION('center_axis',(-0.939692620785912,0.342020143325659,0.));
#8109=DIRECTION('ref_axis',(0.,0.,1.));
#8110=DIRECTION('',(0.,0.,1.));
#8111=DIRECTION('',(6.09179803465777E-16,9.16397096868393E-16,1.));
#8112=DIRECTION('',(0.342020143325669,0.939692620785908,-8.11815293120465E-16));
#8113=DIRECTION('center_axis',(-2.77657182907024E-16,-7.62856840386453E-16,
-1.));
#8114=DIRECTION('ref_axis',(0.342020143325669,0.939692620785908,-8.11815293120465E-16));
#8115=DIRECTION('',(-1.,0.,2.77657182907024E-16));
#8116=DIRECTION('',(0.939692620785912,-0.342020143325659,0.));
#8117=DIRECTION('center_axis',(2.77657182907024E-16,7.62856840386453E-16,
1.));
#8118=DIRECTION('ref_axis',(-0.342020143325669,-0.939692620785908,8.11815293120465E-16));
#8119=DIRECTION('',(0.939692620785912,-0.342020143325659,0.));
#8120=DIRECTION('',(-0.342020143325669,-0.939692620785908,8.11815293120465E-16));
#8121=DIRECTION('',(1.,0.,-2.77657182907024E-16));
#8122=DIRECTION('center_axis',(-0.939692620785912,0.342020143325659,0.));
#8123=DIRECTION('ref_axis',(0.,0.,1.));
#8124=DIRECTION('',(0.,0.,1.));
#8125=DIRECTION('',(6.09179803465777E-16,9.16397096868393E-16,1.));
#8126=DIRECTION('',(0.342020143325669,0.939692620785908,-8.11815293120465E-16));
#8127=DIRECTION('center_axis',(-2.77657182907024E-16,-7.62856840386453E-16,
-1.));
#8128=DIRECTION('ref_axis',(0.342020143325669,0.939692620785908,-8.11815293120465E-16));
#8129=DIRECTION('',(-1.,0.,2.77657182907024E-16));
#8130=DIRECTION('',(0.939692620785912,-0.342020143325659,0.));
#8131=DIRECTION('center_axis',(2.77657182907024E-16,7.62856840386453E-16,
1.));
#8132=DIRECTION('ref_axis',(-0.342020143325669,-0.939692620785908,8.11815293120465E-16));
#8133=DIRECTION('',(0.939692620785912,-0.342020143325659,0.));
#8134=DIRECTION('',(-0.342020143325669,-0.939692620785908,8.11815293120465E-16));
#8135=DIRECTION('',(1.,0.,-2.77657182907024E-16));
#8136=DIRECTION('center_axis',(-0.939692620785912,0.342020143325659,0.));
#8137=DIRECTION('ref_axis',(0.,0.,1.));
#8138=DIRECTION('',(0.,0.,1.));
#8139=DIRECTION('',(6.09179803465777E-16,9.16397096868393E-16,1.));
#8140=DIRECTION('',(0.342020143325669,0.939692620785908,-8.11815293120465E-16));
#8141=DIRECTION('center_axis',(-2.77657182907024E-16,-7.62856840386453E-16,
-1.));
#8142=DIRECTION('ref_axis',(0.342020143325669,0.939692620785908,-8.11815293120465E-16));
#8143=DIRECTION('',(-1.,0.,2.77657182907024E-16));
#8144=DIRECTION('',(0.939692620785912,-0.342020143325659,0.));
#8145=DIRECTION('center_axis',(2.77657182907024E-16,7.62856840386453E-16,
1.));
#8146=DIRECTION('ref_axis',(-0.342020143325669,-0.939692620785908,8.11815293120465E-16));
#8147=DIRECTION('',(0.939692620785912,-0.342020143325659,0.));
#8148=DIRECTION('',(-0.342020143325669,-0.939692620785908,8.11815293120465E-16));
#8149=DIRECTION('',(1.,0.,-2.77657182907024E-16));
#8150=DIRECTION('center_axis',(-0.939692620785912,0.342020143325659,0.));
#8151=DIRECTION('ref_axis',(0.,0.,1.));
#8152=DIRECTION('',(0.,0.,1.));
#8153=DIRECTION('',(6.09179803465777E-16,9.16397096868393E-16,1.));
#8154=DIRECTION('',(0.342020143325669,0.939692620785908,-8.11815293120465E-16));
#8155=DIRECTION('center_axis',(-2.77657182907024E-16,-7.62856840386453E-16,
-1.));
#8156=DIRECTION('ref_axis',(0.342020143325669,0.939692620785908,-8.11815293120465E-16));
#8157=DIRECTION('',(-1.,0.,2.77657182907024E-16));
#8158=DIRECTION('',(0.939692620785912,-0.342020143325659,0.));
#8159=DIRECTION('center_axis',(0.,0.9926933520928,-0.120664446755287));
#8160=DIRECTION('ref_axis',(-0.382683432365099,0.111479412658985,0.917129070058558));
#8161=DIRECTION('center_axis',(0.,1.,0.));
#8162=DIRECTION('ref_axis',(-2.35117016722294E-15,0.,1.));
#8163=DIRECTION('',(9.8130778667736E-18,-0.992693352092801,0.120664446755287));
#8164=DIRECTION('center_axis',(-1.86422873396629E-14,0.998171666621731,
-0.0604427328435375));
#8165=DIRECTION('ref_axis',(-3.07865017811464E-13,0.0604427328435375,0.998171666621731));
#8166=DIRECTION('center_axis',(0.,1.,0.));
#8167=DIRECTION('ref_axis',(0.,0.,1.));
#8168=DIRECTION('',(0.,0.,-1.));
#8169=DIRECTION('',(0.,0.,-1.));
#8170=DIRECTION('',(0.,0.,-1.));
#8171=DIRECTION('',(0.,0.,-1.));
#8172=DIRECTION('',(0.,0.,-1.));
#8173=DIRECTION('',(0.,0.,-1.));
#8174=DIRECTION('',(0.,0.,-1.));
#8175=DIRECTION('',(0.,0.,-1.));
#8176=DIRECTION('',(0.,0.,-1.));
#8177=DIRECTION('',(0.,0.,-1.));
#8178=DIRECTION('',(0.,0.,-1.));
#8179=DIRECTION('',(0.,0.,-1.));
#8180=DIRECTION('',(0.,0.,-1.));
#8181=DIRECTION('',(-1.,0.,0.));
#8182=DIRECTION('',(0.,0.,1.));
#8183=DIRECTION('',(0.,0.,1.));
#8184=DIRECTION('',(0.,0.,1.));
#8185=DIRECTION('',(0.,0.,1.));
#8186=DIRECTION('',(0.,0.,1.));
#8187=DIRECTION('',(0.,0.,1.));
#8188=DIRECTION('',(0.,0.,1.));
#8189=DIRECTION('',(0.,0.,1.));
#8190=DIRECTION('',(0.,0.,1.));
#8191=DIRECTION('',(0.,0.,1.));
#8192=DIRECTION('',(0.,0.,1.));
#8193=DIRECTION('',(0.,0.,1.));
#8194=DIRECTION('',(0.,0.,1.));
#8195=DIRECTION('',(0.,0.,1.));
#8196=DIRECTION('',(1.,0.,0.));
#8197=DIRECTION('',(0.704509282855361,0.,0.709694772680921));
#8198=DIRECTION('',(0.704509282855361,0.,-0.709694772680921));
#8199=DIRECTION('',(1.,0.,0.));
#8200=DIRECTION('',(0.,0.,-1.));
#8201=DIRECTION('center_axis',(0.,1.,0.));
#8202=DIRECTION('ref_axis',(-0.382683432365091,0.,0.923879532511286));
#8203=DIRECTION('',(0.,-1.,0.));
#8204=DIRECTION('center_axis',(-0.390731128489254,0.920504853452449,0.));
#8205=DIRECTION('ref_axis',(-0.920504853452449,-0.390731128489254,0.));
#8206=DIRECTION('center_axis',(0.,0.,1.));
#8207=DIRECTION('ref_axis',(1.,0.,0.));
#8208=DIRECTION('center_axis',(0.,-1.,0.));
#8209=DIRECTION('ref_axis',(-1.,0.,0.));
#8210=DIRECTION('center_axis',(0.,0.,1.));
#8211=DIRECTION('ref_axis',(-0.92050485345244,-0.390731128489273,0.));
#8212=DIRECTION('center_axis',(0.719339800338649,-0.694658370459,0.));
#8213=DIRECTION('ref_axis',(-0.694658370459,-0.719339800338649,0.));
#8214=DIRECTION('center_axis',(0.,0.,-1.));
#8215=DIRECTION('ref_axis',(-0.920504853452441,-0.390731128489273,0.));
#8216=DIRECTION('center_axis',(0.,0.,1.));
#8217=DIRECTION('ref_axis',(0.,-1.,0.));
#8218=DIRECTION('',(0.719339800338651,-0.694658370458998,0.));
#8219=DIRECTION('',(0.,-1.,0.));
#8220=DIRECTION('',(1.,0.,0.));
#8221=DIRECTION('',(0.,-1.,0.));
#8222=DIRECTION('center_axis',(0.,0.,1.));
#8223=DIRECTION('ref_axis',(-0.92050485345244,-0.390731128489273,0.));
#8224=DIRECTION('center_axis',(-0.719339800338651,0.694658370458998,0.));
#8225=DIRECTION('ref_axis',(-0.491197644359571,-0.508650050796851,-0.707106781186525));
#8226=DIRECTION('',(-0.719339800338651,0.694658370458998,0.));
#8227=DIRECTION('center_axis',(0.719339800338651,-0.694658370458998,0.));
#8228=DIRECTION('ref_axis',(-0.491197644359547,-0.508650050796841,0.707106781186549));
#8229=DIRECTION('center_axis',(0.707106781186548,0.,-0.707106781186548));
#8230=DIRECTION('ref_axis',(0.417748001360572,-0.806829111223991,0.417748001360572));
#8231=DIRECTION('',(0.719339800338651,-0.694658370458998,0.));
#8232=DIRECTION('center_axis',(0.,0.707106781186548,-0.707106781186548));
#8233=DIRECTION('ref_axis',(-0.825832421455442,0.398748549635633,0.398748549635633));
#8234=DIRECTION('center_axis',(0.,-0.707106781186548,0.707106781186548));
#8235=DIRECTION('ref_axis',(1.,0.,0.));
#8236=DIRECTION('',(0.590784889178375,-0.570514335805199,-0.570514335805199));
#8237=DIRECTION('',(1.,0.,0.));
#8238=DIRECTION('center_axis',(0.,0.707106781186548,-0.707106781186548));
#8239=DIRECTION('ref_axis',(0.,-0.707106781186547,-0.707106781186547));
#8240=DIRECTION('center_axis',(0.,0.,-1.));
#8241=DIRECTION('ref_axis',(-0.707106781186547,-0.707106781186547,0.));
#8242=DIRECTION('',(0.,0.,1.));
#8243=DIRECTION('center_axis',(1.,0.,0.));
#8244=DIRECTION('ref_axis',(0.,-0.707106781186547,0.707106781186547));
#8245=DIRECTION('',(1.,0.,0.));
#8246=DIRECTION('center_axis',(0.,0.,-1.));
#8247=DIRECTION('ref_axis',(-0.707106781186547,0.707106781186547,0.));
#8248=DIRECTION('center_axis',(0.,0.,1.));
#8249=DIRECTION('ref_axis',(-0.707106781186547,0.707106781186547,0.));
#8250=DIRECTION('center_axis',(0.,0.,1.));
#8251=DIRECTION('ref_axis',(-0.707106781186547,0.707106781186547,0.));
#8252=DIRECTION('',(0.,0.,1.));
#8253=DIRECTION('center_axis',(0.,0.,1.));
#8254=DIRECTION('ref_axis',(-1.,0.,0.));
#8255=DIRECTION('',(1.,0.,0.));
#8256=DIRECTION('center_axis',(0.,0.,1.));
#8257=DIRECTION('ref_axis',(0.707106781186547,0.707106781186547,0.));
#8258=DIRECTION('center_axis',(0.,0.,1.));
#8259=DIRECTION('ref_axis',(0.707106781186547,0.707106781186547,0.));
#8260=DIRECTION('',(0.,0.,1.));
#8261=DIRECTION('center_axis',(0.,0.,1.));
#8262=DIRECTION('ref_axis',(0.707106781186547,0.707106781186547,0.));
#8263=DIRECTION('center_axis',(0.,0.,1.));
#8264=DIRECTION('ref_axis',(-1.,0.,0.));
#8265=DIRECTION('',(-1.,0.,0.));
#8266=DIRECTION('center_axis',(0.,0.,-1.));
#8267=DIRECTION('ref_axis',(-0.707106781186547,0.707106781186547,0.));
#8268=DIRECTION('center_axis',(0.,0.,1.));
#8269=DIRECTION('ref_axis',(-0.707106781186547,0.707106781186547,0.));
#8270=DIRECTION('center_axis',(0.,0.,-1.));
#8271=DIRECTION('ref_axis',(-0.707106781186547,0.707106781186547,0.));
#8272=DIRECTION('',(0.,0.,1.));
#8273=DIRECTION('center_axis',(0.,0.,1.));
#8274=DIRECTION('ref_axis',(-1.,0.,0.));
#8275=DIRECTION('',(1.,0.,0.));
#8276=DIRECTION('center_axis',(0.,0.,1.));
#8277=DIRECTION('ref_axis',(0.707106781186547,0.707106781186547,0.));
#8278=DIRECTION('center_axis',(0.,0.,-1.));
#8279=DIRECTION('ref_axis',(0.707106781186547,0.707106781186547,0.));
#8280=DIRECTION('',(0.,0.,-1.));
#8281=DIRECTION('center_axis',(0.,0.,-1.));
#8282=DIRECTION('ref_axis',(0.707106781186547,0.707106781186547,0.));
#8283=DIRECTION('center_axis',(0.,0.,1.));
#8284=DIRECTION('ref_axis',(0.,-1.,0.));
#8285=DIRECTION('',(-1.,0.,0.));
#8286=DIRECTION('center_axis',(1.,0.,0.));
#8287=DIRECTION('ref_axis',(0.,-0.707106781186547,0.707106781186547));
#8288=DIRECTION('center_axis',(-0.707106781186548,0.,0.707106781186548));
#8289=DIRECTION('ref_axis',(-0.707106781186547,0.,-0.707106781186547));
#8290=DIRECTION('',(1.,0.,0.));
#8291=DIRECTION('center_axis',(-0.707106781186548,0.,-0.707106781186548));
#8292=DIRECTION('ref_axis',(-0.707106781186547,0.,0.707106781186547));
#8293=DIRECTION('center_axis',(0.,0.,-1.));
#8294=DIRECTION('ref_axis',(-0.707106781186547,-0.707106781186547,0.));
#8295=DIRECTION('',(0.,0.,1.));
#8296=DIRECTION('center_axis',(0.,0.,1.));
#8297=DIRECTION('ref_axis',(-1.,0.,0.));
#8298=DIRECTION('center_axis',(0.,-1.,0.));
#8299=DIRECTION('ref_axis',(0.,0.,-1.));
#8300=DIRECTION('center_axis',(0.,-1.,0.));
#8301=DIRECTION('ref_axis',(0.707106781186547,0.,0.707106781186548));
#8302=DIRECTION('center_axis',(-1.,0.,0.));
#8303=DIRECTION('ref_axis',(0.,0.,-1.));
#8304=DIRECTION('center_axis',(1.,0.,0.));
#8305=DIRECTION('ref_axis',(0.,-0.707106781186547,-0.707106781186547));
#8306=DIRECTION('',(-1.,0.,0.));
#8307=DIRECTION('center_axis',(-1.,0.,0.));
#8308=DIRECTION('ref_axis',(0.,0.,-1.));
#8309=DIRECTION('',(1.,0.,0.));
#8310=DIRECTION('center_axis',(0.,-1.,0.));
#8311=DIRECTION('ref_axis',(0.,0.,-1.));
#8312=DIRECTION('center_axis',(0.,-1.,0.));
#8313=DIRECTION('ref_axis',(-0.707106781186547,0.,0.707106781186547));
#8314=DIRECTION('center_axis',(0.,0.,-1.));
#8315=DIRECTION('ref_axis',(1.,0.,0.));
#8316=DIRECTION('center_axis',(0.,0.,1.));
#8317=DIRECTION('ref_axis',(0.707106781186547,-0.707106781186547,0.));
#8318=DIRECTION('',(0.,0.,-1.));
#8319=DIRECTION('center_axis',(1.,0.,0.));
#8320=DIRECTION('ref_axis',(0.,-0.707106781186547,-0.707106781186547));
#8321=DIRECTION('',(-1.,0.,0.));
#8322=DIRECTION('center_axis',(-0.707106781186548,0.707106781186548,0.));
#8323=DIRECTION('ref_axis',(-0.707106781186547,-0.707106781186547,0.));
#8324=DIRECTION('',(1.,0.,0.));
#8325=DIRECTION('center_axis',(0.,0.,1.));
#8326=DIRECTION('ref_axis',(1.,0.,0.));
#8327=DIRECTION('',(0.,1.,0.));
#8328=DIRECTION('',(0.707106781186548,0.707106781186548,0.));
#8329=DIRECTION('center_axis',(0.,0.,1.));
#8330=DIRECTION('ref_axis',(0.923879532511286,-0.382683432365092,0.));
#8331=DIRECTION('',(1.,0.,0.));
#8332=DIRECTION('',(-0.719339800338651,-0.694658370458997,0.));
#8333=DIRECTION('center_axis',(-0.694658370458997,0.719339800338651,0.));
#8334=DIRECTION('ref_axis',(-0.719339800338651,-0.694658370458997,0.));
#8335=DIRECTION('',(0.,0.,-1.));
#8336=DIRECTION('center_axis',(-0.0174524064373393,-0.99984769515639,0.));
#8337=DIRECTION('ref_axis',(0.99984769515639,-0.0174524064373393,0.));
#8338=DIRECTION('',(0.,0.,-1.));
#8339=DIRECTION('center_axis',(-0.694658370458997,0.719339800338651,0.));
#8340=DIRECTION('ref_axis',(-0.719339800338651,-0.694658370458997,0.));
#8341=DIRECTION('',(0.,0.,-1.));
#8342=DIRECTION('',(-1.10885799631619E-14,-1.16482415698377E-15,-1.));
#8343=DIRECTION('center_axis',(-0.0174524064373393,-0.99984769515639,0.));
#8344=DIRECTION('ref_axis',(0.99984769515639,-0.0174524064373393,0.));
#8345=DIRECTION('',(0.,0.,-1.));
#8346=DIRECTION('center_axis',(-0.694658370458997,0.719339800338651,0.));
#8347=DIRECTION('ref_axis',(-0.719339800338651,-0.694658370458997,0.));
#8348=DIRECTION('',(0.,0.,-1.));
#8349=DIRECTION('',(0.719339800338651,0.694658370458997,0.));
#8350=DIRECTION('',(-1.10885799631619E-14,-1.16482415698377E-15,-1.));
#8351=DIRECTION('center_axis',(-0.0174524064373393,-0.99984769515639,0.));
#8352=DIRECTION('ref_axis',(0.,0.,-1.));
#8353=DIRECTION('',(0.,0.,-1.));
#8354=DIRECTION('',(-0.99984769515639,0.0174524064373393,0.));
#8355=DIRECTION('',(0.,0.,1.));
#8356=DIRECTION('center_axis',(0.694658370459,-0.719339800338648,0.));
#8357=DIRECTION('ref_axis',(0.,0.,-1.));
#8358=DIRECTION('',(-0.719339800338648,-0.694658370459,0.));
#8359=DIRECTION('',(0.,0.,-1.));
#8360=DIRECTION('center_axis',(0.,0.,-1.));
#8361=DIRECTION('ref_axis',(0.996792332805979,-0.0800315266580292,0.));
#8362=DIRECTION('center_axis',(0.,0.,1.));
#8363=DIRECTION('ref_axis',(0.904118431176482,-0.427281947204627,0.));
#8364=DIRECTION('center_axis',(0.,0.,-1.));
#8365=DIRECTION('ref_axis',(0.904118431176477,-0.427281947204637,0.));
#8366=DIRECTION('',(0.,0.,-1.));
#8367=DIRECTION('center_axis',(0.,0.,-1.));
#8368=DIRECTION('ref_axis',(-1.,0.,0.));
#8369=DIRECTION('center_axis',(0.,0.,-1.));
#8370=DIRECTION('ref_axis',(0.904118431176482,-0.427281947204627,0.));
#8371=DIRECTION('center_axis',(0.,0.,-1.));
#8372=DIRECTION('ref_axis',(-1.,0.,0.));
#8373=DIRECTION('center_axis',(0.,0.,1.));
#8374=DIRECTION('ref_axis',(0.977928672089826,0.20893901575491,-1.10872174916245E-14));
#8375=DIRECTION('',(0.719339800338651,0.694658370458997,0.));
#8376=DIRECTION('',(0.,-1.,0.));
#8377=DIRECTION('center_axis',(0.,1.,0.));
#8378=DIRECTION('ref_axis',(0.707106781186547,0.,0.707106781186547));
#8379=DIRECTION('center_axis',(-0.694658370458997,0.719339800338651,0.));
#8380=DIRECTION('ref_axis',(0.719339800338651,0.694658370458997,0.));
#8381=DIRECTION('',(0.,1.,0.));
#8382=DIRECTION('center_axis',(-1.,0.,0.));
#8383=DIRECTION('ref_axis',(0.,0.,1.));
#8384=DIRECTION('',(0.,-1.,0.));
#8385=DIRECTION('',(0.,0.,1.));
#8386=DIRECTION('',(0.,0.,-1.));
#8387=DIRECTION('center_axis',(0.,1.,0.));
#8388=DIRECTION('ref_axis',(0.707106781186547,0.,-0.707106781186547));
#8389=DIRECTION('',(0.,-1.,0.));
#8390=DIRECTION('center_axis',(0.,0.707106781186553,0.707106781186542));
#8391=DIRECTION('ref_axis',(0.,-0.707106781186542,0.707106781186553));
#8392=DIRECTION('center_axis',(0.,0.707106781186553,-0.707106781186542));
#8393=DIRECTION('ref_axis',(0.,0.707106781186542,0.707106781186553));
#8394=DIRECTION('center_axis',(0.,0.,1.));
#8395=DIRECTION('ref_axis',(0.707106781186547,0.707106781186547,0.));
#8396=DIRECTION('',(0.,0.,-1.));
#8397=DIRECTION('center_axis',(0.,-0.707106781186548,0.707106781186548));
#8398=DIRECTION('ref_axis',(0.,-0.707106781186547,-0.707106781186547));
#8399=DIRECTION('center_axis',(0.,-1.,0.));
#8400=DIRECTION('ref_axis',(0.707106781186547,0.,0.707106781186547));
#8401=DIRECTION('',(0.,1.,0.));
#8402=DIRECTION('center_axis',(0.,0.707106781186548,0.707106781186548));
#8403=DIRECTION('ref_axis',(0.,-0.707106781186547,0.707106781186547));
#8404=DIRECTION('center_axis',(0.,0.,-1.));
#8405=DIRECTION('ref_axis',(0.707106781186547,-0.707106781186547,0.));
#8406=DIRECTION('',(0.,0.,1.));
#8407=DIRECTION('center_axis',(0.,1.,0.));
#8408=DIRECTION('ref_axis',(0.707106781186547,0.,-0.707106781186547));
#8409=DIRECTION('',(0.,-1.,0.));
#8410=DIRECTION('center_axis',(0.,0.707106781186548,0.707106781186548));
#8411=DIRECTION('ref_axis',(0.,-0.707106781186547,0.707106781186547));
#8412=DIRECTION('center_axis',(0.,0.707106781186548,-0.707106781186548));
#8413=DIRECTION('ref_axis',(0.,0.707106781186547,0.707106781186547));
#8414=DIRECTION('center_axis',(0.,0.,1.));
#8415=DIRECTION('ref_axis',(0.707106781186547,0.707106781186547,0.));
#8416=DIRECTION('',(0.,0.,-1.));
#8417=DIRECTION('center_axis',(0.,-0.707106781186548,0.707106781186548));
#8418=DIRECTION('ref_axis',(0.,-0.707106781186547,-0.707106781186547));
#8419=DIRECTION('center_axis',(0.,-1.,0.));
#8420=DIRECTION('ref_axis',(0.707106781186547,0.,0.707106781186547));
#8421=DIRECTION('',(0.,1.,0.));
#8422=DIRECTION('center_axis',(0.,0.707106781186548,0.707106781186548));
#8423=DIRECTION('ref_axis',(0.,-0.707106781186547,0.707106781186547));
#8424=DIRECTION('center_axis',(0.,0.,-1.));
#8425=DIRECTION('ref_axis',(0.707106781186547,-0.707106781186547,0.));
#8426=DIRECTION('',(0.,0.,1.));
#8427=DIRECTION('center_axis',(0.707106781186548,-0.707106781186548,0.));
#8428=DIRECTION('ref_axis',(0.,0.,-1.));
#8429=DIRECTION('',(0.707106781186548,0.707106781186548,0.));
#8430=DIRECTION('',(-0.707106781186548,-0.707106781186548,0.));
#8431=DIRECTION('',(0.,0.,1.));
#8432=DIRECTION('center_axis',(0.707106781186548,-0.707106781186548,0.));
#8433=DIRECTION('ref_axis',(0.,0.,-1.));
#8434=DIRECTION('',(0.707106781186548,0.707106781186548,0.));
#8435=DIRECTION('',(-0.707106781186548,-0.707106781186548,0.));
#8436=DIRECTION('',(0.,0.,1.));
#8437=DIRECTION('center_axis',(0.707106781186548,-0.707106781186548,0.));
#8438=DIRECTION('ref_axis',(0.,0.,-1.));
#8439=DIRECTION('',(0.707106781186548,0.707106781186548,0.));
#8440=DIRECTION('',(-0.707106781186548,-0.707106781186548,0.));
#8441=DIRECTION('',(0.,0.,1.));
#8442=DIRECTION('center_axis',(0.,0.,-1.));
#8443=DIRECTION('ref_axis',(0.,-1.,0.));
#8444=DIRECTION('',(-1.,0.,0.));
#8445=DIRECTION('',(0.,-1.,0.));
#8446=DIRECTION('',(-1.,0.,0.));
#8447=DIRECTION('center_axis',(0.,0.,-1.));
#8448=DIRECTION('ref_axis',(0.,1.,0.));
#8449=DIRECTION('',(0.,-1.,0.));
#8450=DIRECTION('',(1.,0.,0.));
#8451=DIRECTION('',(-1.,0.,0.));
#8452=DIRECTION('',(0.,-1.,0.));
#8453=DIRECTION('',(-0.707106781186548,0.707106781186548,0.));
#8454=DIRECTION('center_axis',(0.707106781186548,0.707106781186548,0.));
#8455=DIRECTION('ref_axis',(0.,0.,-1.));
#8456=DIRECTION('',(0.707106781186548,-0.707106781186548,0.));
#8457=DIRECTION('',(0.,0.,-1.));
#8458=DIRECTION('center_axis',(0.,0.,1.));
#8459=DIRECTION('ref_axis',(0.,-1.,0.));
#8460=DIRECTION('',(0.,1.,0.));
#8461=DIRECTION('',(1.,0.,0.));
#8462=DIRECTION('',(-1.,0.,0.));
#8463=DIRECTION('',(0.,1.,0.));
#8464=DIRECTION('center_axis',(0.,0.,-1.));
#8465=DIRECTION('ref_axis',(0.,1.,0.));
#8466=DIRECTION('',(0.,-1.,0.));
#8467=DIRECTION('',(1.,0.,0.));
#8468=DIRECTION('',(-1.,0.,0.));
#8469=DIRECTION('',(0.,-1.,0.));
#8470=DIRECTION('',(-0.707106781186548,0.707106781186548,0.));
#8471=DIRECTION('center_axis',(0.707106781186548,0.707106781186548,0.));
#8472=DIRECTION('ref_axis',(0.,0.,-1.));
#8473=DIRECTION('',(0.707106781186548,-0.707106781186548,0.));
#8474=DIRECTION('',(0.,0.,-1.));
#8475=DIRECTION('center_axis',(0.,0.,1.));
#8476=DIRECTION('ref_axis',(0.,-1.,0.));
#8477=DIRECTION('',(0.,1.,0.));
#8478=DIRECTION('',(1.,0.,0.));
#8479=DIRECTION('',(-1.,0.,0.));
#8480=DIRECTION('',(0.,1.,0.));
#8481=DIRECTION('center_axis',(0.,0.,-1.));
#8482=DIRECTION('ref_axis',(0.,1.,0.));
#8483=DIRECTION('',(0.,-1.,0.));
#8484=DIRECTION('',(1.,0.,0.));
#8485=DIRECTION('',(-1.,0.,0.));
#8486=DIRECTION('',(0.,-1.,0.));
#8487=DIRECTION('',(-0.707106781186548,0.707106781186548,0.));
#8488=DIRECTION('center_axis',(0.707106781186548,0.707106781186548,0.));
#8489=DIRECTION('ref_axis',(0.,0.,-1.));
#8490=DIRECTION('',(0.707106781186548,-0.707106781186548,0.));
#8491=DIRECTION('',(0.,0.,-1.));
#8492=DIRECTION('center_axis',(0.,1.,0.));
#8493=DIRECTION('ref_axis',(0.,0.,-1.));
#8494=DIRECTION('',(0.,0.,-1.));
#8495=DIRECTION('',(0.,0.,-1.));
#8496=DIRECTION('',(1.,0.,0.));
#8497=DIRECTION('',(0.,0.,-1.));
#8498=DIRECTION('',(-1.,0.,0.));
#8499=DIRECTION('',(0.,0.,-1.));
#8500=DIRECTION('center_axis',(0.,0.,1.));
#8501=DIRECTION('ref_axis',(0.,1.,0.));
#8502=DIRECTION('',(0.,1.,0.));
#8503=DIRECTION('',(-1.,0.,0.));
#8504=DIRECTION('',(0.,1.,0.));
#8505=DIRECTION('center_axis',(0.,-1.,0.));
#8506=DIRECTION('ref_axis',(0.,0.,1.));
#8507=DIRECTION('',(0.,0.,1.));
#8508=DIRECTION('',(0.,0.,1.));
#8509=DIRECTION('',(-1.,0.,0.));
#8510=DIRECTION('',(0.,0.,1.));
#8511=DIRECTION('',(0.,0.,1.));
#8512=DIRECTION('center_axis',(0.,0.,1.));
#8513=DIRECTION('ref_axis',(0.,-1.,0.));
#8514=DIRECTION('',(0.,1.,0.));
#8515=DIRECTION('',(0.,1.,0.));
#8516=DIRECTION('center_axis',(0.,0.,-1.));
#8517=DIRECTION('ref_axis',(0.707106781186547,-0.707106781186547,0.));
#8518=DIRECTION('',(0.,0.,1.));
#8519=DIRECTION('',(0.,0.,-1.));
#8520=DIRECTION('center_axis',(0.,-1.,0.));
#8521=DIRECTION('ref_axis',(0.707106781186547,0.,0.707106781186547));
#8522=DIRECTION('',(0.,1.,0.));
#8523=DIRECTION('center_axis',(0.,0.,1.));
#8524=DIRECTION('ref_axis',(0.707106781186547,0.707106781186547,0.));
#8525=DIRECTION('center_axis',(-0.707106781186548,0.,-0.707106781186548));
#8526=DIRECTION('ref_axis',(0.707106781186547,0.,-0.707106781186547));
#8527=DIRECTION('',(0.,0.,-1.));
#8528=DIRECTION('center_axis',(0.707106781186548,0.,0.707106781186548));
#8529=DIRECTION('ref_axis',(0.707106781186548,0.,-0.707106781186548));
#8530=DIRECTION('',(0.,1.,0.));
#8531=DIRECTION('',(-0.706459480516419,0.0427785551058444,0.706459480516419));
#8532=DIRECTION('center_axis',(0.707106781186548,0.0853226485487864,0.701940200903624));
#8533=DIRECTION('ref_axis',(0.704509282855361,0.,-0.709694772680921));
#8534=DIRECTION('',(0.,0.992693352092801,-0.120664446755287));
#8535=DIRECTION('',(0.119795492580593,-0.992798589824428,0.));
#8536=DIRECTION('center_axis',(0.,0.,1.));
#8537=DIRECTION('ref_axis',(0.,-1.,0.));
#8538=DIRECTION('',(0.,1.,0.));
#8539=DIRECTION('center_axis',(0.342020143325659,-0.939692620785912,1.06948335332932E-15));
#8540=DIRECTION('ref_axis',(-6.09179803465777E-16,9.16397096868393E-16,
1.));
#8541=DIRECTION('',(0.,0.,1.));
#8542=DIRECTION('center_axis',(0.342020143325659,-0.939692620785912,1.06948335332932E-15));
#8543=DIRECTION('ref_axis',(-6.09179803465777E-16,9.16397096868393E-16,
1.));
#8544=DIRECTION('',(0.,0.,1.));
#8545=DIRECTION('center_axis',(0.342020143325659,-0.939692620785912,1.06948335332932E-15));
#8546=DIRECTION('ref_axis',(-6.09179803465777E-16,9.16397096868393E-16,
1.));
#8547=DIRECTION('',(0.,0.,1.));
#8548=DIRECTION('center_axis',(0.342020143325659,-0.939692620785912,1.06948335332932E-15));
#8549=DIRECTION('ref_axis',(-6.09179803465777E-16,9.16397096868393E-16,
1.));
#8550=DIRECTION('',(0.,0.,1.));
#8551=DIRECTION('center_axis',(0.342020143325659,-0.939692620785912,1.06948335332932E-15));
#8552=DIRECTION('ref_axis',(-6.09179803465777E-16,9.16397096868393E-16,
1.));
#8553=DIRECTION('',(0.,0.,1.));
#8554=DIRECTION('center_axis',(0.342020143325659,-0.939692620785912,1.06948335332932E-15));
#8555=DIRECTION('ref_axis',(-6.09179803465777E-16,9.16397096868393E-16,
1.));
#8556=DIRECTION('',(0.,0.,1.));
#8557=DIRECTION('center_axis',(0.342020143325659,-0.939692620785912,1.06948335332932E-15));
#8558=DIRECTION('ref_axis',(-6.09179803465777E-16,9.16397096868393E-16,
1.));
#8559=DIRECTION('',(0.,0.,1.));
#8560=DIRECTION('center_axis',(0.342020143325659,-0.939692620785912,1.06948335332932E-15));
#8561=DIRECTION('ref_axis',(-6.09179803465777E-16,9.16397096868393E-16,
1.));
#8562=DIRECTION('',(0.,0.,1.));
#8563=DIRECTION('center_axis',(0.342020143325659,-0.939692620785912,1.06948335332932E-15));
#8564=DIRECTION('ref_axis',(-6.09179803465777E-16,9.16397096868393E-16,
1.));
#8565=DIRECTION('',(0.,0.,1.));
#8566=DIRECTION('center_axis',(0.342020143325659,-0.939692620785912,1.06948335332932E-15));
#8567=DIRECTION('ref_axis',(-6.09179803465777E-16,9.16397096868393E-16,
1.));
#8568=DIRECTION('',(0.,0.,1.));
#8569=DIRECTION('center_axis',(0.342020143325659,-0.939692620785912,1.06948335332932E-15));
#8570=DIRECTION('ref_axis',(-6.09179803465777E-16,9.16397096868393E-16,
1.));
#8571=DIRECTION('',(0.,0.,1.));
#8572=DIRECTION('center_axis',(0.342020143325659,-0.939692620785912,1.06948335332932E-15));
#8573=DIRECTION('ref_axis',(-6.09179803465777E-16,9.16397096868393E-16,
1.));
#8574=DIRECTION('',(0.,0.,1.));
#8575=DIRECTION('center_axis',(0.342020143325659,-0.939692620785912,1.06948335332932E-15));
#8576=DIRECTION('ref_axis',(-6.09179803465777E-16,9.16397096868393E-16,
1.));
#8577=DIRECTION('',(0.,0.,1.));
#8578=DIRECTION('center_axis',(0.,0.,-1.));
#8579=DIRECTION('ref_axis',(0.707106781186547,0.707106781186547,0.));
#8580=DIRECTION('center_axis',(0.,0.,-1.));
#8581=DIRECTION('ref_axis',(0.707106781186548,0.707106781186548,0.));
#8582=DIRECTION('',(-1.10885799631619E-14,-1.16482415698377E-15,-1.));
#8583=DIRECTION('center_axis',(1.10885799631619E-14,1.16482415698377E-15,
1.));
#8584=DIRECTION('ref_axis',(0.977928672089826,0.20893901575491,-1.10872174916245E-14));
#8585=DIRECTION('',(-1.10885799631619E-14,-1.16482415698377E-15,-1.));
#8586=DIRECTION('center_axis',(0.,0.,1.));
#8587=DIRECTION('ref_axis',(0.707106781186547,0.707106781186547,0.));
#8588=DIRECTION('',(-1.10885799631619E-14,-1.16482415698377E-15,-1.));
#8589=DIRECTION('center_axis',(1.10885799631619E-14,1.16482415698377E-15,
1.));
#8590=DIRECTION('ref_axis',(0.977928672089826,0.20893901575491,-1.10872174916245E-14));
#8591=DIRECTION('',(-1.10885799631619E-14,-1.16482415698377E-15,-1.));
#8592=DIRECTION('center_axis',(0.,0.,-1.));
#8593=DIRECTION('ref_axis',(0.707106781186547,0.707106781186547,0.));
#8594=DIRECTION('',(-1.10885799631619E-14,-1.16482415698377E-15,-1.));
#8595=DIRECTION('center_axis',(1.10885799631619E-14,1.16482415698377E-15,
1.));
#8596=DIRECTION('ref_axis',(0.977928672089826,0.20893901575491,-1.10872174916245E-14));
#8597=DIRECTION('',(-1.10885799631619E-14,-1.16482415698377E-15,-1.));
#8598=DIRECTION('center_axis',(1.10863559301567E-14,1.05649958732163E-15,
1.));
#8599=DIRECTION('ref_axis',(0.977928672089826,0.20893901575491,-1.10624093170138E-14));
#8600=DIRECTION('',(0.,0.,-1.));
#8601=DIRECTION('center_axis',(0.,0.,1.));
#8602=DIRECTION('ref_axis',(0.,-1.,0.));
#8603=DIRECTION('center_axis',(0.,0.,-1.));
#8604=DIRECTION('ref_axis',(0.707106781186547,0.707106781186547,0.));
#8605=DIRECTION('',(0.,1.,0.));
#8606=DIRECTION('center_axis',(0.,0.,-1.));
#8607=DIRECTION('ref_axis',(0.707106781186547,-0.707106781186547,0.));
#8608=DIRECTION('center_axis',(0.,0.,-1.));
#8609=DIRECTION('ref_axis',(0.707106781186547,-0.707106781186547,0.));
#8610=DIRECTION('',(0.,0.,1.));
#8611=DIRECTION('center_axis',(0.,-0.707106781186548,0.707106781186548));
#8612=DIRECTION('ref_axis',(0.,-0.707106781186547,-0.707106781186547));
#8613=DIRECTION('center_axis',(0.,1.,0.));
#8614=DIRECTION('ref_axis',(0.707106781186547,0.,-0.707106781186547));
#8615=DIRECTION('',(0.,-1.,0.));
#8616=DIRECTION('center_axis',(0.,0.707106781186548,0.707106781186548));
#8617=DIRECTION('ref_axis',(0.,-0.707106781186547,0.707106781186547));
#8618=DIRECTION('center_axis',(0.,0.,1.));
#8619=DIRECTION('ref_axis',(0.707106781186547,0.707106781186547,0.));
#8620=DIRECTION('',(0.,0.,-1.));
#8621=DIRECTION('center_axis',(0.,1.,0.));
#8622=DIRECTION('ref_axis',(0.707106781186547,0.,-0.707106781186547));
#8623=DIRECTION('',(0.,-1.,0.));
#8624=DIRECTION('center_axis',(0.,0.,1.));
#8625=DIRECTION('ref_axis',(-0.707106781186547,-0.707106781186547,0.));
#8626=DIRECTION('',(0.,0.,-1.));
#8627=DIRECTION('center_axis',(0.,0.707106781186548,0.707106781186548));
#8628=DIRECTION('ref_axis',(0.,0.707106781186547,-0.707106781186547));
#8629=DIRECTION('center_axis',(0.,-0.707106781186548,0.707106781186548));
#8630=DIRECTION('ref_axis',(0.,0.707106781186547,0.707106781186547));
#8631=DIRECTION('center_axis',(0.,1.,0.));
#8632=DIRECTION('ref_axis',(-0.707106781186547,0.,0.707106781186547));
#8633=DIRECTION('',(0.,-1.,0.));
#8634=DIRECTION('center_axis',(0.,-0.707106781186548,0.707106781186548));
#8635=DIRECTION('ref_axis',(0.,0.707106781186547,0.707106781186547));
#8636=DIRECTION('center_axis',(0.,0.,-1.));
#8637=DIRECTION('ref_axis',(-0.707106781186547,0.707106781186547,0.));
#8638=DIRECTION('',(0.,0.,1.));
#8639=DIRECTION('center_axis',(0.,-0.707106781186548,-0.707106781186548));
#8640=DIRECTION('ref_axis',(0.,-0.707106781186547,0.707106781186547));
#8641=DIRECTION('center_axis',(0.,-1.,0.));
#8642=DIRECTION('ref_axis',(-0.707106781186547,0.,-0.707106781186547));
#8643=DIRECTION('',(0.,1.,0.));
#8644=DIRECTION('center_axis',(0.,0.854673846250982,-0.519165307522134));
#8645=DIRECTION('ref_axis',(0.,0.519165307522134,0.854673846250982));
#8646=DIRECTION('',(0.,0.519165307522134,0.854673846250982));
#8647=DIRECTION('',(1.,0.,0.));
#8648=DIRECTION('',(0.,0.519165307522134,0.854673846250982));
#8649=DIRECTION('',(1.,0.,0.));
#8650=DIRECTION('center_axis',(0.,0.492152355472615,-0.87050908036778));
#8651=DIRECTION('ref_axis',(0.,0.87050908036778,0.492152355472615));
#8652=DIRECTION('',(0.,0.87050908036778,0.492152355472615));
#8653=DIRECTION('',(1.,0.,0.));
#8654=DIRECTION('',(0.,0.87050908036778,0.492152355472615));
#8655=DIRECTION('center_axis',(0.,0.,-1.));
#8656=DIRECTION('ref_axis',(0.,1.,0.));
#8657=DIRECTION('',(0.,1.,0.));
#8658=DIRECTION('',(1.,0.,0.));
#8659=DIRECTION('',(0.,1.,0.));
#8660=DIRECTION('center_axis',(0.,-0.492152355472615,-0.87050908036778));
#8661=DIRECTION('ref_axis',(0.,0.87050908036778,-0.492152355472615));
#8662=DIRECTION('',(0.,-0.87050908036778,0.492152355472615));
#8663=DIRECTION('',(1.,0.,0.));
#8664=DIRECTION('',(0.,0.87050908036778,-0.492152355472615));
#8665=DIRECTION('center_axis',(0.,-0.854673846250982,-0.519165307522134));
#8666=DIRECTION('ref_axis',(0.,0.519165307522134,-0.854673846250982));
#8667=DIRECTION('',(0.,-0.519165307522134,0.854673846250982));
#8668=DIRECTION('',(1.,0.,0.));
#8669=DIRECTION('',(0.,0.519165307522134,-0.854673846250982));
#8670=DIRECTION('center_axis',(0.,1.,0.));
#8671=DIRECTION('ref_axis',(0.,0.,-1.));
#8672=DIRECTION('',(1.,0.,0.));
#8673=DIRECTION('',(0.,0.,-1.));
#8674=DIRECTION('',(0.,0.,1.));
#8675=DIRECTION('center_axis',(0.,0.,1.));
#8676=DIRECTION('ref_axis',(1.,0.,0.));
#8677=DIRECTION('',(0.,1.,0.));
#8678=DIRECTION('',(0.,-1.,0.));
#8679=DIRECTION('center_axis',(0.342020143325659,0.939692620785912,-1.06948335332932E-15));
#8680=DIRECTION('ref_axis',(6.09179803465777E-16,9.16397096868393E-16,1.));
#8681=DIRECTION('',(0.,0.,-1.));
#8682=DIRECTION('center_axis',(0.342020143325659,0.939692620785912,-1.06948335332932E-15));
#8683=DIRECTION('ref_axis',(6.09179803465777E-16,9.16397096868393E-16,1.));
#8684=DIRECTION('',(0.,0.,-1.));
#8685=DIRECTION('center_axis',(0.342020143325659,0.939692620785912,-1.06948335332932E-15));
#8686=DIRECTION('ref_axis',(6.09179803465777E-16,9.16397096868393E-16,1.));
#8687=DIRECTION('',(0.,0.,-1.));
#8688=DIRECTION('center_axis',(0.342020143325659,0.939692620785912,-1.06948335332932E-15));
#8689=DIRECTION('ref_axis',(6.09179803465777E-16,9.16397096868393E-16,1.));
#8690=DIRECTION('',(0.,0.,-1.));
#8691=DIRECTION('center_axis',(0.342020143325659,0.939692620785912,-1.06948335332932E-15));
#8692=DIRECTION('ref_axis',(6.09179803465777E-16,9.16397096868393E-16,1.));
#8693=DIRECTION('',(0.,0.,-1.));
#8694=DIRECTION('center_axis',(0.342020143325659,0.939692620785912,-1.06948335332932E-15));
#8695=DIRECTION('ref_axis',(6.09179803465777E-16,9.16397096868393E-16,1.));
#8696=DIRECTION('',(0.,0.,-1.));
#8697=DIRECTION('center_axis',(0.342020143325659,0.939692620785912,-1.06948335332932E-15));
#8698=DIRECTION('ref_axis',(6.09179803465777E-16,9.16397096868393E-16,1.));
#8699=DIRECTION('',(0.,0.,-1.));
#8700=DIRECTION('center_axis',(0.342020143325659,0.939692620785912,-1.06948335332932E-15));
#8701=DIRECTION('ref_axis',(6.09179803465777E-16,9.16397096868393E-16,1.));
#8702=DIRECTION('',(0.,0.,-1.));
#8703=DIRECTION('center_axis',(0.342020143325659,0.939692620785912,-1.06948335332932E-15));
#8704=DIRECTION('ref_axis',(6.09179803465777E-16,9.16397096868393E-16,1.));
#8705=DIRECTION('',(0.,0.,-1.));
#8706=DIRECTION('center_axis',(0.342020143325659,0.939692620785912,-1.06948335332932E-15));
#8707=DIRECTION('ref_axis',(6.09179803465777E-16,9.16397096868393E-16,1.));
#8708=DIRECTION('',(0.,0.,-1.));
#8709=DIRECTION('center_axis',(0.342020143325659,0.939692620785912,-1.06948335332932E-15));
#8710=DIRECTION('ref_axis',(6.09179803465777E-16,9.16397096868393E-16,1.));
#8711=DIRECTION('',(0.,0.,-1.));
#8712=DIRECTION('center_axis',(0.342020143325659,0.939692620785912,-1.06948335332932E-15));
#8713=DIRECTION('ref_axis',(6.09179803465777E-16,9.16397096868393E-16,1.));
#8714=DIRECTION('',(0.,0.,-1.));
#8715=DIRECTION('center_axis',(0.342020143325659,0.939692620785912,-1.06948335332932E-15));
#8716=DIRECTION('ref_axis',(6.09179803465777E-16,9.16397096868393E-16,1.));
#8717=DIRECTION('',(0.,0.,-1.));
#8718=DIRECTION('center_axis',(0.,0.,1.));
#8719=DIRECTION('ref_axis',(0.,-1.,0.));
#8720=DIRECTION('',(0.,-1.,0.));
#8721=DIRECTION('',(0.119795492580593,0.992798589824428,0.));
#8722=DIRECTION('center_axis',(-0.707106781186548,0.0853226485487864,0.701940200903624));
#8723=DIRECTION('ref_axis',(0.704509282855361,0.,0.709694772680921));
#8724=DIRECTION('',(0.,-0.992693352092801,0.120664446755287));
#8725=DIRECTION('',(-0.706459480516419,-0.0427785551058444,-0.706459480516419));
#8726=DIRECTION('center_axis',(-0.707106781186548,0.,0.707106781186548));
#8727=DIRECTION('ref_axis',(0.707106781186548,0.,0.707106781186548));
#8728=DIRECTION('',(0.,-1.,0.));
#8729=DIRECTION('center_axis',(0.707106781186548,0.,-0.707106781186548));
#8730=DIRECTION('ref_axis',(-0.707106781186548,0.,-0.707106781186548));
#8731=DIRECTION('',(0.58395170533485,-0.563915606871313,0.58395170533485));
#8732=DIRECTION('center_axis',(0.,0.,1.));
#8733=DIRECTION('ref_axis',(-0.920504853452441,-0.390731128489273,0.));
#8734=DIRECTION('',(0.,0.,1.));
#8735=DIRECTION('',(0.,0.,-1.));
#8736=DIRECTION('center_axis',(0.,-1.,0.));
#8737=DIRECTION('ref_axis',(-0.707106781186547,0.,-0.707106781186547));
#8738=DIRECTION('',(0.,1.,0.));
#8739=DIRECTION('center_axis',(0.,-0.707106781186548,0.707106781186548));
#8740=DIRECTION('ref_axis',(0.,0.707106781186547,0.707106781186547));
#8741=DIRECTION('center_axis',(1.,0.,0.));
#8742=DIRECTION('ref_axis',(0.,-0.707106781186547,-0.707106781186547));
#8743=DIRECTION('',(1.,0.,0.));
#8744=DIRECTION('center_axis',(0.707106781186553,0.707106781186542,0.));
#8745=DIRECTION('ref_axis',(0.707106781186542,-0.707106781186553,0.));
#8746=DIRECTION('',(-1.,0.,0.));
#8747=DIRECTION('center_axis',(-0.927183854566784,0.374606593415921,-2.63521501030591E-14));
#8748=DIRECTION('ref_axis',(0.374606593415921,0.927183854566784,6.52238602793361E-14));
#8749=DIRECTION('center_axis',(0.719339800338651,-0.694658370458998,0.));
#8750=DIRECTION('ref_axis',(-0.491197644359564,-0.508650050796844,-0.707106781186535));
#8751=DIRECTION('',(0.719339800338651,-0.694658370458998,0.));
#8752=DIRECTION('',(0.719339800338651,-0.694658370458998,0.));
#8753=DIRECTION('center_axis',(0.,1.,0.));
#8754=DIRECTION('ref_axis',(0.,0.,1.));
#8755=DIRECTION('',(0.,0.,1.));
#8756=DIRECTION('',(-1.,0.,0.));
#8757=DIRECTION('',(0.,0.,1.));
#8758=DIRECTION('center_axis',(1.,0.,0.));
#8759=DIRECTION('ref_axis',(0.,0.,-1.));
#8760=DIRECTION('',(0.,1.,0.));
#8761=DIRECTION('',(0.,0.,-1.));
#8762=DIRECTION('center_axis',(0.,0.,1.));
#8763=DIRECTION('ref_axis',(-0.92050485345244,-0.390731128489273,0.));
#8764=DIRECTION('center_axis',(0.,0.,-1.));
#8765=DIRECTION('ref_axis',(-0.92050485345244,-0.390731128489273,0.));
#8766=DIRECTION('',(0.,0.,1.));
#8767=DIRECTION('center_axis',(0.694658370458998,0.719339800338651,0.));
#8768=DIRECTION('ref_axis',(0.719339800338651,-0.694658370458998,0.));
#8769=DIRECTION('',(-0.719339800338651,0.694658370458998,0.));
#8770=DIRECTION('',(0.,0.,-1.));
#8771=DIRECTION('',(0.,0.,-1.));
#8772=DIRECTION('center_axis',(0.707106781186553,0.707106781186542,0.));
#8773=DIRECTION('ref_axis',(-0.707106781186542,0.707106781186553,0.));
#8774=DIRECTION('',(-0.707106781186542,0.707106781186553,0.));
#8775=DIRECTION('',(0.,0.,-1.));
#8776=DIRECTION('',(-0.707106781186542,0.707106781186553,0.));
#8777=DIRECTION('',(0.,0.,1.));
#8778=DIRECTION('center_axis',(0.,-1.,0.));
#8779=DIRECTION('ref_axis',(0.,0.,-1.));
#8780=DIRECTION('',(-1.,0.,0.));
#8781=DIRECTION('',(0.,0.,-1.));
#8782=DIRECTION('center_axis',(0.707106781186548,-0.707106781186548,0.));
#8783=DIRECTION('ref_axis',(0.,0.,-1.));
#8784=DIRECTION('',(-0.707106781186548,-0.707106781186548,0.));
#8785=DIRECTION('',(0.,0.,-1.));
#8786=DIRECTION('center_axis',(0.,0.,1.));
#8787=DIRECTION('ref_axis',(0.923879532511286,-0.382683432365092,0.));
#8788=DIRECTION('center_axis',(0.,0.,-1.));
#8789=DIRECTION('ref_axis',(0.923879532511286,-0.382683432365092,0.));
#8790=DIRECTION('center_axis',(0.,1.,0.));
#8791=DIRECTION('ref_axis',(0.,0.,1.));
#8792=DIRECTION('',(-1.,0.,0.));
#8793=DIRECTION('',(0.,0.,-1.));
#8794=DIRECTION('center_axis',(-0.694658370458997,0.719339800338651,0.));
#8795=DIRECTION('ref_axis',(-0.719339800338651,-0.694658370458997,0.));
#8796=DIRECTION('',(-0.719339800338651,-0.694658370458997,0.));
#8797=DIRECTION('center_axis',(-0.694658370458997,0.719339800338651,0.));
#8798=DIRECTION('ref_axis',(-0.719339800338651,-0.694658370458997,0.));
#8799=DIRECTION('center_axis',(0.99984769515639,-0.0174524064373393,0.));
#8800=DIRECTION('ref_axis',(-0.0123407149398667,-0.706999085398808,-0.707106781186563));
#8801=DIRECTION('',(0.99984769515639,-0.0174524064373393,0.));
#8802=DIRECTION('center_axis',(0.930417567982029,0.366501226724285,-3.30550722076605E-15));
#8803=DIRECTION('ref_axis',(0.366501226724285,-0.930417567982029,-7.98020036289519E-15));
#8804=DIRECTION('center_axis',(0.719339800338648,0.694658370459,0.));
#8805=DIRECTION('ref_axis',(0.491197644359551,-0.508650050796848,-0.707106781186542));
#8806=DIRECTION('',(0.719339800338648,0.694658370459,0.));
#8807=DIRECTION('center_axis',(-0.719339800338647,-0.694658370459001,0.));
#8808=DIRECTION('ref_axis',(0.,0.,-1.));
#8809=DIRECTION('center_axis',(0.,0.,1.));
#8810=DIRECTION('ref_axis',(1.,0.,0.));
#8811=DIRECTION('center_axis',(0.,0.,1.));
#8812=DIRECTION('ref_axis',(0.904118431176477,-0.427281947204637,0.));
#8813=DIRECTION('center_axis',(-0.694658370458997,0.719339800338651,0.));
#8814=DIRECTION('ref_axis',(-0.719339800338651,-0.694658370458997,0.));
#8815=DIRECTION('center_axis',(-0.694658370458997,0.719339800338651,0.));
#8816=DIRECTION('ref_axis',(0.719339800338651,0.694658370458997,0.));
#8817=DIRECTION('',(-0.719339800338651,-0.694658370458997,0.));
#8818=DIRECTION('center_axis',(0.,1.,0.));
#8819=DIRECTION('ref_axis',(0.707106781186547,0.,-0.707106781186547));
#8820=DIRECTION('',(0.,1.,0.));
#8821=DIRECTION('center_axis',(0.,-1.,0.));
#8822=DIRECTION('ref_axis',(0.,0.,-1.));
#8823=DIRECTION('center_axis',(0.,0.,-1.));
#8824=DIRECTION('ref_axis',(-1.,0.,0.));
#8825=DIRECTION('center_axis',(0.,0.,1.));
#8826=DIRECTION('ref_axis',(0.707106781186548,0.707106781186548,0.));
#8827=DIRECTION('center_axis',(1.10885799631619E-14,1.16482415698377E-15,
1.));
#8828=DIRECTION('ref_axis',(0.977928672089826,0.20893901575491,-1.10872174916245E-14));
#8829=DIRECTION('center_axis',(0.,0.,-1.));
#8830=DIRECTION('ref_axis',(0.977928672089826,0.20893901575491,-1.10872174916245E-14));
#8831=DIRECTION('',(-1.10885799631619E-14,-1.16482415698377E-15,-1.));
#8832=DIRECTION('center_axis',(1.,0.,0.));
#8833=DIRECTION('ref_axis',(0.,0.,-1.));
#8834=DIRECTION('',(0.,-1.,0.));
#8835=DIRECTION('',(0.,0.,1.));
#8836=DIRECTION('center_axis',(0.,1.,0.));
#8837=DIRECTION('ref_axis',(0.,0.,1.));
#8838=DIRECTION('',(-1.,0.,0.));
#8839=DIRECTION('',(0.,0.,1.));
#8840=DIRECTION('center_axis',(-1.,0.,0.));
#8841=DIRECTION('ref_axis',(0.,-1.,0.));
#8842=DIRECTION('',(0.,1.,0.));
#8843=DIRECTION('',(0.,0.,-1.));
#8844=DIRECTION('center_axis',(0.,0.,1.));
#8845=DIRECTION('ref_axis',(-0.707106781186547,-0.707106781186547,0.));
#8846=DIRECTION('center_axis',(0.,0.,1.));
#8847=DIRECTION('ref_axis',(-0.707106781186547,-0.707106781186547,0.));
#8848=DIRECTION('center_axis',(0.,0.,1.));
#8849=DIRECTION('ref_axis',(-0.374606593415912,-0.927183854566787,0.));
#8850=DIRECTION('center_axis',(0.,0.,1.));
#8851=DIRECTION('ref_axis',(-0.374606593415912,-0.927183854566787,0.));
#8852=DIRECTION('',(0.,0.,1.));
#8853=DIRECTION('center_axis',(0.,0.,1.));
#8854=DIRECTION('ref_axis',(-0.374606593415912,-0.927183854566787,0.));
#8855=DIRECTION('center_axis',(0.,0.,1.));
#8856=DIRECTION('ref_axis',(1.,0.,0.));
#8857=DIRECTION('',(1.,0.,0.));
#8858=DIRECTION('center_axis',(0.,0.,-1.));
#8859=DIRECTION('ref_axis',(-0.707106781186544,-0.707106781186552,0.));
#8860=DIRECTION('center_axis',(0.,0.,1.));
#8861=DIRECTION('ref_axis',(-0.707106781186544,-0.707106781186552,0.));
#8862=DIRECTION('center_axis',(0.,0.,-1.));
#8863=DIRECTION('ref_axis',(-0.707106781186544,-0.707106781186552,0.));
#8864=DIRECTION('center_axis',(0.,0.,1.));
#8865=DIRECTION('ref_axis',(1.,0.,0.));
#8866=DIRECTION('',(-1.,0.,0.));
#8867=DIRECTION('center_axis',(0.,1.,0.));
#8868=DIRECTION('ref_axis',(0.,0.,1.));
#8869=CARTESIAN_POINT('',(0.,0.,0.));
#8870=CARTESIAN_POINT('Origin',(-1454.5,5600.,300.));
#8871=CARTESIAN_POINT('',(-1554.5,5600.,250.));
#8872=CARTESIAN_POINT('Origin',(-1454.5,5600.,250.));
#8873=CARTESIAN_POINT('',(-1554.5,5600.,300.));
#8874=CARTESIAN_POINT('',(-1554.5,5600.,300.));
#8875=CARTESIAN_POINT('Origin',(-1454.5,5600.,300.));
#8876=CARTESIAN_POINT('Origin',(-1454.5,5600.,250.));
#8877=CARTESIAN_POINT('Origin',(-1454.5,6327.026,855.618364405038));
#8878=CARTESIAN_POINT('',(-1354.5,6377.026,855.618364405038));
#8879=CARTESIAN_POINT('Origin',(-1454.5,6377.026,855.618364405038));
#8880=CARTESIAN_POINT('',(-1354.5,6327.026,855.618364405038));
#8881=CARTESIAN_POINT('',(-1354.5,6327.026,855.618364405038));
#8882=CARTESIAN_POINT('Origin',(-1454.5,6327.026,855.618364405038));
#8883=CARTESIAN_POINT('Origin',(-1454.5,6377.026,855.618364405038));
#8884=CARTESIAN_POINT('Origin',(-1454.5,2357.15361851927,21.9089579754396));
#8885=CARTESIAN_POINT('',(-1554.5,2357.15361851927,-28.0910420245604));
#8886=CARTESIAN_POINT('Origin',(-1454.5,2357.15361851927,-28.0910420245604));
#8887=CARTESIAN_POINT('',(-1554.5,2357.15361851927,21.9089579754396));
#8888=CARTESIAN_POINT('',(-1554.5,2357.15361851927,21.9089579754396));
#8889=CARTESIAN_POINT('Origin',(-1454.5,2357.15361851927,21.9089579754396));
#8890=CARTESIAN_POINT('Origin',(-1454.5,2357.15361851927,-28.0910420245604));
#8891=CARTESIAN_POINT('Origin',(-1154.5,1835.,48.0000000000003));
#8892=CARTESIAN_POINT('',(-1154.5,1935.,21.9089571000003));
#8893=CARTESIAN_POINT('',(-1154.5,1935.,1250.));
#8894=CARTESIAN_POINT('',(-1154.5,1935.,48.0000000000003));
#8895=CARTESIAN_POINT('',(-1154.5,1903.99494936612,1250.));
#8896=CARTESIAN_POINT('',(-1154.5,1835.,1250.));
#8897=CARTESIAN_POINT('',(-1154.5,1903.99494936612,21.9089579754396));
#8898=CARTESIAN_POINT('',(-1154.5,1903.99494936612,468.5));
#8899=CARTESIAN_POINT('',(-1154.5,2998.77602868276,21.9089579754396));
#8900=CARTESIAN_POINT('Origin',(-1754.5,1835.,48.0000000000003));
#8901=CARTESIAN_POINT('',(-1754.5,1935.,1250.));
#8902=CARTESIAN_POINT('',(-1754.5,1935.,21.9089571000001));
#8903=CARTESIAN_POINT('',(-1754.5,1935.,48.0000000000003));
#8904=CARTESIAN_POINT('',(-1754.5,1903.99494936612,21.9089579754396));
#8905=CARTESIAN_POINT('',(-1754.5,2998.77602868276,21.9089579754396));
#8906=CARTESIAN_POINT('',(-1754.5,1903.99494936612,1250.));
#8907=CARTESIAN_POINT('',(-1754.5,1903.99494936612,-452.));
#8908=CARTESIAN_POINT('',(-1754.5,1835.,1250.));
#8909=CARTESIAN_POINT('Origin',(-70.78633481836,2200.0460422027,848.));
#8910=CARTESIAN_POINT('',(-281.660598621738,1996.40713275207,1300.));
#8911=CARTESIAN_POINT('',(-56.399538811587,2213.93920961188,1300.));
#8912=CARTESIAN_POINT('',(-119.009027017088,2153.47792965541,1300.));
#8913=CARTESIAN_POINT('',(-56.399538811587,2213.93920961188,848.));
#8914=CARTESIAN_POINT('',(-56.3995388115869,2213.93920961188,848.));
#8915=CARTESIAN_POINT('',(-281.660598621738,1996.40713275207,848.));
#8916=CARTESIAN_POINT('',(-115.420046054779,2156.94376828371,848.));
#8917=CARTESIAN_POINT('',(-281.660598621738,1996.40713275207,848.));
#8918=CARTESIAN_POINT('Origin',(-281.660598621738,1996.40713275207,848.));
#8919=CARTESIAN_POINT('',(-270.644858570329,1985.,1300.));
#8920=CARTESIAN_POINT('',(-274.714014917148,1989.21373474868,1300.));
#8921=CARTESIAN_POINT('',(-270.64485857033,1985.,848.));
#8922=CARTESIAN_POINT('',(-573.13371997614,2298.23638556971,848.));
#8923=CARTESIAN_POINT('',(-270.644858570329,1985.,848.));
#8924=CARTESIAN_POINT('Origin',(-823.,3450.,1545.95415615822));
#8925=CARTESIAN_POINT('',(-843.,3420.,1545.95415615822));
#8926=CARTESIAN_POINT('',(-843.,2816.30700481845,1545.95415615822));
#8927=CARTESIAN_POINT('',(-843.,3450.,1545.95415615822));
#8928=CARTESIAN_POINT('',(-823.,2836.30700481845,1565.95415615822));
#8929=CARTESIAN_POINT('Origin',(-823.,2816.30700481845,1545.95415615822));
#8930=CARTESIAN_POINT('',(-823.,3400.,1565.95415615822));
#8931=CARTESIAN_POINT('',(-823.,3450.,1565.95415615822));
#8932=CARTESIAN_POINT('Origin',(-823.,3420.,1545.95415615822));
#8933=CARTESIAN_POINT('Origin',(76.9350556113167,2370.50220255987,671.90895797544));
#8934=CARTESIAN_POINT('',(132.507725248037,2312.95501853277,1111.90895797544));
#8935=CARTESIAN_POINT('',(156.678442235795,2364.09968042722,1111.90895797544));
#8936=CARTESIAN_POINT('Origin',(76.9350556113167,2370.50220255987,1111.90895797544));
#8937=CARTESIAN_POINT('',(132.507725248037,2312.95501853277,981.90895797544));
#8938=CARTESIAN_POINT('',(132.507725248037,2312.95501853277,671.908957975461));
#8939=CARTESIAN_POINT('',(156.678442235795,2364.09968042722,981.90895797544));
#8940=CARTESIAN_POINT('Origin',(76.9350556113167,2370.50220255987,981.90895797544));
#8941=CARTESIAN_POINT('',(156.678442235795,2364.09968042722,671.90895797544));
#8942=CARTESIAN_POINT('Origin',(76.9350556113167,2370.50220255987,171.90895797544));
#8943=CARTESIAN_POINT('',(132.507725248037,2312.95501853277,661.90895797544));
#8944=CARTESIAN_POINT('',(156.678442235795,2364.09968042722,661.90895797544));
#8945=CARTESIAN_POINT('Origin',(76.9350556113167,2370.50220255987,661.90895797544));
#8946=CARTESIAN_POINT('',(132.507725248037,2312.95501853277,531.90895797544));
#8947=CARTESIAN_POINT('',(132.507725248037,2312.95501853277,171.908957975461));
#8948=CARTESIAN_POINT('',(156.678442235795,2364.09968042722,531.90895797544));
#8949=CARTESIAN_POINT('Origin',(76.9350556113167,2370.50220255987,531.90895797544));
#8950=CARTESIAN_POINT('',(156.678442235795,2364.09968042722,171.908957975461));
#8951=CARTESIAN_POINT('Origin',(16.9999999999999,5135.47719886885,955.280864441981));
#8952=CARTESIAN_POINT('',(16.9999999999999,5415.10789624382,638.775789391187));
#8953=CARTESIAN_POINT('',(16.9999999999999,4855.84650149388,638.775789391187));
#8954=CARTESIAN_POINT('',(16.9999999999999,5415.10789624382,638.775789391187));
#8955=CARTESIAN_POINT('',(16.9999999999999,5415.10789624382,1271.78593949278));
#8956=CARTESIAN_POINT('',(16.9999999999999,5415.10789624382,1271.78593949278));
#8957=CARTESIAN_POINT('',(16.9999999999999,4855.84650149388,1271.78593949278));
#8958=CARTESIAN_POINT('',(16.9999999999999,4855.84650149388,1271.78593949278));
#8959=CARTESIAN_POINT('',(16.9999999999999,4855.84650149388,638.775789391187));
#8960=CARTESIAN_POINT('Origin',(16.9999999999999,5900.,800.));
#8961=CARTESIAN_POINT('',(16.9999999999999,6200.,400.));
#8962=CARTESIAN_POINT('',(16.9999999999999,5600.,400.));
#8963=CARTESIAN_POINT('',(16.9999999999999,6200.,400.));
#8964=CARTESIAN_POINT('',(16.9999999999999,6200.,1200.));
#8965=CARTESIAN_POINT('',(16.9999999999999,6200.,1200.));
#8966=CARTESIAN_POINT('',(16.9999999999999,5600.,1200.));
#8967=CARTESIAN_POINT('',(16.9999999999999,5600.,1200.));
#8968=CARTESIAN_POINT('',(16.9999999999999,5600.,400.));
#8969=CARTESIAN_POINT('Origin',(-823.,2756.30700481845,2080.));
#8970=CARTESIAN_POINT('',(-843.,2756.30700481845,2050.));
#8971=CARTESIAN_POINT('',(-843.,2756.30700481845,1500.));
#8972=CARTESIAN_POINT('',(-843.,2756.30700481845,2080.));
#8973=CARTESIAN_POINT('',(-823.,2736.30700481845,1500.));
#8974=CARTESIAN_POINT('Origin',(-823.,2756.30700481845,1500.));
#8975=CARTESIAN_POINT('',(-823.,2736.30700481845,2030.));
#8976=CARTESIAN_POINT('',(-823.,2736.30700481845,2080.));
#8977=CARTESIAN_POINT('Origin',(-823.,2756.30700481845,2050.));
#8978=CARTESIAN_POINT('Origin',(-823.,3420.,2080.));
#8979=CARTESIAN_POINT('',(-823.,3400.,2030.));
#8980=CARTESIAN_POINT('',(-823.,3400.,2080.));
#8981=CARTESIAN_POINT('',(-843.,3420.,2050.));
#8982=CARTESIAN_POINT('Origin',(-823.,3420.,2050.));
#8983=CARTESIAN_POINT('',(-843.,3420.,2080.));
#8984=CARTESIAN_POINT('Origin',(-823.,2816.30700481845,1847.97707807911));
#8985=CARTESIAN_POINT('',(-843.,2816.30700481845,2050.));
#8986=CARTESIAN_POINT('',(-843.,2816.30700481845,1847.97707807911));
#8987=CARTESIAN_POINT('',(-823.,2836.30700481845,2030.));
#8988=CARTESIAN_POINT('Origin',(-823.,2816.30700481845,2050.));
#8989=CARTESIAN_POINT('',(-823.,2836.30700481845,1847.97707807911));
#8990=CARTESIAN_POINT('Origin',(56.9999999999999,3400.,1565.95415615822));
#8991=CARTESIAN_POINT('',(-743.,2836.30700481845,1565.95415615822));
#8992=CARTESIAN_POINT('',(56.9999999999999,2836.30700481845,1565.95415615822));
#8993=CARTESIAN_POINT('',(-743.,3400.,1565.95415615822));
#8994=CARTESIAN_POINT('',(-743.,2617.5,1565.95415615822));
#8995=CARTESIAN_POINT('',(56.9999999999999,3400.,1565.95415615822));
#8996=CARTESIAN_POINT('Origin',(-743.,1985.,848.));
#8997=CARTESIAN_POINT('',(-743.,1985.,848.));
#8998=CARTESIAN_POINT('',(-743.,1985.,848.));
#8999=CARTESIAN_POINT('',(-743.,1985.,1300.));
#9000=CARTESIAN_POINT('',(-743.,1985.,1174.));
#9001=CARTESIAN_POINT('',(-743.,1985.,1300.));
#9002=CARTESIAN_POINT('Origin',(-813.,3500.,2100.));
#9003=CARTESIAN_POINT('',(-813.,1885.,2130.));
#9004=CARTESIAN_POINT('',(-813.,3450.,2130.));
#9005=CARTESIAN_POINT('',(-813.,3500.,2130.));
#9006=CARTESIAN_POINT('',(-843.,3450.,2100.));
#9007=CARTESIAN_POINT('Origin',(-813.,3450.,2100.));
#9008=CARTESIAN_POINT('',(-843.,1885.,2100.));
#9009=CARTESIAN_POINT('',(-843.,3500.,2100.));
#9010=CARTESIAN_POINT('Origin',(-813.,1885.,2100.));
#9011=CARTESIAN_POINT('Ctrl Pts',(-793.,3500.,2100.));
#9012=CARTESIAN_POINT('Ctrl Pts',(-843.,3500.,2100.));
#9013=CARTESIAN_POINT('Ctrl Pts',(-843.,3450.,2100.));
#9014=CARTESIAN_POINT('Ctrl Pts',(-793.,3500.,2130.));
#9015=CARTESIAN_POINT('Ctrl Pts',(-843.,3500.,2130.));
#9016=CARTESIAN_POINT('Ctrl Pts',(-843.,3450.,2130.));
#9017=CARTESIAN_POINT('Ctrl Pts',(-793.,3470.,2130.));
#9018=CARTESIAN_POINT('Ctrl Pts',(-813.,3470.,2130.));
#9019=CARTESIAN_POINT('Ctrl Pts',(-813.,3450.,2130.));
#9020=CARTESIAN_POINT('',(-793.,3470.,2130.));
#9021=CARTESIAN_POINT('Origin',(-793.,3450.,2130.));
#9022=CARTESIAN_POINT('',(-793.,3500.,2100.));
#9023=CARTESIAN_POINT('Origin',(-793.,3470.,2100.));
#9024=CARTESIAN_POINT('Origin',(-793.,3450.,2100.));
#9025=CARTESIAN_POINT('Origin',(-763.,3480.,1500.));
#9026=CARTESIAN_POINT('',(-743.,3480.,2030.));
#9027=CARTESIAN_POINT('',(-743.,3480.,1500.));
#9028=CARTESIAN_POINT('',(-743.,3480.,1500.));
#9029=CARTESIAN_POINT('',(-763.,3500.,1500.));
#9030=CARTESIAN_POINT('Origin',(-763.,3480.,1500.));
#9031=CARTESIAN_POINT('',(-763.,3500.,2050.));
#9032=CARTESIAN_POINT('',(-763.,3500.,1500.));
#9033=CARTESIAN_POINT('Origin',(-763.,3480.,2050.));
#9034=CARTESIAN_POINT('Origin',(-2966.,3470.,2100.));
#9035=CARTESIAN_POINT('',(6.99999999999989,3470.,2130.));
#9036=CARTESIAN_POINT('',(-2966.,3470.,2130.));
#9037=CARTESIAN_POINT('',(6.99999999999988,3500.,2100.));
#9038=CARTESIAN_POINT('Origin',(6.99999999999988,3470.,2100.));
#9039=CARTESIAN_POINT('',(-2966.,3500.,2100.));
#9040=CARTESIAN_POINT('Origin',(-793.,3450.,1815.));
#9041=CARTESIAN_POINT('',(-793.,3500.,1500.));
#9042=CARTESIAN_POINT('',(-843.,3450.,1500.));
#9043=CARTESIAN_POINT('Origin',(-793.,3450.,1500.));
#9044=CARTESIAN_POINT('',(-843.,3450.,1815.));
#9045=CARTESIAN_POINT('',(-793.,3500.,1815.));
#9046=CARTESIAN_POINT('Origin',(-183.465586223687,2021.72477441607,531.90895797544));
#9047=CARTESIAN_POINT('',(-263.354301760526,1944.57713858839,521.90895797544));
#9048=CARTESIAN_POINT('',(125.561141543447,2320.14841653616,521.90895797544));
#9049=CARTESIAN_POINT('',(-183.465586223687,2021.72477441607,521.90895797544));
#9050=CARTESIAN_POINT('Origin',(125.561141543447,2320.14841653616,531.90895797544));
#9051=CARTESIAN_POINT('',(-259.387321068488,1934.50637140241,531.90895797544));
#9052=CARTESIAN_POINT('',(-176.519002519097,2014.53137641269,531.90895797544));
#9053=CARTESIAN_POINT('Origin',(-263.354301760526,1944.57713858839,531.90895797544));
#9054=CARTESIAN_POINT('Origin',(76.9350556113167,2370.50220255987,531.90895797544));
#9055=CARTESIAN_POINT('',(144.550723184887,2352.38807827575,521.90895797544));
#9056=CARTESIAN_POINT('Ctrl Pts',(156.678442235795,2364.09968042722,531.90895797544));
#9057=CARTESIAN_POINT('Ctrl Pts',(156.678442235795,2364.09968042722,531.38426824881));
#9058=CARTESIAN_POINT('Ctrl Pts',(156.630268227692,2364.05315932836,530.814145651278));
#9059=CARTESIAN_POINT('Ctrl Pts',(156.42919731835,2363.85898740827,529.709459709639));
#9060=CARTESIAN_POINT('Ctrl Pts',(156.276747225105,2363.7117680645,529.174739290774));
#9061=CARTESIAN_POINT('Ctrl Pts',(155.888747744181,2363.33708132114,528.127757455322));
#9062=CARTESIAN_POINT('Ctrl Pts',(155.59951115666,2363.05776879531,527.537910893512));
#9063=CARTESIAN_POINT('Ctrl Pts',(154.928483621036,2362.40976503657,526.465787068178));
#9064=CARTESIAN_POINT('Ctrl Pts',(154.54755769615,2362.04190914688,525.982464099839));
#9065=CARTESIAN_POINT('Ctrl Pts',(153.672645895041,2361.1970166416,525.035961885812));
#9066=CARTESIAN_POINT('Ctrl Pts',(153.077930463365,2360.62270662503,524.5245625046));
#9067=CARTESIAN_POINT('Ctrl Pts',(151.826754612103,2359.41446015015,523.667268740693));
#9068=CARTESIAN_POINT('Ctrl Pts',(151.170926302055,2358.78113411294,523.319592666905));
#9069=CARTESIAN_POINT('Ctrl Pts',(149.649634559058,2357.31203975352,522.65908674004));
#9070=CARTESIAN_POINT('Ctrl Pts',(148.62602704523,2356.32355346761,522.356179868573));
#9071=CARTESIAN_POINT('Ctrl Pts',(146.553904693166,2354.32252817219,521.982456286376));
#9072=CARTESIAN_POINT('Ctrl Pts',(145.505640574833,2353.31023128009,521.90895797544));
#9073=CARTESIAN_POINT('Ctrl Pts',(144.550723184887,2352.38807827575,521.90895797544));
#9074=CARTESIAN_POINT('Origin',(76.9350556113167,2370.50220255987,521.90895797544));
#9075=CARTESIAN_POINT('Origin',(147.,2099.70510257528,531.90895797544));
#9076=CARTESIAN_POINT('',(157.,2364.41020515057,531.90895797544));
#9077=CARTESIAN_POINT('',(147.,2354.7533174025,521.90895797544));
#9078=CARTESIAN_POINT('Origin',(147.,2354.7533174025,531.90895797544));
#9079=CARTESIAN_POINT('',(147.,2636.3070048184,521.90895797544));
#9080=CARTESIAN_POINT('',(147.,2099.70510257528,521.90895797544));
#9081=CARTESIAN_POINT('',(157.,2636.3070048184,531.90895797544));
#9082=CARTESIAN_POINT('Origin',(147.,2636.3070048184,531.90895797544));
#9083=CARTESIAN_POINT('',(157.,2099.70510257528,531.90895797544));
#9084=CARTESIAN_POINT('Origin',(-183.465586223687,2021.72477441607,981.90895797544));
#9085=CARTESIAN_POINT('',(-263.354301760526,1944.57713858839,971.90895797544));
#9086=CARTESIAN_POINT('',(125.561141543447,2320.14841653616,971.90895797544));
#9087=CARTESIAN_POINT('',(-183.465586223687,2021.72477441607,971.90895797544));
#9088=CARTESIAN_POINT('Origin',(125.561141543447,2320.14841653616,981.90895797544));
#9089=CARTESIAN_POINT('',(-259.387321068488,1934.50637140241,981.90895797544));
#9090=CARTESIAN_POINT('',(-176.519002519097,2014.53137641269,981.90895797544));
#9091=CARTESIAN_POINT('Origin',(-263.354301760526,1944.57713858839,981.90895797544));
#9092=CARTESIAN_POINT('Origin',(76.9350556113167,2370.50220255987,981.90895797544));
#9093=CARTESIAN_POINT('',(144.550723184887,2352.38807827575,971.90895797544));
#9094=CARTESIAN_POINT('Ctrl Pts',(156.678442235795,2364.09968042722,981.90895797544));
#9095=CARTESIAN_POINT('Ctrl Pts',(156.678442235795,2364.09968042722,981.38426824881));
#9096=CARTESIAN_POINT('Ctrl Pts',(156.630268227692,2364.05315932836,980.814145651278));
#9097=CARTESIAN_POINT('Ctrl Pts',(156.42919731835,2363.85898740827,979.709459709639));
#9098=CARTESIAN_POINT('Ctrl Pts',(156.276747225105,2363.7117680645,979.174739290774));
#9099=CARTESIAN_POINT('Ctrl Pts',(155.888747744181,2363.33708132114,978.127757455322));
#9100=CARTESIAN_POINT('Ctrl Pts',(155.59951115666,2363.05776879531,977.537910893512));
#9101=CARTESIAN_POINT('Ctrl Pts',(154.928483621036,2362.40976503657,976.465787068178));
#9102=CARTESIAN_POINT('Ctrl Pts',(154.54755769615,2362.04190914688,975.982464099839));
#9103=CARTESIAN_POINT('Ctrl Pts',(153.672645895041,2361.1970166416,975.035961885812));
#9104=CARTESIAN_POINT('Ctrl Pts',(153.077930463365,2360.62270662503,974.5245625046));
#9105=CARTESIAN_POINT('Ctrl Pts',(151.826754612103,2359.41446015015,973.667268740693));
#9106=CARTESIAN_POINT('Ctrl Pts',(151.170926302055,2358.78113411294,973.319592666905));
#9107=CARTESIAN_POINT('Ctrl Pts',(149.649634559058,2357.31203975352,972.65908674004));
#9108=CARTESIAN_POINT('Ctrl Pts',(148.62602704523,2356.32355346761,972.356179868573));
#9109=CARTESIAN_POINT('Ctrl Pts',(146.553904693166,2354.32252817219,971.982456286376));
#9110=CARTESIAN_POINT('Ctrl Pts',(145.505640574833,2353.31023128009,971.90895797544));
#9111=CARTESIAN_POINT('Ctrl Pts',(144.550723184887,2352.38807827575,971.90895797544));
#9112=CARTESIAN_POINT('Origin',(76.9350556113167,2370.50220255987,971.90895797544));
#9113=CARTESIAN_POINT('Origin',(76.9350556113167,2370.50220255987,661.90895797544));
#9114=CARTESIAN_POINT('',(144.550723184887,2352.38807827575,671.90895797544));
#9115=CARTESIAN_POINT('Ctrl Pts',(144.550723184887,2352.38807827575,671.90895797544));
#9116=CARTESIAN_POINT('Ctrl Pts',(145.505640574833,2353.31023128009,671.90895797544));
#9117=CARTESIAN_POINT('Ctrl Pts',(146.553904693166,2354.32252817219,671.835459664503));
#9118=CARTESIAN_POINT('Ctrl Pts',(148.62602704523,2356.32355346761,671.461736082307));
#9119=CARTESIAN_POINT('Ctrl Pts',(149.649634559058,2357.31203975352,671.158829210839));
#9120=CARTESIAN_POINT('Ctrl Pts',(151.170926302055,2358.78113411294,670.498323283975));
#9121=CARTESIAN_POINT('Ctrl Pts',(151.826754612103,2359.41446015015,670.150647210186));
#9122=CARTESIAN_POINT('Ctrl Pts',(153.077930463365,2360.62270662503,669.293353446279));
#9123=CARTESIAN_POINT('Ctrl Pts',(153.672645895041,2361.1970166416,668.781954065068));
#9124=CARTESIAN_POINT('Ctrl Pts',(154.54755769615,2362.04190914688,667.83545185104));
#9125=CARTESIAN_POINT('Ctrl Pts',(154.928483621036,2362.40976503657,667.352128882701));
#9126=CARTESIAN_POINT('Ctrl Pts',(155.59951115666,2363.05776879531,666.280005057367));
#9127=CARTESIAN_POINT('Ctrl Pts',(155.888747744181,2363.33708132114,665.690158495557));
#9128=CARTESIAN_POINT('Ctrl Pts',(156.276747225105,2363.7117680645,664.643176660105));
#9129=CARTESIAN_POINT('Ctrl Pts',(156.42919731835,2363.85898740827,664.10845624124));
#9130=CARTESIAN_POINT('Ctrl Pts',(156.630268227692,2364.05315932836,663.003770299601));
#9131=CARTESIAN_POINT('Ctrl Pts',(156.678442235795,2364.09968042722,662.433647702069));
#9132=CARTESIAN_POINT('Ctrl Pts',(156.678442235795,2364.09968042722,661.90895797544));
#9133=CARTESIAN_POINT('',(125.561141543447,2320.14841653616,671.90895797544));
#9134=CARTESIAN_POINT('Origin',(76.9350556113167,2370.50220255987,671.90895797544));
#9135=CARTESIAN_POINT('Origin',(125.561141543447,2320.14841653616,661.90895797544));
#9136=CARTESIAN_POINT('Origin',(-183.465586223687,2021.72477441607,661.90895797544));
#9137=CARTESIAN_POINT('',(-259.387321068488,1934.50637140241,661.90895797544));
#9138=CARTESIAN_POINT('',(-176.519002519098,2014.53137641269,661.90895797544));
#9139=CARTESIAN_POINT('',(-263.354301760526,1944.57713858839,671.90895797544));
#9140=CARTESIAN_POINT('',(-183.465586223687,2021.72477441607,671.90895797544));
#9141=CARTESIAN_POINT('Origin',(-263.354301760526,1944.57713858839,661.90895797544));
#9142=CARTESIAN_POINT('Origin',(147.,2099.70510257528,661.90895797544));
#9143=CARTESIAN_POINT('',(147.,2354.7533174025,671.90895797544));
#9144=CARTESIAN_POINT('',(157.,2364.41020515057,661.90895797544));
#9145=CARTESIAN_POINT('Origin',(147.,2354.7533174025,661.90895797544));
#9146=CARTESIAN_POINT('',(157.,2636.3070048184,661.90895797544));
#9147=CARTESIAN_POINT('',(157.,2099.70510257528,661.90895797544));
#9148=CARTESIAN_POINT('',(147.,2636.3070048184,671.90895797544));
#9149=CARTESIAN_POINT('Origin',(147.,2636.3070048184,661.90895797544));
#9150=CARTESIAN_POINT('',(147.,2099.70510257528,671.90895797544));
#9151=CARTESIAN_POINT('Origin',(156.678442235795,2364.09968042722,171.90895797544));
#9152=CARTESIAN_POINT('',(157.,2364.41020515057,171.90895797544));
#9153=CARTESIAN_POINT('',(24.5672954284536,2236.52142892848,671.90895797544));
#9154=CARTESIAN_POINT('',(24.5672954284536,2236.52142892848,521.90895797544));
#9155=CARTESIAN_POINT('Origin',(147.,1835.,981.90895797544));
#9156=CARTESIAN_POINT('',(157.,2364.41020515057,981.90895797544));
#9157=CARTESIAN_POINT('',(147.,2354.7533174025,971.90895797544));
#9158=CARTESIAN_POINT('Origin',(147.,2354.7533174025,981.90895797544));
#9159=CARTESIAN_POINT('',(147.,2636.3070048184,971.90895797544));
#9160=CARTESIAN_POINT('',(147.,1835.,971.90895797544));
#9161=CARTESIAN_POINT('',(157.,2636.3070048184,981.90895797544));
#9162=CARTESIAN_POINT('Origin',(147.,2636.3070048184,981.90895797544));
#9163=CARTESIAN_POINT('',(157.,1835.,981.90895797544));
#9164=CARTESIAN_POINT('Origin',(147.,1835.,1111.90895797544));
#9165=CARTESIAN_POINT('',(147.,2354.7533174025,1121.90895797544));
#9166=CARTESIAN_POINT('',(157.,2364.41020515057,1111.90895797544));
#9167=CARTESIAN_POINT('Origin',(147.,2354.7533174025,1111.90895797544));
#9168=CARTESIAN_POINT('',(157.,2636.3070048184,1111.90895797544));
#9169=CARTESIAN_POINT('',(157.,1835.,1111.90895797544));
#9170=CARTESIAN_POINT('',(147.,2636.3070048184,1121.90895797544));
#9171=CARTESIAN_POINT('Origin',(147.,2636.3070048184,1111.90895797544));
#9172=CARTESIAN_POINT('',(147.,1835.,1121.90895797544));
#9173=CARTESIAN_POINT('Origin',(157.,2364.41020515057,-452.));
#9174=CARTESIAN_POINT('',(157.,2364.41020515057,-215.04552101228));
#9175=CARTESIAN_POINT('',(144.550723184887,2352.38807827575,1121.90895797544));
#9176=CARTESIAN_POINT('',(-1.14441310700647,2211.69192061468,1121.90895797544));
#9177=CARTESIAN_POINT('Ctrl Pts',(144.550723184887,2352.38807827575,1121.90895797544));
#9178=CARTESIAN_POINT('Ctrl Pts',(145.505640574833,2353.31023128009,1121.90895797544));
#9179=CARTESIAN_POINT('Ctrl Pts',(146.553904693166,2354.32252817219,1121.8354596645));
#9180=CARTESIAN_POINT('Ctrl Pts',(148.62602704523,2356.32355346761,1121.46173608231));
#9181=CARTESIAN_POINT('Ctrl Pts',(149.649634559058,2357.31203975352,1121.15882921084));
#9182=CARTESIAN_POINT('Ctrl Pts',(151.170926302055,2358.78113411294,1120.49832328397));
#9183=CARTESIAN_POINT('Ctrl Pts',(151.826754612103,2359.41446015015,1120.15064721019));
#9184=CARTESIAN_POINT('Ctrl Pts',(153.077930463365,2360.62270662503,1119.29335344628));
#9185=CARTESIAN_POINT('Ctrl Pts',(153.672645895041,2361.1970166416,1118.78195406507));
#9186=CARTESIAN_POINT('Ctrl Pts',(154.54755769615,2362.04190914688,1117.83545185104));
#9187=CARTESIAN_POINT('Ctrl Pts',(154.928483621036,2362.40976503657,1117.3521288827));
#9188=CARTESIAN_POINT('Ctrl Pts',(155.59951115666,2363.05776879531,1116.28000505737));
#9189=CARTESIAN_POINT('Ctrl Pts',(155.888747744181,2363.33708132114,1115.69015849556));
#9190=CARTESIAN_POINT('Ctrl Pts',(156.276747225105,2363.7117680645,1114.6431766601));
#9191=CARTESIAN_POINT('Ctrl Pts',(156.42919731835,2363.85898740827,1114.10845624124));
#9192=CARTESIAN_POINT('Ctrl Pts',(156.630268227692,2364.05315932836,1113.0037702996));
#9193=CARTESIAN_POINT('Ctrl Pts',(156.678442235795,2364.09968042722,1112.43364770207));
#9194=CARTESIAN_POINT('Ctrl Pts',(156.678442235795,2364.09968042722,1111.90895797544));
#9195=CARTESIAN_POINT('',(24.728074310556,2236.67669129016,971.90895797544));
#9196=CARTESIAN_POINT('Origin',(76.9350556113167,2370.50220255987,1111.90895797544));
#9197=CARTESIAN_POINT('',(125.561141543447,2320.14841653616,1121.90895797544));
#9198=CARTESIAN_POINT('Origin',(76.9350556113167,2370.50220255987,1121.90895797544));
#9199=CARTESIAN_POINT('Origin',(125.561141543447,2320.14841653616,1111.90895797544));
#9200=CARTESIAN_POINT('Origin',(-209.33807364125,1996.7400037406,1111.90895797544));
#9201=CARTESIAN_POINT('',(-259.387321068488,1934.50637140241,1111.90895797544));
#9202=CARTESIAN_POINT('',(-202.39148993666,1989.54660573721,1111.90895797544));
#9203=CARTESIAN_POINT('',(-263.354301760526,1944.57713858839,1121.90895797544));
#9204=CARTESIAN_POINT('',(-209.33807364125,1996.7400037406,1121.90895797544));
#9205=CARTESIAN_POINT('Origin',(-263.354301760526,1944.57713858839,1111.90895797544));
#9206=CARTESIAN_POINT('Origin',(-743.,1885.,1300.));
#9207=CARTESIAN_POINT('',(-743.,1885.,1500.));
#9208=CARTESIAN_POINT('',(-743.,1885.,1300.));
#9209=CARTESIAN_POINT('',(-743.,1885.,1400.));
#9210=CARTESIAN_POINT('',(-43.0000000000001,1885.,1500.));
#9211=CARTESIAN_POINT('',(-743.,1885.,1500.));
#9212=CARTESIAN_POINT('',(-43.0000000000001,1885.,1300.));
#9213=CARTESIAN_POINT('',(-43.0000000000001,1885.,1665.));
#9214=CARTESIAN_POINT('',(-743.,1885.,1300.));
#9215=CARTESIAN_POINT('Origin',(-743.,1985.,848.));
#9216=CARTESIAN_POINT('',(-43.0000000000001,1985.,1290.));
#9217=CARTESIAN_POINT('',(-235.890768794912,1985.,1290.));
#9218=CARTESIAN_POINT('',(-441.222692198728,1985.,1290.));
#9219=CARTESIAN_POINT('',(-235.890768794912,1985.,1300.));
#9220=CARTESIAN_POINT('',(-235.890768794912,1985.,848.));
#9221=CARTESIAN_POINT('',(-43.0000000000001,1985.,1300.));
#9222=CARTESIAN_POINT('',(-743.,1985.,1300.));
#9223=CARTESIAN_POINT('',(-43.0000000000001,1985.,1439.));
#9224=CARTESIAN_POINT('Origin',(-125.049819001199,2064.23458918441,1290.));
#9225=CARTESIAN_POINT('',(-43.0000000000001,2171.27245018915,1290.));
#9226=CARTESIAN_POINT('',(-43.0000000000001,1956.56811254729,1290.));
#9227=CARTESIAN_POINT('',(8.7773078012718,2221.27321512257,1290.));
#9228=CARTESIAN_POINT('Origin',(157.,2364.41020515057,-452.));
#9229=CARTESIAN_POINT('',(-43.0000000000001,2171.27245018915,1300.));
#9230=CARTESIAN_POINT('',(8.77730780127188,2221.27321512257,1300.));
#9231=CARTESIAN_POINT('',(-43.0000000000001,2171.27245018915,1439.));
#9232=CARTESIAN_POINT('Origin',(-743.,1985.,1300.));
#9233=CARTESIAN_POINT('',(-743.,1910.,1300.));
#9234=CARTESIAN_POINT('',(-43.0000000000001,1910.,1300.));
#9235=CARTESIAN_POINT('',(-43.0000000000001,2200.06358098167,1300.));
#9236=CARTESIAN_POINT('',(-43.0000000000001,2017.52302110135,1300.));
#9237=CARTESIAN_POINT('',(-35.5597876978169,2192.35901560172,1300.));
#9238=CARTESIAN_POINT('Origin',(-28.6132039932271,2185.16561759833,848.));
#9239=CARTESIAN_POINT('',(-43.0000000000001,2200.06358098167,848.));
#9240=CARTESIAN_POINT('',(-43.0000000000001,2200.06358098167,1439.));
#9241=CARTESIAN_POINT('',(-333.979492756808,2501.38166642275,848.));
#9242=CARTESIAN_POINT('Origin',(-743.,2717.5,848.));
#9243=CARTESIAN_POINT('',(-43.0000000000001,2717.5,848.));
#9244=CARTESIAN_POINT('',(-43.0000000000001,2276.25,848.));
#9245=CARTESIAN_POINT('',(-743.,2717.5,848.));
#9246=CARTESIAN_POINT('',(-743.,2717.5,848.));
#9247=CARTESIAN_POINT('',(-743.,2276.25,848.));
#9248=CARTESIAN_POINT('Origin',(-743.,2717.5,1200.));
#9249=CARTESIAN_POINT('',(-43.0000000000001,2717.5,1200.));
#9250=CARTESIAN_POINT('',(-43.0000000000001,2717.5,1200.));
#9251=CARTESIAN_POINT('',(-743.,2717.5,1200.));
#9252=CARTESIAN_POINT('',(-568.,2717.5,1200.));
#9253=CARTESIAN_POINT('',(-743.,2717.5,1200.));
#9254=CARTESIAN_POINT('Origin',(-393.,2717.5,1200.));
#9255=CARTESIAN_POINT('',(-43.0000000000001,3500.,1200.));
#9256=CARTESIAN_POINT('',(-43.0000000000001,2736.30700481845,1200.));
#9257=CARTESIAN_POINT('',(-743.,3500.,1200.));
#9258=CARTESIAN_POINT('',(-743.,3500.,1200.));
#9259=CARTESIAN_POINT('',(-743.,2736.30700481845,1200.));
#9260=CARTESIAN_POINT('Origin',(-743.,3500.,1500.));
#9261=CARTESIAN_POINT('',(-55.4264068711925,3500.,1500.));
#9262=CARTESIAN_POINT('',(-43.0000000000001,3500.,1497.30539163373));
#9263=CARTESIAN_POINT('Origin',(-55.4264068711926,3500.,1470.));
#9264=CARTESIAN_POINT('',(-743.,3500.,1500.));
#9265=CARTESIAN_POINT('',(-1854.5,3500.,1500.));
#9266=CARTESIAN_POINT('',(-743.,3500.,1500.));
#9267=CARTESIAN_POINT('',(-43.0000000000001,3500.,1500.));
#9268=CARTESIAN_POINT('Origin',(-2926.,5617.10987575613,829.097387142003));
#9269=CARTESIAN_POINT('',(-2926.,5070.08016582987,434.672531916202));
#9270=CARTESIAN_POINT('',(-2926.,6164.13958568239,434.672531916202));
#9271=CARTESIAN_POINT('',(-2926.,5070.08016582987,434.672531916202));
#9272=CARTESIAN_POINT('',(-2926.,5070.08016582987,1223.5222423678));
#9273=CARTESIAN_POINT('',(-2926.,5070.08016582987,1223.5222423678));
#9274=CARTESIAN_POINT('',(-2926.,6164.13958568239,1223.5222423678));
#9275=CARTESIAN_POINT('',(-2926.,6164.13958568239,1223.5222423678));
#9276=CARTESIAN_POINT('',(-2926.,6164.13958568239,434.672531916202));
#9277=CARTESIAN_POINT('Origin',(-2966.,6500.,1341.98163465971));
#9278=CARTESIAN_POINT('',(-2853.57359312881,6327.026,1363.00707214154));
#9279=CARTESIAN_POINT('',(-55.4264068711929,6327.026,1363.00707214154));
#9280=CARTESIAN_POINT('',(-2185.25,6327.026,1363.00707214154));
#9281=CARTESIAN_POINT('',(-2853.57359312881,5200.,1500.));
#9282=CARTESIAN_POINT('',(-2853.57359312881,6000.16968870002,1402.7373029206));
#9283=CARTESIAN_POINT('',(-55.4264068711927,5200.,1500.));
#9284=CARTESIAN_POINT('',(-2966.,5200.,1500.));
#9285=CARTESIAN_POINT('',(-55.4264068711929,6000.16968870002,1402.7373029206));
#9286=CARTESIAN_POINT('Origin',(-2966.,5200.,1500.));
#9287=CARTESIAN_POINT('',(-2853.57359312881,2200.97731629299,1500.));
#9288=CARTESIAN_POINT('',(-2853.57359312881,5002.5,1500.));
#9289=CARTESIAN_POINT('',(-2591.01394033337,1947.42640687119,1500.));
#9290=CARTESIAN_POINT('',(-3769.18024592111,3085.16838303319,1500.));
#9291=CARTESIAN_POINT('',(-743.,1947.42640687119,1500.));
#9292=CARTESIAN_POINT('',(-2966.,1947.42640687119,1500.));
#9293=CARTESIAN_POINT('',(-743.,2736.30700481845,1500.));
#9294=CARTESIAN_POINT('',(-743.,3567.5,1500.));
#9295=CARTESIAN_POINT('',(56.9999999999999,2736.30700481845,1500.));
#9296=CARTESIAN_POINT('',(-843.,1835.,1500.));
#9297=CARTESIAN_POINT('',(-2966.,3500.,1500.));
#9298=CARTESIAN_POINT('',(-743.,3517.5,1500.));
#9299=CARTESIAN_POINT('',(-55.4264068711926,5002.5,1500.));
#9300=CARTESIAN_POINT('Origin',(-2966.,1947.42640687119,1470.));
#9301=CARTESIAN_POINT('',(-2599.58463085532,1926.2132034356,1491.2132034356));
#9302=CARTESIAN_POINT('',(-839.56091992348,1926.2132034356,1491.2132034356));
#9303=CARTESIAN_POINT('',(-2966.,1926.2132034356,1491.2132034356));
#9304=CARTESIAN_POINT('',(-823.,1935.,1497.30539163373));
#9305=CARTESIAN_POINT('Ctrl Pts',(-823.,1935.,1497.30539163373));
#9306=CARTESIAN_POINT('Ctrl Pts',(-824.418799197744,1935.,1497.30539163373));
#9307=CARTESIAN_POINT('Ctrl Pts',(-825.872937726394,1934.84621477384,1497.23709120039));
#9308=CARTESIAN_POINT('Ctrl Pts',(-828.721007394725,1934.21967965154,1496.93887018599));
#9309=CARTESIAN_POINT('Ctrl Pts',(-830.114901562085,1933.74695081242,1496.70855240688));
#9310=CARTESIAN_POINT('Ctrl Pts',(-832.724865336562,1932.53558287545,1496.05259899871));
#9311=CARTESIAN_POINT('Ctrl Pts',(-833.944418651028,1931.79510375576,1495.62465472499));
#9312=CARTESIAN_POINT('Ctrl Pts',(-836.120732269576,1930.15592926617,1494.54976929187));
#9313=CARTESIAN_POINT('Ctrl Pts',(-837.077339389751,1929.25804915258,1493.90127545643));
#9314=CARTESIAN_POINT('Ctrl Pts',(-838.491292837982,1927.6823931918,1492.60396175639));
#9315=CARTESIAN_POINT('Ctrl Pts',(-839.063620166302,1926.94767164567,1491.94767164567));
#9316=CARTESIAN_POINT('Ctrl Pts',(-839.560919923478,1926.2132034356,1491.2132034356));
#9317=CARTESIAN_POINT('',(-743.,1935.,1497.30539163373));
#9318=CARTESIAN_POINT('',(-2966.,1935.,1497.30539163373));
#9319=CARTESIAN_POINT('Origin',(-743.,1947.42640687119,1470.));
#9320=CARTESIAN_POINT('Origin',(-2591.01394033337,1947.42640687119,1470.));
#9321=CARTESIAN_POINT('Origin',(-823.,1915.,1815.));
#9322=CARTESIAN_POINT('',(-823.,1935.,2030.));
#9323=CARTESIAN_POINT('',(-823.,1935.,1815.));
#9324=CARTESIAN_POINT('',(-843.,1915.,1480.));
#9325=CARTESIAN_POINT('Origin',(-823.,1915.,1480.));
#9326=CARTESIAN_POINT('',(-843.,1915.,2050.));
#9327=CARTESIAN_POINT('',(-843.,1915.,1815.));
#9328=CARTESIAN_POINT('Origin',(-823.,1915.,2050.));
#9329=CARTESIAN_POINT('Origin',(-843.,3500.,2130.));
#9330=CARTESIAN_POINT('',(-843.,2717.5,2050.));
#9331=CARTESIAN_POINT('',(-843.,1885.,1450.));
#9332=CARTESIAN_POINT('',(-843.,2458.75,2023.75));
#9333=CARTESIAN_POINT('',(-843.,1885.,1930.));
#9334=CARTESIAN_POINT('',(-843.,2717.5,2050.));
#9335=CARTESIAN_POINT('Ctrl Pts',(-793.,1865.,2130.));
#9336=CARTESIAN_POINT('Ctrl Pts',(-813.,1865.,2130.));
#9337=CARTESIAN_POINT('Ctrl Pts',(-813.,1885.,2130.));
#9338=CARTESIAN_POINT('Ctrl Pts',(-793.,1835.,2130.));
#9339=CARTESIAN_POINT('Ctrl Pts',(-843.,1835.,2130.));
#9340=CARTESIAN_POINT('Ctrl Pts',(-843.,1885.,2130.));
#9341=CARTESIAN_POINT('Ctrl Pts',(-793.,1835.,2100.));
#9342=CARTESIAN_POINT('Ctrl Pts',(-843.,1835.,2100.));
#9343=CARTESIAN_POINT('Ctrl Pts',(-843.,1885.,2100.));
#9344=CARTESIAN_POINT('',(-793.,1835.,2100.));
#9345=CARTESIAN_POINT('Origin',(-793.,1885.,2100.));
#9346=CARTESIAN_POINT('',(-793.,1865.,2130.));
#9347=CARTESIAN_POINT('Origin',(-793.,1865.,2100.));
#9348=CARTESIAN_POINT('Origin',(-793.,1885.,2130.));
#9349=CARTESIAN_POINT('Origin',(-1254.5,1835.,1100.));
#9350=CARTESIAN_POINT('',(-1254.5,1785.,900.));
#9351=CARTESIAN_POINT('',(-1254.5,1535.,900.));
#9352=CARTESIAN_POINT('',(-1254.5,1710.,900.));
#9353=CARTESIAN_POINT('',(-1254.5,1535.,800.));
#9354=CARTESIAN_POINT('',(-1254.5,1535.,1100.));
#9355=CARTESIAN_POINT('',(-1254.5,1785.,800.));
#9356=CARTESIAN_POINT('',(-1254.5,1710.,800.));
#9357=CARTESIAN_POINT('',(-1254.5,1785.,1415.));
#9358=CARTESIAN_POINT('Origin',(-1654.5,1535.,1100.));
#9359=CARTESIAN_POINT('',(-1654.5,1535.,900.));
#9360=CARTESIAN_POINT('',(-1654.5,1785.,900.));
#9361=CARTESIAN_POINT('',(-1654.5,1560.,900.));
#9362=CARTESIAN_POINT('',(-1654.5,1785.,800.));
#9363=CARTESIAN_POINT('',(-1654.5,1785.,900.));
#9364=CARTESIAN_POINT('',(-1654.5,1535.,800.));
#9365=CARTESIAN_POINT('',(-1654.5,1560.,800.));
#9366=CARTESIAN_POINT('',(-1654.5,1535.,1100.));
#9367=CARTESIAN_POINT('Origin',(-1454.5,1535.,1100.));
#9368=CARTESIAN_POINT('Origin',(-1454.5,1535.,900.));
#9369=CARTESIAN_POINT('Origin',(-1454.5,1535.,800.));
#9370=CARTESIAN_POINT('Origin',(-1454.5,1535.,1100.));
#9371=CARTESIAN_POINT('',(-1354.5,1535.,800.));
#9372=CARTESIAN_POINT('Origin',(-1454.5,1535.,800.));
#9373=CARTESIAN_POINT('',(-1354.5,1535.,900.));
#9374=CARTESIAN_POINT('',(-1354.5,1535.,1100.));
#9375=CARTESIAN_POINT('Origin',(-1454.5,1535.,900.));
#9376=CARTESIAN_POINT('Origin',(-1654.5,1535.,148.));
#9377=CARTESIAN_POINT('',(-1654.5,1785.,1000.));
#9378=CARTESIAN_POINT('',(-1654.5,1785.,1100.));
#9379=CARTESIAN_POINT('',(-1654.5,1785.,939.));
#9380=CARTESIAN_POINT('',(-1654.5,1535.,1000.));
#9381=CARTESIAN_POINT('',(-1654.5,3367.5,1000.));
#9382=CARTESIAN_POINT('',(-1654.5,1535.,1100.));
#9383=CARTESIAN_POINT('',(-1654.5,1535.,900.));
#9384=CARTESIAN_POINT('',(-1654.5,1560.,1100.));
#9385=CARTESIAN_POINT('Origin',(-1454.5,1535.,900.));
#9386=CARTESIAN_POINT('',(-1254.5,1535.,1000.));
#9387=CARTESIAN_POINT('Origin',(-1454.5,1535.,1000.));
#9388=CARTESIAN_POINT('',(-1254.5,1535.,1100.));
#9389=CARTESIAN_POINT('',(-1254.5,1535.,900.));
#9390=CARTESIAN_POINT('Origin',(-1454.5,1535.,1100.));
#9391=CARTESIAN_POINT('Origin',(-1254.5,1835.,148.));
#9392=CARTESIAN_POINT('',(-1254.5,1785.,1100.));
#9393=CARTESIAN_POINT('',(-1254.5,1785.,1000.));
#9394=CARTESIAN_POINT('',(-1254.5,1785.,939.));
#9395=CARTESIAN_POINT('',(-1254.5,1710.,1100.));
#9396=CARTESIAN_POINT('',(-1254.5,3517.5,1000.));
#9397=CARTESIAN_POINT('Origin',(-1454.5,1535.,900.));
#9398=CARTESIAN_POINT('',(-1354.5,1535.,1100.));
#9399=CARTESIAN_POINT('Origin',(-1454.5,1535.,1100.));
#9400=CARTESIAN_POINT('',(-1354.5,1535.,1000.));
#9401=CARTESIAN_POINT('',(-1354.5,1535.,900.));
#9402=CARTESIAN_POINT('Origin',(-1454.5,1535.,1000.));
#9403=CARTESIAN_POINT('Origin',(-743.,1885.,1500.));
#9404=CARTESIAN_POINT('',(-43.0000000000001,1855.,1500.));
#9405=CARTESIAN_POINT('',(-743.,1855.,1500.));
#9406=CARTESIAN_POINT('',(-1854.5,1855.,1500.));
#9407=CARTESIAN_POINT('',(-43.0000000000001,1860.,1500.));
#9408=CARTESIAN_POINT('',(-743.,1860.,1500.));
#9409=CARTESIAN_POINT('Origin',(-259.387321068487,1934.50637140241,671.908957975461));
#9410=CARTESIAN_POINT('',(-259.387321068488,1934.50637140241,671.908957975461));
#9411=CARTESIAN_POINT('Origin',(-114.339121259559,1941.97606893745,1111.90895797544));
#9412=CARTESIAN_POINT('',(-277.494283468504,1944.82395288719,1121.90895797544));
#9413=CARTESIAN_POINT('',(-114.339121259559,1941.97606893745,1121.90895797544));
#9414=CARTESIAN_POINT('',(-287.667284484441,1935.,1111.90895797544));
#9415=CARTESIAN_POINT('Origin',(-277.494283468504,1944.82395288719,1111.90895797544));
#9416=CARTESIAN_POINT('',(-114.513645323933,1931.97759198589,1111.90895797544));
#9417=CARTESIAN_POINT('Origin',(-64.3543505840822,1941.10358151989,981.90895797544));
#9418=CARTESIAN_POINT('',(-287.667284484441,1935.,981.90895797544));
#9419=CARTESIAN_POINT('',(-64.5288746484556,1931.10510456832,981.90895797544));
#9420=CARTESIAN_POINT('',(-277.494283468504,1944.82395288719,971.90895797544));
#9421=CARTESIAN_POINT('Origin',(-277.494283468504,1944.82395288719,981.90895797544));
#9422=CARTESIAN_POINT('',(-64.3543505840822,1941.10358151989,971.90895797544));
#9423=CARTESIAN_POINT('Origin',(-259.387321068487,1934.50637140241,171.908957975461));
#9424=CARTESIAN_POINT('',(-259.387321068488,1934.50637140241,171.908957975461));
#9425=CARTESIAN_POINT('Origin',(-64.3543505840822,1941.10358151989,661.90895797544));
#9426=CARTESIAN_POINT('',(-277.494283468504,1944.82395288719,671.90895797544));
#9427=CARTESIAN_POINT('',(-64.3543505840822,1941.10358151989,671.90895797544));
#9428=CARTESIAN_POINT('',(-287.667284484441,1935.,661.90895797544));
#9429=CARTESIAN_POINT('Origin',(-277.494283468504,1944.82395288719,661.90895797544));
#9430=CARTESIAN_POINT('',(-64.5288746484556,1931.10510456832,661.90895797544));
#9431=CARTESIAN_POINT('Origin',(-64.3543505840822,1941.10358151989,531.90895797544));
#9432=CARTESIAN_POINT('',(-287.667284484441,1935.,531.90895797544));
#9433=CARTESIAN_POINT('',(-64.5288746484556,1931.10510456832,531.90895797544));
#9434=CARTESIAN_POINT('',(-277.494283468504,1944.82395288719,521.90895797544));
#9435=CARTESIAN_POINT('Origin',(-277.494283468504,1944.82395288719,531.90895797544));
#9436=CARTESIAN_POINT('',(-64.3543505840822,1941.10358151989,521.90895797544));
#9437=CARTESIAN_POINT('Origin',(-93.9593485537883,2108.15994340911,161.90895797544));
#9438=CARTESIAN_POINT('',(-259.387321068486,1934.50637140241,161.90895797544));
#9439=CARTESIAN_POINT('',(132.507725248037,2312.95501853277,161.90895797544));
#9440=CARTESIAN_POINT('',(-87.0127648491983,2100.96654540572,161.90895797544));
#9441=CARTESIAN_POINT('',(125.561141543447,2320.14841653616,171.90895797544));
#9442=CARTESIAN_POINT('Origin',(125.561141543447,2320.14841653616,161.90895797544));
#9443=CARTESIAN_POINT('',(-263.354301760525,1944.57713858839,171.90895797544));
#9444=CARTESIAN_POINT('',(-93.9593485537883,2108.15994340911,171.90895797544));
#9445=CARTESIAN_POINT('Origin',(-263.354301760525,1944.57713858839,161.90895797544));
#9446=CARTESIAN_POINT('Origin',(-57.2843597300935,1940.98017437049,161.90895797544));
#9447=CARTESIAN_POINT('',(-277.494283468504,1944.82395288719,171.908957975461));
#9448=CARTESIAN_POINT('',(-57.2843597300935,1940.98017437049,171.90895797544));
#9449=CARTESIAN_POINT('',(-287.667284484441,1935.,161.90895797544));
#9450=CARTESIAN_POINT('Origin',(-277.494283468504,1944.82395288719,161.90895797544));
#9451=CARTESIAN_POINT('',(-57.4588837944669,1930.98169741892,161.90895797544));
#9452=CARTESIAN_POINT('Origin',(56.9999999999999,4855.84650149388,1271.78593949278));
#9453=CARTESIAN_POINT('',(46.9999999999999,4855.84650149388,1271.78593949278));
#9454=CARTESIAN_POINT('',(46.9999999999999,5415.10789624382,1271.78593949278));
#9455=CARTESIAN_POINT('',(46.9999999999999,4632.92325074694,1271.78593949278));
#9456=CARTESIAN_POINT('',(56.9999999999999,4855.84650149388,1271.78593949278));
#9457=CARTESIAN_POINT('',(56.9999999999999,5415.10789624382,1271.78593949278));
#9458=CARTESIAN_POINT('Origin',(56.9999999999999,4855.84650149388,638.775789391187));
#9459=CARTESIAN_POINT('',(46.9999999999999,4855.84650149388,638.775789391187));
#9460=CARTESIAN_POINT('',(46.9999999999999,4855.84650149388,738.887894695594));
#9461=CARTESIAN_POINT('',(56.9999999999999,4855.84650149388,638.775789391187));
#9462=CARTESIAN_POINT('Origin',(56.9999999999999,5415.10789624382,638.775789391187));
#9463=CARTESIAN_POINT('',(46.9999999999999,5415.10789624382,638.775789391187));
#9464=CARTESIAN_POINT('',(46.9999999999999,4912.55394812191,638.775789391187));
#9465=CARTESIAN_POINT('',(56.9999999999999,5415.10789624382,638.775789391187));
#9466=CARTESIAN_POINT('Origin',(56.9999999999999,5415.10789624382,1271.78593949278));
#9467=CARTESIAN_POINT('',(46.9999999999999,5415.10789624382,1055.39296974639));
#9468=CARTESIAN_POINT('Origin',(56.9999999999999,5600.,1200.));
#9469=CARTESIAN_POINT('',(46.9999999999999,5600.,1200.));
#9470=CARTESIAN_POINT('',(46.9999999999999,6200.,1200.));
#9471=CARTESIAN_POINT('',(46.9999999999999,5005.,1200.));
#9472=CARTESIAN_POINT('',(56.9999999999999,5600.,1200.));
#9473=CARTESIAN_POINT('',(56.9999999999999,6200.,1200.));
#9474=CARTESIAN_POINT('Origin',(56.9999999999999,5600.,400.));
#9475=CARTESIAN_POINT('',(46.9999999999999,5600.,400.));
#9476=CARTESIAN_POINT('',(46.9999999999999,5600.,619.5));
#9477=CARTESIAN_POINT('',(56.9999999999999,5600.,400.));
#9478=CARTESIAN_POINT('Origin',(56.9999999999999,6200.,400.));
#9479=CARTESIAN_POINT('',(46.9999999999999,6200.,400.));
#9480=CARTESIAN_POINT('',(46.9999999999999,5305.,400.));
#9481=CARTESIAN_POINT('',(56.9999999999999,6200.,400.));
#9482=CARTESIAN_POINT('Origin',(56.9999999999999,6200.,1200.));
#9483=CARTESIAN_POINT('',(46.9999999999999,6200.,1019.5));
#9484=CARTESIAN_POINT('Origin',(76.9999999999999,3118.15350240922,1663.33333333333));
#9485=CARTESIAN_POINT('',(76.9999999999999,3410.,1696.66666666667));
#9486=CARTESIAN_POINT('',(76.9999999999999,3410.,1630.));
#9487=CARTESIAN_POINT('',(76.9999999999999,3410.,1646.66666666667));
#9488=CARTESIAN_POINT('',(76.9999999999999,2826.30700481845,1696.66666666667));
#9489=CARTESIAN_POINT('',(76.9999999999999,3400.,1696.66666666667));
#9490=CARTESIAN_POINT('',(76.9999999999999,2826.30700481845,1630.));
#9491=CARTESIAN_POINT('',(76.9999999999999,2826.30700481845,1680.));
#9492=CARTESIAN_POINT('',(76.9999999999999,2806.30700481845,1630.));
#9493=CARTESIAN_POINT('Origin',(76.9999999999999,3118.15350240922,1796.66666666667));
#9494=CARTESIAN_POINT('',(76.9999999999999,3410.,1830.));
#9495=CARTESIAN_POINT('',(76.9999999999999,3410.,1763.33333333333));
#9496=CARTESIAN_POINT('',(76.9999999999999,3410.,1780.));
#9497=CARTESIAN_POINT('',(76.9999999999999,2826.30700481845,1830.));
#9498=CARTESIAN_POINT('',(76.9999999999999,3400.,1830.));
#9499=CARTESIAN_POINT('',(76.9999999999999,2826.30700481845,1763.33333333333));
#9500=CARTESIAN_POINT('',(76.9999999999999,2826.30700481845,1813.33333333333));
#9501=CARTESIAN_POINT('',(76.9999999999999,2806.30700481845,1763.33333333333));
#9502=CARTESIAN_POINT('Origin',(56.9999999999999,2736.30700481845,2030.));
#9503=CARTESIAN_POINT('',(-743.,2736.30700481845,2030.));
#9504=CARTESIAN_POINT('',(-743.,2736.30700481845,1765.));
#9505=CARTESIAN_POINT('',(56.9999999999999,2736.30700481845,2030.));
#9506=CARTESIAN_POINT('Origin',(-823.,2717.5,2050.));
#9507=CARTESIAN_POINT('',(-823.,2717.5,2030.));
#9508=CARTESIAN_POINT('Origin',(56.9999999999999,1935.,1500.));
#9509=CARTESIAN_POINT('',(-643.,1935.,2030.));
#9510=CARTESIAN_POINT('',(56.9999999999999,1935.,2030.));
#9511=CARTESIAN_POINT('',(-743.,1935.,1930.));
#9512=CARTESIAN_POINT('Origin',(-643.,1935.,1930.));
#9513=CARTESIAN_POINT('',(-743.,1935.,1500.));
#9514=CARTESIAN_POINT('Origin',(-643.,1885.,1930.));
#9515=CARTESIAN_POINT('',(-743.,1855.,1930.));
#9516=CARTESIAN_POINT('',(-643.,1855.,2030.));
#9517=CARTESIAN_POINT('Origin',(-643.,1855.,1930.));
#9518=CARTESIAN_POINT('',(-743.,1885.,1930.));
#9519=CARTESIAN_POINT('',(-643.,1885.,2030.));
#9520=CARTESIAN_POINT('Origin',(-143.,1885.,1930.));
#9521=CARTESIAN_POINT('',(-143.,1855.,2030.));
#9522=CARTESIAN_POINT('',(-43.0000000000001,1855.,1930.));
#9523=CARTESIAN_POINT('Origin',(-143.,1855.,1930.));
#9524=CARTESIAN_POINT('',(-143.,1935.,2030.));
#9525=CARTESIAN_POINT('',(-143.,1885.,2030.));
#9526=CARTESIAN_POINT('',(-43.0000000000001,1935.,1930.));
#9527=CARTESIAN_POINT('Origin',(-143.,1935.,1930.));
#9528=CARTESIAN_POINT('',(-43.0000000000001,1885.,1930.));
#9529=CARTESIAN_POINT('Origin',(-1454.5,3480.,2050.));
#9530=CARTESIAN_POINT('',(-23.0000000000001,3500.,2050.));
#9531=CARTESIAN_POINT('',(-1454.5,3500.,2050.));
#9532=CARTESIAN_POINT('',(-43.0000000000001,3480.,2030.));
#9533=CARTESIAN_POINT('Origin',(-23.0000000000001,3480.,2050.));
#9534=CARTESIAN_POINT('',(-1454.5,3480.,2030.));
#9535=CARTESIAN_POINT('Origin',(56.9999999999999,3400.,2030.));
#9536=CARTESIAN_POINT('',(-743.,3400.,2030.));
#9537=CARTESIAN_POINT('',(-743.,3400.,1765.));
#9538=CARTESIAN_POINT('',(56.9999999999999,3400.,2030.));
#9539=CARTESIAN_POINT('Origin',(-823.,2717.5,2050.));
#9540=CARTESIAN_POINT('',(-823.,2717.5,2030.));
#9541=CARTESIAN_POINT('Origin',(56.9999999999999,2836.30700481845,1565.95415615822));
#9542=CARTESIAN_POINT('',(-743.,2836.30700481845,2030.));
#9543=CARTESIAN_POINT('',(56.9999999999999,2836.30700481845,2030.));
#9544=CARTESIAN_POINT('',(-743.,2836.30700481845,1532.97707807911));
#9545=CARTESIAN_POINT('Origin',(-743.,1835.,1500.));
#9546=CARTESIAN_POINT('',(-743.,1855.,1615.));
#9547=CARTESIAN_POINT('',(-743.,1835.,2030.));
#9548=CARTESIAN_POINT('',(-743.,1835.,2030.));
#9549=CARTESIAN_POINT('Origin',(36.9999999999999,3118.15350240922,1796.66666666667));
#9550=CARTESIAN_POINT('',(36.9999999999999,2836.30700481845,1830.));
#9551=CARTESIAN_POINT('',(36.9999999999999,2836.30700481845,1763.33333333333));
#9552=CARTESIAN_POINT('',(36.9999999999999,2836.30700481845,1681.31041141244));
#9553=CARTESIAN_POINT('',(36.9999999999999,3400.,1830.));
#9554=CARTESIAN_POINT('',(36.9999999999999,3400.,1830.));
#9555=CARTESIAN_POINT('',(36.9999999999999,3400.,1763.33333333333));
#9556=CARTESIAN_POINT('',(36.9999999999999,3400.,1913.33333333333));
#9557=CARTESIAN_POINT('',(36.9999999999999,2806.30700481845,1763.33333333333));
#9558=CARTESIAN_POINT('Origin',(36.9999999999999,3118.15350240922,1663.33333333333));
#9559=CARTESIAN_POINT('',(36.9999999999999,3400.,1630.));
#9560=CARTESIAN_POINT('',(36.9999999999999,3400.,1696.66666666667));
#9561=CARTESIAN_POINT('',(36.9999999999999,3400.,1846.66666666667));
#9562=CARTESIAN_POINT('',(36.9999999999999,2836.30700481845,1630.));
#9563=CARTESIAN_POINT('',(36.9999999999999,2806.30700481845,1630.));
#9564=CARTESIAN_POINT('',(36.9999999999999,2836.30700481845,1696.66666666667));
#9565=CARTESIAN_POINT('',(36.9999999999999,2836.30700481845,1614.64374474578));
#9566=CARTESIAN_POINT('',(36.9999999999999,3400.,1696.66666666667));
#9567=CARTESIAN_POINT('Origin',(36.9999999999999,3118.15350240922,1930.));
#9568=CARTESIAN_POINT('',(36.9999999999999,3400.,1896.66666666667));
#9569=CARTESIAN_POINT('',(36.9999999999999,3400.,1963.33333333333));
#9570=CARTESIAN_POINT('',(36.9999999999999,3400.,1980.));
#9571=CARTESIAN_POINT('',(36.9999999999999,2836.30700481845,1896.66666666667));
#9572=CARTESIAN_POINT('',(36.9999999999999,2806.30700481845,1896.66666666667));
#9573=CARTESIAN_POINT('',(36.9999999999999,2836.30700481845,1963.33333333333));
#9574=CARTESIAN_POINT('',(36.9999999999999,2836.30700481845,1747.97707807911));
#9575=CARTESIAN_POINT('',(36.9999999999999,3400.,1963.33333333333));
#9576=CARTESIAN_POINT('Origin',(76.9999999999999,3118.15350240922,1930.));
#9577=CARTESIAN_POINT('',(76.9999999999999,3410.,1963.33333333333));
#9578=CARTESIAN_POINT('',(76.9999999999999,3410.,1896.66666666667));
#9579=CARTESIAN_POINT('',(76.9999999999999,3410.,1913.33333333333));
#9580=CARTESIAN_POINT('',(76.9999999999999,2826.30700481845,1963.33333333333));
#9581=CARTESIAN_POINT('',(76.9999999999999,3400.,1963.33333333333));
#9582=CARTESIAN_POINT('',(76.9999999999999,2826.30700481845,1896.66666666667));
#9583=CARTESIAN_POINT('',(76.9999999999999,2826.30700481845,1946.66666666667));
#9584=CARTESIAN_POINT('',(76.9999999999999,2806.30700481845,1896.66666666667));
#9585=CARTESIAN_POINT('Ctrl Pts',(26.9999999999998,1885.,2130.));
#9586=CARTESIAN_POINT('Ctrl Pts',(26.9999999999998,1865.,2130.));
#9587=CARTESIAN_POINT('Ctrl Pts',(6.99999999999989,1865.,2130.));
#9588=CARTESIAN_POINT('Ctrl Pts',(56.9999999999999,1885.,2130.));
#9589=CARTESIAN_POINT('Ctrl Pts',(56.9999999999999,1835.,2130.));
#9590=CARTESIAN_POINT('Ctrl Pts',(6.99999999999989,1835.,2130.));
#9591=CARTESIAN_POINT('Ctrl Pts',(56.9999999999999,1885.,2100.));
#9592=CARTESIAN_POINT('Ctrl Pts',(56.9999999999999,1835.,2100.));
#9593=CARTESIAN_POINT('Ctrl Pts',(6.99999999999989,1835.,2100.));
#9594=CARTESIAN_POINT('',(56.9999999999999,1885.,2100.));
#9595=CARTESIAN_POINT('',(26.9999999999999,1885.,2130.));
#9596=CARTESIAN_POINT('Origin',(26.9999999999999,1885.,2100.));
#9597=CARTESIAN_POINT('',(6.99999999999989,1865.,2130.));
#9598=CARTESIAN_POINT('Origin',(6.99999999999989,1885.,2130.));
#9599=CARTESIAN_POINT('',(6.99999999999989,1835.,2100.));
#9600=CARTESIAN_POINT('Origin',(6.99999999999989,1865.,2100.));
#9601=CARTESIAN_POINT('Origin',(6.99999999999989,1885.,2100.));
#9602=CARTESIAN_POINT('Origin',(-2966.,3500.,2130.));
#9603=CARTESIAN_POINT('',(26.9999999999999,3450.,2130.));
#9604=CARTESIAN_POINT('',(26.9999999999999,3955.,2130.));
#9605=CARTESIAN_POINT('Origin',(6.99999999999989,3450.,2130.));
#9606=CARTESIAN_POINT('',(-2966.,1865.,2130.));
#9607=CARTESIAN_POINT('Ctrl Pts',(56.9999999999999,3450.,2100.));
#9608=CARTESIAN_POINT('Ctrl Pts',(56.9999999999999,3500.,2100.));
#9609=CARTESIAN_POINT('Ctrl Pts',(6.99999999999989,3500.,2100.));
#9610=CARTESIAN_POINT('Ctrl Pts',(56.9999999999999,3450.,2130.));
#9611=CARTESIAN_POINT('Ctrl Pts',(56.9999999999999,3500.,2130.));
#9612=CARTESIAN_POINT('Ctrl Pts',(6.99999999999989,3500.,2130.));
#9613=CARTESIAN_POINT('Ctrl Pts',(26.9999999999997,3450.,2130.));
#9614=CARTESIAN_POINT('Ctrl Pts',(26.9999999999997,3470.,2130.));
#9615=CARTESIAN_POINT('Ctrl Pts',(6.99999999999989,3470.,2130.));
#9616=CARTESIAN_POINT('',(56.9999999999999,3450.,2100.));
#9617=CARTESIAN_POINT('Origin',(26.9999999999999,3450.,2100.));
#9618=CARTESIAN_POINT('Origin',(6.99999999999989,3450.,2100.));
#9619=CARTESIAN_POINT('Origin',(-2966.,3500.,1500.));
#9620=CARTESIAN_POINT('',(6.99999999999989,3500.,1450.));
#9621=CARTESIAN_POINT('',(6.99999999999989,3500.,1169.5));
#9622=CARTESIAN_POINT('',(-23.0000000000001,3500.,1480.));
#9623=CARTESIAN_POINT('',(-748.75,3500.,2205.75));
#9624=CARTESIAN_POINT('',(-23.0000000000001,3500.,1765.));
#9625=CARTESIAN_POINT('Origin',(-23.0000000000001,3480.,1765.));
#9626=CARTESIAN_POINT('',(-34.2132034355964,3496.56091992348,1491.2132034356));
#9627=CARTESIAN_POINT('Origin',(-23.0000000000001,3480.,1480.));
#9628=CARTESIAN_POINT('',(-43.0000000000001,3480.,1497.30539163373));
#9629=CARTESIAN_POINT('Ctrl Pts',(-34.2132034356002,3496.56091992348,1491.2132034356));
#9630=CARTESIAN_POINT('Ctrl Pts',(-34.9476716456742,3496.0636201663,1491.94767164567));
#9631=CARTESIAN_POINT('Ctrl Pts',(-35.6823931918016,3495.49129283798,1492.60396175639));
#9632=CARTESIAN_POINT('Ctrl Pts',(-37.2580491525807,3494.07733938975,1493.90127545643));
#9633=CARTESIAN_POINT('Ctrl Pts',(-38.1559292661715,3493.12073226958,1494.54976929187));
#9634=CARTESIAN_POINT('Ctrl Pts',(-39.7951037557616,3490.94441865103,1495.62465472499));
#9635=CARTESIAN_POINT('Ctrl Pts',(-40.5355828754528,3489.72486533656,1496.05259899871));
#9636=CARTESIAN_POINT('Ctrl Pts',(-41.746950812416,3487.11490156209,1496.70855240688));
#9637=CARTESIAN_POINT('Ctrl Pts',(-42.2196796515444,3485.72100739473,1496.93887018599));
#9638=CARTESIAN_POINT('Ctrl Pts',(-42.846214773839,3482.87293772639,1497.23709120039));
#9639=CARTESIAN_POINT('Ctrl Pts',(-43.0000000000001,3481.41879919774,1497.30539163373));
#9640=CARTESIAN_POINT('Ctrl Pts',(-43.0000000000001,3480.,1497.30539163373));
#9641=CARTESIAN_POINT('',(-43.0000000000001,3480.,1765.));
#9642=CARTESIAN_POINT('Origin',(-55.4264068711926,5002.5,1470.));
#9643=CARTESIAN_POINT('',(-43.0000000000001,5002.5,1497.30539163373));
#9644=CARTESIAN_POINT('',(-34.2132034355965,5199.4679291999,1491.2132034356));
#9645=CARTESIAN_POINT('',(-34.2132034355963,5002.5,1491.2132034356));
#9646=CARTESIAN_POINT('Origin',(-55.4264068711929,5198.18339665817,1470.));
#9647=CARTESIAN_POINT('Origin',(-55.4264068711929,5996.54975529736,1372.95650235781));
#9648=CARTESIAN_POINT('',(-34.2132034355964,6327.026,1354.155600994));
#9649=CARTESIAN_POINT('Origin',(-55.4264068711929,6327.026,1332.78625930265));
#9650=CARTESIAN_POINT('',(-34.2132034355964,5999.10943475382,1394.01470838492));
#9651=CARTESIAN_POINT('Origin',(57.0000000000007,6327.02593008041,1250.));
#9652=CARTESIAN_POINT('',(56.9999829236992,6327.02597699716,1250.));
#9653=CARTESIAN_POINT('',(10.0153689607053,6309.92492291412,1250.));
#9654=CARTESIAN_POINT('',(57.0000000000007,6327.02593008041,1250.));
#9655=CARTESIAN_POINT('',(3.79108592755486,6327.026,1250.));
#9656=CARTESIAN_POINT('',(10.0153689607053,6309.92492291412,1250.));
#9657=CARTESIAN_POINT('',(-673.75,6327.026,1250.));
#9658=CARTESIAN_POINT('Origin',(-109.726119224152,6638.91195787392,1238.46153846154));
#9659=CARTESIAN_POINT('',(3.79108592755486,6327.026,1226.92307692308));
#9660=CARTESIAN_POINT('',(3.79108592755543,6327.026,1157.20698505251));
#9661=CARTESIAN_POINT('',(10.0153689607053,6309.92492291412,1226.92307692308));
#9662=CARTESIAN_POINT('',(10.0153689607048,6309.92492291413,1363.00708064045));
#9663=CARTESIAN_POINT('',(10.0153689607053,6309.92492291412,1226.92307692308));
#9664=CARTESIAN_POINT('Origin',(-182.48297636972,6985.,1226.92307692308));
#9665=CARTESIAN_POINT('',(56.9999829236997,6327.02597699716,1226.92307692308));
#9666=CARTESIAN_POINT('',(-793.49148818486,6327.026,1226.92307692308));
#9667=CARTESIAN_POINT('',(57.0000000000007,6327.02593008041,1226.92307692308));
#9668=CARTESIAN_POINT('Origin',(57.0000000000007,6327.02593008041,1176.92307692308));
#9669=CARTESIAN_POINT('',(56.9999829236992,6327.02597699716,1176.92307692308));
#9670=CARTESIAN_POINT('',(10.0153689607053,6309.92492291412,1176.92307692308));
#9671=CARTESIAN_POINT('',(57.0000000000007,6327.02593008041,1176.92307692308));
#9672=CARTESIAN_POINT('',(3.79108592755486,6327.026,1176.92307692308));
#9673=CARTESIAN_POINT('',(10.0153689607053,6309.92492291412,1176.92307692308));
#9674=CARTESIAN_POINT('',(-673.75,6327.026,1176.92307692308));
#9675=CARTESIAN_POINT('Origin',(-109.726119224152,6638.91195787392,1165.38461538462));
#9676=CARTESIAN_POINT('',(3.79108592755486,6327.026,1153.84615384615));
#9677=CARTESIAN_POINT('',(3.79108592755543,6327.026,1120.66852351404));
#9678=CARTESIAN_POINT('',(10.0153689607053,6309.92492291412,1153.84615384615));
#9679=CARTESIAN_POINT('',(10.0153689607048,6309.92492291413,1363.00708064045));
#9680=CARTESIAN_POINT('',(10.0153689607053,6309.92492291412,1153.84615384615));
#9681=CARTESIAN_POINT('Origin',(-182.48297636972,6985.,1153.84615384615));
#9682=CARTESIAN_POINT('',(56.9999829236992,6327.02597699716,1153.84615384615));
#9683=CARTESIAN_POINT('',(-793.49148818486,6327.026,1153.84615384615));
#9684=CARTESIAN_POINT('',(57.0000000000007,6327.02593008041,1153.84615384615));
#9685=CARTESIAN_POINT('Origin',(57.0000000000007,6327.02593008041,1103.84615384615));
#9686=CARTESIAN_POINT('',(56.9999829236992,6327.02597699716,1103.84615384615));
#9687=CARTESIAN_POINT('',(10.0153689607053,6309.92492291412,1103.84615384615));
#9688=CARTESIAN_POINT('',(57.0000000000007,6327.02593008041,1103.84615384615));
#9689=CARTESIAN_POINT('',(3.79108592755486,6327.026,1103.84615384615));
#9690=CARTESIAN_POINT('',(10.0153689607053,6309.92492291412,1103.84615384615));
#9691=CARTESIAN_POINT('',(-673.75,6327.026,1103.84615384615));
#9692=CARTESIAN_POINT('Origin',(-109.726119224152,6638.91195787392,1092.30769230769));
#9693=CARTESIAN_POINT('',(3.79108592755486,6327.026,1080.76923076923));
#9694=CARTESIAN_POINT('',(3.79108592755543,6327.026,1084.13006197558));
#9695=CARTESIAN_POINT('',(10.0153689607053,6309.92492291412,1080.76923076923));
#9696=CARTESIAN_POINT('',(10.0153689607048,6309.92492291413,1363.00708064045));
#9697=CARTESIAN_POINT('',(10.0153689607053,6309.92492291412,1080.76923076923));
#9698=CARTESIAN_POINT('Origin',(-182.48297636972,6985.,1080.76923076923));
#9699=CARTESIAN_POINT('',(56.9999829236992,6327.02597699716,1080.76923076923));
#9700=CARTESIAN_POINT('',(-793.49148818486,6327.026,1080.76923076923));
#9701=CARTESIAN_POINT('',(57.0000000000007,6327.02593008041,1080.76923076923));
#9702=CARTESIAN_POINT('Origin',(57.0000000000007,6327.02593008041,1030.76923076923));
#9703=CARTESIAN_POINT('',(56.9999829236992,6327.02597699716,1030.76923076923));
#9704=CARTESIAN_POINT('',(10.0153689607053,6309.92492291412,1030.76923076923));
#9705=CARTESIAN_POINT('',(57.0000000000007,6327.02593008041,1030.76923076923));
#9706=CARTESIAN_POINT('',(3.79108592755486,6327.026,1030.76923076923));
#9707=CARTESIAN_POINT('',(10.0153689607053,6309.92492291412,1030.76923076923));
#9708=CARTESIAN_POINT('',(-673.75,6327.026,1030.76923076923));
#9709=CARTESIAN_POINT('Origin',(-109.726119224152,6638.91195787392,1019.23076923077));
#9710=CARTESIAN_POINT('',(3.79108592755486,6327.026,1007.69230769231));
#9711=CARTESIAN_POINT('',(3.79108592755486,6327.026,1047.59160043712));
#9712=CARTESIAN_POINT('',(10.0153689607053,6309.92492291412,1007.69230769231));
#9713=CARTESIAN_POINT('',(10.0153689607048,6309.92492291413,1363.00708064045));
#9714=CARTESIAN_POINT('',(10.0153689607053,6309.92492291412,1007.69230769231));
#9715=CARTESIAN_POINT('Origin',(-182.48297636972,6985.,1007.69230769231));
#9716=CARTESIAN_POINT('',(56.9999829236992,6327.02597699716,1007.69230769231));
#9717=CARTESIAN_POINT('',(-793.49148818486,6327.026,1007.69230769231));
#9718=CARTESIAN_POINT('',(57.0000000000007,6327.02593008041,1007.69230769231));
#9719=CARTESIAN_POINT('Origin',(57.0000000000007,6327.02593008041,957.692307692308));
#9720=CARTESIAN_POINT('',(56.9999829236992,6327.02597699716,957.692307692308));
#9721=CARTESIAN_POINT('',(10.0153689607053,6309.92492291412,957.692307692308));
#9722=CARTESIAN_POINT('',(57.0000000000007,6327.02593008041,957.692307692308));
#9723=CARTESIAN_POINT('',(3.79108592755486,6327.026,957.692307692308));
#9724=CARTESIAN_POINT('',(10.0153689607053,6309.92492291412,957.692307692308));
#9725=CARTESIAN_POINT('',(-673.75,6327.026,957.692307692308));
#9726=CARTESIAN_POINT('Origin',(-109.726119224152,6638.91195787392,946.153846153846));
#9727=CARTESIAN_POINT('',(3.79108592755486,6327.026,934.615384615385));
#9728=CARTESIAN_POINT('',(3.79108592755486,6327.026,1011.05313889866));
#9729=CARTESIAN_POINT('',(10.0153689607053,6309.92492291412,934.615384615385));
#9730=CARTESIAN_POINT('',(10.0153689607048,6309.92492291413,1363.00708064045));
#9731=CARTESIAN_POINT('',(10.0153689607053,6309.92492291412,934.615384615385));
#9732=CARTESIAN_POINT('Origin',(-182.48297636972,6985.,934.615384615384));
#9733=CARTESIAN_POINT('',(56.9999829236992,6327.02597699716,934.615384615385));
#9734=CARTESIAN_POINT('',(-793.49148818486,6327.026,934.615384615384));
#9735=CARTESIAN_POINT('',(57.0000000000007,6327.02593008041,934.615384615385));
#9736=CARTESIAN_POINT('Origin',(57.0000000000007,6327.02593008041,884.615384615385));
#9737=CARTESIAN_POINT('',(56.9999829236992,6327.02597699716,884.615384615385));
#9738=CARTESIAN_POINT('',(10.0153689607053,6309.92492291412,884.615384615385));
#9739=CARTESIAN_POINT('',(57.0000000000007,6327.02593008041,884.615384615385));
#9740=CARTESIAN_POINT('',(3.79108592755486,6327.026,884.615384615385));
#9741=CARTESIAN_POINT('',(10.0153689607053,6309.92492291412,884.615384615385));
#9742=CARTESIAN_POINT('',(-673.75,6327.026,884.615384615384));
#9743=CARTESIAN_POINT('Origin',(-109.726119224152,6638.91195787392,873.076923076923));
#9744=CARTESIAN_POINT('',(3.79108592755486,6327.026,861.538461538462));
#9745=CARTESIAN_POINT('',(3.79108592755486,6327.026,974.514677360198));
#9746=CARTESIAN_POINT('',(10.0153689607053,6309.92492291412,861.538461538462));
#9747=CARTESIAN_POINT('',(10.0153689607048,6309.92492291413,1363.00708064045));
#9748=CARTESIAN_POINT('',(10.0153689607053,6309.92492291412,861.538461538462));
#9749=CARTESIAN_POINT('Origin',(-182.48297636972,6985.,861.538461538461));
#9750=CARTESIAN_POINT('',(56.9999829236992,6327.02597699716,861.538461538462));
#9751=CARTESIAN_POINT('',(-793.49148818486,6327.026,861.538461538461));
#9752=CARTESIAN_POINT('',(57.0000000000007,6327.02593008041,861.538461538462));
#9753=CARTESIAN_POINT('Origin',(57.0000000000007,6327.02593008041,811.538461538462));
#9754=CARTESIAN_POINT('',(56.9999829236992,6327.02597699716,811.538461538461));
#9755=CARTESIAN_POINT('',(10.0153689607053,6309.92492291412,811.538461538462));
#9756=CARTESIAN_POINT('',(57.0000000000007,6327.02593008041,811.538461538462));
#9757=CARTESIAN_POINT('',(3.79108592755486,6327.026,811.538461538462));
#9758=CARTESIAN_POINT('',(10.0153689607053,6309.92492291412,811.538461538462));
#9759=CARTESIAN_POINT('',(-673.75,6327.026,811.538461538461));
#9760=CARTESIAN_POINT('Origin',(-109.726119224152,6638.91195787392,800.));
#9761=CARTESIAN_POINT('',(3.79108592755486,6327.026,788.461538461538));
#9762=CARTESIAN_POINT('',(3.79108592755486,6327.026,937.976215821736));
#9763=CARTESIAN_POINT('',(10.0153689607053,6309.92492291412,788.461538461538));
#9764=CARTESIAN_POINT('',(10.0153689607048,6309.92492291413,1363.00708064045));
#9765=CARTESIAN_POINT('',(10.0153689607053,6309.92492291412,788.461538461538));
#9766=CARTESIAN_POINT('Origin',(-182.48297636972,6985.,788.461538461538));
#9767=CARTESIAN_POINT('',(56.9999829236992,6327.02597699716,788.461538461538));
#9768=CARTESIAN_POINT('',(-793.49148818486,6327.026,788.461538461538));
#9769=CARTESIAN_POINT('',(57.0000000000007,6327.02593008041,788.461538461538));
#9770=CARTESIAN_POINT('Origin',(57.0000000000007,6327.02593008041,738.461538461538));
#9771=CARTESIAN_POINT('',(56.9999829236992,6327.02597699716,738.461538461538));
#9772=CARTESIAN_POINT('',(10.0153689607053,6309.92492291412,738.461538461538));
#9773=CARTESIAN_POINT('',(57.0000000000007,6327.02593008041,738.461538461538));
#9774=CARTESIAN_POINT('',(3.79108592755486,6327.026,738.461538461538));
#9775=CARTESIAN_POINT('',(10.0153689607053,6309.92492291412,738.461538461538));
#9776=CARTESIAN_POINT('',(-673.75,6327.026,738.461538461538));
#9777=CARTESIAN_POINT('Origin',(-109.726119224152,6638.91195787392,726.923076923077));
#9778=CARTESIAN_POINT('',(3.79108592755486,6327.026,715.384615384615));
#9779=CARTESIAN_POINT('',(3.79108592755486,6327.026,901.437754283274));
#9780=CARTESIAN_POINT('',(10.0153689607053,6309.92492291412,715.384615384615));
#9781=CARTESIAN_POINT('',(10.0153689607048,6309.92492291413,1363.00708064045));
#9782=CARTESIAN_POINT('',(10.0153689607053,6309.92492291412,715.384615384615));
#9783=CARTESIAN_POINT('Origin',(-182.48297636972,6985.,715.384615384615));
#9784=CARTESIAN_POINT('',(56.9999829236992,6327.02597699716,715.384615384615));
#9785=CARTESIAN_POINT('',(-793.49148818486,6327.026,715.384615384615));
#9786=CARTESIAN_POINT('',(57.0000000000007,6327.02593008041,715.384615384615));
#9787=CARTESIAN_POINT('Origin',(57.0000000000007,6327.02593008041,665.384615384615));
#9788=CARTESIAN_POINT('',(56.9999829236992,6327.02597699716,665.384615384615));
#9789=CARTESIAN_POINT('',(10.0153689607053,6309.92492291412,665.384615384615));
#9790=CARTESIAN_POINT('',(57.0000000000007,6327.02593008041,665.384615384615));
#9791=CARTESIAN_POINT('',(3.79108592755486,6327.026,665.384615384615));
#9792=CARTESIAN_POINT('',(10.0153689607053,6309.92492291412,665.384615384615));
#9793=CARTESIAN_POINT('',(-673.75,6327.026,665.384615384615));
#9794=CARTESIAN_POINT('Origin',(-109.726119224152,6638.91195787392,653.846153846154));
#9795=CARTESIAN_POINT('',(3.79108592755486,6327.026,642.307692307692));
#9796=CARTESIAN_POINT('',(3.79108592755486,6327.026,864.899292744813));
#9797=CARTESIAN_POINT('',(10.0153689607053,6309.92492291412,642.307692307692));
#9798=CARTESIAN_POINT('',(10.0153689607048,6309.92492291413,1363.00708064045));
#9799=CARTESIAN_POINT('',(10.0153689607053,6309.92492291412,642.307692307692));
#9800=CARTESIAN_POINT('Origin',(-182.48297636972,6985.,642.307692307692));
#9801=CARTESIAN_POINT('',(56.9999829236992,6327.02597699716,642.307692307692));
#9802=CARTESIAN_POINT('',(-793.49148818486,6327.026,642.307692307692));
#9803=CARTESIAN_POINT('',(57.0000000000007,6327.02593008041,642.307692307692));
#9804=CARTESIAN_POINT('Origin',(57.0000000000007,6327.02593008041,592.307692307692));
#9805=CARTESIAN_POINT('',(56.9999829236992,6327.02597699716,592.307692307692));
#9806=CARTESIAN_POINT('',(10.0153689607053,6309.92492291412,592.307692307692));
#9807=CARTESIAN_POINT('',(57.0000000000007,6327.02593008041,592.307692307692));
#9808=CARTESIAN_POINT('',(3.79108592755486,6327.026,592.307692307692));
#9809=CARTESIAN_POINT('',(10.0153689607053,6309.92492291412,592.307692307692));
#9810=CARTESIAN_POINT('',(-673.75,6327.026,592.307692307692));
#9811=CARTESIAN_POINT('Origin',(-109.726119224152,6638.91195787392,580.76923076923));
#9812=CARTESIAN_POINT('',(3.79108592755486,6327.026,569.230769230769));
#9813=CARTESIAN_POINT('',(3.79108592755486,6327.026,828.360831206351));
#9814=CARTESIAN_POINT('',(10.0153689607053,6309.92492291412,569.230769230769));
#9815=CARTESIAN_POINT('',(10.0153689607048,6309.92492291413,1363.00708064045));
#9816=CARTESIAN_POINT('',(10.0153689607053,6309.92492291412,569.230769230769));
#9817=CARTESIAN_POINT('Origin',(-182.48297636972,6985.,569.230769230769));
#9818=CARTESIAN_POINT('',(56.9999829236992,6327.02597699716,569.230769230769));
#9819=CARTESIAN_POINT('',(-793.49148818486,6327.026,569.230769230769));
#9820=CARTESIAN_POINT('',(57.0000000000007,6327.02593008041,569.230769230769));
#9821=CARTESIAN_POINT('Origin',(57.0000000000007,6327.02593008041,519.230769230769));
#9822=CARTESIAN_POINT('',(56.9999829236992,6327.02597699716,519.230769230769));
#9823=CARTESIAN_POINT('',(10.0153689607053,6309.92492291412,519.230769230769));
#9824=CARTESIAN_POINT('',(57.0000000000007,6327.02593008041,519.230769230769));
#9825=CARTESIAN_POINT('',(3.79108592755486,6327.026,519.230769230769));
#9826=CARTESIAN_POINT('',(10.0153689607053,6309.92492291412,519.230769230769));
#9827=CARTESIAN_POINT('',(-673.75,6327.026,519.230769230769));
#9828=CARTESIAN_POINT('Origin',(-109.726119224152,6638.91195787392,507.692307692307));
#9829=CARTESIAN_POINT('',(3.79108592755486,6327.026,496.153846153846));
#9830=CARTESIAN_POINT('',(3.79108592755486,6327.026,791.82236966789));
#9831=CARTESIAN_POINT('',(10.0153689607053,6309.92492291412,496.153846153846));
#9832=CARTESIAN_POINT('',(10.0153689607048,6309.92492291413,1363.00708064045));
#9833=CARTESIAN_POINT('',(10.0153689607053,6309.92492291412,496.153846153846));
#9834=CARTESIAN_POINT('Origin',(-182.48297636972,6985.,496.153846153846));
#9835=CARTESIAN_POINT('',(56.9999829236992,6327.02597699716,496.153846153846));
#9836=CARTESIAN_POINT('',(-793.49148818486,6327.026,496.153846153846));
#9837=CARTESIAN_POINT('',(57.0000000000007,6327.02593008041,496.153846153846));
#9838=CARTESIAN_POINT('Origin',(57.0000000000007,6327.02593008041,446.153846153846));
#9839=CARTESIAN_POINT('',(56.9999829236992,6327.02597699716,446.153846153846));
#9840=CARTESIAN_POINT('',(10.0153689607053,6309.92492291412,446.153846153846));
#9841=CARTESIAN_POINT('',(57.0000000000007,6327.02593008041,446.153846153846));
#9842=CARTESIAN_POINT('',(3.79108592755486,6327.026,446.153846153846));
#9843=CARTESIAN_POINT('',(10.0153689607053,6309.92492291412,446.153846153846));
#9844=CARTESIAN_POINT('',(-673.75,6327.026,446.153846153846));
#9845=CARTESIAN_POINT('Origin',(-109.726119224152,6638.91195787392,434.615384615384));
#9846=CARTESIAN_POINT('',(3.79108592755486,6327.026,423.076923076923));
#9847=CARTESIAN_POINT('',(3.79108592755486,6327.026,755.283908129428));
#9848=CARTESIAN_POINT('',(10.0153689607053,6309.92492291412,423.076923076923));
#9849=CARTESIAN_POINT('',(10.0153689607048,6309.92492291413,1363.00708064045));
#9850=CARTESIAN_POINT('',(10.0153689607053,6309.92492291412,423.076923076923));
#9851=CARTESIAN_POINT('Origin',(-182.48297636972,6985.,423.076923076923));
#9852=CARTESIAN_POINT('',(56.9999829236992,6327.02597699716,423.076923076923));
#9853=CARTESIAN_POINT('',(-793.49148818486,6327.026,423.076923076923));
#9854=CARTESIAN_POINT('',(57.0000000000007,6327.02593008041,423.076923076923));
#9855=CARTESIAN_POINT('Origin',(57.0000000000007,6327.02593008041,373.076923076923));
#9856=CARTESIAN_POINT('',(56.9999829236992,6327.02597699716,373.076923076923));
#9857=CARTESIAN_POINT('',(10.0153689607053,6309.92492291412,373.076923076923));
#9858=CARTESIAN_POINT('',(57.0000000000007,6327.02593008041,373.076923076923));
#9859=CARTESIAN_POINT('',(3.79108592755486,6327.026,373.076923076923));
#9860=CARTESIAN_POINT('',(10.0153689607053,6309.92492291412,373.076923076923));
#9861=CARTESIAN_POINT('',(-673.75,6327.026,373.076923076923));
#9862=CARTESIAN_POINT('Origin',(-109.726119224152,6638.91195787392,361.538461538461));
#9863=CARTESIAN_POINT('',(3.79108592755486,6327.026,350.));
#9864=CARTESIAN_POINT('',(3.79108592755486,6327.026,718.745446590967));
#9865=CARTESIAN_POINT('',(10.0153689607053,6309.92492291412,350.));
#9866=CARTESIAN_POINT('',(10.0153689607048,6309.92492291413,1363.00708064045));
#9867=CARTESIAN_POINT('',(10.0153689607053,6309.92492291412,350.));
#9868=CARTESIAN_POINT('Origin',(-182.48297636972,6985.,349.999999999999));
#9869=CARTESIAN_POINT('',(56.9999829236992,6327.02597699716,350.));
#9870=CARTESIAN_POINT('',(-793.49148818486,6327.026,350.));
#9871=CARTESIAN_POINT('',(57.0000000000007,6327.02593008041,350.));
#9872=CARTESIAN_POINT('Origin',(56.9999999999999,2636.3070048184,161.90895797544));
#9873=CARTESIAN_POINT('',(57.0000000000067,2736.30700481845,161.90895797544));
#9874=CARTESIAN_POINT('',(59.1138639306541,2726.28217683426,171.908957975461));
#9875=CARTESIAN_POINT('Ctrl Pts',(59.1138639306539,2726.28217683426,171.90895797544));
#9876=CARTESIAN_POINT('Ctrl Pts',(58.8701784148604,2727.45332396278,171.908957975439));
#9877=CARTESIAN_POINT('Ctrl Pts',(58.6266883006992,2728.6178765085,171.705333541702));
#9878=CARTESIAN_POINT('Ctrl Pts',(58.1334222850597,2730.9669044007,170.851467913818));
#9879=CARTESIAN_POINT('Ctrl Pts',(57.8913694885937,2732.11330543874,170.156075869579));
#9880=CARTESIAN_POINT('Ctrl Pts',(57.4816611902062,2734.04713859921,168.371132985863));
#9881=CARTESIAN_POINT('Ctrl Pts',(57.3162918335868,2734.82414467433,167.309277507327));
#9882=CARTESIAN_POINT('Ctrl Pts',(57.1336259592235,2735.68118580272,165.465412652212));
#9883=CARTESIAN_POINT('Ctrl Pts',(57.0837920909154,2735.91465131288,164.776120198646));
#9884=CARTESIAN_POINT('Ctrl Pts',(57.0168958995753,2736.22794820055,163.358413326134));
#9885=CARTESIAN_POINT('Ctrl Pts',(57.0000000000169,2736.3070048184,162.634947945339));
#9886=CARTESIAN_POINT('Ctrl Pts',(57.0000000000169,2736.3070048184,161.908957975439));
#9887=CARTESIAN_POINT('',(147.,2636.3070048184,171.90895797544));
#9888=CARTESIAN_POINT('Origin',(56.9999999999999,2636.3070048184,171.90895797544));
#9889=CARTESIAN_POINT('',(157.,2636.3070048184,161.90895797544));
#9890=CARTESIAN_POINT('Origin',(147.,2636.3070048184,161.90895797544));
#9891=CARTESIAN_POINT('Origin',(56.9999999999999,2636.3070048184,161.90895797544));
#9892=CARTESIAN_POINT('Origin',(157.,1835.,521.90895797544));
#9893=CARTESIAN_POINT('',(59.1138639306582,2726.28217683426,521.908957975461));
#9894=CARTESIAN_POINT('Origin',(56.9999999999999,2636.3070048184,521.90895797544));
#9895=CARTESIAN_POINT('',(99.1312582087029,2308.5270107905,521.908957975461));
#9896=CARTESIAN_POINT('',(24.728074310556,2236.67669129016,521.90895797544));
#9897=CARTESIAN_POINT('Origin',(-1818.2387923507,2335.65350240923,521.908957975461));
#9898=CARTESIAN_POINT('Origin',(157.,2364.41020515057,171.90895797544));
#9899=CARTESIAN_POINT('',(157.,2636.3070048184,171.90895797544));
#9900=CARTESIAN_POINT('Origin',(56.9999999999999,2636.3070048184,531.90895797544));
#9901=CARTESIAN_POINT('',(57.0000000000108,2736.30700481845,531.90895797544));
#9902=CARTESIAN_POINT('Ctrl Pts',(57.0000000000207,2736.3070048184,531.908957975439));
#9903=CARTESIAN_POINT('Ctrl Pts',(57.0000000000207,2736.3070048184,530.634008876976));
#9904=CARTESIAN_POINT('Ctrl Pts',(57.0521288077911,2736.06323228373,529.372742118305));
#9905=CARTESIAN_POINT('Ctrl Pts',(57.2547288740092,2735.11319695422,527.000178416056));
#9906=CARTESIAN_POINT('Ctrl Pts',(57.4040490115974,2734.41220472312,525.9156394981));
#9907=CARTESIAN_POINT('Ctrl Pts',(57.7826789227872,2732.62711378042,524.052842558687));
#9908=CARTESIAN_POINT('Ctrl Pts',(58.0099206136281,2731.55246413668,523.300660310662));
#9909=CARTESIAN_POINT('Ctrl Pts',(58.5141544484833,2729.15530837821,522.235635879116));
#9910=CARTESIAN_POINT('Ctrl Pts',(58.7876512477017,2727.84900847943,521.943776772706));
#9911=CARTESIAN_POINT('Ctrl Pts',(59.0801104667686,2726.44436888569,521.909933896798));
#9912=CARTESIAN_POINT('Ctrl Pts',(59.0969934040147,2726.36325620728,521.90895797544));
#9913=CARTESIAN_POINT('Ctrl Pts',(59.1138639306573,2726.28217683426,521.90895797544));
#9914=CARTESIAN_POINT('Origin',(56.9999999999999,2636.3070048184,531.90895797544));
#9915=CARTESIAN_POINT('Origin',(157.,1835.,971.90895797544));
#9916=CARTESIAN_POINT('',(59.1138639306649,2726.28217683425,971.908957975461));
#9917=CARTESIAN_POINT('Origin',(56.9999999999999,2636.3070048184,971.90895797544));
#9918=CARTESIAN_POINT('',(99.1312582087102,2308.52701079051,971.90895797544));
#9919=CARTESIAN_POINT('',(24.728074310556,2236.67669129016,971.90895797544));
#9920=CARTESIAN_POINT('Origin',(-1818.2387923507,2335.65350240923,971.908957975461));
#9921=CARTESIAN_POINT('Origin',(56.9999999999999,2636.3070048184,661.90895797544));
#9922=CARTESIAN_POINT('',(57.0000000000122,2736.30700481845,661.90895797544));
#9923=CARTESIAN_POINT('',(59.1138639306599,2726.28217683426,671.908957975461));
#9924=CARTESIAN_POINT('Ctrl Pts',(59.1138639306595,2726.28217683426,671.90895797544));
#9925=CARTESIAN_POINT('Ctrl Pts',(58.8701784148659,2727.45332396278,671.908957975439));
#9926=CARTESIAN_POINT('Ctrl Pts',(58.6266883007045,2728.6178765085,671.705333541702));
#9927=CARTESIAN_POINT('Ctrl Pts',(58.1334222850655,2730.9669044007,670.851467913818));
#9928=CARTESIAN_POINT('Ctrl Pts',(57.8913694885994,2732.11330543874,670.15607586958));
#9929=CARTESIAN_POINT('Ctrl Pts',(57.4816611902117,2734.04713859921,668.371132985863));
#9930=CARTESIAN_POINT('Ctrl Pts',(57.3162918335925,2734.82414467433,667.309277507327));
#9931=CARTESIAN_POINT('Ctrl Pts',(57.1336259592293,2735.68118580272,665.465412652212));
#9932=CARTESIAN_POINT('Ctrl Pts',(57.0837920909212,2735.91465131288,664.776120198646));
#9933=CARTESIAN_POINT('Ctrl Pts',(57.0168958995812,2736.22794820055,663.358413326135));
#9934=CARTESIAN_POINT('Ctrl Pts',(57.0000000000224,2736.3070048184,662.634947945339));
#9935=CARTESIAN_POINT('Ctrl Pts',(57.0000000000224,2736.3070048184,661.908957975439));
#9936=CARTESIAN_POINT('Origin',(56.9999999999999,2636.3070048184,671.90895797544));
#9937=CARTESIAN_POINT('Origin',(56.9999999999999,2636.3070048184,661.90895797544));
#9938=CARTESIAN_POINT('Origin',(157.,1835.,671.90895797544));
#9939=CARTESIAN_POINT('',(99.1312582087029,2308.5270107905,671.908957975461));
#9940=CARTESIAN_POINT('Origin',(-1818.2387923507,2335.65350240923,671.908957975461));
#9941=CARTESIAN_POINT('',(24.728074310556,2236.67669129016,671.90895797544));
#9942=CARTESIAN_POINT('Origin',(157.,1835.,21.9089579754396));
#9943=CARTESIAN_POINT('',(157.,2636.3070048184,1084.40895797544));
#9944=CARTESIAN_POINT('Origin',(56.9999999999999,2636.3070048184,981.90895797544));
#9945=CARTESIAN_POINT('',(57.0000000000158,2736.30700481845,981.90895797544));
#9946=CARTESIAN_POINT('Ctrl Pts',(57.000000000026,2736.3070048184,981.908957975439));
#9947=CARTESIAN_POINT('Ctrl Pts',(57.000000000026,2736.3070048184,980.634008876977));
#9948=CARTESIAN_POINT('Ctrl Pts',(57.0521288077964,2736.06323228373,979.372742118305));
#9949=CARTESIAN_POINT('Ctrl Pts',(57.2547288740145,2735.11319695422,977.000178416056));
#9950=CARTESIAN_POINT('Ctrl Pts',(57.4040490116024,2734.41220472312,975.9156394981));
#9951=CARTESIAN_POINT('Ctrl Pts',(57.7826789227922,2732.62711378042,974.052842558688));
#9952=CARTESIAN_POINT('Ctrl Pts',(58.0099206136333,2731.55246413668,973.300660310662));
#9953=CARTESIAN_POINT('Ctrl Pts',(58.5141544484885,2729.15530837821,972.235635879116));
#9954=CARTESIAN_POINT('Ctrl Pts',(58.7876512477067,2727.84900847943,971.943776772706));
#9955=CARTESIAN_POINT('Ctrl Pts',(59.0801104667741,2726.44436888569,971.909933896798));
#9956=CARTESIAN_POINT('Ctrl Pts',(59.096993404021,2726.36325620727,971.90895797544));
#9957=CARTESIAN_POINT('Ctrl Pts',(59.1138639306642,2726.28217683425,971.90895797544));
#9958=CARTESIAN_POINT('Origin',(56.9999999999999,2636.3070048184,981.90895797544));
#9959=CARTESIAN_POINT('Origin',(-1818.23879235069,2335.65350240923,1260.00000000001));
#9960=CARTESIAN_POINT('',(99.1858202539015,2312.705467464,1260.00000000001));
#9961=CARTESIAN_POINT('',(54.6890827548613,1924.33254259522,1260.));
#9962=CARTESIAN_POINT('Origin',(-1818.23879235069,2335.65350240923,1260.00000000001));
#9963=CARTESIAN_POINT('',(43.9706434711026,1922.17008574557,1250.));
#9964=CARTESIAN_POINT('Ctrl Pts',(54.689082754862,1924.33254259522,1260.));
#9965=CARTESIAN_POINT('Ctrl Pts',(54.6890827548614,1924.33254259522,1258.77344818502));
#9966=CARTESIAN_POINT('Ctrl Pts',(54.4509637002808,1924.3009974537,1257.56187795257));
#9967=CARTESIAN_POINT('Ctrl Pts',(53.5209535709657,1924.16919256366,1255.26214256782));
#9968=CARTESIAN_POINT('Ctrl Pts',(52.8297262379858,1924.068786828,1254.20585591406));
#9969=CARTESIAN_POINT('Ctrl Pts',(51.0507970972041,1923.7805587928,1252.34822585402));
#9970=CARTESIAN_POINT('Ctrl Pts',(49.9646823536986,1923.59147646441,1251.58679337064));
#9971=CARTESIAN_POINT('Ctrl Pts',(48.0140051888132,1923.19656260599,1250.68614145689));
#9972=CARTESIAN_POINT('Ctrl Pts',(47.2183622035699,1923.02270082551,1250.42530661141));
#9973=CARTESIAN_POINT('Ctrl Pts',(45.6046027366085,1922.6311666169,1250.08327024295));
#9974=CARTESIAN_POINT('Ctrl Pts',(44.7927643803803,1922.41553816649,1250.00099444359));
#9975=CARTESIAN_POINT('Ctrl Pts',(43.9804357015312,1922.17301225828,1250.00000298609));
#9976=CARTESIAN_POINT('Ctrl Pts',(43.9755412756274,1922.17154999868,1250.));
#9977=CARTESIAN_POINT('Ctrl Pts',(43.9706434711025,1922.17008574557,1250.));
#9978=CARTESIAN_POINT('',(88.9653630652245,2298.70991996458,1250.));
#9979=CARTESIAN_POINT('Origin',(-1818.23879235069,2335.65350240923,1250.));
#9980=CARTESIAN_POINT('',(96.133120065213,2305.63174244001,1252.90333001346));
#9981=CARTESIAN_POINT('Ctrl Pts',(88.9653630652245,2298.70991996458,1250.00000000001));
#9982=CARTESIAN_POINT('Ctrl Pts',(89.6635377257623,2299.38413939712,1250.00000000001));
#9983=CARTESIAN_POINT('Ctrl Pts',(90.4282456745328,2300.12260927925,1250.07453716508));
#9984=CARTESIAN_POINT('Ctrl Pts',(91.9364175549489,2301.57903393465,1250.40485303618));
#9985=CARTESIAN_POINT('Ctrl Pts',(92.6798200868368,2302.29692941485,1250.66117329087));
#9986=CARTESIAN_POINT('Ctrl Pts',(93.8989033038138,2303.47418439304,1251.23184494656));
#9987=CARTESIAN_POINT('Ctrl Pts',(94.4955437716159,2304.0503533954,1251.57592610255));
#9988=CARTESIAN_POINT('Ctrl Pts',(95.4374328156142,2304.9599250723,1252.26972048546));
#9989=CARTESIAN_POINT('Ctrl Pts',(95.7994563240914,2305.30952711065,1252.57713478033));
#9990=CARTESIAN_POINT('Ctrl Pts',(96.133120065213,2305.63174244001,1252.90333001346));
#9991=CARTESIAN_POINT('Ctrl Pts',(99.1858202539019,2312.705467464,1260.00000000001));
#9992=CARTESIAN_POINT('Ctrl Pts',(99.1857636926116,2312.70074148156,1259.995286019));
#9993=CARTESIAN_POINT('Ctrl Pts',(99.1857037808187,2312.69601553668,1259.9905720417));
#9994=CARTESIAN_POINT('Ctrl Pts',(99.1714451676378,2311.63084930555,1258.92809236506));
#9995=CARTESIAN_POINT('Ctrl Pts',(98.9884638077375,2310.56588651421,1257.86379933025));
#9996=CARTESIAN_POINT('Ctrl Pts',(98.2909356519783,2308.56109112211,1255.85523125469));
#9997=CARTESIAN_POINT('Ctrl Pts',(97.7879419413837,2307.60484894903,1254.89475684281));
#9998=CARTESIAN_POINT('Ctrl Pts',(96.8184850289873,2306.34584334877,1253.62540579456));
#9999=CARTESIAN_POINT('Ctrl Pts',(96.4930783331625,2305.97935009877,1253.25523121415));
#10000=CARTESIAN_POINT('Ctrl Pts',(96.1331200652128,2305.63174244001,1252.90333001346));
#10001=CARTESIAN_POINT('Origin',(56.9999999999999,2636.3070048184,1111.90895797544));
#10002=CARTESIAN_POINT('',(57.0000000000172,2736.30700481845,1111.90895797544));
#10003=CARTESIAN_POINT('',(59.1138639306661,2726.28217683425,1121.90895797546));
#10004=CARTESIAN_POINT('Ctrl Pts',(59.1138639306659,2726.28217683425,1121.90895797544));
#10005=CARTESIAN_POINT('Ctrl Pts',(58.8707927111632,2727.45037166857,1121.90895797544));
#10006=CARTESIAN_POINT('Ctrl Pts',(58.6279068970597,2728.61204917669,1121.70635881701));
#10007=CARTESIAN_POINT('Ctrl Pts',(58.1347594524378,2730.96056364804,1120.85499950231));
#10008=CARTESIAN_POINT('Ctrl Pts',(57.8923185837441,2732.10881808515,1120.15948883366));
#10009=CARTESIAN_POINT('Ctrl Pts',(57.4819952076446,2734.04556941308,1118.37328944036));
#10010=CARTESIAN_POINT('Ctrl Pts',(57.3164009691462,2734.82363271931,1117.31042635102));
#10011=CARTESIAN_POINT('Ctrl Pts',(57.1336337639339,2735.68114913293,1115.46546532993));
#10012=CARTESIAN_POINT('Ctrl Pts',(57.0838123402043,2735.91455643521,1114.77638321967));
#10013=CARTESIAN_POINT('Ctrl Pts',(57.0169035962347,2736.22791219815,1113.35874219616));
#10014=CARTESIAN_POINT('Ctrl Pts',(57.0000000000275,2736.3070048184,1112.63511324302));
#10015=CARTESIAN_POINT('Ctrl Pts',(57.0000000000275,2736.3070048184,1111.90895797544));
#10016=CARTESIAN_POINT('Origin',(56.9999999999999,2636.3070048184,1121.90895797544));
#10017=CARTESIAN_POINT('Origin',(56.9999999999999,2636.3070048184,1111.90895797544));
#10018=CARTESIAN_POINT('Origin',(56.9999999999999,1835.,1121.90895797544));
#10019=CARTESIAN_POINT('',(99.1858202538998,2312.70546746398,1121.90895797546));
#10020=CARTESIAN_POINT('Origin',(-1818.23879235069,2335.65350240923,1121.90895797546));
#10021=CARTESIAN_POINT('',(96.1331200652307,2305.63174244003,1121.90895797544));
#10022=CARTESIAN_POINT('Origin',(89.1865363606405,2312.82514044342,1121.90895797543));
#10023=CARTESIAN_POINT('',(24.728074310556,2236.67669129016,1121.90895797544));
#10024=CARTESIAN_POINT('Origin',(89.1865363606229,2312.8251404434,-452.));
#10025=CARTESIAN_POINT('',(96.1331200652131,2305.63174244001,-452.));
#10026=CARTESIAN_POINT('',(99.1858202538819,2312.70546746398,-452.));
#10027=CARTESIAN_POINT('Origin',(-43.0000000000001,1835.,2030.));
#10028=CARTESIAN_POINT('',(-43.0000000000001,1855.,1880.));
#10029=CARTESIAN_POINT('',(-43.0000000000001,1935.,1500.));
#10030=CARTESIAN_POINT('',(-43.0000000000001,1935.,1765.));
#10031=CARTESIAN_POINT('',(-43.0000000000001,2736.30700481845,1500.));
#10032=CARTESIAN_POINT('',(-43.0000000000001,4350.,1500.));
#10033=CARTESIAN_POINT('',(-43.0000000000001,2736.30700481845,2030.));
#10034=CARTESIAN_POINT('',(-43.0000000000001,2736.30700481845,2030.));
#10035=CARTESIAN_POINT('',(-43.0000000000001,2836.30700481845,2030.));
#10036=CARTESIAN_POINT('',(-43.0000000000001,1835.,2030.));
#10037=CARTESIAN_POINT('',(-43.0000000000001,2836.30700481845,1565.95415615822));
#10038=CARTESIAN_POINT('',(-43.0000000000001,2836.30700481845,1797.97707807911));
#10039=CARTESIAN_POINT('',(-43.0000000000001,3400.,1565.95415615822));
#10040=CARTESIAN_POINT('',(-43.0000000000001,2617.5,1565.95415615822));
#10041=CARTESIAN_POINT('',(-43.0000000000001,3400.,2030.));
#10042=CARTESIAN_POINT('',(-43.0000000000001,3400.,2030.));
#10043=CARTESIAN_POINT('',(-43.0000000000001,1835.,2030.));
#10044=CARTESIAN_POINT('Origin',(56.9999999999999,2736.30700481845,2030.));
#10045=CARTESIAN_POINT('',(36.9999999999999,2736.30700481845,2030.));
#10046=CARTESIAN_POINT('',(36.9999999999999,2736.30700481845,1500.));
#10047=CARTESIAN_POINT('',(36.9999999999999,2736.30700481845,1434.5));
#10048=CARTESIAN_POINT('',(56.9999999999999,2736.30700481845,2030.));
#10049=CARTESIAN_POINT('',(56.9999999999999,2736.30700481845,1500.));
#10050=CARTESIAN_POINT('Origin',(56.9999999999999,1935.,1500.));
#10051=CARTESIAN_POINT('',(36.9999999999999,1935.,1500.));
#10052=CARTESIAN_POINT('',(36.9999999999999,1935.,2030.));
#10053=CARTESIAN_POINT('',(36.9999999999999,1935.,1169.5));
#10054=CARTESIAN_POINT('',(56.9999999999999,1935.,1500.));
#10055=CARTESIAN_POINT('',(56.9999999999999,1935.,2030.));
#10056=CARTESIAN_POINT('Origin',(6.99999999999989,1885.,1260.));
#10057=CARTESIAN_POINT('',(46.9999999999999,1885.,1250.));
#10058=CARTESIAN_POINT('',(56.9999999999999,1885.,1260.));
#10059=CARTESIAN_POINT('Origin',(46.9999999999999,1885.,1260.));
#10060=CARTESIAN_POINT('',(6.99999999999989,1835.,1260.));
#10061=CARTESIAN_POINT('Origin',(6.99999999999989,1885.,1260.));
#10062=CARTESIAN_POINT('',(6.99999999999989,1845.,1250.));
#10063=CARTESIAN_POINT('Origin',(6.99999999999989,1845.,1260.));
#10064=CARTESIAN_POINT('Origin',(6.99999999999989,1885.,1250.));
#10065=CARTESIAN_POINT('Ctrl Pts',(46.9999999999999,1915.,1250.));
#10066=CARTESIAN_POINT('Ctrl Pts',(46.9999999999999,1919.22499344693,1250.));
#10067=CARTESIAN_POINT('Ctrl Pts',(43.9706434711022,1922.17008574557,1250.));
#10068=CARTESIAN_POINT('Ctrl Pts',(57.,1915.,1250.));
#10069=CARTESIAN_POINT('Ctrl Pts',(57.,1923.44998689387,1250.));
#10070=CARTESIAN_POINT('Ctrl Pts',(50.9412869422046,1929.34017149113,1250.));
#10071=CARTESIAN_POINT('Ctrl Pts',(56.9999999999999,1915.,1260.));
#10072=CARTESIAN_POINT('Ctrl Pts',(56.9999999999999,1923.44998689387,1260.));
#10073=CARTESIAN_POINT('Ctrl Pts',(50.9412869422045,1929.34017149113,1260.));
#10074=CARTESIAN_POINT('',(56.9999999999999,1915.,1260.));
#10075=CARTESIAN_POINT('Origin',(36.9999999999999,1915.,1260.));
#10076=CARTESIAN_POINT('',(46.9999999999999,1915.,1250.));
#10077=CARTESIAN_POINT('Origin',(46.9999999999999,1915.,1260.));
#10078=CARTESIAN_POINT('Origin',(36.9999999999999,1915.,1250.));
#10079=CARTESIAN_POINT('Origin',(-2966.,6164.13958568239,434.672531916202));
#10080=CARTESIAN_POINT('',(-2956.,6164.13958568239,434.672531916202));
#10081=CARTESIAN_POINT('',(-2956.,6164.13958568239,1223.5222423678));
#10082=CARTESIAN_POINT('',(-2956.,6164.13958568239,636.836265958101));
#10083=CARTESIAN_POINT('',(-2966.,6164.13958568239,434.672531916202));
#10084=CARTESIAN_POINT('',(-2966.,6164.13958568239,1223.5222423678));
#10085=CARTESIAN_POINT('Origin',(-2966.,5070.08016582987,434.672531916202));
#10086=CARTESIAN_POINT('',(-2956.,5070.08016582987,434.672531916202));
#10087=CARTESIAN_POINT('',(-2956.,4740.04008291493,434.672531916202));
#10088=CARTESIAN_POINT('',(-2966.,5070.08016582987,434.672531916202));
#10089=CARTESIAN_POINT('Origin',(-2966.,5070.08016582987,1223.5222423678));
#10090=CARTESIAN_POINT('',(-2956.,5070.08016582987,1223.5222423678));
#10091=CARTESIAN_POINT('',(-2956.,5070.08016582987,1031.2611211839));
#10092=CARTESIAN_POINT('',(-2966.,5070.08016582987,1223.5222423678));
#10093=CARTESIAN_POINT('Origin',(-2966.,6164.13958568239,1223.5222423678));
#10094=CARTESIAN_POINT('',(-2956.,5287.0697928412,1223.5222423678));
#10095=CARTESIAN_POINT('Origin',(-2726.51702363028,6985.,349.999999999999));
#10096=CARTESIAN_POINT('',(-2965.9999829237,6327.02597699716,350.));
#10097=CARTESIAN_POINT('',(-2919.01536896071,6309.92492291412,350.));
#10098=CARTESIAN_POINT('',(-2966.,6327.02593008041,350.));
#10099=CARTESIAN_POINT('',(-2912.79108592756,6327.026,350.));
#10100=CARTESIAN_POINT('',(-2919.01536896071,6309.92492291412,350.));
#10101=CARTESIAN_POINT('',(-2065.50851181514,6327.026,350.));
#10102=CARTESIAN_POINT('Origin',(-2799.27388077585,6638.91195787392,361.538461538461));
#10103=CARTESIAN_POINT('',(-2912.79108592756,6327.026,373.076923076923));
#10104=CARTESIAN_POINT('',(-2912.79108592756,6327.026,718.745446590967));
#10105=CARTESIAN_POINT('',(-2919.01536896071,6309.92492291412,373.076923076923));
#10106=CARTESIAN_POINT('',(-2919.01536896071,6309.92492291413,1363.00708064045));
#10107=CARTESIAN_POINT('',(-2919.01536896071,6309.92492291412,373.076923076923));
#10108=CARTESIAN_POINT('Origin',(-2966.,6327.02593008041,373.076923076923));
#10109=CARTESIAN_POINT('',(-2965.9999829237,6327.02597699716,373.076923076923));
#10110=CARTESIAN_POINT('',(-2185.25,6327.026,373.076923076923));
#10111=CARTESIAN_POINT('',(-2966.,6327.02593008041,373.076923076923));
#10112=CARTESIAN_POINT('Origin',(-2726.51702363028,6985.,423.076923076923));
#10113=CARTESIAN_POINT('',(-2965.9999829237,6327.02597699716,423.076923076923));
#10114=CARTESIAN_POINT('',(-2919.01536896071,6309.92492291412,423.076923076923));
#10115=CARTESIAN_POINT('',(-2966.,6327.02593008041,423.076923076923));
#10116=CARTESIAN_POINT('',(-2912.79108592756,6327.026,423.076923076923));
#10117=CARTESIAN_POINT('',(-2919.01536896071,6309.92492291412,423.076923076923));
#10118=CARTESIAN_POINT('',(-2065.50851181514,6327.026,423.076923076923));
#10119=CARTESIAN_POINT('Origin',(-2799.27388077585,6638.91195787392,434.615384615384));
#10120=CARTESIAN_POINT('',(-2912.79108592756,6327.026,446.153846153846));
#10121=CARTESIAN_POINT('',(-2912.79108592756,6327.026,755.283908129428));
#10122=CARTESIAN_POINT('',(-2919.01536896071,6309.92492291412,446.153846153846));
#10123=CARTESIAN_POINT('',(-2919.01536896071,6309.92492291413,1363.00708064045));
#10124=CARTESIAN_POINT('',(-2919.01536896071,6309.92492291412,446.153846153846));
#10125=CARTESIAN_POINT('Origin',(-2966.,6327.02593008041,446.153846153846));
#10126=CARTESIAN_POINT('',(-2965.9999829237,6327.02597699716,446.153846153846));
#10127=CARTESIAN_POINT('',(-2185.25,6327.026,446.153846153846));
#10128=CARTESIAN_POINT('',(-2966.,6327.02593008041,446.153846153846));
#10129=CARTESIAN_POINT('Origin',(-2726.51702363028,6985.,496.153846153846));
#10130=CARTESIAN_POINT('',(-2965.9999829237,6327.02597699716,496.153846153846));
#10131=CARTESIAN_POINT('',(-2919.01536896071,6309.92492291412,496.153846153846));
#10132=CARTESIAN_POINT('',(-2966.,6327.02593008041,496.153846153846));
#10133=CARTESIAN_POINT('',(-2912.79108592756,6327.026,496.153846153846));
#10134=CARTESIAN_POINT('',(-2919.01536896071,6309.92492291412,496.153846153846));
#10135=CARTESIAN_POINT('',(-2065.50851181514,6327.026,496.153846153846));
#10136=CARTESIAN_POINT('Origin',(-2799.27388077585,6638.91195787392,507.692307692307));
#10137=CARTESIAN_POINT('',(-2912.79108592756,6327.026,519.230769230769));
#10138=CARTESIAN_POINT('',(-2912.79108592756,6327.026,791.82236966789));
#10139=CARTESIAN_POINT('',(-2919.01536896071,6309.92492291412,519.230769230769));
#10140=CARTESIAN_POINT('',(-2919.01536896071,6309.92492291413,1363.00708064045));
#10141=CARTESIAN_POINT('',(-2919.01536896071,6309.92492291412,519.230769230769));
#10142=CARTESIAN_POINT('Origin',(-2966.,6327.02593008041,519.230769230769));
#10143=CARTESIAN_POINT('',(-2965.9999829237,6327.02597699716,519.230769230769));
#10144=CARTESIAN_POINT('',(-2185.25,6327.026,519.230769230769));
#10145=CARTESIAN_POINT('',(-2966.,6327.02593008041,519.230769230769));
#10146=CARTESIAN_POINT('Origin',(-2726.51702363028,6985.,569.230769230769));
#10147=CARTESIAN_POINT('',(-2965.9999829237,6327.02597699716,569.230769230769));
#10148=CARTESIAN_POINT('',(-2919.01536896071,6309.92492291412,569.230769230769));
#10149=CARTESIAN_POINT('',(-2966.,6327.02593008041,569.230769230769));
#10150=CARTESIAN_POINT('',(-2912.79108592756,6327.026,569.230769230769));
#10151=CARTESIAN_POINT('',(-2919.01536896071,6309.92492291412,569.230769230769));
#10152=CARTESIAN_POINT('',(-2065.50851181514,6327.026,569.230769230769));
#10153=CARTESIAN_POINT('Origin',(-2799.27388077585,6638.91195787392,580.76923076923));
#10154=CARTESIAN_POINT('',(-2912.79108592756,6327.026,592.307692307692));
#10155=CARTESIAN_POINT('',(-2912.79108592756,6327.026,828.360831206351));
#10156=CARTESIAN_POINT('',(-2919.01536896071,6309.92492291412,592.307692307692));
#10157=CARTESIAN_POINT('',(-2919.01536896071,6309.92492291413,1363.00708064045));
#10158=CARTESIAN_POINT('',(-2919.01536896071,6309.92492291412,592.307692307692));
#10159=CARTESIAN_POINT('Origin',(-2966.,6327.02593008041,592.307692307692));
#10160=CARTESIAN_POINT('',(-2965.9999829237,6327.02597699716,592.307692307692));
#10161=CARTESIAN_POINT('',(-2185.25,6327.026,592.307692307692));
#10162=CARTESIAN_POINT('',(-2966.,6327.02593008041,592.307692307692));
#10163=CARTESIAN_POINT('Origin',(-2726.51702363028,6985.,642.307692307692));
#10164=CARTESIAN_POINT('',(-2965.9999829237,6327.02597699716,642.307692307692));
#10165=CARTESIAN_POINT('',(-2919.01536896071,6309.92492291412,642.307692307692));
#10166=CARTESIAN_POINT('',(-2966.,6327.02593008041,642.307692307692));
#10167=CARTESIAN_POINT('',(-2912.79108592756,6327.026,642.307692307692));
#10168=CARTESIAN_POINT('',(-2919.01536896071,6309.92492291412,642.307692307692));
#10169=CARTESIAN_POINT('',(-2065.50851181514,6327.026,642.307692307692));
#10170=CARTESIAN_POINT('Origin',(-2799.27388077585,6638.91195787392,653.846153846154));
#10171=CARTESIAN_POINT('',(-2912.79108592756,6327.026,665.384615384615));
#10172=CARTESIAN_POINT('',(-2912.79108592756,6327.026,864.899292744813));
#10173=CARTESIAN_POINT('',(-2919.01536896071,6309.92492291412,665.384615384615));
#10174=CARTESIAN_POINT('',(-2919.01536896071,6309.92492291413,1363.00708064045));
#10175=CARTESIAN_POINT('',(-2919.01536896071,6309.92492291412,665.384615384615));
#10176=CARTESIAN_POINT('Origin',(-2966.,6327.02593008041,665.384615384615));
#10177=CARTESIAN_POINT('',(-2965.9999829237,6327.02597699716,665.384615384615));
#10178=CARTESIAN_POINT('',(-2185.25,6327.026,665.384615384615));
#10179=CARTESIAN_POINT('',(-2966.,6327.02593008041,665.384615384615));
#10180=CARTESIAN_POINT('Origin',(-2726.51702363028,6985.,715.384615384615));
#10181=CARTESIAN_POINT('',(-2965.9999829237,6327.02597699716,715.384615384615));
#10182=CARTESIAN_POINT('',(-2919.01536896071,6309.92492291412,715.384615384615));
#10183=CARTESIAN_POINT('',(-2966.,6327.02593008041,715.384615384615));
#10184=CARTESIAN_POINT('',(-2912.79108592756,6327.026,715.384615384615));
#10185=CARTESIAN_POINT('',(-2919.01536896071,6309.92492291412,715.384615384615));
#10186=CARTESIAN_POINT('',(-2065.50851181514,6327.026,715.384615384615));
#10187=CARTESIAN_POINT('Origin',(-2799.27388077585,6638.91195787392,726.923076923077));
#10188=CARTESIAN_POINT('',(-2912.79108592756,6327.026,738.461538461538));
#10189=CARTESIAN_POINT('',(-2912.79108592756,6327.026,901.437754283274));
#10190=CARTESIAN_POINT('',(-2919.01536896071,6309.92492291412,738.461538461538));
#10191=CARTESIAN_POINT('',(-2919.01536896071,6309.92492291413,1363.00708064045));
#10192=CARTESIAN_POINT('',(-2919.01536896071,6309.92492291412,738.461538461538));
#10193=CARTESIAN_POINT('Origin',(-2966.,6327.02593008041,738.461538461538));
#10194=CARTESIAN_POINT('',(-2965.9999829237,6327.02597699716,738.461538461538));
#10195=CARTESIAN_POINT('',(-2185.25,6327.026,738.461538461538));
#10196=CARTESIAN_POINT('',(-2966.,6327.02593008041,738.461538461538));
#10197=CARTESIAN_POINT('Origin',(-2726.51702363028,6985.,788.461538461538));
#10198=CARTESIAN_POINT('',(-2965.9999829237,6327.02597699716,788.461538461538));
#10199=CARTESIAN_POINT('',(-2919.01536896071,6309.92492291412,788.461538461538));
#10200=CARTESIAN_POINT('',(-2966.,6327.02593008041,788.461538461538));
#10201=CARTESIAN_POINT('',(-2912.79108592756,6327.026,788.461538461538));
#10202=CARTESIAN_POINT('',(-2919.01536896071,6309.92492291412,788.461538461538));
#10203=CARTESIAN_POINT('',(-2065.50851181514,6327.026,788.461538461538));
#10204=CARTESIAN_POINT('Origin',(-2799.27388077585,6638.91195787392,800.));
#10205=CARTESIAN_POINT('',(-2912.79108592756,6327.026,811.538461538462));
#10206=CARTESIAN_POINT('',(-2912.79108592756,6327.026,937.976215821736));
#10207=CARTESIAN_POINT('',(-2919.01536896071,6309.92492291412,811.538461538462));
#10208=CARTESIAN_POINT('',(-2919.01536896071,6309.92492291413,1363.00708064045));
#10209=CARTESIAN_POINT('',(-2919.01536896071,6309.92492291412,811.538461538462));
#10210=CARTESIAN_POINT('Origin',(-2966.,6327.02593008041,811.538461538462));
#10211=CARTESIAN_POINT('',(-2965.9999829237,6327.02597699716,811.538461538462));
#10212=CARTESIAN_POINT('',(-2185.25,6327.026,811.538461538461));
#10213=CARTESIAN_POINT('',(-2966.,6327.02593008041,811.538461538462));
#10214=CARTESIAN_POINT('Origin',(-2726.51702363028,6985.,861.538461538461));
#10215=CARTESIAN_POINT('',(-2965.9999829237,6327.02597699716,861.538461538462));
#10216=CARTESIAN_POINT('',(-2919.01536896071,6309.92492291412,861.538461538462));
#10217=CARTESIAN_POINT('',(-2966.,6327.02593008041,861.538461538462));
#10218=CARTESIAN_POINT('',(-2912.79108592756,6327.026,861.538461538462));
#10219=CARTESIAN_POINT('',(-2919.01536896071,6309.92492291412,861.538461538462));
#10220=CARTESIAN_POINT('',(-2065.50851181514,6327.026,861.538461538461));
#10221=CARTESIAN_POINT('Origin',(-2799.27388077585,6638.91195787392,873.076923076923));
#10222=CARTESIAN_POINT('',(-2912.79108592756,6327.026,884.615384615385));
#10223=CARTESIAN_POINT('',(-2912.79108592756,6327.026,974.514677360198));
#10224=CARTESIAN_POINT('',(-2919.01536896071,6309.92492291412,884.615384615385));
#10225=CARTESIAN_POINT('',(-2919.01536896071,6309.92492291413,1363.00708064045));
#10226=CARTESIAN_POINT('',(-2919.01536896071,6309.92492291412,884.615384615385));
#10227=CARTESIAN_POINT('Origin',(-2966.,6327.02593008041,884.615384615385));
#10228=CARTESIAN_POINT('',(-2965.9999829237,6327.02597699716,884.615384615385));
#10229=CARTESIAN_POINT('',(-2185.25,6327.026,884.615384615384));
#10230=CARTESIAN_POINT('',(-2966.,6327.02593008041,884.615384615385));
#10231=CARTESIAN_POINT('Origin',(-2726.51702363028,6985.,934.615384615384));
#10232=CARTESIAN_POINT('',(-2965.9999829237,6327.02597699716,934.615384615385));
#10233=CARTESIAN_POINT('',(-2919.01536896071,6309.92492291412,934.615384615385));
#10234=CARTESIAN_POINT('',(-2966.,6327.02593008041,934.615384615385));
#10235=CARTESIAN_POINT('',(-2912.79108592756,6327.026,934.615384615385));
#10236=CARTESIAN_POINT('',(-2919.01536896071,6309.92492291412,934.615384615385));
#10237=CARTESIAN_POINT('',(-2065.50851181514,6327.026,934.615384615384));
#10238=CARTESIAN_POINT('Origin',(-2799.27388077585,6638.91195787392,946.153846153846));
#10239=CARTESIAN_POINT('',(-2912.79108592756,6327.026,957.692307692308));
#10240=CARTESIAN_POINT('',(-2912.79108592756,6327.026,1011.05313889866));
#10241=CARTESIAN_POINT('',(-2919.01536896071,6309.92492291412,957.692307692308));
#10242=CARTESIAN_POINT('',(-2919.01536896071,6309.92492291413,1363.00708064045));
#10243=CARTESIAN_POINT('',(-2919.01536896071,6309.92492291412,957.692307692308));
#10244=CARTESIAN_POINT('Origin',(-2966.,6327.02593008041,957.692307692308));
#10245=CARTESIAN_POINT('',(-2965.9999829237,6327.02597699716,957.692307692308));
#10246=CARTESIAN_POINT('',(-2185.25,6327.026,957.692307692307));
#10247=CARTESIAN_POINT('',(-2966.,6327.02593008041,957.692307692308));
#10248=CARTESIAN_POINT('Origin',(-2726.51702363028,6985.,1007.69230769231));
#10249=CARTESIAN_POINT('',(-2965.9999829237,6327.02597699716,1007.69230769231));
#10250=CARTESIAN_POINT('',(-2919.01536896071,6309.92492291412,1007.69230769231));
#10251=CARTESIAN_POINT('',(-2966.,6327.02593008041,1007.69230769231));
#10252=CARTESIAN_POINT('',(-2912.79108592756,6327.026,1007.69230769231));
#10253=CARTESIAN_POINT('',(-2919.01536896071,6309.92492291412,1007.69230769231));
#10254=CARTESIAN_POINT('',(-2065.50851181514,6327.026,1007.69230769231));
#10255=CARTESIAN_POINT('Origin',(-2799.27388077585,6638.91195787392,1019.23076923077));
#10256=CARTESIAN_POINT('',(-2912.79108592756,6327.026,1030.76923076923));
#10257=CARTESIAN_POINT('',(-2912.79108592756,6327.026,1047.59160043712));
#10258=CARTESIAN_POINT('',(-2919.01536896071,6309.92492291412,1030.76923076923));
#10259=CARTESIAN_POINT('',(-2919.01536896071,6309.92492291413,1363.00708064045));
#10260=CARTESIAN_POINT('',(-2919.01536896071,6309.92492291412,1030.76923076923));
#10261=CARTESIAN_POINT('Origin',(-2966.,6327.02593008041,1030.76923076923));
#10262=CARTESIAN_POINT('',(-2965.9999829237,6327.02597699716,1030.76923076923));
#10263=CARTESIAN_POINT('',(-2185.25,6327.026,1030.76923076923));
#10264=CARTESIAN_POINT('',(-2966.,6327.02593008041,1030.76923076923));
#10265=CARTESIAN_POINT('Origin',(-2726.51702363028,6985.,1080.76923076923));
#10266=CARTESIAN_POINT('',(-2965.9999829237,6327.02597699716,1080.76923076923));
#10267=CARTESIAN_POINT('',(-2919.01536896071,6309.92492291412,1080.76923076923));
#10268=CARTESIAN_POINT('',(-2966.,6327.02593008041,1080.76923076923));
#10269=CARTESIAN_POINT('',(-2912.79108592756,6327.026,1080.76923076923));
#10270=CARTESIAN_POINT('',(-2919.01536896071,6309.92492291412,1080.76923076923));
#10271=CARTESIAN_POINT('',(-2065.50851181514,6327.026,1080.76923076923));
#10272=CARTESIAN_POINT('Origin',(-2799.27388077585,6638.91195787392,1092.30769230769));
#10273=CARTESIAN_POINT('',(-2912.79108592756,6327.026,1103.84615384615));
#10274=CARTESIAN_POINT('',(-2912.79108592756,6327.026,1084.13006197558));
#10275=CARTESIAN_POINT('',(-2919.01536896071,6309.92492291412,1103.84615384615));
#10276=CARTESIAN_POINT('',(-2919.01536896071,6309.92492291413,1363.00708064045));
#10277=CARTESIAN_POINT('',(-2919.01536896071,6309.92492291412,1103.84615384615));
#10278=CARTESIAN_POINT('Origin',(-2966.,6327.02593008041,1103.84615384615));
#10279=CARTESIAN_POINT('',(-2965.9999829237,6327.02597699716,1103.84615384615));
#10280=CARTESIAN_POINT('',(-2185.25,6327.026,1103.84615384615));
#10281=CARTESIAN_POINT('',(-2966.,6327.02593008041,1103.84615384615));
#10282=CARTESIAN_POINT('Origin',(-2726.51702363028,6985.,1153.84615384615));
#10283=CARTESIAN_POINT('',(-2965.9999829237,6327.02597699716,1153.84615384615));
#10284=CARTESIAN_POINT('',(-2919.01536896071,6309.92492291412,1153.84615384615));
#10285=CARTESIAN_POINT('',(-2966.,6327.02593008041,1153.84615384615));
#10286=CARTESIAN_POINT('',(-2912.79108592756,6327.026,1153.84615384615));
#10287=CARTESIAN_POINT('',(-2919.01536896071,6309.92492291412,1153.84615384615));
#10288=CARTESIAN_POINT('',(-2065.50851181514,6327.026,1153.84615384615));
#10289=CARTESIAN_POINT('Origin',(-2799.27388077585,6638.91195787392,1165.38461538462));
#10290=CARTESIAN_POINT('',(-2912.79108592756,6327.026,1176.92307692308));
#10291=CARTESIAN_POINT('',(-2912.79108592756,6327.026,1120.66852351404));
#10292=CARTESIAN_POINT('',(-2919.01536896071,6309.92492291412,1176.92307692308));
#10293=CARTESIAN_POINT('',(-2919.01536896071,6309.92492291413,1363.00708064045));
#10294=CARTESIAN_POINT('',(-2919.01536896071,6309.92492291412,1176.92307692308));
#10295=CARTESIAN_POINT('Origin',(-2966.,6327.02593008041,1176.92307692308));
#10296=CARTESIAN_POINT('',(-2965.9999829237,6327.02597699716,1176.92307692308));
#10297=CARTESIAN_POINT('',(-2185.25,6327.026,1176.92307692308));
#10298=CARTESIAN_POINT('',(-2966.,6327.02593008041,1176.92307692308));
#10299=CARTESIAN_POINT('Origin',(-2726.51702363028,6985.,1226.92307692308));
#10300=CARTESIAN_POINT('',(-2965.9999829237,6327.02597699716,1226.92307692308));
#10301=CARTESIAN_POINT('',(-2919.01536896071,6309.92492291412,1226.92307692308));
#10302=CARTESIAN_POINT('',(-2966.,6327.02593008041,1226.92307692308));
#10303=CARTESIAN_POINT('',(-2912.79108592756,6327.026,1226.92307692308));
#10304=CARTESIAN_POINT('',(-2919.01536896071,6309.92492291412,1226.92307692308));
#10305=CARTESIAN_POINT('',(-2065.50851181514,6327.026,1226.92307692308));
#10306=CARTESIAN_POINT('Origin',(-2799.27388077585,6638.91195787392,1238.46153846154));
#10307=CARTESIAN_POINT('',(-2912.79108592756,6327.026,1250.));
#10308=CARTESIAN_POINT('',(-2912.79108592756,6327.026,1157.20698505251));
#10309=CARTESIAN_POINT('',(-2919.01536896071,6309.92492291412,1250.));
#10310=CARTESIAN_POINT('',(-2919.01536896071,6309.92492291413,1363.00708064045));
#10311=CARTESIAN_POINT('',(-2919.01536896071,6309.92492291412,1250.));
#10312=CARTESIAN_POINT('Origin',(-2966.,6327.02593008041,1250.));
#10313=CARTESIAN_POINT('',(-2965.9999829237,6327.02597699716,1250.));
#10314=CARTESIAN_POINT('',(-2185.25,6327.026,1250.));
#10315=CARTESIAN_POINT('',(-2966.,6327.02593008041,1250.));
#10316=CARTESIAN_POINT('Origin',(-2853.57359312881,5996.54975529736,1372.95650235781));
#10317=CARTESIAN_POINT('',(-2874.7867965644,6327.026,1354.155600994));
#10318=CARTESIAN_POINT('Origin',(-2853.57359312881,6327.026,1332.78625930266));
#10319=CARTESIAN_POINT('',(-2874.7867965644,5199.4679291999,1491.2132034356));
#10320=CARTESIAN_POINT('',(-2874.7867965644,5999.10943475382,1394.01470838492));
#10321=CARTESIAN_POINT('Origin',(-2853.57359312881,5198.18339665817,1470.));
#10322=CARTESIAN_POINT('Origin',(-1404.5,6327.026,1075.95243164347));
#10323=CARTESIAN_POINT('',(56.9999745513495,6327.026,1287.97621582174));
#10324=CARTESIAN_POINT('',(56.9999745513495,6327.026,1287.97621582174));
#10325=CARTESIAN_POINT('',(56.9999745513495,6327.026,1287.97621582174));
#10326=CARTESIAN_POINT('',(56.9999745513495,6327.026,1287.97621582174));
#10327=CARTESIAN_POINT('',(56.9999745513495,6327.026,1287.97621582174));
#10328=CARTESIAN_POINT('',(56.9999745513495,6327.026,1287.97621582174));
#10329=CARTESIAN_POINT('',(56.9999745513495,6327.026,1287.97621582174));
#10330=CARTESIAN_POINT('',(56.9999745513495,6327.026,1287.97621582174));
#10331=CARTESIAN_POINT('',(56.9999745513495,6327.026,1287.97621582174));
#10332=CARTESIAN_POINT('',(56.9999745513495,6327.026,1287.97621582174));
#10333=CARTESIAN_POINT('',(56.9999745513495,6327.026,1287.97621582174));
#10334=CARTESIAN_POINT('',(56.9999745513495,6327.026,1287.97621582174));
#10335=CARTESIAN_POINT('',(56.9999829236992,6327.02597699716,300.));
#10336=CARTESIAN_POINT('',(56.9999745513495,6327.026,1287.97621582174));
#10337=CARTESIAN_POINT('',(-2965.9999829237,6327.02597699716,300.));
#10338=CARTESIAN_POINT('',(-1429.5,6327.026,300.));
#10339=CARTESIAN_POINT('',(-2965.99997455135,6327.026,1287.97621582174));
#10340=CARTESIAN_POINT('',(-2965.99997455135,6327.026,1287.97621582174));
#10341=CARTESIAN_POINT('',(-2965.99997455135,6327.026,1287.97621582174));
#10342=CARTESIAN_POINT('',(-2965.99997455135,6327.026,1287.97621582174));
#10343=CARTESIAN_POINT('',(-2965.99997455135,6327.026,1287.97621582174));
#10344=CARTESIAN_POINT('',(-2965.99997455135,6327.026,1287.97621582174));
#10345=CARTESIAN_POINT('',(-2965.99997455135,6327.026,1287.97621582174));
#10346=CARTESIAN_POINT('',(-2965.99997455135,6327.026,1287.97621582174));
#10347=CARTESIAN_POINT('',(-2965.99997455135,6327.026,1287.97621582174));
#10348=CARTESIAN_POINT('',(-2965.99997455135,6327.026,1287.97621582174));
#10349=CARTESIAN_POINT('',(-2965.99997455135,6327.026,1287.97621582174));
#10350=CARTESIAN_POINT('',(-2965.99997455135,6327.026,1287.97621582174));
#10351=CARTESIAN_POINT('',(-2965.99997455135,6327.026,1287.97621582174));
#10352=CARTESIAN_POINT('',(-2965.9999829237,6327.02597699716,1341.98163465971));
#10353=CARTESIAN_POINT('',(-2965.99997455135,6327.026,1287.97621582174));
#10354=CARTESIAN_POINT('',(-2886.87181201305,6327.026,1341.98163465971));
#10355=CARTESIAN_POINT('',(-2185.25,6327.026,1341.98163465971));
#10356=CARTESIAN_POINT('',(-2574.7620170434,6327.026,1656.38869129172));
#10357=CARTESIAN_POINT('',(-22.1281879869509,6327.026,1341.98163465971));
#10358=CARTESIAN_POINT('',(-309.421316475134,6327.026,1631.38936352433));
#10359=CARTESIAN_POINT('',(56.9999829236991,6327.02597699716,1341.98163465971));
#10360=CARTESIAN_POINT('',(-2185.25,6327.026,1341.98163465971));
#10361=CARTESIAN_POINT('',(56.9999745513495,6327.026,1287.97621582174));
#10362=CARTESIAN_POINT('Origin',(-2853.57359312881,5002.5,1470.));
#10363=CARTESIAN_POINT('',(-2874.7867965644,2191.97284566345,1491.2132034356));
#10364=CARTESIAN_POINT('',(-2874.7867965644,5002.5,1491.2132034356));
#10365=CARTESIAN_POINT('Origin',(-2853.57359312881,2200.97731629299,1470.));
#10366=CARTESIAN_POINT('Origin',(-2766.,2352.73629091182,1177.1758344784));
#10367=CARTESIAN_POINT('',(-2966.,2352.73629091182,1177.1758344784));
#10368=CARTESIAN_POINT('',(-2956.,2352.73629091182,1167.1758344784));
#10369=CARTESIAN_POINT('Origin',(-2956.,2352.73629091182,1177.1758344784));
#10370=CARTESIAN_POINT('',(-2897.98509038721,2216.06172884747,1167.1758344784));
#10371=CARTESIAN_POINT('Origin',(-2766.,2352.73629091182,1167.1758344784));
#10372=CARTESIAN_POINT('',(-2904.9316740918,2208.86833084409,1177.1758344784));
#10373=CARTESIAN_POINT('Origin',(-2897.98509038721,2216.06172884747,1177.1758344784));
#10374=CARTESIAN_POINT('Origin',(-2766.,2352.73629091182,1177.1758344784));
#10375=CARTESIAN_POINT('Origin',(-2966.,2534.49181080686,1167.1758344784));
#10376=CARTESIAN_POINT('',(-2882.70446591955,2201.30540132701,1167.1758344784));
#10377=CARTESIAN_POINT('',(-3117.10230492431,2427.66076329295,1167.1758344784));
#10378=CARTESIAN_POINT('',(-2956.,2534.49181080686,1167.1758344784));
#10379=CARTESIAN_POINT('',(-2956.,3472.24590540343,1167.1758344784));
#10380=CARTESIAN_POINT('',(-2926.,2534.49181080686,1167.1758344784));
#10381=CARTESIAN_POINT('',(-2966.,2534.49181080686,1167.1758344784));
#10382=CARTESIAN_POINT('',(-2926.,2356.55622154049,1167.1758344784));
#10383=CARTESIAN_POINT('',(-2926.,2534.49181080686,1167.1758344784));
#10384=CARTESIAN_POINT('Origin',(-2626.,2356.55622154049,1167.1758344784));
#10385=CARTESIAN_POINT('Origin',(-3117.10230492431,2427.66076329295,1177.1758344784));
#10386=CARTESIAN_POINT('',(-2834.3975111377,2140.7542814389,1177.1758344784));
#10387=CARTESIAN_POINT('Ctrl Pts',(-2834.3975111377,2140.7542814389,1177.1758344784));
#10388=CARTESIAN_POINT('Ctrl Pts',(-2838.75393635934,2144.96123237373,1176.07013896758));
#10389=CARTESIAN_POINT('Ctrl Pts',(-2843.19153323007,2149.50540715071,1174.90920253295));
#10390=CARTESIAN_POINT('Ctrl Pts',(-2851.95082863647,2159.10135349881,1172.64545190604));
#10391=CARTESIAN_POINT('Ctrl Pts',(-2856.27246516502,2164.15330882681,1171.54317675935));
#10392=CARTESIAN_POINT('Ctrl Pts',(-2864.57802042792,2174.55397649153,1169.59727010486));
#10393=CARTESIAN_POINT('Ctrl Pts',(-2868.5624589092,2179.90330725021,1168.75359008561));
#10394=CARTESIAN_POINT('Ctrl Pts',(-2876.03270842092,2190.64527153244,1167.54396820595));
#10395=CARTESIAN_POINT('Ctrl Pts',(-2879.51858864635,2196.03761000212,1167.1758344784));
#10396=CARTESIAN_POINT('Ctrl Pts',(-2882.70446591955,2201.30540132701,1167.1758344784));
#10397=CARTESIAN_POINT('',(-3124.0488886289,2420.46736528956,1177.1758344784));
#10398=CARTESIAN_POINT('Origin',(-3769.18024592111,3085.16838303319,1470.));
#10399=CARTESIAN_POINT('',(-2896.,2200.2431134334,1470.));
#10400=CARTESIAN_POINT('Origin',(-2896.,2241.9480211639,1470.));
#10401=CARTESIAN_POINT('',(-2590.26680610181,1905.,1470.));
#10402=CARTESIAN_POINT('',(-3790.01999703488,3063.58818902303,1470.));
#10403=CARTESIAN_POINT('Origin',(-2547.08010991303,1905.,1470.));
#10404=CARTESIAN_POINT('Origin',(-2966.,1885.,1450.));
#10405=CARTESIAN_POINT('',(-2517.77968413647,1835.,1400.));
#10406=CARTESIAN_POINT('',(-2842.53921284998,2148.61663139028,1713.61663139028));
#10407=CARTESIAN_POINT('',(-793.,1835.,1400.));
#10408=CARTESIAN_POINT('',(-2966.,1835.,1400.));
#10409=CARTESIAN_POINT('Origin',(-793.,1885.,1450.));
#10410=CARTESIAN_POINT('Origin',(-793.,1885.,1930.));
#10411=CARTESIAN_POINT('',(-793.,1835.,1930.));
#10412=CARTESIAN_POINT('Origin',(-2966.,1865.,2100.));
#10413=CARTESIAN_POINT('',(-2966.,1835.,2100.));
#10414=CARTESIAN_POINT('Origin',(-1204.5,1785.,1415.));
#10415=CARTESIAN_POINT('',(-1204.5,1835.,900.));
#10416=CARTESIAN_POINT('Origin',(-1204.5,1785.,900.));
#10417=CARTESIAN_POINT('',(-1204.5,1835.,800.));
#10418=CARTESIAN_POINT('Origin',(-1204.5,1785.,800.));
#10419=CARTESIAN_POINT('',(-1204.5,1835.,900.));
#10420=CARTESIAN_POINT('Origin',(-1454.5,1585.,900.));
#10421=CARTESIAN_POINT('',(-1704.5,1835.,900.));
#10422=CARTESIAN_POINT('',(-1704.5,1835.,900.));
#10423=CARTESIAN_POINT('Origin',(-1704.5,1785.,900.));
#10424=CARTESIAN_POINT('Origin',(-1704.5,1785.,1415.));
#10425=CARTESIAN_POINT('',(-1704.5,1835.,800.));
#10426=CARTESIAN_POINT('',(-1704.5,1835.,900.));
#10427=CARTESIAN_POINT('Origin',(-1704.5,1785.,800.));
#10428=CARTESIAN_POINT('Origin',(-1454.5,1585.,800.));
#10429=CARTESIAN_POINT('',(-2210.25,1835.,800.));
#10430=CARTESIAN_POINT('Origin',(-1204.5,1785.,939.));
#10431=CARTESIAN_POINT('',(-1204.5,1835.,1100.));
#10432=CARTESIAN_POINT('Origin',(-1204.5,1785.,1100.));
#10433=CARTESIAN_POINT('',(-1204.5,1835.,1000.));
#10434=CARTESIAN_POINT('Origin',(-1204.5,1785.,1000.));
#10435=CARTESIAN_POINT('',(-1204.5,1835.,939.));
#10436=CARTESIAN_POINT('Origin',(-1454.5,1585.,1100.));
#10437=CARTESIAN_POINT('',(-1704.5,1835.,1100.));
#10438=CARTESIAN_POINT('',(-2210.25,1835.,1100.));
#10439=CARTESIAN_POINT('Origin',(-1704.5,1785.,1100.));
#10440=CARTESIAN_POINT('Origin',(-1704.5,1785.,939.));
#10441=CARTESIAN_POINT('',(-1704.5,1835.,1000.));
#10442=CARTESIAN_POINT('',(-1704.5,1835.,939.));
#10443=CARTESIAN_POINT('Origin',(-1704.5,1785.,1000.));
#10444=CARTESIAN_POINT('Origin',(-2966.,5200.,1000.));
#10445=CARTESIAN_POINT('',(-2966.,1835.,1000.));
#10446=CARTESIAN_POINT('Origin',(-1854.5,1855.,1480.));
#10447=CARTESIAN_POINT('',(-763.,1835.,1480.));
#10448=CARTESIAN_POINT('Origin',(-763.,1855.,1480.));
#10449=CARTESIAN_POINT('',(-23.0000000000001,1835.,1480.));
#10450=CARTESIAN_POINT('',(-1854.5,1835.,1480.));
#10451=CARTESIAN_POINT('Origin',(-23.0000000000001,1855.,1480.));
#10452=CARTESIAN_POINT('Origin',(-23.0000000000001,1855.,1880.));
#10453=CARTESIAN_POINT('',(-23.0000000000001,1835.,1930.));
#10454=CARTESIAN_POINT('',(-23.0000000000001,1835.,1880.));
#10455=CARTESIAN_POINT('Origin',(-23.0000000000001,1855.,1930.));
#10456=CARTESIAN_POINT('Origin',(-143.,1855.,1930.));
#10457=CARTESIAN_POINT('',(-143.,1835.,2050.));
#10458=CARTESIAN_POINT('Origin',(-143.,1835.,1930.));
#10459=CARTESIAN_POINT('Origin',(-143.,1855.,2050.));
#10460=CARTESIAN_POINT('Origin',(-1454.5,1855.,2050.));
#10461=CARTESIAN_POINT('',(-643.,1835.,2050.));
#10462=CARTESIAN_POINT('',(-1454.5,1835.,2050.));
#10463=CARTESIAN_POINT('Origin',(-643.,1855.,2050.));
#10464=CARTESIAN_POINT('',(-1454.5,1855.,2030.));
#10465=CARTESIAN_POINT('Origin',(-643.,1855.,1930.));
#10466=CARTESIAN_POINT('',(-763.,1835.,1930.));
#10467=CARTESIAN_POINT('Origin',(-643.,1835.,1930.));
#10468=CARTESIAN_POINT('Origin',(-763.,1855.,1930.));
#10469=CARTESIAN_POINT('Origin',(-763.,1855.,1615.));
#10470=CARTESIAN_POINT('',(-763.,1835.,1615.));
#10471=CARTESIAN_POINT('Origin',(-2060.25,1845.,1260.));
#10472=CARTESIAN_POINT('',(-1194.5,1835.,1260.));
#10473=CARTESIAN_POINT('',(-2060.25,1835.,1260.));
#10474=CARTESIAN_POINT('',(-1184.5,1845.,1250.));
#10475=CARTESIAN_POINT('Origin',(-1184.5,1845.,1260.));
#10476=CARTESIAN_POINT('',(-2060.25,1845.,1250.));
#10477=CARTESIAN_POINT('Origin',(-1154.5,1835.,1250.));
#10478=CARTESIAN_POINT('',(46.9999999999999,3122.5,1250.));
#10479=CARTESIAN_POINT('',(-1175.00252531694,1854.49747468306,1250.));
#10480=CARTESIAN_POINT('',(-1174.5,1855.,1250.));
#10481=CARTESIAN_POINT('Origin',(-1224.5,1903.99494936612,1250.));
#10482=CARTESIAN_POINT('',(-287.66728448444,1935.,1250.));
#10483=CARTESIAN_POINT('',(-743.,1935.,1250.));
#10484=CARTESIAN_POINT('',(5.16707945724486,2217.78685813625,1250.));
#10485=CARTESIAN_POINT('Origin',(157.,2364.41020515057,-452.));
#10486=CARTESIAN_POINT('',(-287.667284484441,1935.,173.));
#10487=CARTESIAN_POINT('Origin',(-287.667284484441,1935.,671.908957975461));
#10488=CARTESIAN_POINT('',(-287.667284484441,1935.,173.));
#10489=CARTESIAN_POINT('Origin',(157.,2364.41020515057,-452.));
#10490=CARTESIAN_POINT('',(-287.667284484441,1935.,173.));
#10491=CARTESIAN_POINT('',(99.131258208696,2308.5270107905,-452.));
#10492=CARTESIAN_POINT('Origin',(-287.667284484441,1935.,171.908957975461));
#10493=CARTESIAN_POINT('',(-287.667284484441,1935.,173.));
#10494=CARTESIAN_POINT('Origin',(157.,2364.41020515057,-452.));
#10495=CARTESIAN_POINT('',(-287.667284484441,1935.,173.));
#10496=CARTESIAN_POINT('',(99.1312582087029,2308.5270107905,171.908957975461));
#10497=CARTESIAN_POINT('',(128.065629104351,2336.46860797054,171.908957975461));
#10498=CARTESIAN_POINT('',(99.131258208696,2308.5270107905,-452.));
#10499=CARTESIAN_POINT('Origin',(-273.527302776463,1934.7531857012,134.408957975494));
#10500=CARTESIAN_POINT('',(-287.667284484441,1935.,31.9089579754396));
#10501=CARTESIAN_POINT('',(-287.667284484441,1935.,173.));
#10502=CARTESIAN_POINT('',(-259.387321068486,1934.50637140241,31.9089579754396));
#10503=CARTESIAN_POINT('',(-107.443654469944,1931.85418483649,31.9089579754396));
#10504=CARTESIAN_POINT('',(-259.387321068486,1934.50637140241,134.408957975494));
#10505=CARTESIAN_POINT('Origin',(-80.3748457286884,2107.37670938848,96.9089579755278));
#10506=CARTESIAN_POINT('',(132.507725248037,2312.95501853277,31.9089579754396));
#10507=CARTESIAN_POINT('',(-112.885252266761,2075.98177473025,31.9089579754396));
#10508=CARTESIAN_POINT('',(132.507725248037,2312.95501853277,-215.045521012203));
#10509=CARTESIAN_POINT('Origin',(76.9350556113167,2370.50220255987,-215.045521012203));
#10510=CARTESIAN_POINT('',(156.678442235795,2364.09968042722,161.90895797544));
#10511=CARTESIAN_POINT('Origin',(76.9350556113167,2370.50220255987,161.90895797544));
#10512=CARTESIAN_POINT('',(156.678442235795,2364.09968042722,31.9089579754396));
#10513=CARTESIAN_POINT('Origin',(76.9350556113167,2370.50220255987,31.9089579754396));
#10514=CARTESIAN_POINT('',(156.678442235795,2364.09968042722,-215.045521012203));
#10515=CARTESIAN_POINT('Origin',(76.9350556113167,2370.50220255987,161.90895797544));
#10516=CARTESIAN_POINT('',(144.550723184887,2352.38807827575,171.90895797544));
#10517=CARTESIAN_POINT('Ctrl Pts',(144.550723184887,2352.38807827575,171.90895797544));
#10518=CARTESIAN_POINT('Ctrl Pts',(145.505640574833,2353.31023128009,171.90895797544));
#10519=CARTESIAN_POINT('Ctrl Pts',(146.553904693166,2354.32252817219,171.835459664503));
#10520=CARTESIAN_POINT('Ctrl Pts',(148.62602704523,2356.32355346761,171.461736082307));
#10521=CARTESIAN_POINT('Ctrl Pts',(149.649634559058,2357.31203975352,171.158829210839));
#10522=CARTESIAN_POINT('Ctrl Pts',(151.170926302055,2358.78113411294,170.498323283975));
#10523=CARTESIAN_POINT('Ctrl Pts',(151.826754612103,2359.41446015015,170.150647210186));
#10524=CARTESIAN_POINT('Ctrl Pts',(153.077930463365,2360.62270662503,169.293353446279));
#10525=CARTESIAN_POINT('Ctrl Pts',(153.672645895041,2361.1970166416,168.781954065068));
#10526=CARTESIAN_POINT('Ctrl Pts',(154.54755769615,2362.04190914688,167.835451851041));
#10527=CARTESIAN_POINT('Ctrl Pts',(154.928483621036,2362.40976503657,167.352128882701));
#10528=CARTESIAN_POINT('Ctrl Pts',(155.59951115666,2363.05776879531,166.280005057368));
#10529=CARTESIAN_POINT('Ctrl Pts',(155.888747744181,2363.33708132114,165.690158495557));
#10530=CARTESIAN_POINT('Ctrl Pts',(156.276747225105,2363.7117680645,164.643176660105));
#10531=CARTESIAN_POINT('Ctrl Pts',(156.42919731835,2363.85898740827,164.10845624124));
#10532=CARTESIAN_POINT('Ctrl Pts',(156.630268227692,2364.05315932836,163.003770299601));
#10533=CARTESIAN_POINT('Ctrl Pts',(156.678442235795,2364.09968042722,162.43364770207));
#10534=CARTESIAN_POINT('Ctrl Pts',(156.678442235795,2364.09968042722,161.90895797544));
#10535=CARTESIAN_POINT('Origin',(76.9350556113167,2370.50220255987,171.90895797544));
#10536=CARTESIAN_POINT('Origin',(157.,1835.,171.90895797544));
#10537=CARTESIAN_POINT('Origin',(-1818.23879235071,2335.65350240923,171.908957975461));
#10538=CARTESIAN_POINT('',(147.,2354.7533174025,171.90895797544));
#10539=CARTESIAN_POINT('',(24.728074310556,2236.67669129016,171.90895797544));
#10540=CARTESIAN_POINT('',(147.,1835.,171.90895797544));
#10541=CARTESIAN_POINT('Origin',(147.,1835.,161.90895797544));
#10542=CARTESIAN_POINT('',(157.,2364.41020515057,161.90895797544));
#10543=CARTESIAN_POINT('Origin',(147.,2354.7533174025,161.90895797544));
#10544=CARTESIAN_POINT('',(157.,1835.,161.90895797544));
#10545=CARTESIAN_POINT('Origin',(157.,1835.,21.9089579754396));
#10546=CARTESIAN_POINT('',(157.,2636.3070048184,31.9089579754396));
#10547=CARTESIAN_POINT('',(157.,2364.41020515057,31.9089579754396));
#10548=CARTESIAN_POINT('',(157.,1835.,31.9089579754396));
#10549=CARTESIAN_POINT('',(157.,2636.3070048184,59.4089579754396));
#10550=CARTESIAN_POINT('',(157.,2364.41020515057,-215.04552101228));
#10551=CARTESIAN_POINT('Origin',(46.9999999999999,4632.92325074694,1281.78593949278));
#10552=CARTESIAN_POINT('',(56.9999999999999,5425.10789624382,1281.78593949278));
#10553=CARTESIAN_POINT('',(56.9999999999999,4845.84650149388,1281.78593949278));
#10554=CARTESIAN_POINT('',(56.9999999999999,4632.92325074694,1281.78593949278));
#10555=CARTESIAN_POINT('Origin',(46.9999999999999,4845.84650149388,1281.78593949278));
#10556=CARTESIAN_POINT('Origin',(46.9999999999999,5425.10789624382,1281.78593949278));
#10557=CARTESIAN_POINT('Origin',(46.9999999999999,4845.84650149388,738.887894695594));
#10558=CARTESIAN_POINT('',(56.9999999999999,4845.84650149388,628.775789391187));
#10559=CARTESIAN_POINT('',(56.9999999999999,4845.84650149388,738.887894695594));
#10560=CARTESIAN_POINT('Origin',(46.9999999999999,4845.84650149388,628.775789391187));
#10561=CARTESIAN_POINT('Origin',(46.9999999999999,4912.55394812191,628.775789391187));
#10562=CARTESIAN_POINT('',(56.9999999999999,5425.10789624382,628.775789391187));
#10563=CARTESIAN_POINT('',(56.9999999999999,4912.55394812191,628.775789391187));
#10564=CARTESIAN_POINT('Origin',(46.9999999999999,5425.10789624382,628.775789391187));
#10565=CARTESIAN_POINT('Origin',(46.9999999999999,5425.10789624382,1055.39296974639));
#10566=CARTESIAN_POINT('',(56.9999999999999,5425.10789624382,1055.39296974639));
#10567=CARTESIAN_POINT('Origin',(46.9999999999999,5005.,1210.));
#10568=CARTESIAN_POINT('',(56.9999999999999,6210.,1210.));
#10569=CARTESIAN_POINT('',(56.9999999999999,5590.,1210.));
#10570=CARTESIAN_POINT('',(56.9999999999999,5005.,1210.));
#10571=CARTESIAN_POINT('Origin',(46.9999999999999,5590.,1210.));
#10572=CARTESIAN_POINT('Origin',(46.9999999999999,6210.,1210.));
#10573=CARTESIAN_POINT('Origin',(46.9999999999999,5590.,619.5));
#10574=CARTESIAN_POINT('',(56.9999999999999,5590.,390.));
#10575=CARTESIAN_POINT('',(56.9999999999999,5590.,619.5));
#10576=CARTESIAN_POINT('Origin',(46.9999999999999,5590.,390.));
#10577=CARTESIAN_POINT('Origin',(46.9999999999999,5305.,390.));
#10578=CARTESIAN_POINT('',(56.9999999999999,6210.,390.));
#10579=CARTESIAN_POINT('',(56.9999999999999,5305.,390.));
#10580=CARTESIAN_POINT('Origin',(46.9999999999999,6210.,390.));
#10581=CARTESIAN_POINT('Origin',(46.9999999999999,6210.,1019.5));
#10582=CARTESIAN_POINT('',(56.9999999999999,6210.,1019.5));
#10583=CARTESIAN_POINT('Origin',(66.9999999999999,2816.30700481845,1946.66666666667));
#10584=CARTESIAN_POINT('',(56.9999999999999,2806.30700481845,1896.66666666667));
#10585=CARTESIAN_POINT('',(61.9999999999999,2811.30700481845,1896.66666666667));
#10586=CARTESIAN_POINT('',(56.9999999999999,2806.30700481845,1963.33333333333));
#10587=CARTESIAN_POINT('',(217.923248795388,2967.23025361384,1963.33333333333));
#10588=CARTESIAN_POINT('',(56.9999999999999,2806.30700481845,1401.16666666667));
#10589=CARTESIAN_POINT('Origin',(66.9999999999999,2816.30700481845,1813.33333333333));
#10590=CARTESIAN_POINT('',(56.9999999999999,2806.30700481845,1763.33333333333));
#10591=CARTESIAN_POINT('',(61.9999999999999,2811.30700481845,1763.33333333333));
#10592=CARTESIAN_POINT('',(56.9999999999999,2806.30700481845,1830.));
#10593=CARTESIAN_POINT('',(217.923248795388,2967.23025361384,1830.));
#10594=CARTESIAN_POINT('',(56.9999999999999,2806.30700481845,1334.5));
#10595=CARTESIAN_POINT('Origin',(66.9999999999999,2816.30700481845,1680.));
#10596=CARTESIAN_POINT('',(56.9999999999999,2806.30700481845,1630.));
#10597=CARTESIAN_POINT('',(61.9999999999999,2811.30700481845,1630.));
#10598=CARTESIAN_POINT('',(56.9999999999999,2806.30700481845,1696.66666666667));
#10599=CARTESIAN_POINT('',(217.923248795388,2967.23025361384,1696.66666666667));
#10600=CARTESIAN_POINT('',(56.9999999999999,2806.30700481845,1267.83333333333));
#10601=CARTESIAN_POINT('Origin',(56.9999999999999,3400.,1565.95415615822));
#10602=CARTESIAN_POINT('',(56.9999999999999,2836.30700481845,1565.95415615822));
#10603=CARTESIAN_POINT('',(56.9999999999999,2836.30700481845,1565.95415615822));
#10604=CARTESIAN_POINT('',(56.9999999999999,3400.,1565.95415615822));
#10605=CARTESIAN_POINT('',(56.9999999999999,3905.,1565.95415615822));
#10606=CARTESIAN_POINT('',(56.9999999999999,3400.,1565.95415615822));
#10607=CARTESIAN_POINT('Origin',(56.9999999999999,2806.30700481845,1630.));
#10608=CARTESIAN_POINT('',(56.9999999999999,2836.30700481845,1630.));
#10609=CARTESIAN_POINT('',(56.9999999999999,3608.15350240922,1630.));
#10610=CARTESIAN_POINT('',(56.9999999999999,2836.30700481845,1630.));
#10611=CARTESIAN_POINT('',(56.9999999999999,3400.,1630.));
#10612=CARTESIAN_POINT('',(56.9999999999999,3400.,1630.));
#10613=CARTESIAN_POINT('',(56.9999999999999,3430.,1630.));
#10614=CARTESIAN_POINT('',(56.9999999999999,3608.15350240922,1630.));
#10615=CARTESIAN_POINT('',(217.923248795388,3269.07675120461,1630.));
#10616=CARTESIAN_POINT('Origin',(66.9999999999999,3420.,1646.66666666667));
#10617=CARTESIAN_POINT('',(56.9999999999999,3430.,1696.66666666667));
#10618=CARTESIAN_POINT('',(61.9999999999999,3425.,1696.66666666667));
#10619=CARTESIAN_POINT('',(56.9999999999999,3430.,1234.5));
#10620=CARTESIAN_POINT('Origin',(56.9999999999999,3430.,1696.66666666667));
#10621=CARTESIAN_POINT('',(56.9999999999999,3400.,1696.66666666667));
#10622=CARTESIAN_POINT('',(56.9999999999999,3920.,1696.66666666667));
#10623=CARTESIAN_POINT('',(56.9999999999999,3400.,1696.66666666667));
#10624=CARTESIAN_POINT('',(56.9999999999999,2836.30700481845,1696.66666666667));
#10625=CARTESIAN_POINT('',(56.9999999999999,2836.30700481845,1696.66666666667));
#10626=CARTESIAN_POINT('',(56.9999999999999,3920.,1696.66666666667));
#10627=CARTESIAN_POINT('Origin',(56.9999999999999,2806.30700481845,1763.33333333333));
#10628=CARTESIAN_POINT('',(56.9999999999999,2836.30700481845,1763.33333333333));
#10629=CARTESIAN_POINT('',(56.9999999999999,3608.15350240922,1763.33333333333));
#10630=CARTESIAN_POINT('',(56.9999999999999,2836.30700481845,1763.33333333333));
#10631=CARTESIAN_POINT('',(56.9999999999999,3400.,1763.33333333333));
#10632=CARTESIAN_POINT('',(56.9999999999999,3400.,1763.33333333333));
#10633=CARTESIAN_POINT('',(56.9999999999999,3430.,1763.33333333333));
#10634=CARTESIAN_POINT('',(56.9999999999999,3608.15350240922,1763.33333333333));
#10635=CARTESIAN_POINT('',(217.923248795388,3269.07675120461,1763.33333333333));
#10636=CARTESIAN_POINT('Origin',(66.9999999999999,3420.,1780.));
#10637=CARTESIAN_POINT('',(56.9999999999999,3430.,1830.));
#10638=CARTESIAN_POINT('',(61.9999999999999,3425.,1830.));
#10639=CARTESIAN_POINT('',(56.9999999999999,3430.,1301.16666666667));
#10640=CARTESIAN_POINT('Origin',(56.9999999999999,3430.,1830.));
#10641=CARTESIAN_POINT('',(56.9999999999999,3400.,1830.));
#10642=CARTESIAN_POINT('',(56.9999999999999,3920.,1830.));
#10643=CARTESIAN_POINT('',(56.9999999999999,3400.,1830.));
#10644=CARTESIAN_POINT('',(56.9999999999999,2836.30700481845,1830.));
#10645=CARTESIAN_POINT('',(56.9999999999999,2836.30700481845,1830.));
#10646=CARTESIAN_POINT('',(56.9999999999999,3920.,1830.));
#10647=CARTESIAN_POINT('Origin',(56.9999999999999,2806.30700481845,1896.66666666667));
#10648=CARTESIAN_POINT('',(56.9999999999999,2836.30700481845,1896.66666666667));
#10649=CARTESIAN_POINT('',(56.9999999999999,3608.15350240922,1896.66666666667));
#10650=CARTESIAN_POINT('',(56.9999999999999,2836.30700481845,1896.66666666667));
#10651=CARTESIAN_POINT('',(56.9999999999999,3400.,1896.66666666667));
#10652=CARTESIAN_POINT('',(56.9999999999999,3400.,1896.66666666667));
#10653=CARTESIAN_POINT('',(56.9999999999999,3430.,1896.66666666667));
#10654=CARTESIAN_POINT('',(56.9999999999999,3608.15350240922,1896.66666666667));
#10655=CARTESIAN_POINT('',(217.923248795388,3269.07675120461,1896.66666666667));
#10656=CARTESIAN_POINT('Origin',(66.9999999999999,3420.,1913.33333333333));
#10657=CARTESIAN_POINT('',(56.9999999999999,3430.,1963.33333333333));
#10658=CARTESIAN_POINT('',(61.9999999999999,3425.,1963.33333333333));
#10659=CARTESIAN_POINT('',(56.9999999999999,3430.,1367.83333333333));
#10660=CARTESIAN_POINT('Origin',(56.9999999999999,3400.,2030.));
#10661=CARTESIAN_POINT('',(56.9999999999999,3400.,1434.5));
#10662=CARTESIAN_POINT('',(56.9999999999999,3400.,1434.5));
#10663=CARTESIAN_POINT('',(56.9999999999999,3400.,1963.33333333333));
#10664=CARTESIAN_POINT('',(56.9999999999999,3400.,1963.33333333333));
#10665=CARTESIAN_POINT('',(56.9999999999999,3400.,2030.));
#10666=CARTESIAN_POINT('',(56.9999999999999,3400.,1434.5));
#10667=CARTESIAN_POINT('',(56.9999999999999,3400.,2030.));
#10668=CARTESIAN_POINT('',(56.9999999999999,3400.,1434.5));
#10669=CARTESIAN_POINT('Origin',(56.9999999999999,1935.,2030.));
#10670=CARTESIAN_POINT('',(56.9999999999999,2836.30700481845,2030.));
#10671=CARTESIAN_POINT('',(56.9999999999999,3623.15350240922,2030.));
#10672=CARTESIAN_POINT('',(56.9999999999999,2836.30700481845,2030.));
#10673=CARTESIAN_POINT('',(36.9999999999999,3172.5,2030.));
#10674=CARTESIAN_POINT('Origin',(56.9999999999999,2836.30700481845,1565.95415615822));
#10675=CARTESIAN_POINT('',(56.9999999999999,2836.30700481845,1202.47707807911));
#10676=CARTESIAN_POINT('',(56.9999999999999,2836.30700481845,1963.33333333333));
#10677=CARTESIAN_POINT('',(56.9999999999999,2836.30700481845,1202.47707807911));
#10678=CARTESIAN_POINT('',(56.9999999999999,2836.30700481845,1963.33333333333));
#10679=CARTESIAN_POINT('',(56.9999999999999,2836.30700481845,1202.47707807911));
#10680=CARTESIAN_POINT('',(56.9999999999999,2836.30700481845,1202.47707807911));
#10681=CARTESIAN_POINT('Origin',(56.9999999999999,3430.,1963.33333333333));
#10682=CARTESIAN_POINT('',(56.9999999999999,3920.,1963.33333333333));
#10683=CARTESIAN_POINT('',(56.9999999999999,3920.,1963.33333333333));
#10684=CARTESIAN_POINT('Origin',(6.99999999999989,1885.,1284.5));
#10685=CARTESIAN_POINT('',(56.9999999999999,1885.,1284.5));
#10686=CARTESIAN_POINT('',(6.99999999999989,1835.,1284.5));
#10687=CARTESIAN_POINT('Origin',(26.9999999999999,3955.,2100.));
#10688=CARTESIAN_POINT('',(56.9999999999999,3955.,2100.));
#10689=CARTESIAN_POINT('Origin',(6.99999999999989,3450.,1169.5));
#10690=CARTESIAN_POINT('',(56.9999999999999,3450.,1400.));
#10691=CARTESIAN_POINT('Origin',(6.99999999999989,3450.,1450.));
#10692=CARTESIAN_POINT('',(56.9999999999999,3450.,1169.5));
#10693=CARTESIAN_POINT('Origin',(6.99999999999989,4805.,1450.));
#10694=CARTESIAN_POINT('',(56.9999999999999,5193.94465552723,1400.));
#10695=CARTESIAN_POINT('',(56.9999999999999,4805.,1400.));
#10696=CARTESIAN_POINT('',(56.9999999999999,5193.94465552723,1400.));
#10697=CARTESIAN_POINT('Origin',(6.99999999999989,5494.30615506227,1413.85830357684));
#10698=CARTESIAN_POINT('',(56.9999999999999,5671.25547177285,1341.98163465971));
#10699=CARTESIAN_POINT('',(56.9999999999999,5488.2729327245,1364.2236359722));
#10700=CARTESIAN_POINT('',(-32.6513666556336,6414.23626741227,1341.98163465971));
#10701=CARTESIAN_POINT('Origin',(-2966.,6985.,1341.98163465971));
#10702=CARTESIAN_POINT('',(56.9999999999999,5697.5,1341.98163465971));
#10703=CARTESIAN_POINT('Origin',(57.0000000000002,6327.02593008041,1226.92307692308));
#10704=CARTESIAN_POINT('',(56.9999999999999,6327.02593008041,1169.5));
#10705=CARTESIAN_POINT('Origin',(57.0000000000003,6327.02593008041,1153.84615384615));
#10706=CARTESIAN_POINT('',(56.9999999999999,6327.02593008041,1169.5));
#10707=CARTESIAN_POINT('Origin',(57.0000000000003,6327.02593008041,1080.76923076923));
#10708=CARTESIAN_POINT('',(56.9999999999999,6327.02593008041,1169.5));
#10709=CARTESIAN_POINT('Origin',(57.0000000000004,6327.02593008041,1007.69230769231));
#10710=CARTESIAN_POINT('',(56.9999999999999,6327.02593008041,1169.5));
#10711=CARTESIAN_POINT('Origin',(57.0000000000004,6327.02593008041,934.615384615385));
#10712=CARTESIAN_POINT('',(56.9999999999999,6327.02593008041,1169.5));
#10713=CARTESIAN_POINT('Origin',(57.0000000000005,6327.02593008041,861.538461538462));
#10714=CARTESIAN_POINT('',(56.9999999999999,6327.02593008041,1169.5));
#10715=CARTESIAN_POINT('Origin',(57.0000000000005,6327.02593008041,788.461538461538));
#10716=CARTESIAN_POINT('',(56.9999999999999,6327.02593008041,1169.5));
#10717=CARTESIAN_POINT('Origin',(57.0000000000006,6327.02593008041,715.384615384615));
#10718=CARTESIAN_POINT('',(56.9999999999999,6327.02593008041,1169.5));
#10719=CARTESIAN_POINT('Origin',(57.0000000000006,6327.02593008041,642.307692307692));
#10720=CARTESIAN_POINT('',(56.9999999999999,6327.02593008041,1169.5));
#10721=CARTESIAN_POINT('Origin',(57.0000000000007,6327.02593008041,569.230769230769));
#10722=CARTESIAN_POINT('',(56.9999999999999,6327.02593008041,1169.5));
#10723=CARTESIAN_POINT('Origin',(57.0000000000007,6327.02593008041,496.153846153846));
#10724=CARTESIAN_POINT('',(56.9999999999999,6327.02593008041,1169.5));
#10725=CARTESIAN_POINT('Origin',(57.0000000000007,6327.02593008041,423.076923076923));
#10726=CARTESIAN_POINT('',(56.9999999999999,6327.02593008041,1169.5));
#10727=CARTESIAN_POINT('Origin',(57.0000000000008,6327.02593008041,350.));
#10728=CARTESIAN_POINT('',(56.9999999999999,6327.02593008041,1169.5));
#10729=CARTESIAN_POINT('Origin',(56.9999999999999,2636.3070048184,59.4089579754396));
#10730=CARTESIAN_POINT('',(57.0000000000053,2736.30700481845,31.9089579754396));
#10731=CARTESIAN_POINT('Origin',(56.9999999999999,2636.3070048184,31.9089579754396));
#10732=CARTESIAN_POINT('',(56.9999999999999,2736.30700481845,-452.));
#10733=CARTESIAN_POINT('Origin',(-1818.23879235071,2335.65350240923,-451.999999999979));
#10734=CARTESIAN_POINT('',(56.9999999999999,2736.30700481845,-452.));
#10735=CARTESIAN_POINT('Origin',(56.9999999999999,2636.3070048184,171.90895797544));
#10736=CARTESIAN_POINT('',(56.9999999999999,2736.30700481845,-452.));
#10737=CARTESIAN_POINT('Origin',(-1818.23879235071,2335.65350240923,-451.999999999979));
#10738=CARTESIAN_POINT('',(56.9999999999999,2736.30700481845,-452.));
#10739=CARTESIAN_POINT('Origin',(56.9999999999999,2636.3070048184,1084.40895797544));
#10740=CARTESIAN_POINT('',(56.9999999999999,2736.30700481845,-452.));
#10741=CARTESIAN_POINT('Origin',(-1818.23879235071,2335.65350240923,-451.999999999979));
#10742=CARTESIAN_POINT('',(56.9999999999999,2736.30700481845,1500.));
#10743=CARTESIAN_POINT('',(56.9999999999999,2736.30700481845,-452.));
#10744=CARTESIAN_POINT('',(54.6890827548637,1924.33254259522,1500.));
#10745=CARTESIAN_POINT('Origin',(-1818.23879235069,2335.65350240923,1500.00000000002));
#10746=CARTESIAN_POINT('',(54.6890827548613,1924.33254259522,1169.5));
#10747=CARTESIAN_POINT('Origin',(-2966.,5200.,1500.));
#10748=CARTESIAN_POINT('Origin',(36.9999999999999,1915.,1500.));
#10749=CARTESIAN_POINT('',(56.9999999999999,2756.30700481845,1500.));
#10750=CARTESIAN_POINT('',(56.9999999999999,4805.,1500.));
#10751=CARTESIAN_POINT('Origin',(36.9999999999999,2756.30700481845,1500.));
#10752=CARTESIAN_POINT('Origin',(36.9999999999999,2756.30700481845,1434.5));
#10753=CARTESIAN_POINT('',(56.9999999999999,2756.30700481845,2050.));
#10754=CARTESIAN_POINT('',(56.9999999999999,2756.30700481845,1434.5));
#10755=CARTESIAN_POINT('Origin',(36.9999999999999,2756.30700481845,2050.));
#10756=CARTESIAN_POINT('Origin',(36.9999999999999,3172.5,2050.));
#10757=CARTESIAN_POINT('',(56.9999999999999,1915.,2050.));
#10758=CARTESIAN_POINT('',(56.9999999999999,3172.5,2050.));
#10759=CARTESIAN_POINT('Origin',(36.9999999999999,1915.,2050.));
#10760=CARTESIAN_POINT('Origin',(36.9999999999999,1915.,1169.5));
#10761=CARTESIAN_POINT('',(56.9999999999999,1915.,1169.5));
#10762=CARTESIAN_POINT('Origin',(46.9999999999999,3122.5,1260.));
#10763=CARTESIAN_POINT('',(56.9999999999999,3122.5,1260.));
#10764=CARTESIAN_POINT('Origin',(-2956.,6174.13958568239,636.836265958101));
#10765=CARTESIAN_POINT('',(-2966.,6174.13958568239,1233.5222423678));
#10766=CARTESIAN_POINT('',(-2966.,6174.13958568239,424.672531916202));
#10767=CARTESIAN_POINT('',(-2966.,6174.13958568239,636.836265958101));
#10768=CARTESIAN_POINT('Origin',(-2956.,6174.13958568239,424.672531916202));
#10769=CARTESIAN_POINT('Origin',(-2956.,6174.13958568239,1233.5222423678));
#10770=CARTESIAN_POINT('Origin',(-2956.,4740.04008291493,424.672531916202));
#10771=CARTESIAN_POINT('',(-2966.,5060.08016582987,424.672531916202));
#10772=CARTESIAN_POINT('',(-2966.,4740.04008291493,424.672531916202));
#10773=CARTESIAN_POINT('Origin',(-2956.,5060.08016582987,424.672531916202));
#10774=CARTESIAN_POINT('Origin',(-2956.,5060.08016582987,1031.2611211839));
#10775=CARTESIAN_POINT('',(-2966.,5060.08016582987,1233.5222423678));
#10776=CARTESIAN_POINT('',(-2966.,5060.08016582987,1031.2611211839));
#10777=CARTESIAN_POINT('Origin',(-2956.,5060.08016582987,1233.5222423678));
#10778=CARTESIAN_POINT('Origin',(-2956.,5287.0697928412,1233.5222423678));
#10779=CARTESIAN_POINT('',(-2966.,5287.0697928412,1233.5222423678));
#10780=CARTESIAN_POINT('Origin',(-2966.,2810.,400.));
#10781=CARTESIAN_POINT('',(-2966.,2810.,400.));
#10782=CARTESIAN_POINT('',(-2966.,3077.09557911005,839.705046941883));
#10783=CARTESIAN_POINT('',(-2966.,2810.,400.));
#10784=CARTESIAN_POINT('',(56.9999999999999,3077.09557911005,839.705046941884));
#10785=CARTESIAN_POINT('',(-2966.,3077.09557911005,839.705046941883));
#10786=CARTESIAN_POINT('',(56.9999999999999,2810.,400.));
#10787=CARTESIAN_POINT('',(56.9999999999999,2810.,400.));
#10788=CARTESIAN_POINT('',(-2966.,2810.,400.));
#10789=CARTESIAN_POINT('Origin',(-2966.,3077.09557911005,839.705046941883));
#10790=CARTESIAN_POINT('',(-2966.,3537.5,1100.));
#10791=CARTESIAN_POINT('',(-2966.,3077.09557911005,839.705046941883));
#10792=CARTESIAN_POINT('',(56.9999999999999,3537.5,1100.));
#10793=CARTESIAN_POINT('',(-2966.,3537.5,1100.));
#10794=CARTESIAN_POINT('',(56.9999999999999,3077.09557911005,839.705046941883));
#10795=CARTESIAN_POINT('Origin',(-2966.,3537.5,1100.));
#10796=CARTESIAN_POINT('',(-2966.,4172.5,1100.));
#10797=CARTESIAN_POINT('',(-2966.,3537.5,1100.));
#10798=CARTESIAN_POINT('',(56.9999999999999,4172.5,1100.));
#10799=CARTESIAN_POINT('',(-2966.,4172.5,1100.));
#10800=CARTESIAN_POINT('',(56.9999999999999,3537.5,1100.));
#10801=CARTESIAN_POINT('Origin',(-2966.,4172.5,1100.));
#10802=CARTESIAN_POINT('',(-2966.,4632.90442088995,839.705046941883));
#10803=CARTESIAN_POINT('',(-2966.,4632.90442088995,839.705046941883));
#10804=CARTESIAN_POINT('',(56.9999999999999,4632.90442088995,839.705046941884));
#10805=CARTESIAN_POINT('',(-2966.,4632.90442088995,839.705046941883));
#10806=CARTESIAN_POINT('',(56.9999999999999,4632.90442088995,839.705046941883));
#10807=CARTESIAN_POINT('Origin',(-2966.,4632.90442088995,839.705046941883));
#10808=CARTESIAN_POINT('',(-2966.,4900.,400.));
#10809=CARTESIAN_POINT('',(-2966.,4900.,400.));
#10810=CARTESIAN_POINT('',(56.9999999999999,4900.,400.));
#10811=CARTESIAN_POINT('',(-2966.,4900.,400.));
#10812=CARTESIAN_POINT('',(56.9999999999999,4900.,400.));
#10813=CARTESIAN_POINT('Origin',(56.9999999999999,4900.,400.));
#10814=CARTESIAN_POINT('',(-2966.,4900.,300.));
#10815=CARTESIAN_POINT('',(56.9999999999999,4900.,300.));
#10816=CARTESIAN_POINT('',(-698.75,4900.,300.));
#10817=CARTESIAN_POINT('',(56.9999999999999,4900.,0.));
#10818=CARTESIAN_POINT('',(-2966.,4900.,325.));
#10819=CARTESIAN_POINT('Origin',(-1454.5,4744.76152672053,300.));
#10820=CARTESIAN_POINT('',(56.9999999999999,4577.38076336026,300.));
#10821=CARTESIAN_POINT('',(-2966.,4577.38076336026,300.));
#10822=CARTESIAN_POINT('Origin',(-2966.,6327.02593008041,350.));
#10823=CARTESIAN_POINT('',(-2966.,6327.02593008041,1169.5));
#10824=CARTESIAN_POINT('Origin',(-2966.,6327.02593008041,423.076923076923));
#10825=CARTESIAN_POINT('',(-2966.,6327.02593008041,1169.5));
#10826=CARTESIAN_POINT('Origin',(-2966.,6327.02593008041,496.153846153846));
#10827=CARTESIAN_POINT('',(-2966.,6327.02593008041,1169.5));
#10828=CARTESIAN_POINT('Origin',(-2966.,6327.02593008041,569.230769230769));
#10829=CARTESIAN_POINT('',(-2966.,6327.02593008041,1169.5));
#10830=CARTESIAN_POINT('Origin',(-2966.,6327.02593008041,642.307692307692));
#10831=CARTESIAN_POINT('',(-2966.,6327.02593008041,1169.5));
#10832=CARTESIAN_POINT('Origin',(-2966.,6327.02593008041,715.384615384615));
#10833=CARTESIAN_POINT('',(-2966.,6327.02593008041,1169.5));
#10834=CARTESIAN_POINT('Origin',(-2966.,6327.02593008041,788.461538461538));
#10835=CARTESIAN_POINT('',(-2966.,6327.02593008041,1169.5));
#10836=CARTESIAN_POINT('Origin',(-2966.,6327.02593008041,861.538461538462));
#10837=CARTESIAN_POINT('',(-2966.,6327.02593008041,1169.5));
#10838=CARTESIAN_POINT('Origin',(-2966.,6327.02593008041,934.615384615385));
#10839=CARTESIAN_POINT('',(-2966.,6327.02593008041,1169.5));
#10840=CARTESIAN_POINT('Origin',(-2966.,6327.02593008041,1007.69230769231));
#10841=CARTESIAN_POINT('',(-2966.,6327.02593008041,1169.5));
#10842=CARTESIAN_POINT('Origin',(-2966.,6327.02593008041,1080.76923076923));
#10843=CARTESIAN_POINT('',(-2966.,6327.02593008041,1169.5));
#10844=CARTESIAN_POINT('Origin',(-2966.,6327.02593008041,1153.84615384615));
#10845=CARTESIAN_POINT('',(-2966.,6327.02593008041,1169.5));
#10846=CARTESIAN_POINT('Origin',(-2966.,6327.02593008041,1226.92307692308));
#10847=CARTESIAN_POINT('',(-2966.,6327.02593008041,1169.5));
#10848=CARTESIAN_POINT('Origin',(-2966.,6985.,1341.98163465971));
#10849=CARTESIAN_POINT('',(-2966.,5671.25547177285,1341.98163465971));
#10850=CARTESIAN_POINT('',(-2966.,5697.5,1341.98163465971));
#10851=CARTESIAN_POINT('',(-2898.0401094488,6234.4693461051,1341.98163465971));
#10852=CARTESIAN_POINT('Origin',(-2916.,5494.30615506227,1413.85830357684));
#10853=CARTESIAN_POINT('',(-2966.,5193.94465552723,1400.));
#10854=CARTESIAN_POINT('',(-2966.,5488.2729327245,1364.2236359722));
#10855=CARTESIAN_POINT('',(-2866.,5200.,1500.));
#10856=CARTESIAN_POINT('Origin',(-2916.,4805.,1450.));
#10857=CARTESIAN_POINT('',(-2966.,2352.73629091182,1400.));
#10858=CARTESIAN_POINT('',(-2966.,4805.,1400.));
#10859=CARTESIAN_POINT('',(-2904.9316740918,2208.86833084409,1461.0683259082));
#10860=CARTESIAN_POINT('Origin',(-2766.,2352.73629091182,1600.));
#10861=CARTESIAN_POINT('',(-3409.8929056883,2696.50372390958,956.1070943117));
#10862=CARTESIAN_POINT('Origin',(-2766.,2352.73629091182,1169.5));
#10863=CARTESIAN_POINT('',(-2904.9316740918,2208.86833084409,1169.5));
#10864=CARTESIAN_POINT('',(-2966.,2352.73629091182,1169.5));
#10865=CARTESIAN_POINT('Origin',(-2956.,3472.24590540343,1177.1758344784));
#10866=CARTESIAN_POINT('',(-2966.,2544.49181080686,1177.1758344784));
#10867=CARTESIAN_POINT('',(-2966.,3472.24590540343,1177.1758344784));
#10868=CARTESIAN_POINT('Origin',(-2956.,2544.49181080686,1177.1758344784));
#10869=CARTESIAN_POINT('Origin',(-2741.88984206823,1845.,1260.));
#10870=CARTESIAN_POINT('',(-2513.73942187812,1845.,1250.));
#10871=CARTESIAN_POINT('',(-1724.5,1845.,1250.));
#10872=CARTESIAN_POINT('',(-2741.88984206823,1845.,1250.));
#10873=CARTESIAN_POINT('',(-1714.5,1835.,1260.));
#10874=CARTESIAN_POINT('Origin',(-1724.5,1845.,1260.));
#10875=CARTESIAN_POINT('',(-2517.77968413647,1835.,1260.));
#10876=CARTESIAN_POINT('',(-2741.88984206823,1835.,1260.));
#10877=CARTESIAN_POINT('Origin',(-2513.73942187812,1845.,1260.));
#10878=CARTESIAN_POINT('Origin',(-2826.37013527572,2146.903970588,1260.));
#10879=CARTESIAN_POINT('',(-2635.86432274672,1949.03300998307,1260.));
#10880=CARTESIAN_POINT('',(-2833.31671898031,2139.71057258461,1260.));
#10881=CARTESIAN_POINT('',(-2607.33754503197,1935.38665687268,1250.));
#10882=CARTESIAN_POINT('Ctrl Pts',(-2635.86432274672,1949.03300998307,1260.));
#10883=CARTESIAN_POINT('Ctrl Pts',(-2634.07480615216,1947.30489389537,1258.8874574296));
#10884=CARTESIAN_POINT('Ctrl Pts',(-2632.08107008691,1945.6413327593,1257.72797318772));
#10885=CARTESIAN_POINT('Ctrl Pts',(-2627.75885055188,1942.59757532214,1255.47734465208));
#10886=CARTESIAN_POINT('Ctrl Pts',(-2625.43055253686,1941.21709402437,1254.38622964512));
#10887=CARTESIAN_POINT('Ctrl Pts',(-2620.53998003422,1938.84050856518,1252.45459900658));
#10888=CARTESIAN_POINT('Ctrl Pts',(-2617.97841436749,1937.84413880004,1251.6130454187));
#10889=CARTESIAN_POINT('Ctrl Pts',(-2612.72848341119,1936.28650331058,1250.38878174793));
#10890=CARTESIAN_POINT('Ctrl Pts',(-2610.04163259722,1935.72491160679,1250.));
#10891=CARTESIAN_POINT('Ctrl Pts',(-2607.33754503197,1935.38665687268,1250.));
#10892=CARTESIAN_POINT('',(-2826.37013527572,2146.903970588,1250.));
#10893=CARTESIAN_POINT('Origin',(-2966.,2534.49181080686,-300.));
#10894=CARTESIAN_POINT('',(-2956.,2534.49181080686,21.9089579754396));
#10895=CARTESIAN_POINT('',(-2956.,2534.49181080686,269.5));
#10896=CARTESIAN_POINT('',(-2926.,2534.49181080686,21.9089579754396));
#10897=CARTESIAN_POINT('',(-2204.,2534.49181080686,21.9089579754396));
#10898=CARTESIAN_POINT('',(-2926.,2534.49181080686,-300.));
#10899=CARTESIAN_POINT('Origin',(-2926.,2267.24590540343,433.587917239202));
#10900=CARTESIAN_POINT('',(-2926.,2356.55622154049,21.9089579754396));
#10901=CARTESIAN_POINT('',(-2926.,3214.89898138447,21.9089579754396));
#10902=CARTESIAN_POINT('',(-2926.,2356.55622154049,966.793958619601));
#10903=CARTESIAN_POINT('Origin',(-2626.,2356.55622154049,966.793958619601));
#10904=CARTESIAN_POINT('',(-2834.3975111377,2140.7542814389,21.9089579754396));
#10905=CARTESIAN_POINT('Origin',(-2626.,2356.55622154049,21.9089579754396));
#10906=CARTESIAN_POINT('',(-2834.3975111377,2140.7542814389,966.793958619601));
#10907=CARTESIAN_POINT('Origin',(-3148.85375382416,2444.42114516922,1500.));
#10908=CARTESIAN_POINT('',(-2635.86432274672,1949.03300998307,21.9089579754396));
#10909=CARTESIAN_POINT('',(-3136.51929944654,2432.50990103339,21.9089579754396));
#10910=CARTESIAN_POINT('',(-2635.86432274672,1949.03300998307,1074.5));
#10911=CARTESIAN_POINT('',(-2517.77968413647,1835.,1615.));
#10912=CARTESIAN_POINT('Origin',(-1714.5,1835.,-452.));
#10913=CARTESIAN_POINT('',(-1714.5,1835.,21.9089579754396));
#10914=CARTESIAN_POINT('',(-1733.99747468306,1854.49747468306,21.9089579754396));
#10915=CARTESIAN_POINT('',(-2228.26301434138,2348.76301434139,21.9089579754396));
#10916=CARTESIAN_POINT('',(-1714.5,1835.,639.));
#10917=CARTESIAN_POINT('',(-1733.99747468306,1854.49747468306,1250.));
#10918=CARTESIAN_POINT('',(-1733.99747468306,1854.49747468306,1250.));
#10919=CARTESIAN_POINT('',(-1733.99747468306,1854.49747468306,-452.));
#10920=CARTESIAN_POINT('Origin',(-2966.,1835.,1730.));
#10921=CARTESIAN_POINT('',(-1194.5,1835.,21.9089579754396));
#10922=CARTESIAN_POINT('',(-823.75,1835.,21.9089579754396));
#10923=CARTESIAN_POINT('',(-1194.5,1835.,889.));
#10924=CARTESIAN_POINT('Origin',(-1174.5,1855.,889.));
#10925=CARTESIAN_POINT('',(-1175.00252531694,1854.49747468306,21.9089579754396));
#10926=CARTESIAN_POINT('',(-664.486985658621,2365.01301434138,21.9089579754396));
#10927=CARTESIAN_POINT('',(-1175.00252531694,1854.49747468306,468.5));
#10928=CARTESIAN_POINT('Origin',(-1224.5,1903.99494936612,468.5));
#10929=CARTESIAN_POINT('Origin',(-1224.5,1903.99494936612,21.9089579754396));
#10930=CARTESIAN_POINT('Origin',(-733.316342587897,1935.,649.));
#10931=CARTESIAN_POINT('',(-287.667284484441,1935.,21.9089579754396));
#10932=CARTESIAN_POINT('',(-1087.65817129395,1935.,21.9089579754396));
#10933=CARTESIAN_POINT('',(-287.667284484441,1935.,173.));
#10934=CARTESIAN_POINT('Origin',(157.,2364.41020515057,-452.));
#10935=CARTESIAN_POINT('',(-277.494283468504,1944.82395288719,21.9089579755946));
#10936=CARTESIAN_POINT('',(192.560544388862,2398.75062369292,21.9089579754396));
#10937=CARTESIAN_POINT('Origin',(-277.494283468504,1944.82395288719,31.9089579754396));
#10938=CARTESIAN_POINT('Origin',(-107.269130405571,1941.85266178805,31.9089579754396));
#10939=CARTESIAN_POINT('',(-263.354301760526,1944.57713858839,21.9089579754396));
#10940=CARTESIAN_POINT('',(-107.269130405571,1941.85266178805,21.9089579754396));
#10941=CARTESIAN_POINT('Origin',(-263.354301760526,1944.57713858839,31.9089579754396));
#10942=CARTESIAN_POINT('Origin',(-119.831835971351,2083.17517273363,31.9089579754396));
#10943=CARTESIAN_POINT('',(125.561141543447,2320.14841653616,21.9089579754396));
#10944=CARTESIAN_POINT('',(-119.831835971351,2083.17517273363,21.9089579754396));
#10945=CARTESIAN_POINT('Origin',(125.561141543447,2320.14841653616,31.9089579754396));
#10946=CARTESIAN_POINT('Origin',(76.9350556113167,2370.50220255987,31.9089579754396));
#10947=CARTESIAN_POINT('',(144.550723184887,2352.38807827575,21.9089579754396));
#10948=CARTESIAN_POINT('Ctrl Pts',(156.678442235795,2364.09968042722,31.9089579754396));
#10949=CARTESIAN_POINT('Ctrl Pts',(156.678442235795,2364.09968042722,31.3842682488096));
#10950=CARTESIAN_POINT('Ctrl Pts',(156.630268227692,2364.05315932836,30.8141456512782));
#10951=CARTESIAN_POINT('Ctrl Pts',(156.42919731835,2363.85898740827,29.7094597096393));
#10952=CARTESIAN_POINT('Ctrl Pts',(156.276747225105,2363.7117680645,29.1747392907743));
#10953=CARTESIAN_POINT('Ctrl Pts',(155.888747744181,2363.33708132114,28.1277574553223));
#10954=CARTESIAN_POINT('Ctrl Pts',(155.59951115666,2363.05776879531,27.5379108935117));
#10955=CARTESIAN_POINT('Ctrl Pts',(154.928483621036,2362.40976503657,26.4657870681779));
#10956=CARTESIAN_POINT('Ctrl Pts',(154.54755769615,2362.04190914688,25.9824640998386));
#10957=CARTESIAN_POINT('Ctrl Pts',(153.672645895041,2361.1970166416,25.0359618858115));
#10958=CARTESIAN_POINT('Ctrl Pts',(153.077930463365,2360.62270662503,24.5245625045999));
#10959=CARTESIAN_POINT('Ctrl Pts',(151.826754612103,2359.41446015015,23.6672687406936));
#10960=CARTESIAN_POINT('Ctrl Pts',(151.170926302055,2358.78113411294,23.3195926669047));
#10961=CARTESIAN_POINT('Ctrl Pts',(149.649634559058,2357.31203975352,22.6590867400404));
#10962=CARTESIAN_POINT('Ctrl Pts',(148.62602704523,2356.32355346761,22.3561798685725));
#10963=CARTESIAN_POINT('Ctrl Pts',(146.553904693166,2354.32252817219,21.9824562863764));
#10964=CARTESIAN_POINT('Ctrl Pts',(145.505640574833,2353.31023128009,21.9089579754396));
#10965=CARTESIAN_POINT('Ctrl Pts',(144.550723184887,2352.38807827575,21.9089579754396));
#10966=CARTESIAN_POINT('Origin',(76.9350556113167,2370.50220255987,21.9089579754396));
#10967=CARTESIAN_POINT('Origin',(157.,2364.41020515057,-452.));
#10968=CARTESIAN_POINT('',(147.,2354.7533174025,21.9089579754396));
#10969=CARTESIAN_POINT('Origin',(147.,2354.7533174025,31.9089579754396));
#10970=CARTESIAN_POINT('',(-1.14441310700647,2211.69192061468,21.9089579754396));
#10971=CARTESIAN_POINT('Origin',(147.,1835.,31.9089579754396));
#10972=CARTESIAN_POINT('',(147.,2636.3070048184,21.9089579754396));
#10973=CARTESIAN_POINT('',(147.,1835.,21.9089579754396));
#10974=CARTESIAN_POINT('Origin',(147.,2636.3070048184,31.9089579754396));
#10975=CARTESIAN_POINT('Origin',(56.9999999999999,2636.3070048184,31.9089579754396));
#10976=CARTESIAN_POINT('',(59.1138639306525,2726.28217683426,21.9089579754598));
#10977=CARTESIAN_POINT('Ctrl Pts',(57.0000000000152,2736.3070048184,31.9089579754394));
#10978=CARTESIAN_POINT('Ctrl Pts',(57.0000000000152,2736.3070048184,30.6338032588127));
#10979=CARTESIAN_POINT('Ctrl Pts',(57.0521456298468,2736.06315368059,29.3723378347696));
#10980=CARTESIAN_POINT('Ctrl Pts',(57.2548689469426,2735.11253983967,26.9987477845904));
#10981=CARTESIAN_POINT('Ctrl Pts',(57.4043499621483,2734.41079139479,25.913527999163));
#10982=CARTESIAN_POINT('Ctrl Pts',(57.7834672839558,2732.62339128857,24.0496112706166));
#10983=CARTESIAN_POINT('Ctrl Pts',(58.0110539049553,2731.54709857809,23.297181795677));
#10984=CARTESIAN_POINT('Ctrl Pts',(58.5159885494705,2729.14656610344,22.2328802836177));
#10985=CARTESIAN_POINT('Ctrl Pts',(58.7898229404922,2727.83861965129,21.9419858203785));
#10986=CARTESIAN_POINT('Ctrl Pts',(59.081745769989,2726.43651214501,21.9098416528411));
#10987=CARTESIAN_POINT('Ctrl Pts',(59.0978104925943,2726.35932929785,21.9089579754396));
#10988=CARTESIAN_POINT('Ctrl Pts',(59.1138639306519,2726.28217683426,21.9089579754396));
#10989=CARTESIAN_POINT('Origin',(56.9999999999999,2636.3070048184,21.9089579754396));
#10990=CARTESIAN_POINT('Origin',(-1818.23879235071,2335.65350240923,-451.999999999979));
#10991=CARTESIAN_POINT('',(57.0000000000051,2736.30700481845,21.9089579754396));
#10992=CARTESIAN_POINT('Origin',(-1818.23879235071,2335.65350240923,21.9089579754459));
#10993=CARTESIAN_POINT('',(56.9999999999999,2736.30700481845,-452.));
#10994=CARTESIAN_POINT('Origin',(56.9999999999999,4410.,839.));
#10995=CARTESIAN_POINT('',(56.9999999999999,2810.,21.9089579754396));
#10996=CARTESIAN_POINT('',(56.9999999999999,4286.27602868276,21.9089579754396));
#10997=CARTESIAN_POINT('',(56.9999999999999,2810.,0.));
#10998=CARTESIAN_POINT('Origin',(-2966.,2810.,-452.));
#10999=CARTESIAN_POINT('',(-2966.,2810.,21.9089579754396));
#11000=CARTESIAN_POINT('',(-692.5,2810.,21.9089579754396));
#11001=CARTESIAN_POINT('',(-2966.,2810.,957.476215821736));
#11002=CARTESIAN_POINT('Origin',(-2966.,4410.,839.));
#11003=CARTESIAN_POINT('',(-2966.,2544.49181080686,21.9089579754396));
#11004=CARTESIAN_POINT('',(-2966.,4286.27602868276,21.9089579754396));
#11005=CARTESIAN_POINT('',(-2966.,2544.49181080686,269.5));
#11006=CARTESIAN_POINT('Origin',(-2956.,2544.49181080686,269.5));
#11007=CARTESIAN_POINT('Origin',(-2956.,2544.49181080686,21.9089579754396));
#11008=CARTESIAN_POINT('Origin',(-2601.13140422377,1985.,1074.5));
#11009=CARTESIAN_POINT('',(-2601.13140422377,1935.,21.9089579754396));
#11010=CARTESIAN_POINT('Origin',(-2601.13140422377,1985.,21.9089579754396));
#11011=CARTESIAN_POINT('',(-2601.13140422377,1935.,1250.));
#11012=CARTESIAN_POINT('',(-2601.13140422377,1935.,1074.5));
#11013=CARTESIAN_POINT('Origin',(-2601.13140422377,1985.,1250.));
#11014=CARTESIAN_POINT('Origin',(-2517.77968413647,1835.,1250.));
#11015=CARTESIAN_POINT('',(-1754.5,1935.,1250.));
#11016=CARTESIAN_POINT('Origin',(-1684.5,1903.99494936612,1250.));
#11017=CARTESIAN_POINT('Origin',(-1684.5,1903.99494936612,-452.));
#11018=CARTESIAN_POINT('Origin',(-1684.5,1903.99494936612,21.9089579754396));
#11019=CARTESIAN_POINT('Origin',(56.9999999999999,1835.,21.9089579754396));
#11020=CARTESIAN_POINT('',(-1789.06992103412,1935.,21.9089579754396));
#11021=CARTESIAN_POINT('Origin',(-2136.13984206823,1935.,649.));
#11022=UNCERTAINTY_MEASURE_WITH_UNIT(LENGTH_MEASURE(0.01),#11026,
'DISTANCE_ACCURACY_VALUE',
'Maximum model space distance between geometric entities at asserted c
onnectivities');
#11023=UNCERTAINTY_MEASURE_WITH_UNIT(LENGTH_MEASURE(0.01),#11026,
'DISTANCE_ACCURACY_VALUE',
'Maximum model space distance between geometric entities at asserted c
onnectivities');
#11024=(
GEOMETRIC_REPRESENTATION_CONTEXT(3)
GLOBAL_UNCERTAINTY_ASSIGNED_CONTEXT((#11022))
GLOBAL_UNIT_ASSIGNED_CONTEXT((#11026,#11028,#11029))
REPRESENTATION_CONTEXT('','3D')
);
#11025=(
GEOMETRIC_REPRESENTATION_CONTEXT(3)
GLOBAL_UNCERTAINTY_ASSIGNED_CONTEXT((#11023))
GLOBAL_UNIT_ASSIGNED_CONTEXT((#11026,#11028,#11029))
REPRESENTATION_CONTEXT('','3D')
);
#11026=(
LENGTH_UNIT()
NAMED_UNIT(*)
SI_UNIT(.MILLI.,.METRE.)
);
#11027=(
LENGTH_UNIT()
NAMED_UNIT(*)
SI_UNIT($,.METRE.)
);
#11028=(
NAMED_UNIT(*)
PLANE_ANGLE_UNIT()
SI_UNIT($,.RADIAN.)
);
#11029=(
NAMED_UNIT(*)
SI_UNIT($,.STERADIAN.)
SOLID_ANGLE_UNIT()
);
#11030=SHAPE_DEFINITION_REPRESENTATION(#11031,#11032);
#11031=PRODUCT_DEFINITION_SHAPE('',$,#11034);
#11032=SHAPE_REPRESENTATION('',(#6543),#11024);
#11033=PRODUCT_DEFINITION_CONTEXT('part definition',#11038,'design');
#11034=PRODUCT_DEFINITION('TopChassis','TopChassis',#11035,#11033);
#11035=PRODUCT_DEFINITION_FORMATION('',$,#11040);
#11036=PRODUCT_RELATED_PRODUCT_CATEGORY('TopChassis','TopChassis',(#11040));
#11037=APPLICATION_PROTOCOL_DEFINITION('international standard',
'automotive_design',2009,#11038);
#11038=APPLICATION_CONTEXT(
'Core Data for Automotive Mechanical Design Process');
#11039=PRODUCT_CONTEXT('part definition',#11038,'mechanical');
#11040=PRODUCT('TopChassis','TopChassis',$,(#11039));
#11041=PRESENTATION_STYLE_ASSIGNMENT((#11042));
#11042=SURFACE_STYLE_USAGE(.BOTH.,#11043);
#11043=SURFACE_SIDE_STYLE('',(#11044));
#11044=SURFACE_STYLE_FILL_AREA(#11045);
#11045=FILL_AREA_STYLE('Steel - Satin',(#11046));
#11046=FILL_AREA_STYLE_COLOUR('Steel - Satin',#11047);
#11047=COLOUR_RGB('Steel - Satin',0.627450980392157,0.627450980392157,0.627450980392157);
ENDSEC;
END-ISO-10303-21;
