ISO-10303-21;
HEADER;
/* Generated by software containing ST-Developer
 * from STEP Tools, Inc. (www.steptools.com) 
 */

FILE_DESCRIPTION(
/* description */ (''),
/* implementation_level */ '2;1');

FILE_NAME(
/* name */ 'UpperRearChassis.step',
/* time_stamp */ '2026-03-29T20:34:56-04:00',
/* author */ (''),
/* organization */ (''),
/* preprocessor_version */ 'ST-DEVELOPER v20.1',
/* originating_system */ 'Autodesk Translation Framework v14.24.0.0',
/* authorisation */ '');

FILE_SCHEMA (('AUTOMOTIVE_DESIGN { 1 0 10303 214 3 1 1 }'));
ENDSEC;

DATA;
#10=MECHANICAL_DESIGN_GEOMETRIC_PRESENTATION_REPRESENTATION('',(#13),#4252);
#11=SHAPE_REPRESENTATION_RELATIONSHIP('SRR','None',#4259,#12);
#12=ADVANCED_BREP_SHAPE_REPRESENTATION('',(#14),#4251);
#13=STYLED_ITEM('',(#4268),#14);
#14=MANIFOLD_SOLID_BREP('UpperRearChassis',#2672);
#15=FACE_BOUND('',#308,.T.);
#16=ELLIPSE('',#2691,30.2208128388831,30.);
#17=ELLIPSE('',#2692,30.2208128388831,30.);
#18=ELLIPSE('',#2741,248.623358468144,30.);
#19=ELLIPSE('',#2744,248.623358468144,30.);
#20=PLANE('',#2689);
#21=PLANE('',#2690);
#22=PLANE('',#2693);
#23=PLANE('',#2694);
#24=PLANE('',#2695);
#25=PLANE('',#2696);
#26=PLANE('',#2697);
#27=PLANE('',#2698);
#28=PLANE('',#2699);
#29=PLANE('',#2700);
#30=PLANE('',#2701);
#31=PLANE('',#2702);
#32=PLANE('',#2703);
#33=PLANE('',#2704);
#34=PLANE('',#2705);
#35=PLANE('',#2706);
#36=PLANE('',#2707);
#37=PLANE('',#2708);
#38=PLANE('',#2709);
#39=PLANE('',#2710);
#40=PLANE('',#2711);
#41=PLANE('',#2712);
#42=PLANE('',#2713);
#43=PLANE('',#2714);
#44=PLANE('',#2715);
#45=PLANE('',#2716);
#46=PLANE('',#2717);
#47=PLANE('',#2718);
#48=PLANE('',#2719);
#49=PLANE('',#2720);
#50=PLANE('',#2721);
#51=PLANE('',#2722);
#52=PLANE('',#2723);
#53=PLANE('',#2724);
#54=PLANE('',#2725);
#55=PLANE('',#2726);
#56=PLANE('',#2727);
#57=PLANE('',#2728);
#58=PLANE('',#2729);
#59=PLANE('',#2730);
#60=PLANE('',#2731);
#61=PLANE('',#2732);
#62=PLANE('',#2733);
#63=PLANE('',#2734);
#64=PLANE('',#2735);
#65=PLANE('',#2736);
#66=PLANE('',#2737);
#67=PLANE('',#2738);
#68=PLANE('',#2739);
#69=PLANE('',#2742);
#70=PLANE('',#2745);
#71=PLANE('',#2746);
#72=PLANE('',#2747);
#73=PLANE('',#2748);
#74=PLANE('',#2749);
#75=PLANE('',#2750);
#76=PLANE('',#2751);
#77=PLANE('',#2752);
#78=PLANE('',#2753);
#79=PLANE('',#2754);
#80=PLANE('',#2755);
#81=PLANE('',#2756);
#82=PLANE('',#2757);
#83=PLANE('',#2758);
#84=PLANE('',#2759);
#85=PLANE('',#2760);
#86=PLANE('',#2761);
#87=PLANE('',#2762);
#88=PLANE('',#2763);
#89=PLANE('',#2764);
#90=PLANE('',#2765);
#91=PLANE('',#2766);
#92=PLANE('',#2767);
#93=PLANE('',#2768);
#94=PLANE('',#2769);
#95=PLANE('',#2770);
#96=PLANE('',#2771);
#97=PLANE('',#2772);
#98=PLANE('',#2773);
#99=PLANE('',#2774);
#100=PLANE('',#2775);
#101=PLANE('',#2776);
#102=PLANE('',#2777);
#103=PLANE('',#2778);
#104=PLANE('',#2779);
#105=PLANE('',#2780);
#106=PLANE('',#2781);
#107=PLANE('',#2782);
#108=PLANE('',#2783);
#109=PLANE('',#2784);
#110=PLANE('',#2785);
#111=PLANE('',#2786);
#112=PLANE('',#2787);
#113=PLANE('',#2788);
#114=PLANE('',#2789);
#115=PLANE('',#2790);
#116=PLANE('',#2791);
#117=PLANE('',#2792);
#118=PLANE('',#2793);
#119=PLANE('',#2794);
#120=PLANE('',#2795);
#121=PLANE('',#2796);
#122=PLANE('',#2797);
#123=PLANE('',#2798);
#124=PLANE('',#2799);
#125=PLANE('',#2800);
#126=PLANE('',#2801);
#127=PLANE('',#2802);
#128=PLANE('',#2803);
#129=PLANE('',#2804);
#130=PLANE('',#2805);
#131=PLANE('',#2806);
#132=PLANE('',#2807);
#133=PLANE('',#2808);
#134=PLANE('',#2809);
#135=PLANE('',#2810);
#136=PLANE('',#2811);
#137=PLANE('',#2812);
#138=PLANE('',#2813);
#139=PLANE('',#2814);
#140=PLANE('',#2815);
#141=PLANE('',#2816);
#142=PLANE('',#2817);
#143=PLANE('',#2818);
#144=PLANE('',#2819);
#145=PLANE('',#2820);
#146=PLANE('',#2821);
#147=PLANE('',#2822);
#148=PLANE('',#2823);
#149=PLANE('',#2824);
#150=PLANE('',#2825);
#151=PLANE('',#2826);
#152=PLANE('',#2827);
#153=PLANE('',#2828);
#154=PLANE('',#2829);
#155=PLANE('',#2830);
#156=PLANE('',#2831);
#157=PLANE('',#2832);
#158=PLANE('',#2833);
#159=PLANE('',#2834);
#160=PLANE('',#2835);
#161=FACE_OUTER_BOUND('',#305,.T.);
#162=FACE_OUTER_BOUND('',#306,.T.);
#163=FACE_OUTER_BOUND('',#307,.T.);
#164=FACE_OUTER_BOUND('',#309,.T.);
#165=FACE_OUTER_BOUND('',#310,.T.);
#166=FACE_OUTER_BOUND('',#311,.T.);
#167=FACE_OUTER_BOUND('',#312,.T.);
#168=FACE_OUTER_BOUND('',#313,.T.);
#169=FACE_OUTER_BOUND('',#314,.T.);
#170=FACE_OUTER_BOUND('',#315,.T.);
#171=FACE_OUTER_BOUND('',#316,.T.);
#172=FACE_OUTER_BOUND('',#317,.T.);
#173=FACE_OUTER_BOUND('',#318,.T.);
#174=FACE_OUTER_BOUND('',#319,.T.);
#175=FACE_OUTER_BOUND('',#320,.T.);
#176=FACE_OUTER_BOUND('',#321,.T.);
#177=FACE_OUTER_BOUND('',#322,.T.);
#178=FACE_OUTER_BOUND('',#323,.T.);
#179=FACE_OUTER_BOUND('',#324,.T.);
#180=FACE_OUTER_BOUND('',#325,.T.);
#181=FACE_OUTER_BOUND('',#326,.T.);
#182=FACE_OUTER_BOUND('',#327,.T.);
#183=FACE_OUTER_BOUND('',#328,.T.);
#184=FACE_OUTER_BOUND('',#329,.T.);
#185=FACE_OUTER_BOUND('',#330,.T.);
#186=FACE_OUTER_BOUND('',#331,.T.);
#187=FACE_OUTER_BOUND('',#332,.T.);
#188=FACE_OUTER_BOUND('',#333,.T.);
#189=FACE_OUTER_BOUND('',#334,.T.);
#190=FACE_OUTER_BOUND('',#335,.T.);
#191=FACE_OUTER_BOUND('',#336,.T.);
#192=FACE_OUTER_BOUND('',#337,.T.);
#193=FACE_OUTER_BOUND('',#338,.T.);
#194=FACE_OUTER_BOUND('',#339,.T.);
#195=FACE_OUTER_BOUND('',#340,.T.);
#196=FACE_OUTER_BOUND('',#341,.T.);
#197=FACE_OUTER_BOUND('',#342,.T.);
#198=FACE_OUTER_BOUND('',#343,.T.);
#199=FACE_OUTER_BOUND('',#344,.T.);
#200=FACE_OUTER_BOUND('',#345,.T.);
#201=FACE_OUTER_BOUND('',#346,.T.);
#202=FACE_OUTER_BOUND('',#347,.T.);
#203=FACE_OUTER_BOUND('',#348,.T.);
#204=FACE_OUTER_BOUND('',#349,.T.);
#205=FACE_OUTER_BOUND('',#350,.T.);
#206=FACE_OUTER_BOUND('',#351,.T.);
#207=FACE_OUTER_BOUND('',#352,.T.);
#208=FACE_OUTER_BOUND('',#353,.T.);
#209=FACE_OUTER_BOUND('',#354,.T.);
#210=FACE_OUTER_BOUND('',#355,.T.);
#211=FACE_OUTER_BOUND('',#356,.T.);
#212=FACE_OUTER_BOUND('',#357,.T.);
#213=FACE_OUTER_BOUND('',#358,.T.);
#214=FACE_OUTER_BOUND('',#359,.T.);
#215=FACE_OUTER_BOUND('',#360,.T.);
#216=FACE_OUTER_BOUND('',#361,.T.);
#217=FACE_OUTER_BOUND('',#362,.T.);
#218=FACE_OUTER_BOUND('',#363,.T.);
#219=FACE_OUTER_BOUND('',#364,.T.);
#220=FACE_OUTER_BOUND('',#365,.T.);
#221=FACE_OUTER_BOUND('',#366,.T.);
#222=FACE_OUTER_BOUND('',#367,.T.);
#223=FACE_OUTER_BOUND('',#368,.T.);
#224=FACE_OUTER_BOUND('',#369,.T.);
#225=FACE_OUTER_BOUND('',#370,.T.);
#226=FACE_OUTER_BOUND('',#371,.T.);
#227=FACE_OUTER_BOUND('',#372,.T.);
#228=FACE_OUTER_BOUND('',#373,.T.);
#229=FACE_OUTER_BOUND('',#374,.T.);
#230=FACE_OUTER_BOUND('',#375,.T.);
#231=FACE_OUTER_BOUND('',#376,.T.);
#232=FACE_OUTER_BOUND('',#377,.T.);
#233=FACE_OUTER_BOUND('',#378,.T.);
#234=FACE_OUTER_BOUND('',#379,.T.);
#235=FACE_OUTER_BOUND('',#380,.T.);
#236=FACE_OUTER_BOUND('',#381,.T.);
#237=FACE_OUTER_BOUND('',#382,.T.);
#238=FACE_OUTER_BOUND('',#383,.T.);
#239=FACE_OUTER_BOUND('',#384,.T.);
#240=FACE_OUTER_BOUND('',#385,.T.);
#241=FACE_OUTER_BOUND('',#386,.T.);
#242=FACE_OUTER_BOUND('',#387,.T.);
#243=FACE_OUTER_BOUND('',#388,.T.);
#244=FACE_OUTER_BOUND('',#389,.T.);
#245=FACE_OUTER_BOUND('',#390,.T.);
#246=FACE_OUTER_BOUND('',#391,.T.);
#247=FACE_OUTER_BOUND('',#392,.T.);
#248=FACE_OUTER_BOUND('',#393,.T.);
#249=FACE_OUTER_BOUND('',#394,.T.);
#250=FACE_OUTER_BOUND('',#395,.T.);
#251=FACE_OUTER_BOUND('',#396,.T.);
#252=FACE_OUTER_BOUND('',#397,.T.);
#253=FACE_OUTER_BOUND('',#398,.T.);
#254=FACE_OUTER_BOUND('',#399,.T.);
#255=FACE_OUTER_BOUND('',#400,.T.);
#256=FACE_OUTER_BOUND('',#401,.T.);
#257=FACE_OUTER_BOUND('',#402,.T.);
#258=FACE_OUTER_BOUND('',#403,.T.);
#259=FACE_OUTER_BOUND('',#404,.T.);
#260=FACE_OUTER_BOUND('',#405,.T.);
#261=FACE_OUTER_BOUND('',#406,.T.);
#262=FACE_OUTER_BOUND('',#407,.T.);
#263=FACE_OUTER_BOUND('',#408,.T.);
#264=FACE_OUTER_BOUND('',#409,.T.);
#265=FACE_OUTER_BOUND('',#410,.T.);
#266=FACE_OUTER_BOUND('',#411,.T.);
#267=FACE_OUTER_BOUND('',#412,.T.);
#268=FACE_OUTER_BOUND('',#413,.T.);
#269=FACE_OUTER_BOUND('',#414,.T.);
#270=FACE_OUTER_BOUND('',#415,.T.);
#271=FACE_OUTER_BOUND('',#416,.T.);
#272=FACE_OUTER_BOUND('',#417,.T.);
#273=FACE_OUTER_BOUND('',#418,.T.);
#274=FACE_OUTER_BOUND('',#419,.T.);
#275=FACE_OUTER_BOUND('',#420,.T.);
#276=FACE_OUTER_BOUND('',#421,.T.);
#277=FACE_OUTER_BOUND('',#422,.T.);
#278=FACE_OUTER_BOUND('',#423,.T.);
#279=FACE_OUTER_BOUND('',#424,.T.);
#280=FACE_OUTER_BOUND('',#425,.T.);
#281=FACE_OUTER_BOUND('',#426,.T.);
#282=FACE_OUTER_BOUND('',#427,.T.);
#283=FACE_OUTER_BOUND('',#428,.T.);
#284=FACE_OUTER_BOUND('',#429,.T.);
#285=FACE_OUTER_BOUND('',#430,.T.);
#286=FACE_OUTER_BOUND('',#431,.T.);
#287=FACE_OUTER_BOUND('',#432,.T.);
#288=FACE_OUTER_BOUND('',#433,.T.);
#289=FACE_OUTER_BOUND('',#434,.T.);
#290=FACE_OUTER_BOUND('',#435,.T.);
#291=FACE_OUTER_BOUND('',#436,.T.);
#292=FACE_OUTER_BOUND('',#437,.T.);
#293=FACE_OUTER_BOUND('',#438,.T.);
#294=FACE_OUTER_BOUND('',#439,.T.);
#295=FACE_OUTER_BOUND('',#440,.T.);
#296=FACE_OUTER_BOUND('',#441,.T.);
#297=FACE_OUTER_BOUND('',#442,.T.);
#298=FACE_OUTER_BOUND('',#443,.T.);
#299=FACE_OUTER_BOUND('',#444,.T.);
#300=FACE_OUTER_BOUND('',#445,.T.);
#301=FACE_OUTER_BOUND('',#446,.T.);
#302=FACE_OUTER_BOUND('',#447,.T.);
#303=FACE_OUTER_BOUND('',#448,.T.);
#304=FACE_OUTER_BOUND('',#449,.T.);
#305=EDGE_LOOP('',(#1783,#1784,#1785,#1786));
#306=EDGE_LOOP('',(#1787));
#307=EDGE_LOOP('',(#1788,#1789,#1790,#1791,#1792,#1793,#1794,#1795,#1796,
#1797,#1798,#1799,#1800,#1801,#1802,#1803,#1804,#1805,#1806,#1807,#1808,
#1809,#1810,#1811,#1812,#1813,#1814,#1815,#1816,#1817,#1818,#1819,#1820,
#1821,#1822,#1823,#1824,#1825,#1826,#1827,#1828,#1829,#1830,#1831,#1832,
#1833,#1834,#1835,#1836,#1837,#1838,#1839,#1840,#1841,#1842,#1843,#1844,
#1845,#1846,#1847,#1848,#1849,#1850,#1851,#1852,#1853,#1854,#1855,#1856,
#1857,#1858,#1859,#1860,#1861,#1862,#1863,#1864,#1865,#1866,#1867,#1868,
#1869,#1870,#1871,#1872,#1873,#1874,#1875,#1876,#1877,#1878,#1879,#1880,
#1881,#1882,#1883,#1884,#1885,#1886,#1887,#1888,#1889,#1890,#1891,#1892,
#1893,#1894,#1895,#1896,#1897,#1898,#1899,#1900,#1901));
#308=EDGE_LOOP('',(#1902));
#309=EDGE_LOOP('',(#1903,#1904,#1905,#1906));
#310=EDGE_LOOP('',(#1907,#1908,#1909,#1910));
#311=EDGE_LOOP('',(#1911,#1912,#1913,#1914));
#312=EDGE_LOOP('',(#1915,#1916,#1917,#1918));
#313=EDGE_LOOP('',(#1919,#1920,#1921,#1922));
#314=EDGE_LOOP('',(#1923,#1924,#1925,#1926));
#315=EDGE_LOOP('',(#1927,#1928,#1929,#1930));
#316=EDGE_LOOP('',(#1931,#1932,#1933,#1934));
#317=EDGE_LOOP('',(#1935,#1936,#1937,#1938));
#318=EDGE_LOOP('',(#1939,#1940,#1941,#1942));
#319=EDGE_LOOP('',(#1943,#1944,#1945,#1946));
#320=EDGE_LOOP('',(#1947,#1948,#1949,#1950));
#321=EDGE_LOOP('',(#1951,#1952,#1953,#1954));
#322=EDGE_LOOP('',(#1955,#1956,#1957,#1958));
#323=EDGE_LOOP('',(#1959,#1960,#1961,#1962));
#324=EDGE_LOOP('',(#1963,#1964,#1965,#1966));
#325=EDGE_LOOP('',(#1967,#1968,#1969,#1970));
#326=EDGE_LOOP('',(#1971,#1972,#1973,#1974));
#327=EDGE_LOOP('',(#1975,#1976,#1977,#1978));
#328=EDGE_LOOP('',(#1979,#1980,#1981,#1982));
#329=EDGE_LOOP('',(#1983,#1984,#1985,#1986));
#330=EDGE_LOOP('',(#1987,#1988,#1989,#1990));
#331=EDGE_LOOP('',(#1991,#1992,#1993,#1994));
#332=EDGE_LOOP('',(#1995,#1996,#1997,#1998));
#333=EDGE_LOOP('',(#1999,#2000,#2001,#2002));
#334=EDGE_LOOP('',(#2003,#2004,#2005,#2006));
#335=EDGE_LOOP('',(#2007,#2008,#2009,#2010));
#336=EDGE_LOOP('',(#2011,#2012,#2013,#2014));
#337=EDGE_LOOP('',(#2015,#2016,#2017,#2018));
#338=EDGE_LOOP('',(#2019,#2020,#2021,#2022));
#339=EDGE_LOOP('',(#2023,#2024,#2025,#2026));
#340=EDGE_LOOP('',(#2027,#2028,#2029,#2030));
#341=EDGE_LOOP('',(#2031,#2032,#2033,#2034));
#342=EDGE_LOOP('',(#2035,#2036,#2037,#2038));
#343=EDGE_LOOP('',(#2039,#2040,#2041,#2042));
#344=EDGE_LOOP('',(#2043,#2044,#2045,#2046));
#345=EDGE_LOOP('',(#2047,#2048,#2049,#2050));
#346=EDGE_LOOP('',(#2051,#2052,#2053,#2054));
#347=EDGE_LOOP('',(#2055,#2056,#2057,#2058));
#348=EDGE_LOOP('',(#2059,#2060,#2061,#2062));
#349=EDGE_LOOP('',(#2063,#2064,#2065,#2066));
#350=EDGE_LOOP('',(#2067,#2068,#2069,#2070));
#351=EDGE_LOOP('',(#2071,#2072,#2073,#2074));
#352=EDGE_LOOP('',(#2075,#2076,#2077,#2078));
#353=EDGE_LOOP('',(#2079,#2080,#2081,#2082));
#354=EDGE_LOOP('',(#2083,#2084,#2085,#2086,#2087));
#355=EDGE_LOOP('',(#2088,#2089,#2090));
#356=EDGE_LOOP('',(#2091,#2092,#2093,#2094));
#357=EDGE_LOOP('',(#2095,#2096,#2097,#2098));
#358=EDGE_LOOP('',(#2099,#2100,#2101,#2102));
#359=EDGE_LOOP('',(#2103,#2104,#2105));
#360=EDGE_LOOP('',(#2106,#2107,#2108,#2109,#2110,#2111,#2112,#2113,#2114,
#2115));
#361=EDGE_LOOP('',(#2116,#2117,#2118,#2119,#2120));
#362=EDGE_LOOP('',(#2121,#2122,#2123,#2124));
#363=EDGE_LOOP('',(#2125,#2126,#2127,#2128));
#364=EDGE_LOOP('',(#2129,#2130,#2131,#2132));
#365=EDGE_LOOP('',(#2133,#2134,#2135,#2136));
#366=EDGE_LOOP('',(#2137,#2138,#2139,#2140));
#367=EDGE_LOOP('',(#2141,#2142,#2143,#2144,#2145,#2146,#2147,#2148,#2149,
#2150,#2151,#2152,#2153,#2154,#2155,#2156,#2157,#2158,#2159,#2160,#2161,
#2162,#2163,#2164,#2165,#2166,#2167,#2168,#2169,#2170,#2171,#2172,#2173,
#2174,#2175,#2176,#2177,#2178,#2179,#2180,#2181,#2182,#2183,#2184,#2185,
#2186,#2187,#2188,#2189,#2190,#2191,#2192,#2193,#2194,#2195,#2196));
#368=EDGE_LOOP('',(#2197,#2198,#2199,#2200));
#369=EDGE_LOOP('',(#2201,#2202,#2203,#2204));
#370=EDGE_LOOP('',(#2205,#2206,#2207,#2208));
#371=EDGE_LOOP('',(#2209,#2210,#2211,#2212));
#372=EDGE_LOOP('',(#2213,#2214,#2215,#2216));
#373=EDGE_LOOP('',(#2217,#2218,#2219,#2220));
#374=EDGE_LOOP('',(#2221,#2222,#2223,#2224));
#375=EDGE_LOOP('',(#2225,#2226,#2227,#2228));
#376=EDGE_LOOP('',(#2229,#2230,#2231,#2232));
#377=EDGE_LOOP('',(#2233,#2234,#2235,#2236));
#378=EDGE_LOOP('',(#2237,#2238,#2239,#2240));
#379=EDGE_LOOP('',(#2241,#2242,#2243,#2244));
#380=EDGE_LOOP('',(#2245,#2246,#2247,#2248));
#381=EDGE_LOOP('',(#2249,#2250,#2251,#2252));
#382=EDGE_LOOP('',(#2253,#2254,#2255,#2256));
#383=EDGE_LOOP('',(#2257,#2258,#2259,#2260));
#384=EDGE_LOOP('',(#2261,#2262,#2263,#2264));
#385=EDGE_LOOP('',(#2265,#2266,#2267,#2268));
#386=EDGE_LOOP('',(#2269,#2270,#2271,#2272));
#387=EDGE_LOOP('',(#2273,#2274,#2275,#2276));
#388=EDGE_LOOP('',(#2277,#2278,#2279,#2280));
#389=EDGE_LOOP('',(#2281,#2282,#2283,#2284));
#390=EDGE_LOOP('',(#2285,#2286,#2287,#2288));
#391=EDGE_LOOP('',(#2289,#2290,#2291,#2292));
#392=EDGE_LOOP('',(#2293,#2294,#2295,#2296));
#393=EDGE_LOOP('',(#2297,#2298,#2299,#2300));
#394=EDGE_LOOP('',(#2301,#2302,#2303,#2304));
#395=EDGE_LOOP('',(#2305,#2306,#2307,#2308));
#396=EDGE_LOOP('',(#2309,#2310,#2311,#2312));
#397=EDGE_LOOP('',(#2313,#2314,#2315,#2316));
#398=EDGE_LOOP('',(#2317,#2318,#2319,#2320));
#399=EDGE_LOOP('',(#2321,#2322,#2323,#2324));
#400=EDGE_LOOP('',(#2325,#2326,#2327,#2328));
#401=EDGE_LOOP('',(#2329,#2330,#2331,#2332));
#402=EDGE_LOOP('',(#2333,#2334,#2335,#2336));
#403=EDGE_LOOP('',(#2337,#2338,#2339,#2340));
#404=EDGE_LOOP('',(#2341,#2342,#2343,#2344));
#405=EDGE_LOOP('',(#2345,#2346,#2347,#2348));
#406=EDGE_LOOP('',(#2349,#2350,#2351,#2352));
#407=EDGE_LOOP('',(#2353,#2354,#2355,#2356));
#408=EDGE_LOOP('',(#2357,#2358,#2359,#2360));
#409=EDGE_LOOP('',(#2361,#2362,#2363,#2364));
#410=EDGE_LOOP('',(#2365,#2366,#2367,#2368));
#411=EDGE_LOOP('',(#2369,#2370,#2371,#2372));
#412=EDGE_LOOP('',(#2373,#2374,#2375,#2376));
#413=EDGE_LOOP('',(#2377,#2378,#2379,#2380));
#414=EDGE_LOOP('',(#2381,#2382,#2383,#2384));
#415=EDGE_LOOP('',(#2385,#2386,#2387,#2388));
#416=EDGE_LOOP('',(#2389,#2390,#2391,#2392));
#417=EDGE_LOOP('',(#2393,#2394,#2395,#2396));
#418=EDGE_LOOP('',(#2397,#2398,#2399,#2400));
#419=EDGE_LOOP('',(#2401,#2402,#2403,#2404));
#420=EDGE_LOOP('',(#2405,#2406,#2407,#2408));
#421=EDGE_LOOP('',(#2409,#2410,#2411,#2412));
#422=EDGE_LOOP('',(#2413,#2414,#2415,#2416));
#423=EDGE_LOOP('',(#2417,#2418,#2419,#2420));
#424=EDGE_LOOP('',(#2421,#2422,#2423,#2424));
#425=EDGE_LOOP('',(#2425,#2426,#2427,#2428));
#426=EDGE_LOOP('',(#2429,#2430,#2431,#2432));
#427=EDGE_LOOP('',(#2433,#2434,#2435,#2436));
#428=EDGE_LOOP('',(#2437,#2438,#2439,#2440));
#429=EDGE_LOOP('',(#2441,#2442,#2443,#2444));
#430=EDGE_LOOP('',(#2445,#2446,#2447,#2448));
#431=EDGE_LOOP('',(#2449,#2450,#2451,#2452));
#432=EDGE_LOOP('',(#2453,#2454,#2455,#2456));
#433=EDGE_LOOP('',(#2457,#2458,#2459,#2460));
#434=EDGE_LOOP('',(#2461,#2462,#2463,#2464));
#435=EDGE_LOOP('',(#2465,#2466,#2467,#2468));
#436=EDGE_LOOP('',(#2469,#2470,#2471,#2472));
#437=EDGE_LOOP('',(#2473,#2474,#2475,#2476));
#438=EDGE_LOOP('',(#2477,#2478,#2479,#2480));
#439=EDGE_LOOP('',(#2481,#2482,#2483,#2484));
#440=EDGE_LOOP('',(#2485,#2486,#2487,#2488));
#441=EDGE_LOOP('',(#2489,#2490,#2491,#2492));
#442=EDGE_LOOP('',(#2493,#2494,#2495,#2496));
#443=EDGE_LOOP('',(#2497,#2498,#2499,#2500));
#444=EDGE_LOOP('',(#2501,#2502,#2503,#2504));
#445=EDGE_LOOP('',(#2505,#2506,#2507,#2508));
#446=EDGE_LOOP('',(#2509,#2510,#2511,#2512));
#447=EDGE_LOOP('',(#2513,#2514,#2515,#2516));
#448=EDGE_LOOP('',(#2517,#2518,#2519,#2520));
#449=EDGE_LOOP('',(#2521,#2522,#2523,#2524));
#450=LINE('',#3508,#815);
#451=LINE('',#3514,#816);
#452=LINE('',#3516,#817);
#453=LINE('',#3518,#818);
#454=LINE('',#3520,#819);
#455=LINE('',#3522,#820);
#456=LINE('',#3524,#821);
#457=LINE('',#3526,#822);
#458=LINE('',#3530,#823);
#459=LINE('',#3534,#824);
#460=LINE('',#3536,#825);
#461=LINE('',#3538,#826);
#462=LINE('',#3540,#827);
#463=LINE('',#3542,#828);
#464=LINE('',#3544,#829);
#465=LINE('',#3546,#830);
#466=LINE('',#3548,#831);
#467=LINE('',#3550,#832);
#468=LINE('',#3552,#833);
#469=LINE('',#3554,#834);
#470=LINE('',#3556,#835);
#471=LINE('',#3558,#836);
#472=LINE('',#3560,#837);
#473=LINE('',#3562,#838);
#474=LINE('',#3564,#839);
#475=LINE('',#3566,#840);
#476=LINE('',#3568,#841);
#477=LINE('',#3570,#842);
#478=LINE('',#3572,#843);
#479=LINE('',#3574,#844);
#480=LINE('',#3576,#845);
#481=LINE('',#3578,#846);
#482=LINE('',#3580,#847);
#483=LINE('',#3582,#848);
#484=LINE('',#3584,#849);
#485=LINE('',#3586,#850);
#486=LINE('',#3588,#851);
#487=LINE('',#3590,#852);
#488=LINE('',#3592,#853);
#489=LINE('',#3594,#854);
#490=LINE('',#3596,#855);
#491=LINE('',#3598,#856);
#492=LINE('',#3600,#857);
#493=LINE('',#3602,#858);
#494=LINE('',#3604,#859);
#495=LINE('',#3606,#860);
#496=LINE('',#3608,#861);
#497=LINE('',#3610,#862);
#498=LINE('',#3612,#863);
#499=LINE('',#3614,#864);
#500=LINE('',#3616,#865);
#501=LINE('',#3618,#866);
#502=LINE('',#3620,#867);
#503=LINE('',#3622,#868);
#504=LINE('',#3624,#869);
#505=LINE('',#3626,#870);
#506=LINE('',#3628,#871);
#507=LINE('',#3630,#872);
#508=LINE('',#3632,#873);
#509=LINE('',#3634,#874);
#510=LINE('',#3636,#875);
#511=LINE('',#3638,#876);
#512=LINE('',#3640,#877);
#513=LINE('',#3642,#878);
#514=LINE('',#3644,#879);
#515=LINE('',#3646,#880);
#516=LINE('',#3648,#881);
#517=LINE('',#3650,#882);
#518=LINE('',#3652,#883);
#519=LINE('',#3654,#884);
#520=LINE('',#3656,#885);
#521=LINE('',#3658,#886);
#522=LINE('',#3660,#887);
#523=LINE('',#3662,#888);
#524=LINE('',#3664,#889);
#525=LINE('',#3666,#890);
#526=LINE('',#3668,#891);
#527=LINE('',#3670,#892);
#528=LINE('',#3672,#893);
#529=LINE('',#3674,#894);
#530=LINE('',#3676,#895);
#531=LINE('',#3678,#896);
#532=LINE('',#3680,#897);
#533=LINE('',#3682,#898);
#534=LINE('',#3684,#899);
#535=LINE('',#3686,#900);
#536=LINE('',#3688,#901);
#537=LINE('',#3690,#902);
#538=LINE('',#3692,#903);
#539=LINE('',#3694,#904);
#540=LINE('',#3696,#905);
#541=LINE('',#3698,#906);
#542=LINE('',#3700,#907);
#543=LINE('',#3702,#908);
#544=LINE('',#3704,#909);
#545=LINE('',#3706,#910);
#546=LINE('',#3708,#911);
#547=LINE('',#3710,#912);
#548=LINE('',#3712,#913);
#549=LINE('',#3714,#914);
#550=LINE('',#3716,#915);
#551=LINE('',#3718,#916);
#552=LINE('',#3720,#917);
#553=LINE('',#3722,#918);
#554=LINE('',#3724,#919);
#555=LINE('',#3726,#920);
#556=LINE('',#3728,#921);
#557=LINE('',#3730,#922);
#558=LINE('',#3732,#923);
#559=LINE('',#3734,#924);
#560=LINE('',#3736,#925);
#561=LINE('',#3738,#926);
#562=LINE('',#3739,#927);
#563=LINE('',#3742,#928);
#564=LINE('',#3744,#929);
#565=LINE('',#3745,#930);
#566=LINE('',#3748,#931);
#567=LINE('',#3749,#932);
#568=LINE('',#3752,#933);
#569=LINE('',#3753,#934);
#570=LINE('',#3756,#935);
#571=LINE('',#3757,#936);
#572=LINE('',#3760,#937);
#573=LINE('',#3761,#938);
#574=LINE('',#3764,#939);
#575=LINE('',#3765,#940);
#576=LINE('',#3768,#941);
#577=LINE('',#3769,#942);
#578=LINE('',#3772,#943);
#579=LINE('',#3773,#944);
#580=LINE('',#3776,#945);
#581=LINE('',#3777,#946);
#582=LINE('',#3780,#947);
#583=LINE('',#3781,#948);
#584=LINE('',#3784,#949);
#585=LINE('',#3785,#950);
#586=LINE('',#3788,#951);
#587=LINE('',#3789,#952);
#588=LINE('',#3792,#953);
#589=LINE('',#3793,#954);
#590=LINE('',#3796,#955);
#591=LINE('',#3797,#956);
#592=LINE('',#3800,#957);
#593=LINE('',#3801,#958);
#594=LINE('',#3804,#959);
#595=LINE('',#3805,#960);
#596=LINE('',#3808,#961);
#597=LINE('',#3809,#962);
#598=LINE('',#3812,#963);
#599=LINE('',#3813,#964);
#600=LINE('',#3816,#965);
#601=LINE('',#3817,#966);
#602=LINE('',#3820,#967);
#603=LINE('',#3821,#968);
#604=LINE('',#3824,#969);
#605=LINE('',#3825,#970);
#606=LINE('',#3828,#971);
#607=LINE('',#3829,#972);
#608=LINE('',#3832,#973);
#609=LINE('',#3833,#974);
#610=LINE('',#3836,#975);
#611=LINE('',#3837,#976);
#612=LINE('',#3840,#977);
#613=LINE('',#3841,#978);
#614=LINE('',#3844,#979);
#615=LINE('',#3845,#980);
#616=LINE('',#3848,#981);
#617=LINE('',#3849,#982);
#618=LINE('',#3852,#983);
#619=LINE('',#3853,#984);
#620=LINE('',#3856,#985);
#621=LINE('',#3857,#986);
#622=LINE('',#3860,#987);
#623=LINE('',#3861,#988);
#624=LINE('',#3864,#989);
#625=LINE('',#3865,#990);
#626=LINE('',#3868,#991);
#627=LINE('',#3869,#992);
#628=LINE('',#3872,#993);
#629=LINE('',#3873,#994);
#630=LINE('',#3876,#995);
#631=LINE('',#3877,#996);
#632=LINE('',#3880,#997);
#633=LINE('',#3881,#998);
#634=LINE('',#3884,#999);
#635=LINE('',#3885,#1000);
#636=LINE('',#3888,#1001);
#637=LINE('',#3889,#1002);
#638=LINE('',#3892,#1003);
#639=LINE('',#3893,#1004);
#640=LINE('',#3896,#1005);
#641=LINE('',#3897,#1006);
#642=LINE('',#3900,#1007);
#643=LINE('',#3901,#1008);
#644=LINE('',#3904,#1009);
#645=LINE('',#3905,#1010);
#646=LINE('',#3908,#1011);
#647=LINE('',#3909,#1012);
#648=LINE('',#3912,#1013);
#649=LINE('',#3913,#1014);
#650=LINE('',#3916,#1015);
#651=LINE('',#3917,#1016);
#652=LINE('',#3920,#1017);
#653=LINE('',#3921,#1018);
#654=LINE('',#3924,#1019);
#655=LINE('',#3926,#1020);
#656=LINE('',#3927,#1021);
#657=LINE('',#3930,#1022);
#658=LINE('',#3931,#1023);
#659=LINE('',#3934,#1024);
#660=LINE('',#3938,#1025);
#661=LINE('',#3939,#1026);
#662=LINE('',#3942,#1027);
#663=LINE('',#3945,#1028);
#664=LINE('',#3948,#1029);
#665=LINE('',#3949,#1030);
#666=LINE('',#3952,#1031);
#667=LINE('',#3954,#1032);
#668=LINE('',#3955,#1033);
#669=LINE('',#3958,#1034);
#670=LINE('',#3959,#1035);
#671=LINE('',#3962,#1036);
#672=LINE('',#3963,#1037);
#673=LINE('',#3966,#1038);
#674=LINE('',#3967,#1039);
#675=LINE('',#3970,#1040);
#676=LINE('',#3972,#1041);
#677=LINE('',#3973,#1042);
#678=LINE('',#3976,#1043);
#679=LINE('',#3977,#1044);
#680=LINE('',#3980,#1045);
#681=LINE('',#3982,#1046);
#682=LINE('',#3984,#1047);
#683=LINE('',#3985,#1048);
#684=LINE('',#3986,#1049);
#685=LINE('',#3987,#1050);
#686=LINE('',#3988,#1051);
#687=LINE('',#3989,#1052);
#688=LINE('',#3990,#1053);
#689=LINE('',#3991,#1054);
#690=LINE('',#3992,#1055);
#691=LINE('',#3993,#1056);
#692=LINE('',#3994,#1057);
#693=LINE('',#3995,#1058);
#694=LINE('',#3996,#1059);
#695=LINE('',#3997,#1060);
#696=LINE('',#3998,#1061);
#697=LINE('',#4000,#1062);
#698=LINE('',#4002,#1063);
#699=LINE('',#4004,#1064);
#700=LINE('',#4006,#1065);
#701=LINE('',#4008,#1066);
#702=LINE('',#4010,#1067);
#703=LINE('',#4012,#1068);
#704=LINE('',#4014,#1069);
#705=LINE('',#4016,#1070);
#706=LINE('',#4018,#1071);
#707=LINE('',#4020,#1072);
#708=LINE('',#4022,#1073);
#709=LINE('',#4024,#1074);
#710=LINE('',#4026,#1075);
#711=LINE('',#4028,#1076);
#712=LINE('',#4030,#1077);
#713=LINE('',#4032,#1078);
#714=LINE('',#4034,#1079);
#715=LINE('',#4036,#1080);
#716=LINE('',#4038,#1081);
#717=LINE('',#4040,#1082);
#718=LINE('',#4042,#1083);
#719=LINE('',#4044,#1084);
#720=LINE('',#4045,#1085);
#721=LINE('',#4047,#1086);
#722=LINE('',#4049,#1087);
#723=LINE('',#4050,#1088);
#724=LINE('',#4052,#1089);
#725=LINE('',#4053,#1090);
#726=LINE('',#4055,#1091);
#727=LINE('',#4056,#1092);
#728=LINE('',#4058,#1093);
#729=LINE('',#4059,#1094);
#730=LINE('',#4061,#1095);
#731=LINE('',#4062,#1096);
#732=LINE('',#4064,#1097);
#733=LINE('',#4065,#1098);
#734=LINE('',#4067,#1099);
#735=LINE('',#4068,#1100);
#736=LINE('',#4070,#1101);
#737=LINE('',#4071,#1102);
#738=LINE('',#4073,#1103);
#739=LINE('',#4074,#1104);
#740=LINE('',#4076,#1105);
#741=LINE('',#4077,#1106);
#742=LINE('',#4079,#1107);
#743=LINE('',#4080,#1108);
#744=LINE('',#4082,#1109);
#745=LINE('',#4083,#1110);
#746=LINE('',#4085,#1111);
#747=LINE('',#4089,#1112);
#748=LINE('',#4090,#1113);
#749=LINE('',#4092,#1114);
#750=LINE('',#4095,#1115);
#751=LINE('',#4096,#1116);
#752=LINE('',#4099,#1117);
#753=LINE('',#4100,#1118);
#754=LINE('',#4102,#1119);
#755=LINE('',#4106,#1120);
#756=LINE('',#4108,#1121);
#757=LINE('',#4109,#1122);
#758=LINE('',#4112,#1123);
#759=LINE('',#4114,#1124);
#760=LINE('',#4115,#1125);
#761=LINE('',#4118,#1126);
#762=LINE('',#4120,#1127);
#763=LINE('',#4121,#1128);
#764=LINE('',#4124,#1129);
#765=LINE('',#4126,#1130);
#766=LINE('',#4127,#1131);
#767=LINE('',#4130,#1132);
#768=LINE('',#4132,#1133);
#769=LINE('',#4133,#1134);
#770=LINE('',#4136,#1135);
#771=LINE('',#4138,#1136);
#772=LINE('',#4139,#1137);
#773=LINE('',#4142,#1138);
#774=LINE('',#4144,#1139);
#775=LINE('',#4145,#1140);
#776=LINE('',#4148,#1141);
#777=LINE('',#4150,#1142);
#778=LINE('',#4151,#1143);
#779=LINE('',#4154,#1144);
#780=LINE('',#4156,#1145);
#781=LINE('',#4157,#1146);
#782=LINE('',#4160,#1147);
#783=LINE('',#4162,#1148);
#784=LINE('',#4163,#1149);
#785=LINE('',#4166,#1150);
#786=LINE('',#4168,#1151);
#787=LINE('',#4169,#1152);
#788=LINE('',#4172,#1153);
#789=LINE('',#4174,#1154);
#790=LINE('',#4175,#1155);
#791=LINE('',#4190,#1156);
#792=LINE('',#4192,#1157);
#793=LINE('',#4195,#1158);
#794=LINE('',#4197,#1159);
#795=LINE('',#4200,#1160);
#796=LINE('',#4202,#1161);
#797=LINE('',#4205,#1162);
#798=LINE('',#4207,#1163);
#799=LINE('',#4210,#1164);
#800=LINE('',#4212,#1165);
#801=LINE('',#4215,#1166);
#802=LINE('',#4217,#1167);
#803=LINE('',#4220,#1168);
#804=LINE('',#4222,#1169);
#805=LINE('',#4225,#1170);
#806=LINE('',#4227,#1171);
#807=LINE('',#4230,#1172);
#808=LINE('',#4232,#1173);
#809=LINE('',#4235,#1174);
#810=LINE('',#4237,#1175);
#811=LINE('',#4240,#1176);
#812=LINE('',#4242,#1177);
#813=LINE('',#4245,#1178);
#814=LINE('',#4247,#1179);
#815=VECTOR('',#2842,100.);
#816=VECTOR('',#2849,10.);
#817=VECTOR('',#2850,10.);
#818=VECTOR('',#2851,10.);
#819=VECTOR('',#2852,10.);
#820=VECTOR('',#2853,10.);
#821=VECTOR('',#2854,10.);
#822=VECTOR('',#2855,10.);
#823=VECTOR('',#2858,10.);
#824=VECTOR('',#2861,10.);
#825=VECTOR('',#2862,10.);
#826=VECTOR('',#2863,10.);
#827=VECTOR('',#2864,10.);
#828=VECTOR('',#2865,10.);
#829=VECTOR('',#2866,10.);
#830=VECTOR('',#2867,10.);
#831=VECTOR('',#2868,10.);
#832=VECTOR('',#2869,10.);
#833=VECTOR('',#2870,10.);
#834=VECTOR('',#2871,10.);
#835=VECTOR('',#2872,10.);
#836=VECTOR('',#2873,10.);
#837=VECTOR('',#2874,10.);
#838=VECTOR('',#2875,10.);
#839=VECTOR('',#2876,10.);
#840=VECTOR('',#2877,10.);
#841=VECTOR('',#2878,10.);
#842=VECTOR('',#2879,10.);
#843=VECTOR('',#2880,10.);
#844=VECTOR('',#2881,10.);
#845=VECTOR('',#2882,10.);
#846=VECTOR('',#2883,10.);
#847=VECTOR('',#2884,10.);
#848=VECTOR('',#2885,10.);
#849=VECTOR('',#2886,10.);
#850=VECTOR('',#2887,10.);
#851=VECTOR('',#2888,10.);
#852=VECTOR('',#2889,10.);
#853=VECTOR('',#2890,10.);
#854=VECTOR('',#2891,10.);
#855=VECTOR('',#2892,10.);
#856=VECTOR('',#2893,10.);
#857=VECTOR('',#2894,10.);
#858=VECTOR('',#2895,10.);
#859=VECTOR('',#2896,10.);
#860=VECTOR('',#2897,10.);
#861=VECTOR('',#2898,10.);
#862=VECTOR('',#2899,10.);
#863=VECTOR('',#2900,10.);
#864=VECTOR('',#2901,10.);
#865=VECTOR('',#2902,10.);
#866=VECTOR('',#2903,10.);
#867=VECTOR('',#2904,10.);
#868=VECTOR('',#2905,10.);
#869=VECTOR('',#2906,10.);
#870=VECTOR('',#2907,10.);
#871=VECTOR('',#2908,10.);
#872=VECTOR('',#2909,10.);
#873=VECTOR('',#2910,10.);
#874=VECTOR('',#2911,10.);
#875=VECTOR('',#2912,10.);
#876=VECTOR('',#2913,10.);
#877=VECTOR('',#2914,10.);
#878=VECTOR('',#2915,10.);
#879=VECTOR('',#2916,10.);
#880=VECTOR('',#2917,10.);
#881=VECTOR('',#2918,10.);
#882=VECTOR('',#2919,10.);
#883=VECTOR('',#2920,10.);
#884=VECTOR('',#2921,10.);
#885=VECTOR('',#2922,10.);
#886=VECTOR('',#2923,10.);
#887=VECTOR('',#2924,10.);
#888=VECTOR('',#2925,10.);
#889=VECTOR('',#2926,10.);
#890=VECTOR('',#2927,10.);
#891=VECTOR('',#2928,10.);
#892=VECTOR('',#2929,10.);
#893=VECTOR('',#2930,10.);
#894=VECTOR('',#2931,10.);
#895=VECTOR('',#2932,10.);
#896=VECTOR('',#2933,10.);
#897=VECTOR('',#2934,10.);
#898=VECTOR('',#2935,10.);
#899=VECTOR('',#2936,10.);
#900=VECTOR('',#2937,10.);
#901=VECTOR('',#2938,10.);
#902=VECTOR('',#2939,10.);
#903=VECTOR('',#2940,10.);
#904=VECTOR('',#2941,10.);
#905=VECTOR('',#2942,10.);
#906=VECTOR('',#2943,10.);
#907=VECTOR('',#2944,10.);
#908=VECTOR('',#2945,10.);
#909=VECTOR('',#2946,10.);
#910=VECTOR('',#2947,10.);
#911=VECTOR('',#2948,10.);
#912=VECTOR('',#2949,10.);
#913=VECTOR('',#2950,10.);
#914=VECTOR('',#2951,10.);
#915=VECTOR('',#2952,10.);
#916=VECTOR('',#2953,10.);
#917=VECTOR('',#2954,10.);
#918=VECTOR('',#2955,10.);
#919=VECTOR('',#2956,10.);
#920=VECTOR('',#2957,10.);
#921=VECTOR('',#2958,10.);
#922=VECTOR('',#2959,10.);
#923=VECTOR('',#2960,10.);
#924=VECTOR('',#2961,10.);
#925=VECTOR('',#2962,10.);
#926=VECTOR('',#2963,10.);
#927=VECTOR('',#2964,10.);
#928=VECTOR('',#2967,10.);
#929=VECTOR('',#2968,10.);
#930=VECTOR('',#2969,10.);
#931=VECTOR('',#2972,10.);
#932=VECTOR('',#2973,10.);
#933=VECTOR('',#2976,10.);
#934=VECTOR('',#2977,10.);
#935=VECTOR('',#2980,10.);
#936=VECTOR('',#2981,10.);
#937=VECTOR('',#2984,10.);
#938=VECTOR('',#2985,10.);
#939=VECTOR('',#2988,10.);
#940=VECTOR('',#2989,10.);
#941=VECTOR('',#2992,10.);
#942=VECTOR('',#2993,10.);
#943=VECTOR('',#2996,10.);
#944=VECTOR('',#2997,10.);
#945=VECTOR('',#3000,10.);
#946=VECTOR('',#3001,10.);
#947=VECTOR('',#3004,10.);
#948=VECTOR('',#3005,10.);
#949=VECTOR('',#3008,10.);
#950=VECTOR('',#3009,10.);
#951=VECTOR('',#3012,10.);
#952=VECTOR('',#3013,10.);
#953=VECTOR('',#3016,10.);
#954=VECTOR('',#3017,10.);
#955=VECTOR('',#3020,10.);
#956=VECTOR('',#3021,10.);
#957=VECTOR('',#3024,10.);
#958=VECTOR('',#3025,10.);
#959=VECTOR('',#3028,10.);
#960=VECTOR('',#3029,10.);
#961=VECTOR('',#3032,10.);
#962=VECTOR('',#3033,10.);
#963=VECTOR('',#3036,10.);
#964=VECTOR('',#3037,10.);
#965=VECTOR('',#3040,10.);
#966=VECTOR('',#3041,10.);
#967=VECTOR('',#3044,10.);
#968=VECTOR('',#3045,10.);
#969=VECTOR('',#3048,10.);
#970=VECTOR('',#3049,10.);
#971=VECTOR('',#3052,10.);
#972=VECTOR('',#3053,10.);
#973=VECTOR('',#3056,10.);
#974=VECTOR('',#3057,10.);
#975=VECTOR('',#3060,10.);
#976=VECTOR('',#3061,10.);
#977=VECTOR('',#3064,10.);
#978=VECTOR('',#3065,10.);
#979=VECTOR('',#3068,10.);
#980=VECTOR('',#3069,10.);
#981=VECTOR('',#3072,10.);
#982=VECTOR('',#3073,10.);
#983=VECTOR('',#3076,10.);
#984=VECTOR('',#3077,10.);
#985=VECTOR('',#3080,10.);
#986=VECTOR('',#3081,10.);
#987=VECTOR('',#3084,10.);
#988=VECTOR('',#3085,10.);
#989=VECTOR('',#3088,10.);
#990=VECTOR('',#3089,10.);
#991=VECTOR('',#3092,10.);
#992=VECTOR('',#3093,10.);
#993=VECTOR('',#3096,10.);
#994=VECTOR('',#3097,10.);
#995=VECTOR('',#3100,10.);
#996=VECTOR('',#3101,10.);
#997=VECTOR('',#3104,10.);
#998=VECTOR('',#3105,10.);
#999=VECTOR('',#3108,10.);
#1000=VECTOR('',#3109,10.);
#1001=VECTOR('',#3112,10.);
#1002=VECTOR('',#3113,10.);
#1003=VECTOR('',#3116,10.);
#1004=VECTOR('',#3117,10.);
#1005=VECTOR('',#3120,10.);
#1006=VECTOR('',#3121,10.);
#1007=VECTOR('',#3124,10.);
#1008=VECTOR('',#3125,10.);
#1009=VECTOR('',#3128,10.);
#1010=VECTOR('',#3129,10.);
#1011=VECTOR('',#3132,10.);
#1012=VECTOR('',#3133,10.);
#1013=VECTOR('',#3136,10.);
#1014=VECTOR('',#3137,10.);
#1015=VECTOR('',#3140,10.);
#1016=VECTOR('',#3141,10.);
#1017=VECTOR('',#3144,10.);
#1018=VECTOR('',#3145,10.);
#1019=VECTOR('',#3148,10.);
#1020=VECTOR('',#3149,10.);
#1021=VECTOR('',#3150,10.);
#1022=VECTOR('',#3153,10.);
#1023=VECTOR('',#3154,10.);
#1024=VECTOR('',#3157,10.);
#1025=VECTOR('',#3162,10.);
#1026=VECTOR('',#3163,10.);
#1027=VECTOR('',#3166,10.);
#1028=VECTOR('',#3171,10.);
#1029=VECTOR('',#3174,10.);
#1030=VECTOR('',#3175,10.);
#1031=VECTOR('',#3178,10.);
#1032=VECTOR('',#3179,10.);
#1033=VECTOR('',#3180,10.);
#1034=VECTOR('',#3183,10.);
#1035=VECTOR('',#3184,10.);
#1036=VECTOR('',#3187,10.);
#1037=VECTOR('',#3188,10.);
#1038=VECTOR('',#3191,10.);
#1039=VECTOR('',#3192,10.);
#1040=VECTOR('',#3195,10.);
#1041=VECTOR('',#3196,10.);
#1042=VECTOR('',#3197,10.);
#1043=VECTOR('',#3200,10.);
#1044=VECTOR('',#3201,10.);
#1045=VECTOR('',#3204,10.);
#1046=VECTOR('',#3205,10.);
#1047=VECTOR('',#3206,10.);
#1048=VECTOR('',#3207,10.);
#1049=VECTOR('',#3208,10.);
#1050=VECTOR('',#3209,10.);
#1051=VECTOR('',#3210,10.);
#1052=VECTOR('',#3211,10.);
#1053=VECTOR('',#3212,10.);
#1054=VECTOR('',#3213,10.);
#1055=VECTOR('',#3214,10.);
#1056=VECTOR('',#3215,10.);
#1057=VECTOR('',#3216,10.);
#1058=VECTOR('',#3217,10.);
#1059=VECTOR('',#3218,10.);
#1060=VECTOR('',#3219,10.);
#1061=VECTOR('',#3220,10.);
#1062=VECTOR('',#3221,10.);
#1063=VECTOR('',#3222,10.);
#1064=VECTOR('',#3223,10.);
#1065=VECTOR('',#3224,10.);
#1066=VECTOR('',#3225,10.);
#1067=VECTOR('',#3226,10.);
#1068=VECTOR('',#3227,10.);
#1069=VECTOR('',#3228,10.);
#1070=VECTOR('',#3229,10.);
#1071=VECTOR('',#3230,10.);
#1072=VECTOR('',#3231,10.);
#1073=VECTOR('',#3232,10.);
#1074=VECTOR('',#3233,10.);
#1075=VECTOR('',#3234,10.);
#1076=VECTOR('',#3235,10.);
#1077=VECTOR('',#3236,10.);
#1078=VECTOR('',#3237,10.);
#1079=VECTOR('',#3238,10.);
#1080=VECTOR('',#3239,10.);
#1081=VECTOR('',#3240,10.);
#1082=VECTOR('',#3241,10.);
#1083=VECTOR('',#3242,10.);
#1084=VECTOR('',#3243,10.);
#1085=VECTOR('',#3244,10.);
#1086=VECTOR('',#3247,10.);
#1087=VECTOR('',#3250,10.);
#1088=VECTOR('',#3251,10.);
#1089=VECTOR('',#3254,10.);
#1090=VECTOR('',#3255,10.);
#1091=VECTOR('',#3258,10.);
#1092=VECTOR('',#3259,10.);
#1093=VECTOR('',#3262,10.);
#1094=VECTOR('',#3263,10.);
#1095=VECTOR('',#3266,10.);
#1096=VECTOR('',#3267,10.);
#1097=VECTOR('',#3270,10.);
#1098=VECTOR('',#3271,10.);
#1099=VECTOR('',#3274,10.);
#1100=VECTOR('',#3275,10.);
#1101=VECTOR('',#3278,10.);
#1102=VECTOR('',#3279,10.);
#1103=VECTOR('',#3282,10.);
#1104=VECTOR('',#3283,10.);
#1105=VECTOR('',#3286,10.);
#1106=VECTOR('',#3287,10.);
#1107=VECTOR('',#3290,10.);
#1108=VECTOR('',#3291,10.);
#1109=VECTOR('',#3294,10.);
#1110=VECTOR('',#3295,10.);
#1111=VECTOR('',#3298,10.);
#1112=VECTOR('',#3303,10.);
#1113=VECTOR('',#3304,10.);
#1114=VECTOR('',#3307,10.);
#1115=VECTOR('',#3310,10.);
#1116=VECTOR('',#3311,10.);
#1117=VECTOR('',#3314,10.);
#1118=VECTOR('',#3315,10.);
#1119=VECTOR('',#3318,10.);
#1120=VECTOR('',#3323,10.);
#1121=VECTOR('',#3324,10.);
#1122=VECTOR('',#3325,10.);
#1123=VECTOR('',#3328,10.);
#1124=VECTOR('',#3329,10.);
#1125=VECTOR('',#3330,10.);
#1126=VECTOR('',#3333,10.);
#1127=VECTOR('',#3334,10.);
#1128=VECTOR('',#3335,10.);
#1129=VECTOR('',#3338,10.);
#1130=VECTOR('',#3339,10.);
#1131=VECTOR('',#3340,10.);
#1132=VECTOR('',#3343,10.);
#1133=VECTOR('',#3344,10.);
#1134=VECTOR('',#3345,10.);
#1135=VECTOR('',#3348,10.);
#1136=VECTOR('',#3349,10.);
#1137=VECTOR('',#3350,10.);
#1138=VECTOR('',#3353,10.);
#1139=VECTOR('',#3354,10.);
#1140=VECTOR('',#3355,10.);
#1141=VECTOR('',#3358,10.);
#1142=VECTOR('',#3359,10.);
#1143=VECTOR('',#3360,10.);
#1144=VECTOR('',#3363,10.);
#1145=VECTOR('',#3364,10.);
#1146=VECTOR('',#3365,10.);
#1147=VECTOR('',#3368,10.);
#1148=VECTOR('',#3369,10.);
#1149=VECTOR('',#3370,10.);
#1150=VECTOR('',#3373,10.);
#1151=VECTOR('',#3374,10.);
#1152=VECTOR('',#3375,10.);
#1153=VECTOR('',#3378,10.);
#1154=VECTOR('',#3379,10.);
#1155=VECTOR('',#3380,10.);
#1156=VECTOR('',#3409,10.);
#1157=VECTOR('',#3412,10.);
#1158=VECTOR('',#3417,10.);
#1159=VECTOR('',#3420,10.);
#1160=VECTOR('',#3425,10.);
#1161=VECTOR('',#3428,10.);
#1162=VECTOR('',#3433,10.);
#1163=VECTOR('',#3436,10.);
#1164=VECTOR('',#3441,10.);
#1165=VECTOR('',#3444,10.);
#1166=VECTOR('',#3449,10.);
#1167=VECTOR('',#3452,10.);
#1168=VECTOR('',#3457,10.);
#1169=VECTOR('',#3460,10.);
#1170=VECTOR('',#3465,10.);
#1171=VECTOR('',#3468,10.);
#1172=VECTOR('',#3473,10.);
#1173=VECTOR('',#3476,10.);
#1174=VECTOR('',#3481,10.);
#1175=VECTOR('',#3484,10.);
#1176=VECTOR('',#3489,10.);
#1177=VECTOR('',#3492,10.);
#1178=VECTOR('',#3497,10.);
#1179=VECTOR('',#3500,10.);
#1180=CIRCLE('',#2687,100.);
#1181=CIRCLE('',#2688,100.);
#1182=VERTEX_POINT('',#3505);
#1183=VERTEX_POINT('',#3507);
#1184=VERTEX_POINT('',#3512);
#1185=VERTEX_POINT('',#3513);
#1186=VERTEX_POINT('',#3515);
#1187=VERTEX_POINT('',#3517);
#1188=VERTEX_POINT('',#3519);
#1189=VERTEX_POINT('',#3521);
#1190=VERTEX_POINT('',#3523);
#1191=VERTEX_POINT('',#3525);
#1192=VERTEX_POINT('',#3527);
#1193=VERTEX_POINT('',#3529);
#1194=VERTEX_POINT('',#3531);
#1195=VERTEX_POINT('',#3533);
#1196=VERTEX_POINT('',#3535);
#1197=VERTEX_POINT('',#3537);
#1198=VERTEX_POINT('',#3539);
#1199=VERTEX_POINT('',#3541);
#1200=VERTEX_POINT('',#3543);
#1201=VERTEX_POINT('',#3545);
#1202=VERTEX_POINT('',#3547);
#1203=VERTEX_POINT('',#3549);
#1204=VERTEX_POINT('',#3551);
#1205=VERTEX_POINT('',#3553);
#1206=VERTEX_POINT('',#3555);
#1207=VERTEX_POINT('',#3557);
#1208=VERTEX_POINT('',#3559);
#1209=VERTEX_POINT('',#3561);
#1210=VERTEX_POINT('',#3563);
#1211=VERTEX_POINT('',#3565);
#1212=VERTEX_POINT('',#3567);
#1213=VERTEX_POINT('',#3569);
#1214=VERTEX_POINT('',#3571);
#1215=VERTEX_POINT('',#3573);
#1216=VERTEX_POINT('',#3575);
#1217=VERTEX_POINT('',#3577);
#1218=VERTEX_POINT('',#3579);
#1219=VERTEX_POINT('',#3581);
#1220=VERTEX_POINT('',#3583);
#1221=VERTEX_POINT('',#3585);
#1222=VERTEX_POINT('',#3587);
#1223=VERTEX_POINT('',#3589);
#1224=VERTEX_POINT('',#3591);
#1225=VERTEX_POINT('',#3593);
#1226=VERTEX_POINT('',#3595);
#1227=VERTEX_POINT('',#3597);
#1228=VERTEX_POINT('',#3599);
#1229=VERTEX_POINT('',#3601);
#1230=VERTEX_POINT('',#3603);
#1231=VERTEX_POINT('',#3605);
#1232=VERTEX_POINT('',#3607);
#1233=VERTEX_POINT('',#3609);
#1234=VERTEX_POINT('',#3611);
#1235=VERTEX_POINT('',#3613);
#1236=VERTEX_POINT('',#3615);
#1237=VERTEX_POINT('',#3617);
#1238=VERTEX_POINT('',#3619);
#1239=VERTEX_POINT('',#3621);
#1240=VERTEX_POINT('',#3623);
#1241=VERTEX_POINT('',#3625);
#1242=VERTEX_POINT('',#3627);
#1243=VERTEX_POINT('',#3629);
#1244=VERTEX_POINT('',#3631);
#1245=VERTEX_POINT('',#3633);
#1246=VERTEX_POINT('',#3635);
#1247=VERTEX_POINT('',#3637);
#1248=VERTEX_POINT('',#3639);
#1249=VERTEX_POINT('',#3641);
#1250=VERTEX_POINT('',#3643);
#1251=VERTEX_POINT('',#3645);
#1252=VERTEX_POINT('',#3647);
#1253=VERTEX_POINT('',#3649);
#1254=VERTEX_POINT('',#3651);
#1255=VERTEX_POINT('',#3653);
#1256=VERTEX_POINT('',#3655);
#1257=VERTEX_POINT('',#3657);
#1258=VERTEX_POINT('',#3659);
#1259=VERTEX_POINT('',#3661);
#1260=VERTEX_POINT('',#3663);
#1261=VERTEX_POINT('',#3665);
#1262=VERTEX_POINT('',#3667);
#1263=VERTEX_POINT('',#3669);
#1264=VERTEX_POINT('',#3671);
#1265=VERTEX_POINT('',#3673);
#1266=VERTEX_POINT('',#3675);
#1267=VERTEX_POINT('',#3677);
#1268=VERTEX_POINT('',#3679);
#1269=VERTEX_POINT('',#3681);
#1270=VERTEX_POINT('',#3683);
#1271=VERTEX_POINT('',#3685);
#1272=VERTEX_POINT('',#3687);
#1273=VERTEX_POINT('',#3689);
#1274=VERTEX_POINT('',#3691);
#1275=VERTEX_POINT('',#3693);
#1276=VERTEX_POINT('',#3695);
#1277=VERTEX_POINT('',#3697);
#1278=VERTEX_POINT('',#3699);
#1279=VERTEX_POINT('',#3701);
#1280=VERTEX_POINT('',#3703);
#1281=VERTEX_POINT('',#3705);
#1282=VERTEX_POINT('',#3707);
#1283=VERTEX_POINT('',#3709);
#1284=VERTEX_POINT('',#3711);
#1285=VERTEX_POINT('',#3713);
#1286=VERTEX_POINT('',#3715);
#1287=VERTEX_POINT('',#3717);
#1288=VERTEX_POINT('',#3719);
#1289=VERTEX_POINT('',#3721);
#1290=VERTEX_POINT('',#3723);
#1291=VERTEX_POINT('',#3725);
#1292=VERTEX_POINT('',#3727);
#1293=VERTEX_POINT('',#3729);
#1294=VERTEX_POINT('',#3731);
#1295=VERTEX_POINT('',#3733);
#1296=VERTEX_POINT('',#3735);
#1297=VERTEX_POINT('',#3737);
#1298=VERTEX_POINT('',#3741);
#1299=VERTEX_POINT('',#3743);
#1300=VERTEX_POINT('',#3747);
#1301=VERTEX_POINT('',#3751);
#1302=VERTEX_POINT('',#3755);
#1303=VERTEX_POINT('',#3759);
#1304=VERTEX_POINT('',#3763);
#1305=VERTEX_POINT('',#3767);
#1306=VERTEX_POINT('',#3771);
#1307=VERTEX_POINT('',#3775);
#1308=VERTEX_POINT('',#3779);
#1309=VERTEX_POINT('',#3783);
#1310=VERTEX_POINT('',#3787);
#1311=VERTEX_POINT('',#3791);
#1312=VERTEX_POINT('',#3795);
#1313=VERTEX_POINT('',#3799);
#1314=VERTEX_POINT('',#3803);
#1315=VERTEX_POINT('',#3807);
#1316=VERTEX_POINT('',#3811);
#1317=VERTEX_POINT('',#3815);
#1318=VERTEX_POINT('',#3819);
#1319=VERTEX_POINT('',#3823);
#1320=VERTEX_POINT('',#3827);
#1321=VERTEX_POINT('',#3831);
#1322=VERTEX_POINT('',#3835);
#1323=VERTEX_POINT('',#3839);
#1324=VERTEX_POINT('',#3843);
#1325=VERTEX_POINT('',#3847);
#1326=VERTEX_POINT('',#3851);
#1327=VERTEX_POINT('',#3855);
#1328=VERTEX_POINT('',#3859);
#1329=VERTEX_POINT('',#3863);
#1330=VERTEX_POINT('',#3867);
#1331=VERTEX_POINT('',#3871);
#1332=VERTEX_POINT('',#3875);
#1333=VERTEX_POINT('',#3879);
#1334=VERTEX_POINT('',#3883);
#1335=VERTEX_POINT('',#3887);
#1336=VERTEX_POINT('',#3891);
#1337=VERTEX_POINT('',#3895);
#1338=VERTEX_POINT('',#3899);
#1339=VERTEX_POINT('',#3903);
#1340=VERTEX_POINT('',#3907);
#1341=VERTEX_POINT('',#3911);
#1342=VERTEX_POINT('',#3915);
#1343=VERTEX_POINT('',#3919);
#1344=VERTEX_POINT('',#3923);
#1345=VERTEX_POINT('',#3925);
#1346=VERTEX_POINT('',#3929);
#1347=VERTEX_POINT('',#3933);
#1348=VERTEX_POINT('',#3937);
#1349=VERTEX_POINT('',#3941);
#1350=VERTEX_POINT('',#3947);
#1351=VERTEX_POINT('',#3951);
#1352=VERTEX_POINT('',#3953);
#1353=VERTEX_POINT('',#3957);
#1354=VERTEX_POINT('',#3961);
#1355=VERTEX_POINT('',#3965);
#1356=VERTEX_POINT('',#3969);
#1357=VERTEX_POINT('',#3971);
#1358=VERTEX_POINT('',#3975);
#1359=VERTEX_POINT('',#3979);
#1360=VERTEX_POINT('',#3981);
#1361=VERTEX_POINT('',#3983);
#1362=VERTEX_POINT('',#3999);
#1363=VERTEX_POINT('',#4001);
#1364=VERTEX_POINT('',#4003);
#1365=VERTEX_POINT('',#4005);
#1366=VERTEX_POINT('',#4007);
#1367=VERTEX_POINT('',#4009);
#1368=VERTEX_POINT('',#4011);
#1369=VERTEX_POINT('',#4013);
#1370=VERTEX_POINT('',#4015);
#1371=VERTEX_POINT('',#4017);
#1372=VERTEX_POINT('',#4019);
#1373=VERTEX_POINT('',#4021);
#1374=VERTEX_POINT('',#4023);
#1375=VERTEX_POINT('',#4025);
#1376=VERTEX_POINT('',#4027);
#1377=VERTEX_POINT('',#4029);
#1378=VERTEX_POINT('',#4031);
#1379=VERTEX_POINT('',#4033);
#1380=VERTEX_POINT('',#4035);
#1381=VERTEX_POINT('',#4037);
#1382=VERTEX_POINT('',#4039);
#1383=VERTEX_POINT('',#4041);
#1384=VERTEX_POINT('',#4043);
#1385=VERTEX_POINT('',#4088);
#1386=VERTEX_POINT('',#4094);
#1387=VERTEX_POINT('',#4098);
#1388=VERTEX_POINT('',#4105);
#1389=VERTEX_POINT('',#4107);
#1390=VERTEX_POINT('',#4111);
#1391=VERTEX_POINT('',#4113);
#1392=VERTEX_POINT('',#4117);
#1393=VERTEX_POINT('',#4119);
#1394=VERTEX_POINT('',#4123);
#1395=VERTEX_POINT('',#4125);
#1396=VERTEX_POINT('',#4129);
#1397=VERTEX_POINT('',#4131);
#1398=VERTEX_POINT('',#4135);
#1399=VERTEX_POINT('',#4137);
#1400=VERTEX_POINT('',#4141);
#1401=VERTEX_POINT('',#4143);
#1402=VERTEX_POINT('',#4147);
#1403=VERTEX_POINT('',#4149);
#1404=VERTEX_POINT('',#4153);
#1405=VERTEX_POINT('',#4155);
#1406=VERTEX_POINT('',#4159);
#1407=VERTEX_POINT('',#4161);
#1408=VERTEX_POINT('',#4165);
#1409=VERTEX_POINT('',#4167);
#1410=VERTEX_POINT('',#4171);
#1411=VERTEX_POINT('',#4173);
#1412=EDGE_CURVE('',#1182,#1182,#1180,.T.);
#1413=EDGE_CURVE('',#1182,#1183,#450,.T.);
#1414=EDGE_CURVE('',#1183,#1183,#1181,.T.);
#1415=EDGE_CURVE('',#1184,#1185,#451,.T.);
#1416=EDGE_CURVE('',#1186,#1184,#452,.T.);
#1417=EDGE_CURVE('',#1187,#1186,#453,.T.);
#1418=EDGE_CURVE('',#1188,#1187,#454,.T.);
#1419=EDGE_CURVE('',#1189,#1188,#455,.T.);
#1420=EDGE_CURVE('',#1190,#1189,#456,.T.);
#1421=EDGE_CURVE('',#1191,#1190,#457,.T.);
#1422=EDGE_CURVE('',#1192,#1191,#16,.T.);
#1423=EDGE_CURVE('',#1193,#1192,#458,.T.);
#1424=EDGE_CURVE('',#1194,#1193,#17,.T.);
#1425=EDGE_CURVE('',#1195,#1194,#459,.T.);
#1426=EDGE_CURVE('',#1196,#1195,#460,.T.);
#1427=EDGE_CURVE('',#1197,#1196,#461,.T.);
#1428=EDGE_CURVE('',#1198,#1197,#462,.T.);
#1429=EDGE_CURVE('',#1199,#1198,#463,.T.);
#1430=EDGE_CURVE('',#1200,#1199,#464,.T.);
#1431=EDGE_CURVE('',#1201,#1200,#465,.T.);
#1432=EDGE_CURVE('',#1202,#1201,#466,.T.);
#1433=EDGE_CURVE('',#1203,#1202,#467,.T.);
#1434=EDGE_CURVE('',#1204,#1203,#468,.T.);
#1435=EDGE_CURVE('',#1205,#1204,#469,.T.);
#1436=EDGE_CURVE('',#1206,#1205,#470,.T.);
#1437=EDGE_CURVE('',#1207,#1206,#471,.T.);
#1438=EDGE_CURVE('',#1208,#1207,#472,.T.);
#1439=EDGE_CURVE('',#1209,#1208,#473,.T.);
#1440=EDGE_CURVE('',#1210,#1209,#474,.T.);
#1441=EDGE_CURVE('',#1211,#1210,#475,.T.);
#1442=EDGE_CURVE('',#1212,#1211,#476,.T.);
#1443=EDGE_CURVE('',#1213,#1212,#477,.T.);
#1444=EDGE_CURVE('',#1214,#1213,#478,.T.);
#1445=EDGE_CURVE('',#1215,#1214,#479,.T.);
#1446=EDGE_CURVE('',#1216,#1215,#480,.T.);
#1447=EDGE_CURVE('',#1217,#1216,#481,.T.);
#1448=EDGE_CURVE('',#1218,#1217,#482,.T.);
#1449=EDGE_CURVE('',#1219,#1218,#483,.T.);
#1450=EDGE_CURVE('',#1220,#1219,#484,.T.);
#1451=EDGE_CURVE('',#1221,#1220,#485,.T.);
#1452=EDGE_CURVE('',#1222,#1221,#486,.T.);
#1453=EDGE_CURVE('',#1223,#1222,#487,.T.);
#1454=EDGE_CURVE('',#1224,#1223,#488,.T.);
#1455=EDGE_CURVE('',#1225,#1224,#489,.T.);
#1456=EDGE_CURVE('',#1226,#1225,#490,.T.);
#1457=EDGE_CURVE('',#1227,#1226,#491,.T.);
#1458=EDGE_CURVE('',#1228,#1227,#492,.T.);
#1459=EDGE_CURVE('',#1229,#1228,#493,.T.);
#1460=EDGE_CURVE('',#1230,#1229,#494,.T.);
#1461=EDGE_CURVE('',#1231,#1230,#495,.T.);
#1462=EDGE_CURVE('',#1232,#1231,#496,.T.);
#1463=EDGE_CURVE('',#1233,#1232,#497,.T.);
#1464=EDGE_CURVE('',#1234,#1233,#498,.T.);
#1465=EDGE_CURVE('',#1235,#1234,#499,.T.);
#1466=EDGE_CURVE('',#1236,#1235,#500,.T.);
#1467=EDGE_CURVE('',#1237,#1236,#501,.T.);
#1468=EDGE_CURVE('',#1238,#1237,#502,.T.);
#1469=EDGE_CURVE('',#1239,#1238,#503,.T.);
#1470=EDGE_CURVE('',#1240,#1239,#504,.T.);
#1471=EDGE_CURVE('',#1241,#1240,#505,.T.);
#1472=EDGE_CURVE('',#1242,#1241,#506,.T.);
#1473=EDGE_CURVE('',#1243,#1242,#507,.T.);
#1474=EDGE_CURVE('',#1244,#1243,#508,.T.);
#1475=EDGE_CURVE('',#1245,#1244,#509,.T.);
#1476=EDGE_CURVE('',#1246,#1245,#510,.T.);
#1477=EDGE_CURVE('',#1247,#1246,#511,.T.);
#1478=EDGE_CURVE('',#1248,#1247,#512,.T.);
#1479=EDGE_CURVE('',#1249,#1248,#513,.T.);
#1480=EDGE_CURVE('',#1250,#1249,#514,.T.);
#1481=EDGE_CURVE('',#1251,#1250,#515,.T.);
#1482=EDGE_CURVE('',#1252,#1251,#516,.T.);
#1483=EDGE_CURVE('',#1253,#1252,#517,.T.);
#1484=EDGE_CURVE('',#1254,#1253,#518,.T.);
#1485=EDGE_CURVE('',#1255,#1254,#519,.T.);
#1486=EDGE_CURVE('',#1256,#1255,#520,.T.);
#1487=EDGE_CURVE('',#1257,#1256,#521,.T.);
#1488=EDGE_CURVE('',#1258,#1257,#522,.T.);
#1489=EDGE_CURVE('',#1259,#1258,#523,.T.);
#1490=EDGE_CURVE('',#1260,#1259,#524,.T.);
#1491=EDGE_CURVE('',#1261,#1260,#525,.T.);
#1492=EDGE_CURVE('',#1262,#1261,#526,.T.);
#1493=EDGE_CURVE('',#1263,#1262,#527,.T.);
#1494=EDGE_CURVE('',#1264,#1263,#528,.T.);
#1495=EDGE_CURVE('',#1265,#1264,#529,.T.);
#1496=EDGE_CURVE('',#1266,#1265,#530,.T.);
#1497=EDGE_CURVE('',#1267,#1266,#531,.T.);
#1498=EDGE_CURVE('',#1268,#1267,#532,.T.);
#1499=EDGE_CURVE('',#1269,#1268,#533,.T.);
#1500=EDGE_CURVE('',#1270,#1269,#534,.T.);
#1501=EDGE_CURVE('',#1271,#1270,#535,.T.);
#1502=EDGE_CURVE('',#1272,#1271,#536,.T.);
#1503=EDGE_CURVE('',#1273,#1272,#537,.T.);
#1504=EDGE_CURVE('',#1274,#1273,#538,.T.);
#1505=EDGE_CURVE('',#1275,#1274,#539,.T.);
#1506=EDGE_CURVE('',#1276,#1275,#540,.T.);
#1507=EDGE_CURVE('',#1277,#1276,#541,.T.);
#1508=EDGE_CURVE('',#1278,#1277,#542,.T.);
#1509=EDGE_CURVE('',#1279,#1278,#543,.T.);
#1510=EDGE_CURVE('',#1280,#1279,#544,.T.);
#1511=EDGE_CURVE('',#1281,#1280,#545,.T.);
#1512=EDGE_CURVE('',#1282,#1281,#546,.T.);
#1513=EDGE_CURVE('',#1283,#1282,#547,.T.);
#1514=EDGE_CURVE('',#1284,#1283,#548,.T.);
#1515=EDGE_CURVE('',#1285,#1284,#549,.T.);
#1516=EDGE_CURVE('',#1286,#1285,#550,.T.);
#1517=EDGE_CURVE('',#1287,#1286,#551,.T.);
#1518=EDGE_CURVE('',#1288,#1287,#552,.T.);
#1519=EDGE_CURVE('',#1289,#1288,#553,.T.);
#1520=EDGE_CURVE('',#1290,#1289,#554,.T.);
#1521=EDGE_CURVE('',#1291,#1290,#555,.T.);
#1522=EDGE_CURVE('',#1292,#1291,#556,.T.);
#1523=EDGE_CURVE('',#1293,#1292,#557,.T.);
#1524=EDGE_CURVE('',#1294,#1293,#558,.T.);
#1525=EDGE_CURVE('',#1295,#1294,#559,.T.);
#1526=EDGE_CURVE('',#1296,#1295,#560,.T.);
#1527=EDGE_CURVE('',#1297,#1296,#561,.T.);
#1528=EDGE_CURVE('',#1185,#1297,#562,.T.);
#1529=EDGE_CURVE('',#1241,#1298,#563,.T.);
#1530=EDGE_CURVE('',#1298,#1299,#564,.T.);
#1531=EDGE_CURVE('',#1242,#1299,#565,.T.);
#1532=EDGE_CURVE('',#1300,#1240,#566,.T.);
#1533=EDGE_CURVE('',#1298,#1300,#567,.T.);
#1534=EDGE_CURVE('',#1301,#1239,#568,.T.);
#1535=EDGE_CURVE('',#1300,#1301,#569,.T.);
#1536=EDGE_CURVE('',#1238,#1302,#570,.T.);
#1537=EDGE_CURVE('',#1302,#1301,#571,.T.);
#1538=EDGE_CURVE('',#1237,#1303,#572,.T.);
#1539=EDGE_CURVE('',#1303,#1302,#573,.T.);
#1540=EDGE_CURVE('',#1304,#1236,#574,.T.);
#1541=EDGE_CURVE('',#1303,#1304,#575,.T.);
#1542=EDGE_CURVE('',#1305,#1235,#576,.T.);
#1543=EDGE_CURVE('',#1304,#1305,#577,.T.);
#1544=EDGE_CURVE('',#1234,#1306,#578,.T.);
#1545=EDGE_CURVE('',#1306,#1305,#579,.T.);
#1546=EDGE_CURVE('',#1233,#1307,#580,.T.);
#1547=EDGE_CURVE('',#1307,#1306,#581,.T.);
#1548=EDGE_CURVE('',#1308,#1232,#582,.T.);
#1549=EDGE_CURVE('',#1307,#1308,#583,.T.);
#1550=EDGE_CURVE('',#1309,#1231,#584,.T.);
#1551=EDGE_CURVE('',#1308,#1309,#585,.T.);
#1552=EDGE_CURVE('',#1230,#1310,#586,.T.);
#1553=EDGE_CURVE('',#1310,#1309,#587,.T.);
#1554=EDGE_CURVE('',#1229,#1311,#588,.T.);
#1555=EDGE_CURVE('',#1311,#1310,#589,.T.);
#1556=EDGE_CURVE('',#1312,#1228,#590,.T.);
#1557=EDGE_CURVE('',#1311,#1312,#591,.T.);
#1558=EDGE_CURVE('',#1313,#1227,#592,.T.);
#1559=EDGE_CURVE('',#1312,#1313,#593,.T.);
#1560=EDGE_CURVE('',#1226,#1314,#594,.T.);
#1561=EDGE_CURVE('',#1314,#1313,#595,.T.);
#1562=EDGE_CURVE('',#1225,#1315,#596,.T.);
#1563=EDGE_CURVE('',#1315,#1314,#597,.T.);
#1564=EDGE_CURVE('',#1316,#1224,#598,.T.);
#1565=EDGE_CURVE('',#1315,#1316,#599,.T.);
#1566=EDGE_CURVE('',#1317,#1223,#600,.T.);
#1567=EDGE_CURVE('',#1316,#1317,#601,.T.);
#1568=EDGE_CURVE('',#1222,#1318,#602,.T.);
#1569=EDGE_CURVE('',#1318,#1317,#603,.T.);
#1570=EDGE_CURVE('',#1221,#1319,#604,.T.);
#1571=EDGE_CURVE('',#1319,#1318,#605,.T.);
#1572=EDGE_CURVE('',#1320,#1220,#606,.T.);
#1573=EDGE_CURVE('',#1319,#1320,#607,.T.);
#1574=EDGE_CURVE('',#1321,#1219,#608,.T.);
#1575=EDGE_CURVE('',#1320,#1321,#609,.T.);
#1576=EDGE_CURVE('',#1218,#1322,#610,.T.);
#1577=EDGE_CURVE('',#1322,#1321,#611,.T.);
#1578=EDGE_CURVE('',#1217,#1323,#612,.T.);
#1579=EDGE_CURVE('',#1323,#1322,#613,.T.);
#1580=EDGE_CURVE('',#1324,#1216,#614,.T.);
#1581=EDGE_CURVE('',#1323,#1324,#615,.T.);
#1582=EDGE_CURVE('',#1325,#1215,#616,.T.);
#1583=EDGE_CURVE('',#1324,#1325,#617,.T.);
#1584=EDGE_CURVE('',#1214,#1326,#618,.T.);
#1585=EDGE_CURVE('',#1326,#1325,#619,.T.);
#1586=EDGE_CURVE('',#1213,#1327,#620,.T.);
#1587=EDGE_CURVE('',#1327,#1326,#621,.T.);
#1588=EDGE_CURVE('',#1328,#1212,#622,.T.);
#1589=EDGE_CURVE('',#1327,#1328,#623,.T.);
#1590=EDGE_CURVE('',#1329,#1211,#624,.T.);
#1591=EDGE_CURVE('',#1328,#1329,#625,.T.);
#1592=EDGE_CURVE('',#1210,#1330,#626,.T.);
#1593=EDGE_CURVE('',#1330,#1329,#627,.T.);
#1594=EDGE_CURVE('',#1209,#1331,#628,.T.);
#1595=EDGE_CURVE('',#1331,#1330,#629,.T.);
#1596=EDGE_CURVE('',#1332,#1208,#630,.T.);
#1597=EDGE_CURVE('',#1331,#1332,#631,.T.);
#1598=EDGE_CURVE('',#1333,#1207,#632,.T.);
#1599=EDGE_CURVE('',#1332,#1333,#633,.T.);
#1600=EDGE_CURVE('',#1206,#1334,#634,.T.);
#1601=EDGE_CURVE('',#1334,#1333,#635,.T.);
#1602=EDGE_CURVE('',#1205,#1335,#636,.T.);
#1603=EDGE_CURVE('',#1335,#1334,#637,.T.);
#1604=EDGE_CURVE('',#1336,#1204,#638,.T.);
#1605=EDGE_CURVE('',#1335,#1336,#639,.T.);
#1606=EDGE_CURVE('',#1337,#1203,#640,.T.);
#1607=EDGE_CURVE('',#1336,#1337,#641,.T.);
#1608=EDGE_CURVE('',#1202,#1338,#642,.T.);
#1609=EDGE_CURVE('',#1338,#1337,#643,.T.);
#1610=EDGE_CURVE('',#1201,#1339,#644,.T.);
#1611=EDGE_CURVE('',#1339,#1338,#645,.T.);
#1612=EDGE_CURVE('',#1340,#1200,#646,.T.);
#1613=EDGE_CURVE('',#1339,#1340,#647,.T.);
#1614=EDGE_CURVE('',#1341,#1199,#648,.T.);
#1615=EDGE_CURVE('',#1340,#1341,#649,.T.);
#1616=EDGE_CURVE('',#1198,#1342,#650,.T.);
#1617=EDGE_CURVE('',#1342,#1341,#651,.T.);
#1618=EDGE_CURVE('',#1197,#1343,#652,.T.);
#1619=EDGE_CURVE('',#1343,#1342,#653,.T.);
#1620=EDGE_CURVE('',#1344,#1196,#654,.T.);
#1621=EDGE_CURVE('',#1345,#1344,#655,.T.);
#1622=EDGE_CURVE('',#1343,#1345,#656,.T.);
#1623=EDGE_CURVE('',#1346,#1194,#657,.T.);
#1624=EDGE_CURVE('',#1195,#1346,#658,.T.);
#1625=EDGE_CURVE('',#1193,#1347,#659,.T.);
#1626=EDGE_CURVE('',#1347,#1346,#18,.F.);
#1627=EDGE_CURVE('',#1348,#1192,#660,.T.);
#1628=EDGE_CURVE('',#1347,#1348,#661,.T.);
#1629=EDGE_CURVE('',#1191,#1349,#662,.T.);
#1630=EDGE_CURVE('',#1349,#1348,#19,.F.);
#1631=EDGE_CURVE('',#1190,#1349,#663,.F.);
#1632=EDGE_CURVE('',#1189,#1350,#664,.T.);
#1633=EDGE_CURVE('',#1344,#1350,#665,.T.);
#1634=EDGE_CURVE('',#1188,#1351,#666,.T.);
#1635=EDGE_CURVE('',#1352,#1351,#667,.T.);
#1636=EDGE_CURVE('',#1350,#1352,#668,.T.);
#1637=EDGE_CURVE('',#1187,#1353,#669,.T.);
#1638=EDGE_CURVE('',#1351,#1353,#670,.T.);
#1639=EDGE_CURVE('',#1354,#1186,#671,.T.);
#1640=EDGE_CURVE('',#1353,#1354,#672,.T.);
#1641=EDGE_CURVE('',#1355,#1184,#673,.T.);
#1642=EDGE_CURVE('',#1355,#1354,#674,.T.);
#1643=EDGE_CURVE('',#1356,#1249,#675,.T.);
#1644=EDGE_CURVE('',#1357,#1356,#676,.T.);
#1645=EDGE_CURVE('',#1250,#1357,#677,.T.);
#1646=EDGE_CURVE('',#1358,#1357,#678,.T.);
#1647=EDGE_CURVE('',#1358,#1251,#679,.T.);
#1648=EDGE_CURVE('',#1356,#1359,#680,.T.);
#1649=EDGE_CURVE('',#1359,#1360,#681,.T.);
#1650=EDGE_CURVE('',#1360,#1361,#682,.T.);
#1651=EDGE_CURVE('',#1361,#1298,#683,.T.);
#1652=EDGE_CURVE('',#1300,#1303,#684,.T.);
#1653=EDGE_CURVE('',#1304,#1307,#685,.T.);
#1654=EDGE_CURVE('',#1308,#1311,#686,.T.);
#1655=EDGE_CURVE('',#1312,#1315,#687,.T.);
#1656=EDGE_CURVE('',#1316,#1319,#688,.T.);
#1657=EDGE_CURVE('',#1320,#1323,#689,.T.);
#1658=EDGE_CURVE('',#1324,#1327,#690,.T.);
#1659=EDGE_CURVE('',#1328,#1331,#691,.T.);
#1660=EDGE_CURVE('',#1332,#1335,#692,.T.);
#1661=EDGE_CURVE('',#1336,#1339,#693,.T.);
#1662=EDGE_CURVE('',#1340,#1343,#694,.T.);
#1663=EDGE_CURVE('',#1352,#1345,#695,.T.);
#1664=EDGE_CURVE('',#1351,#1355,#696,.T.);
#1665=EDGE_CURVE('',#1355,#1362,#697,.T.);
#1666=EDGE_CURVE('',#1362,#1363,#698,.T.);
#1667=EDGE_CURVE('',#1363,#1364,#699,.T.);
#1668=EDGE_CURVE('',#1364,#1365,#700,.T.);
#1669=EDGE_CURVE('',#1365,#1366,#701,.T.);
#1670=EDGE_CURVE('',#1366,#1367,#702,.T.);
#1671=EDGE_CURVE('',#1367,#1368,#703,.T.);
#1672=EDGE_CURVE('',#1368,#1369,#704,.T.);
#1673=EDGE_CURVE('',#1369,#1370,#705,.T.);
#1674=EDGE_CURVE('',#1370,#1371,#706,.T.);
#1675=EDGE_CURVE('',#1371,#1372,#707,.T.);
#1676=EDGE_CURVE('',#1372,#1373,#708,.T.);
#1677=EDGE_CURVE('',#1373,#1374,#709,.T.);
#1678=EDGE_CURVE('',#1374,#1375,#710,.T.);
#1679=EDGE_CURVE('',#1375,#1376,#711,.T.);
#1680=EDGE_CURVE('',#1376,#1377,#712,.T.);
#1681=EDGE_CURVE('',#1377,#1378,#713,.T.);
#1682=EDGE_CURVE('',#1378,#1379,#714,.T.);
#1683=EDGE_CURVE('',#1379,#1380,#715,.T.);
#1684=EDGE_CURVE('',#1380,#1381,#716,.T.);
#1685=EDGE_CURVE('',#1381,#1382,#717,.T.);
#1686=EDGE_CURVE('',#1382,#1383,#718,.T.);
#1687=EDGE_CURVE('',#1383,#1384,#719,.T.);
#1688=EDGE_CURVE('',#1384,#1358,#720,.T.);
#1689=EDGE_CURVE('',#1359,#1248,#721,.T.);
#1690=EDGE_CURVE('',#1361,#1244,#722,.T.);
#1691=EDGE_CURVE('',#1245,#1360,#723,.T.);
#1692=EDGE_CURVE('',#1254,#1384,#724,.T.);
#1693=EDGE_CURVE('',#1383,#1255,#725,.T.);
#1694=EDGE_CURVE('',#1258,#1382,#726,.T.);
#1695=EDGE_CURVE('',#1381,#1259,#727,.T.);
#1696=EDGE_CURVE('',#1262,#1380,#728,.T.);
#1697=EDGE_CURVE('',#1379,#1263,#729,.T.);
#1698=EDGE_CURVE('',#1266,#1378,#730,.T.);
#1699=EDGE_CURVE('',#1377,#1267,#731,.T.);
#1700=EDGE_CURVE('',#1270,#1376,#732,.T.);
#1701=EDGE_CURVE('',#1375,#1271,#733,.T.);
#1702=EDGE_CURVE('',#1274,#1374,#734,.T.);
#1703=EDGE_CURVE('',#1373,#1275,#735,.T.);
#1704=EDGE_CURVE('',#1278,#1372,#736,.T.);
#1705=EDGE_CURVE('',#1371,#1279,#737,.T.);
#1706=EDGE_CURVE('',#1282,#1370,#738,.T.);
#1707=EDGE_CURVE('',#1369,#1283,#739,.T.);
#1708=EDGE_CURVE('',#1286,#1368,#740,.T.);
#1709=EDGE_CURVE('',#1367,#1287,#741,.T.);
#1710=EDGE_CURVE('',#1290,#1366,#742,.T.);
#1711=EDGE_CURVE('',#1365,#1291,#743,.T.);
#1712=EDGE_CURVE('',#1294,#1364,#744,.T.);
#1713=EDGE_CURVE('',#1363,#1295,#745,.T.);
#1714=EDGE_CURVE('',#1185,#1362,#746,.T.);
#1715=EDGE_CURVE('',#1299,#1385,#747,.T.);
#1716=EDGE_CURVE('',#1385,#1243,#748,.T.);
#1717=EDGE_CURVE('',#1361,#1385,#749,.T.);
#1718=EDGE_CURVE('',#1360,#1386,#750,.T.);
#1719=EDGE_CURVE('',#1246,#1386,#751,.T.);
#1720=EDGE_CURVE('',#1386,#1387,#752,.T.);
#1721=EDGE_CURVE('',#1387,#1247,#753,.T.);
#1722=EDGE_CURVE('',#1359,#1387,#754,.T.);
#1723=EDGE_CURVE('',#1362,#1388,#755,.T.);
#1724=EDGE_CURVE('',#1388,#1389,#756,.T.);
#1725=EDGE_CURVE('',#1363,#1389,#757,.T.);
#1726=EDGE_CURVE('',#1364,#1390,#758,.T.);
#1727=EDGE_CURVE('',#1390,#1391,#759,.T.);
#1728=EDGE_CURVE('',#1365,#1391,#760,.T.);
#1729=EDGE_CURVE('',#1366,#1392,#761,.T.);
#1730=EDGE_CURVE('',#1392,#1393,#762,.T.);
#1731=EDGE_CURVE('',#1367,#1393,#763,.T.);
#1732=EDGE_CURVE('',#1368,#1394,#764,.T.);
#1733=EDGE_CURVE('',#1394,#1395,#765,.T.);
#1734=EDGE_CURVE('',#1369,#1395,#766,.T.);
#1735=EDGE_CURVE('',#1370,#1396,#767,.T.);
#1736=EDGE_CURVE('',#1396,#1397,#768,.T.);
#1737=EDGE_CURVE('',#1371,#1397,#769,.T.);
#1738=EDGE_CURVE('',#1372,#1398,#770,.T.);
#1739=EDGE_CURVE('',#1398,#1399,#771,.T.);
#1740=EDGE_CURVE('',#1373,#1399,#772,.T.);
#1741=EDGE_CURVE('',#1374,#1400,#773,.T.);
#1742=EDGE_CURVE('',#1400,#1401,#774,.T.);
#1743=EDGE_CURVE('',#1375,#1401,#775,.T.);
#1744=EDGE_CURVE('',#1376,#1402,#776,.T.);
#1745=EDGE_CURVE('',#1402,#1403,#777,.T.);
#1746=EDGE_CURVE('',#1377,#1403,#778,.T.);
#1747=EDGE_CURVE('',#1378,#1404,#779,.T.);
#1748=EDGE_CURVE('',#1404,#1405,#780,.T.);
#1749=EDGE_CURVE('',#1379,#1405,#781,.T.);
#1750=EDGE_CURVE('',#1380,#1406,#782,.T.);
#1751=EDGE_CURVE('',#1406,#1407,#783,.T.);
#1752=EDGE_CURVE('',#1381,#1407,#784,.T.);
#1753=EDGE_CURVE('',#1382,#1408,#785,.T.);
#1754=EDGE_CURVE('',#1408,#1409,#786,.T.);
#1755=EDGE_CURVE('',#1383,#1409,#787,.T.);
#1756=EDGE_CURVE('',#1384,#1410,#788,.T.);
#1757=EDGE_CURVE('',#1410,#1411,#789,.T.);
#1758=EDGE_CURVE('',#1358,#1411,#790,.T.);
#1759=EDGE_CURVE('',#1411,#1252,#791,.T.);
#1760=EDGE_CURVE('',#1253,#1410,#792,.T.);
#1761=EDGE_CURVE('',#1409,#1256,#793,.T.);
#1762=EDGE_CURVE('',#1257,#1408,#794,.T.);
#1763=EDGE_CURVE('',#1407,#1260,#795,.T.);
#1764=EDGE_CURVE('',#1261,#1406,#796,.T.);
#1765=EDGE_CURVE('',#1405,#1264,#797,.T.);
#1766=EDGE_CURVE('',#1265,#1404,#798,.T.);
#1767=EDGE_CURVE('',#1403,#1268,#799,.T.);
#1768=EDGE_CURVE('',#1269,#1402,#800,.T.);
#1769=EDGE_CURVE('',#1401,#1272,#801,.T.);
#1770=EDGE_CURVE('',#1273,#1400,#802,.T.);
#1771=EDGE_CURVE('',#1399,#1276,#803,.T.);
#1772=EDGE_CURVE('',#1277,#1398,#804,.T.);
#1773=EDGE_CURVE('',#1397,#1280,#805,.T.);
#1774=EDGE_CURVE('',#1281,#1396,#806,.T.);
#1775=EDGE_CURVE('',#1395,#1284,#807,.T.);
#1776=EDGE_CURVE('',#1285,#1394,#808,.T.);
#1777=EDGE_CURVE('',#1393,#1288,#809,.T.);
#1778=EDGE_CURVE('',#1289,#1392,#810,.T.);
#1779=EDGE_CURVE('',#1391,#1292,#811,.T.);
#1780=EDGE_CURVE('',#1293,#1390,#812,.T.);
#1781=EDGE_CURVE('',#1389,#1296,#813,.T.);
#1782=EDGE_CURVE('',#1297,#1388,#814,.T.);
#1783=ORIENTED_EDGE('',*,*,#1412,.F.);
#1784=ORIENTED_EDGE('',*,*,#1413,.T.);
#1785=ORIENTED_EDGE('',*,*,#1414,.T.);
#1786=ORIENTED_EDGE('',*,*,#1413,.F.);
#1787=ORIENTED_EDGE('',*,*,#1414,.F.);
#1788=ORIENTED_EDGE('',*,*,#1415,.F.);
#1789=ORIENTED_EDGE('',*,*,#1416,.F.);
#1790=ORIENTED_EDGE('',*,*,#1417,.F.);
#1791=ORIENTED_EDGE('',*,*,#1418,.F.);
#1792=ORIENTED_EDGE('',*,*,#1419,.F.);
#1793=ORIENTED_EDGE('',*,*,#1420,.F.);
#1794=ORIENTED_EDGE('',*,*,#1421,.F.);
#1795=ORIENTED_EDGE('',*,*,#1422,.F.);
#1796=ORIENTED_EDGE('',*,*,#1423,.F.);
#1797=ORIENTED_EDGE('',*,*,#1424,.F.);
#1798=ORIENTED_EDGE('',*,*,#1425,.F.);
#1799=ORIENTED_EDGE('',*,*,#1426,.F.);
#1800=ORIENTED_EDGE('',*,*,#1427,.F.);
#1801=ORIENTED_EDGE('',*,*,#1428,.F.);
#1802=ORIENTED_EDGE('',*,*,#1429,.F.);
#1803=ORIENTED_EDGE('',*,*,#1430,.F.);
#1804=ORIENTED_EDGE('',*,*,#1431,.F.);
#1805=ORIENTED_EDGE('',*,*,#1432,.F.);
#1806=ORIENTED_EDGE('',*,*,#1433,.F.);
#1807=ORIENTED_EDGE('',*,*,#1434,.F.);
#1808=ORIENTED_EDGE('',*,*,#1435,.F.);
#1809=ORIENTED_EDGE('',*,*,#1436,.F.);
#1810=ORIENTED_EDGE('',*,*,#1437,.F.);
#1811=ORIENTED_EDGE('',*,*,#1438,.F.);
#1812=ORIENTED_EDGE('',*,*,#1439,.F.);
#1813=ORIENTED_EDGE('',*,*,#1440,.F.);
#1814=ORIENTED_EDGE('',*,*,#1441,.F.);
#1815=ORIENTED_EDGE('',*,*,#1442,.F.);
#1816=ORIENTED_EDGE('',*,*,#1443,.F.);
#1817=ORIENTED_EDGE('',*,*,#1444,.F.);
#1818=ORIENTED_EDGE('',*,*,#1445,.F.);
#1819=ORIENTED_EDGE('',*,*,#1446,.F.);
#1820=ORIENTED_EDGE('',*,*,#1447,.F.);
#1821=ORIENTED_EDGE('',*,*,#1448,.F.);
#1822=ORIENTED_EDGE('',*,*,#1449,.F.);
#1823=ORIENTED_EDGE('',*,*,#1450,.F.);
#1824=ORIENTED_EDGE('',*,*,#1451,.F.);
#1825=ORIENTED_EDGE('',*,*,#1452,.F.);
#1826=ORIENTED_EDGE('',*,*,#1453,.F.);
#1827=ORIENTED_EDGE('',*,*,#1454,.F.);
#1828=ORIENTED_EDGE('',*,*,#1455,.F.);
#1829=ORIENTED_EDGE('',*,*,#1456,.F.);
#1830=ORIENTED_EDGE('',*,*,#1457,.F.);
#1831=ORIENTED_EDGE('',*,*,#1458,.F.);
#1832=ORIENTED_EDGE('',*,*,#1459,.F.);
#1833=ORIENTED_EDGE('',*,*,#1460,.F.);
#1834=ORIENTED_EDGE('',*,*,#1461,.F.);
#1835=ORIENTED_EDGE('',*,*,#1462,.F.);
#1836=ORIENTED_EDGE('',*,*,#1463,.F.);
#1837=ORIENTED_EDGE('',*,*,#1464,.F.);
#1838=ORIENTED_EDGE('',*,*,#1465,.F.);
#1839=ORIENTED_EDGE('',*,*,#1466,.F.);
#1840=ORIENTED_EDGE('',*,*,#1467,.F.);
#1841=ORIENTED_EDGE('',*,*,#1468,.F.);
#1842=ORIENTED_EDGE('',*,*,#1469,.F.);
#1843=ORIENTED_EDGE('',*,*,#1470,.F.);
#1844=ORIENTED_EDGE('',*,*,#1471,.F.);
#1845=ORIENTED_EDGE('',*,*,#1472,.F.);
#1846=ORIENTED_EDGE('',*,*,#1473,.F.);
#1847=ORIENTED_EDGE('',*,*,#1474,.F.);
#1848=ORIENTED_EDGE('',*,*,#1475,.F.);
#1849=ORIENTED_EDGE('',*,*,#1476,.F.);
#1850=ORIENTED_EDGE('',*,*,#1477,.F.);
#1851=ORIENTED_EDGE('',*,*,#1478,.F.);
#1852=ORIENTED_EDGE('',*,*,#1479,.F.);
#1853=ORIENTED_EDGE('',*,*,#1480,.F.);
#1854=ORIENTED_EDGE('',*,*,#1481,.F.);
#1855=ORIENTED_EDGE('',*,*,#1482,.F.);
#1856=ORIENTED_EDGE('',*,*,#1483,.F.);
#1857=ORIENTED_EDGE('',*,*,#1484,.F.);
#1858=ORIENTED_EDGE('',*,*,#1485,.F.);
#1859=ORIENTED_EDGE('',*,*,#1486,.F.);
#1860=ORIENTED_EDGE('',*,*,#1487,.F.);
#1861=ORIENTED_EDGE('',*,*,#1488,.F.);
#1862=ORIENTED_EDGE('',*,*,#1489,.F.);
#1863=ORIENTED_EDGE('',*,*,#1490,.F.);
#1864=ORIENTED_EDGE('',*,*,#1491,.F.);
#1865=ORIENTED_EDGE('',*,*,#1492,.F.);
#1866=ORIENTED_EDGE('',*,*,#1493,.F.);
#1867=ORIENTED_EDGE('',*,*,#1494,.F.);
#1868=ORIENTED_EDGE('',*,*,#1495,.F.);
#1869=ORIENTED_EDGE('',*,*,#1496,.F.);
#1870=ORIENTED_EDGE('',*,*,#1497,.F.);
#1871=ORIENTED_EDGE('',*,*,#1498,.F.);
#1872=ORIENTED_EDGE('',*,*,#1499,.F.);
#1873=ORIENTED_EDGE('',*,*,#1500,.F.);
#1874=ORIENTED_EDGE('',*,*,#1501,.F.);
#1875=ORIENTED_EDGE('',*,*,#1502,.F.);
#1876=ORIENTED_EDGE('',*,*,#1503,.F.);
#1877=ORIENTED_EDGE('',*,*,#1504,.F.);
#1878=ORIENTED_EDGE('',*,*,#1505,.F.);
#1879=ORIENTED_EDGE('',*,*,#1506,.F.);
#1880=ORIENTED_EDGE('',*,*,#1507,.F.);
#1881=ORIENTED_EDGE('',*,*,#1508,.F.);
#1882=ORIENTED_EDGE('',*,*,#1509,.F.);
#1883=ORIENTED_EDGE('',*,*,#1510,.F.);
#1884=ORIENTED_EDGE('',*,*,#1511,.F.);
#1885=ORIENTED_EDGE('',*,*,#1512,.F.);
#1886=ORIENTED_EDGE('',*,*,#1513,.F.);
#1887=ORIENTED_EDGE('',*,*,#1514,.F.);
#1888=ORIENTED_EDGE('',*,*,#1515,.F.);
#1889=ORIENTED_EDGE('',*,*,#1516,.F.);
#1890=ORIENTED_EDGE('',*,*,#1517,.F.);
#1891=ORIENTED_EDGE('',*,*,#1518,.F.);
#1892=ORIENTED_EDGE('',*,*,#1519,.F.);
#1893=ORIENTED_EDGE('',*,*,#1520,.F.);
#1894=ORIENTED_EDGE('',*,*,#1521,.F.);
#1895=ORIENTED_EDGE('',*,*,#1522,.F.);
#1896=ORIENTED_EDGE('',*,*,#1523,.F.);
#1897=ORIENTED_EDGE('',*,*,#1524,.F.);
#1898=ORIENTED_EDGE('',*,*,#1525,.F.);
#1899=ORIENTED_EDGE('',*,*,#1526,.F.);
#1900=ORIENTED_EDGE('',*,*,#1527,.F.);
#1901=ORIENTED_EDGE('',*,*,#1528,.F.);
#1902=ORIENTED_EDGE('',*,*,#1412,.T.);
#1903=ORIENTED_EDGE('',*,*,#1472,.T.);
#1904=ORIENTED_EDGE('',*,*,#1529,.T.);
#1905=ORIENTED_EDGE('',*,*,#1530,.T.);
#1906=ORIENTED_EDGE('',*,*,#1531,.F.);
#1907=ORIENTED_EDGE('',*,*,#1471,.T.);
#1908=ORIENTED_EDGE('',*,*,#1532,.F.);
#1909=ORIENTED_EDGE('',*,*,#1533,.F.);
#1910=ORIENTED_EDGE('',*,*,#1529,.F.);
#1911=ORIENTED_EDGE('',*,*,#1470,.T.);
#1912=ORIENTED_EDGE('',*,*,#1534,.F.);
#1913=ORIENTED_EDGE('',*,*,#1535,.F.);
#1914=ORIENTED_EDGE('',*,*,#1532,.T.);
#1915=ORIENTED_EDGE('',*,*,#1469,.T.);
#1916=ORIENTED_EDGE('',*,*,#1536,.T.);
#1917=ORIENTED_EDGE('',*,*,#1537,.T.);
#1918=ORIENTED_EDGE('',*,*,#1534,.T.);
#1919=ORIENTED_EDGE('',*,*,#1468,.T.);
#1920=ORIENTED_EDGE('',*,*,#1538,.T.);
#1921=ORIENTED_EDGE('',*,*,#1539,.T.);
#1922=ORIENTED_EDGE('',*,*,#1536,.F.);
#1923=ORIENTED_EDGE('',*,*,#1467,.T.);
#1924=ORIENTED_EDGE('',*,*,#1540,.F.);
#1925=ORIENTED_EDGE('',*,*,#1541,.F.);
#1926=ORIENTED_EDGE('',*,*,#1538,.F.);
#1927=ORIENTED_EDGE('',*,*,#1466,.T.);
#1928=ORIENTED_EDGE('',*,*,#1542,.F.);
#1929=ORIENTED_EDGE('',*,*,#1543,.F.);
#1930=ORIENTED_EDGE('',*,*,#1540,.T.);
#1931=ORIENTED_EDGE('',*,*,#1465,.T.);
#1932=ORIENTED_EDGE('',*,*,#1544,.T.);
#1933=ORIENTED_EDGE('',*,*,#1545,.T.);
#1934=ORIENTED_EDGE('',*,*,#1542,.T.);
#1935=ORIENTED_EDGE('',*,*,#1464,.T.);
#1936=ORIENTED_EDGE('',*,*,#1546,.T.);
#1937=ORIENTED_EDGE('',*,*,#1547,.T.);
#1938=ORIENTED_EDGE('',*,*,#1544,.F.);
#1939=ORIENTED_EDGE('',*,*,#1463,.T.);
#1940=ORIENTED_EDGE('',*,*,#1548,.F.);
#1941=ORIENTED_EDGE('',*,*,#1549,.F.);
#1942=ORIENTED_EDGE('',*,*,#1546,.F.);
#1943=ORIENTED_EDGE('',*,*,#1462,.T.);
#1944=ORIENTED_EDGE('',*,*,#1550,.F.);
#1945=ORIENTED_EDGE('',*,*,#1551,.F.);
#1946=ORIENTED_EDGE('',*,*,#1548,.T.);
#1947=ORIENTED_EDGE('',*,*,#1461,.T.);
#1948=ORIENTED_EDGE('',*,*,#1552,.T.);
#1949=ORIENTED_EDGE('',*,*,#1553,.T.);
#1950=ORIENTED_EDGE('',*,*,#1550,.T.);
#1951=ORIENTED_EDGE('',*,*,#1460,.T.);
#1952=ORIENTED_EDGE('',*,*,#1554,.T.);
#1953=ORIENTED_EDGE('',*,*,#1555,.T.);
#1954=ORIENTED_EDGE('',*,*,#1552,.F.);
#1955=ORIENTED_EDGE('',*,*,#1459,.T.);
#1956=ORIENTED_EDGE('',*,*,#1556,.F.);
#1957=ORIENTED_EDGE('',*,*,#1557,.F.);
#1958=ORIENTED_EDGE('',*,*,#1554,.F.);
#1959=ORIENTED_EDGE('',*,*,#1458,.T.);
#1960=ORIENTED_EDGE('',*,*,#1558,.F.);
#1961=ORIENTED_EDGE('',*,*,#1559,.F.);
#1962=ORIENTED_EDGE('',*,*,#1556,.T.);
#1963=ORIENTED_EDGE('',*,*,#1457,.T.);
#1964=ORIENTED_EDGE('',*,*,#1560,.T.);
#1965=ORIENTED_EDGE('',*,*,#1561,.T.);
#1966=ORIENTED_EDGE('',*,*,#1558,.T.);
#1967=ORIENTED_EDGE('',*,*,#1456,.T.);
#1968=ORIENTED_EDGE('',*,*,#1562,.T.);
#1969=ORIENTED_EDGE('',*,*,#1563,.T.);
#1970=ORIENTED_EDGE('',*,*,#1560,.F.);
#1971=ORIENTED_EDGE('',*,*,#1455,.T.);
#1972=ORIENTED_EDGE('',*,*,#1564,.F.);
#1973=ORIENTED_EDGE('',*,*,#1565,.F.);
#1974=ORIENTED_EDGE('',*,*,#1562,.F.);
#1975=ORIENTED_EDGE('',*,*,#1454,.T.);
#1976=ORIENTED_EDGE('',*,*,#1566,.F.);
#1977=ORIENTED_EDGE('',*,*,#1567,.F.);
#1978=ORIENTED_EDGE('',*,*,#1564,.T.);
#1979=ORIENTED_EDGE('',*,*,#1453,.T.);
#1980=ORIENTED_EDGE('',*,*,#1568,.T.);
#1981=ORIENTED_EDGE('',*,*,#1569,.T.);
#1982=ORIENTED_EDGE('',*,*,#1566,.T.);
#1983=ORIENTED_EDGE('',*,*,#1452,.T.);
#1984=ORIENTED_EDGE('',*,*,#1570,.T.);
#1985=ORIENTED_EDGE('',*,*,#1571,.T.);
#1986=ORIENTED_EDGE('',*,*,#1568,.F.);
#1987=ORIENTED_EDGE('',*,*,#1451,.T.);
#1988=ORIENTED_EDGE('',*,*,#1572,.F.);
#1989=ORIENTED_EDGE('',*,*,#1573,.F.);
#1990=ORIENTED_EDGE('',*,*,#1570,.F.);
#1991=ORIENTED_EDGE('',*,*,#1450,.T.);
#1992=ORIENTED_EDGE('',*,*,#1574,.F.);
#1993=ORIENTED_EDGE('',*,*,#1575,.F.);
#1994=ORIENTED_EDGE('',*,*,#1572,.T.);
#1995=ORIENTED_EDGE('',*,*,#1449,.T.);
#1996=ORIENTED_EDGE('',*,*,#1576,.T.);
#1997=ORIENTED_EDGE('',*,*,#1577,.T.);
#1998=ORIENTED_EDGE('',*,*,#1574,.T.);
#1999=ORIENTED_EDGE('',*,*,#1448,.T.);
#2000=ORIENTED_EDGE('',*,*,#1578,.T.);
#2001=ORIENTED_EDGE('',*,*,#1579,.T.);
#2002=ORIENTED_EDGE('',*,*,#1576,.F.);
#2003=ORIENTED_EDGE('',*,*,#1447,.T.);
#2004=ORIENTED_EDGE('',*,*,#1580,.F.);
#2005=ORIENTED_EDGE('',*,*,#1581,.F.);
#2006=ORIENTED_EDGE('',*,*,#1578,.F.);
#2007=ORIENTED_EDGE('',*,*,#1446,.T.);
#2008=ORIENTED_EDGE('',*,*,#1582,.F.);
#2009=ORIENTED_EDGE('',*,*,#1583,.F.);
#2010=ORIENTED_EDGE('',*,*,#1580,.T.);
#2011=ORIENTED_EDGE('',*,*,#1445,.T.);
#2012=ORIENTED_EDGE('',*,*,#1584,.T.);
#2013=ORIENTED_EDGE('',*,*,#1585,.T.);
#2014=ORIENTED_EDGE('',*,*,#1582,.T.);
#2015=ORIENTED_EDGE('',*,*,#1444,.T.);
#2016=ORIENTED_EDGE('',*,*,#1586,.T.);
#2017=ORIENTED_EDGE('',*,*,#1587,.T.);
#2018=ORIENTED_EDGE('',*,*,#1584,.F.);
#2019=ORIENTED_EDGE('',*,*,#1443,.T.);
#2020=ORIENTED_EDGE('',*,*,#1588,.F.);
#2021=ORIENTED_EDGE('',*,*,#1589,.F.);
#2022=ORIENTED_EDGE('',*,*,#1586,.F.);
#2023=ORIENTED_EDGE('',*,*,#1442,.T.);
#2024=ORIENTED_EDGE('',*,*,#1590,.F.);
#2025=ORIENTED_EDGE('',*,*,#1591,.F.);
#2026=ORIENTED_EDGE('',*,*,#1588,.T.);
#2027=ORIENTED_EDGE('',*,*,#1441,.T.);
#2028=ORIENTED_EDGE('',*,*,#1592,.T.);
#2029=ORIENTED_EDGE('',*,*,#1593,.T.);
#2030=ORIENTED_EDGE('',*,*,#1590,.T.);
#2031=ORIENTED_EDGE('',*,*,#1440,.T.);
#2032=ORIENTED_EDGE('',*,*,#1594,.T.);
#2033=ORIENTED_EDGE('',*,*,#1595,.T.);
#2034=ORIENTED_EDGE('',*,*,#1592,.F.);
#2035=ORIENTED_EDGE('',*,*,#1439,.T.);
#2036=ORIENTED_EDGE('',*,*,#1596,.F.);
#2037=ORIENTED_EDGE('',*,*,#1597,.F.);
#2038=ORIENTED_EDGE('',*,*,#1594,.F.);
#2039=ORIENTED_EDGE('',*,*,#1438,.T.);
#2040=ORIENTED_EDGE('',*,*,#1598,.F.);
#2041=ORIENTED_EDGE('',*,*,#1599,.F.);
#2042=ORIENTED_EDGE('',*,*,#1596,.T.);
#2043=ORIENTED_EDGE('',*,*,#1437,.T.);
#2044=ORIENTED_EDGE('',*,*,#1600,.T.);
#2045=ORIENTED_EDGE('',*,*,#1601,.T.);
#2046=ORIENTED_EDGE('',*,*,#1598,.T.);
#2047=ORIENTED_EDGE('',*,*,#1436,.T.);
#2048=ORIENTED_EDGE('',*,*,#1602,.T.);
#2049=ORIENTED_EDGE('',*,*,#1603,.T.);
#2050=ORIENTED_EDGE('',*,*,#1600,.F.);
#2051=ORIENTED_EDGE('',*,*,#1435,.T.);
#2052=ORIENTED_EDGE('',*,*,#1604,.F.);
#2053=ORIENTED_EDGE('',*,*,#1605,.F.);
#2054=ORIENTED_EDGE('',*,*,#1602,.F.);
#2055=ORIENTED_EDGE('',*,*,#1434,.T.);
#2056=ORIENTED_EDGE('',*,*,#1606,.F.);
#2057=ORIENTED_EDGE('',*,*,#1607,.F.);
#2058=ORIENTED_EDGE('',*,*,#1604,.T.);
#2059=ORIENTED_EDGE('',*,*,#1433,.T.);
#2060=ORIENTED_EDGE('',*,*,#1608,.T.);
#2061=ORIENTED_EDGE('',*,*,#1609,.T.);
#2062=ORIENTED_EDGE('',*,*,#1606,.T.);
#2063=ORIENTED_EDGE('',*,*,#1432,.T.);
#2064=ORIENTED_EDGE('',*,*,#1610,.T.);
#2065=ORIENTED_EDGE('',*,*,#1611,.T.);
#2066=ORIENTED_EDGE('',*,*,#1608,.F.);
#2067=ORIENTED_EDGE('',*,*,#1431,.T.);
#2068=ORIENTED_EDGE('',*,*,#1612,.F.);
#2069=ORIENTED_EDGE('',*,*,#1613,.F.);
#2070=ORIENTED_EDGE('',*,*,#1610,.F.);
#2071=ORIENTED_EDGE('',*,*,#1430,.T.);
#2072=ORIENTED_EDGE('',*,*,#1614,.F.);
#2073=ORIENTED_EDGE('',*,*,#1615,.F.);
#2074=ORIENTED_EDGE('',*,*,#1612,.T.);
#2075=ORIENTED_EDGE('',*,*,#1429,.T.);
#2076=ORIENTED_EDGE('',*,*,#1616,.T.);
#2077=ORIENTED_EDGE('',*,*,#1617,.T.);
#2078=ORIENTED_EDGE('',*,*,#1614,.T.);
#2079=ORIENTED_EDGE('',*,*,#1428,.T.);
#2080=ORIENTED_EDGE('',*,*,#1618,.T.);
#2081=ORIENTED_EDGE('',*,*,#1619,.T.);
#2082=ORIENTED_EDGE('',*,*,#1616,.F.);
#2083=ORIENTED_EDGE('',*,*,#1427,.T.);
#2084=ORIENTED_EDGE('',*,*,#1620,.F.);
#2085=ORIENTED_EDGE('',*,*,#1621,.F.);
#2086=ORIENTED_EDGE('',*,*,#1622,.F.);
#2087=ORIENTED_EDGE('',*,*,#1618,.F.);
#2088=ORIENTED_EDGE('',*,*,#1425,.T.);
#2089=ORIENTED_EDGE('',*,*,#1623,.F.);
#2090=ORIENTED_EDGE('',*,*,#1624,.F.);
#2091=ORIENTED_EDGE('',*,*,#1424,.T.);
#2092=ORIENTED_EDGE('',*,*,#1625,.T.);
#2093=ORIENTED_EDGE('',*,*,#1626,.T.);
#2094=ORIENTED_EDGE('',*,*,#1623,.T.);
#2095=ORIENTED_EDGE('',*,*,#1423,.T.);
#2096=ORIENTED_EDGE('',*,*,#1627,.F.);
#2097=ORIENTED_EDGE('',*,*,#1628,.F.);
#2098=ORIENTED_EDGE('',*,*,#1625,.F.);
#2099=ORIENTED_EDGE('',*,*,#1422,.T.);
#2100=ORIENTED_EDGE('',*,*,#1629,.T.);
#2101=ORIENTED_EDGE('',*,*,#1630,.T.);
#2102=ORIENTED_EDGE('',*,*,#1627,.T.);
#2103=ORIENTED_EDGE('',*,*,#1421,.T.);
#2104=ORIENTED_EDGE('',*,*,#1631,.T.);
#2105=ORIENTED_EDGE('',*,*,#1629,.F.);
#2106=ORIENTED_EDGE('',*,*,#1426,.T.);
#2107=ORIENTED_EDGE('',*,*,#1624,.T.);
#2108=ORIENTED_EDGE('',*,*,#1626,.F.);
#2109=ORIENTED_EDGE('',*,*,#1628,.T.);
#2110=ORIENTED_EDGE('',*,*,#1630,.F.);
#2111=ORIENTED_EDGE('',*,*,#1631,.F.);
#2112=ORIENTED_EDGE('',*,*,#1420,.T.);
#2113=ORIENTED_EDGE('',*,*,#1632,.T.);
#2114=ORIENTED_EDGE('',*,*,#1633,.F.);
#2115=ORIENTED_EDGE('',*,*,#1620,.T.);
#2116=ORIENTED_EDGE('',*,*,#1419,.T.);
#2117=ORIENTED_EDGE('',*,*,#1634,.T.);
#2118=ORIENTED_EDGE('',*,*,#1635,.F.);
#2119=ORIENTED_EDGE('',*,*,#1636,.F.);
#2120=ORIENTED_EDGE('',*,*,#1632,.F.);
#2121=ORIENTED_EDGE('',*,*,#1418,.T.);
#2122=ORIENTED_EDGE('',*,*,#1637,.T.);
#2123=ORIENTED_EDGE('',*,*,#1638,.F.);
#2124=ORIENTED_EDGE('',*,*,#1634,.F.);
#2125=ORIENTED_EDGE('',*,*,#1417,.T.);
#2126=ORIENTED_EDGE('',*,*,#1639,.F.);
#2127=ORIENTED_EDGE('',*,*,#1640,.F.);
#2128=ORIENTED_EDGE('',*,*,#1637,.F.);
#2129=ORIENTED_EDGE('',*,*,#1416,.T.);
#2130=ORIENTED_EDGE('',*,*,#1641,.F.);
#2131=ORIENTED_EDGE('',*,*,#1642,.T.);
#2132=ORIENTED_EDGE('',*,*,#1639,.T.);
#2133=ORIENTED_EDGE('',*,*,#1480,.T.);
#2134=ORIENTED_EDGE('',*,*,#1643,.F.);
#2135=ORIENTED_EDGE('',*,*,#1644,.F.);
#2136=ORIENTED_EDGE('',*,*,#1645,.F.);
#2137=ORIENTED_EDGE('',*,*,#1481,.T.);
#2138=ORIENTED_EDGE('',*,*,#1645,.T.);
#2139=ORIENTED_EDGE('',*,*,#1646,.F.);
#2140=ORIENTED_EDGE('',*,*,#1647,.T.);
#2141=ORIENTED_EDGE('',*,*,#1644,.T.);
#2142=ORIENTED_EDGE('',*,*,#1648,.T.);
#2143=ORIENTED_EDGE('',*,*,#1649,.T.);
#2144=ORIENTED_EDGE('',*,*,#1650,.T.);
#2145=ORIENTED_EDGE('',*,*,#1651,.T.);
#2146=ORIENTED_EDGE('',*,*,#1533,.T.);
#2147=ORIENTED_EDGE('',*,*,#1652,.T.);
#2148=ORIENTED_EDGE('',*,*,#1541,.T.);
#2149=ORIENTED_EDGE('',*,*,#1653,.T.);
#2150=ORIENTED_EDGE('',*,*,#1549,.T.);
#2151=ORIENTED_EDGE('',*,*,#1654,.T.);
#2152=ORIENTED_EDGE('',*,*,#1557,.T.);
#2153=ORIENTED_EDGE('',*,*,#1655,.T.);
#2154=ORIENTED_EDGE('',*,*,#1565,.T.);
#2155=ORIENTED_EDGE('',*,*,#1656,.T.);
#2156=ORIENTED_EDGE('',*,*,#1573,.T.);
#2157=ORIENTED_EDGE('',*,*,#1657,.T.);
#2158=ORIENTED_EDGE('',*,*,#1581,.T.);
#2159=ORIENTED_EDGE('',*,*,#1658,.T.);
#2160=ORIENTED_EDGE('',*,*,#1589,.T.);
#2161=ORIENTED_EDGE('',*,*,#1659,.T.);
#2162=ORIENTED_EDGE('',*,*,#1597,.T.);
#2163=ORIENTED_EDGE('',*,*,#1660,.T.);
#2164=ORIENTED_EDGE('',*,*,#1605,.T.);
#2165=ORIENTED_EDGE('',*,*,#1661,.T.);
#2166=ORIENTED_EDGE('',*,*,#1613,.T.);
#2167=ORIENTED_EDGE('',*,*,#1662,.T.);
#2168=ORIENTED_EDGE('',*,*,#1622,.T.);
#2169=ORIENTED_EDGE('',*,*,#1663,.F.);
#2170=ORIENTED_EDGE('',*,*,#1635,.T.);
#2171=ORIENTED_EDGE('',*,*,#1664,.T.);
#2172=ORIENTED_EDGE('',*,*,#1665,.T.);
#2173=ORIENTED_EDGE('',*,*,#1666,.T.);
#2174=ORIENTED_EDGE('',*,*,#1667,.T.);
#2175=ORIENTED_EDGE('',*,*,#1668,.T.);
#2176=ORIENTED_EDGE('',*,*,#1669,.T.);
#2177=ORIENTED_EDGE('',*,*,#1670,.T.);
#2178=ORIENTED_EDGE('',*,*,#1671,.T.);
#2179=ORIENTED_EDGE('',*,*,#1672,.T.);
#2180=ORIENTED_EDGE('',*,*,#1673,.T.);
#2181=ORIENTED_EDGE('',*,*,#1674,.T.);
#2182=ORIENTED_EDGE('',*,*,#1675,.T.);
#2183=ORIENTED_EDGE('',*,*,#1676,.T.);
#2184=ORIENTED_EDGE('',*,*,#1677,.T.);
#2185=ORIENTED_EDGE('',*,*,#1678,.T.);
#2186=ORIENTED_EDGE('',*,*,#1679,.T.);
#2187=ORIENTED_EDGE('',*,*,#1680,.T.);
#2188=ORIENTED_EDGE('',*,*,#1681,.T.);
#2189=ORIENTED_EDGE('',*,*,#1682,.T.);
#2190=ORIENTED_EDGE('',*,*,#1683,.T.);
#2191=ORIENTED_EDGE('',*,*,#1684,.T.);
#2192=ORIENTED_EDGE('',*,*,#1685,.T.);
#2193=ORIENTED_EDGE('',*,*,#1686,.T.);
#2194=ORIENTED_EDGE('',*,*,#1687,.T.);
#2195=ORIENTED_EDGE('',*,*,#1688,.T.);
#2196=ORIENTED_EDGE('',*,*,#1646,.T.);
#2197=ORIENTED_EDGE('',*,*,#1479,.T.);
#2198=ORIENTED_EDGE('',*,*,#1689,.F.);
#2199=ORIENTED_EDGE('',*,*,#1648,.F.);
#2200=ORIENTED_EDGE('',*,*,#1643,.T.);
#2201=ORIENTED_EDGE('',*,*,#1475,.T.);
#2202=ORIENTED_EDGE('',*,*,#1690,.F.);
#2203=ORIENTED_EDGE('',*,*,#1650,.F.);
#2204=ORIENTED_EDGE('',*,*,#1691,.F.);
#2205=ORIENTED_EDGE('',*,*,#1485,.T.);
#2206=ORIENTED_EDGE('',*,*,#1692,.T.);
#2207=ORIENTED_EDGE('',*,*,#1687,.F.);
#2208=ORIENTED_EDGE('',*,*,#1693,.T.);
#2209=ORIENTED_EDGE('',*,*,#1489,.T.);
#2210=ORIENTED_EDGE('',*,*,#1694,.T.);
#2211=ORIENTED_EDGE('',*,*,#1685,.F.);
#2212=ORIENTED_EDGE('',*,*,#1695,.T.);
#2213=ORIENTED_EDGE('',*,*,#1493,.T.);
#2214=ORIENTED_EDGE('',*,*,#1696,.T.);
#2215=ORIENTED_EDGE('',*,*,#1683,.F.);
#2216=ORIENTED_EDGE('',*,*,#1697,.T.);
#2217=ORIENTED_EDGE('',*,*,#1497,.T.);
#2218=ORIENTED_EDGE('',*,*,#1698,.T.);
#2219=ORIENTED_EDGE('',*,*,#1681,.F.);
#2220=ORIENTED_EDGE('',*,*,#1699,.T.);
#2221=ORIENTED_EDGE('',*,*,#1501,.T.);
#2222=ORIENTED_EDGE('',*,*,#1700,.T.);
#2223=ORIENTED_EDGE('',*,*,#1679,.F.);
#2224=ORIENTED_EDGE('',*,*,#1701,.T.);
#2225=ORIENTED_EDGE('',*,*,#1505,.T.);
#2226=ORIENTED_EDGE('',*,*,#1702,.T.);
#2227=ORIENTED_EDGE('',*,*,#1677,.F.);
#2228=ORIENTED_EDGE('',*,*,#1703,.T.);
#2229=ORIENTED_EDGE('',*,*,#1509,.T.);
#2230=ORIENTED_EDGE('',*,*,#1704,.T.);
#2231=ORIENTED_EDGE('',*,*,#1675,.F.);
#2232=ORIENTED_EDGE('',*,*,#1705,.T.);
#2233=ORIENTED_EDGE('',*,*,#1513,.T.);
#2234=ORIENTED_EDGE('',*,*,#1706,.T.);
#2235=ORIENTED_EDGE('',*,*,#1673,.F.);
#2236=ORIENTED_EDGE('',*,*,#1707,.T.);
#2237=ORIENTED_EDGE('',*,*,#1517,.T.);
#2238=ORIENTED_EDGE('',*,*,#1708,.T.);
#2239=ORIENTED_EDGE('',*,*,#1671,.F.);
#2240=ORIENTED_EDGE('',*,*,#1709,.T.);
#2241=ORIENTED_EDGE('',*,*,#1521,.T.);
#2242=ORIENTED_EDGE('',*,*,#1710,.T.);
#2243=ORIENTED_EDGE('',*,*,#1669,.F.);
#2244=ORIENTED_EDGE('',*,*,#1711,.T.);
#2245=ORIENTED_EDGE('',*,*,#1525,.T.);
#2246=ORIENTED_EDGE('',*,*,#1712,.T.);
#2247=ORIENTED_EDGE('',*,*,#1667,.F.);
#2248=ORIENTED_EDGE('',*,*,#1713,.T.);
#2249=ORIENTED_EDGE('',*,*,#1415,.T.);
#2250=ORIENTED_EDGE('',*,*,#1714,.T.);
#2251=ORIENTED_EDGE('',*,*,#1665,.F.);
#2252=ORIENTED_EDGE('',*,*,#1641,.T.);
#2253=ORIENTED_EDGE('',*,*,#1636,.T.);
#2254=ORIENTED_EDGE('',*,*,#1663,.T.);
#2255=ORIENTED_EDGE('',*,*,#1621,.T.);
#2256=ORIENTED_EDGE('',*,*,#1633,.T.);
#2257=ORIENTED_EDGE('',*,*,#1473,.T.);
#2258=ORIENTED_EDGE('',*,*,#1531,.T.);
#2259=ORIENTED_EDGE('',*,*,#1715,.T.);
#2260=ORIENTED_EDGE('',*,*,#1716,.T.);
#2261=ORIENTED_EDGE('',*,*,#1474,.T.);
#2262=ORIENTED_EDGE('',*,*,#1716,.F.);
#2263=ORIENTED_EDGE('',*,*,#1717,.F.);
#2264=ORIENTED_EDGE('',*,*,#1690,.T.);
#2265=ORIENTED_EDGE('',*,*,#1476,.T.);
#2266=ORIENTED_EDGE('',*,*,#1691,.T.);
#2267=ORIENTED_EDGE('',*,*,#1718,.T.);
#2268=ORIENTED_EDGE('',*,*,#1719,.F.);
#2269=ORIENTED_EDGE('',*,*,#1477,.T.);
#2270=ORIENTED_EDGE('',*,*,#1719,.T.);
#2271=ORIENTED_EDGE('',*,*,#1720,.T.);
#2272=ORIENTED_EDGE('',*,*,#1721,.T.);
#2273=ORIENTED_EDGE('',*,*,#1478,.T.);
#2274=ORIENTED_EDGE('',*,*,#1721,.F.);
#2275=ORIENTED_EDGE('',*,*,#1722,.F.);
#2276=ORIENTED_EDGE('',*,*,#1689,.T.);
#2277=ORIENTED_EDGE('',*,*,#1664,.F.);
#2278=ORIENTED_EDGE('',*,*,#1638,.T.);
#2279=ORIENTED_EDGE('',*,*,#1640,.T.);
#2280=ORIENTED_EDGE('',*,*,#1642,.F.);
#2281=ORIENTED_EDGE('',*,*,#1666,.F.);
#2282=ORIENTED_EDGE('',*,*,#1723,.T.);
#2283=ORIENTED_EDGE('',*,*,#1724,.T.);
#2284=ORIENTED_EDGE('',*,*,#1725,.F.);
#2285=ORIENTED_EDGE('',*,*,#1668,.F.);
#2286=ORIENTED_EDGE('',*,*,#1726,.T.);
#2287=ORIENTED_EDGE('',*,*,#1727,.T.);
#2288=ORIENTED_EDGE('',*,*,#1728,.F.);
#2289=ORIENTED_EDGE('',*,*,#1670,.F.);
#2290=ORIENTED_EDGE('',*,*,#1729,.T.);
#2291=ORIENTED_EDGE('',*,*,#1730,.T.);
#2292=ORIENTED_EDGE('',*,*,#1731,.F.);
#2293=ORIENTED_EDGE('',*,*,#1672,.F.);
#2294=ORIENTED_EDGE('',*,*,#1732,.T.);
#2295=ORIENTED_EDGE('',*,*,#1733,.T.);
#2296=ORIENTED_EDGE('',*,*,#1734,.F.);
#2297=ORIENTED_EDGE('',*,*,#1674,.F.);
#2298=ORIENTED_EDGE('',*,*,#1735,.T.);
#2299=ORIENTED_EDGE('',*,*,#1736,.T.);
#2300=ORIENTED_EDGE('',*,*,#1737,.F.);
#2301=ORIENTED_EDGE('',*,*,#1676,.F.);
#2302=ORIENTED_EDGE('',*,*,#1738,.T.);
#2303=ORIENTED_EDGE('',*,*,#1739,.T.);
#2304=ORIENTED_EDGE('',*,*,#1740,.F.);
#2305=ORIENTED_EDGE('',*,*,#1678,.F.);
#2306=ORIENTED_EDGE('',*,*,#1741,.T.);
#2307=ORIENTED_EDGE('',*,*,#1742,.T.);
#2308=ORIENTED_EDGE('',*,*,#1743,.F.);
#2309=ORIENTED_EDGE('',*,*,#1680,.F.);
#2310=ORIENTED_EDGE('',*,*,#1744,.T.);
#2311=ORIENTED_EDGE('',*,*,#1745,.T.);
#2312=ORIENTED_EDGE('',*,*,#1746,.F.);
#2313=ORIENTED_EDGE('',*,*,#1682,.F.);
#2314=ORIENTED_EDGE('',*,*,#1747,.T.);
#2315=ORIENTED_EDGE('',*,*,#1748,.T.);
#2316=ORIENTED_EDGE('',*,*,#1749,.F.);
#2317=ORIENTED_EDGE('',*,*,#1684,.F.);
#2318=ORIENTED_EDGE('',*,*,#1750,.T.);
#2319=ORIENTED_EDGE('',*,*,#1751,.T.);
#2320=ORIENTED_EDGE('',*,*,#1752,.F.);
#2321=ORIENTED_EDGE('',*,*,#1686,.F.);
#2322=ORIENTED_EDGE('',*,*,#1753,.T.);
#2323=ORIENTED_EDGE('',*,*,#1754,.T.);
#2324=ORIENTED_EDGE('',*,*,#1755,.F.);
#2325=ORIENTED_EDGE('',*,*,#1688,.F.);
#2326=ORIENTED_EDGE('',*,*,#1756,.T.);
#2327=ORIENTED_EDGE('',*,*,#1757,.T.);
#2328=ORIENTED_EDGE('',*,*,#1758,.F.);
#2329=ORIENTED_EDGE('',*,*,#1649,.F.);
#2330=ORIENTED_EDGE('',*,*,#1722,.T.);
#2331=ORIENTED_EDGE('',*,*,#1720,.F.);
#2332=ORIENTED_EDGE('',*,*,#1718,.F.);
#2333=ORIENTED_EDGE('',*,*,#1651,.F.);
#2334=ORIENTED_EDGE('',*,*,#1717,.T.);
#2335=ORIENTED_EDGE('',*,*,#1715,.F.);
#2336=ORIENTED_EDGE('',*,*,#1530,.F.);
#2337=ORIENTED_EDGE('',*,*,#1652,.F.);
#2338=ORIENTED_EDGE('',*,*,#1535,.T.);
#2339=ORIENTED_EDGE('',*,*,#1537,.F.);
#2340=ORIENTED_EDGE('',*,*,#1539,.F.);
#2341=ORIENTED_EDGE('',*,*,#1653,.F.);
#2342=ORIENTED_EDGE('',*,*,#1543,.T.);
#2343=ORIENTED_EDGE('',*,*,#1545,.F.);
#2344=ORIENTED_EDGE('',*,*,#1547,.F.);
#2345=ORIENTED_EDGE('',*,*,#1654,.F.);
#2346=ORIENTED_EDGE('',*,*,#1551,.T.);
#2347=ORIENTED_EDGE('',*,*,#1553,.F.);
#2348=ORIENTED_EDGE('',*,*,#1555,.F.);
#2349=ORIENTED_EDGE('',*,*,#1655,.F.);
#2350=ORIENTED_EDGE('',*,*,#1559,.T.);
#2351=ORIENTED_EDGE('',*,*,#1561,.F.);
#2352=ORIENTED_EDGE('',*,*,#1563,.F.);
#2353=ORIENTED_EDGE('',*,*,#1656,.F.);
#2354=ORIENTED_EDGE('',*,*,#1567,.T.);
#2355=ORIENTED_EDGE('',*,*,#1569,.F.);
#2356=ORIENTED_EDGE('',*,*,#1571,.F.);
#2357=ORIENTED_EDGE('',*,*,#1657,.F.);
#2358=ORIENTED_EDGE('',*,*,#1575,.T.);
#2359=ORIENTED_EDGE('',*,*,#1577,.F.);
#2360=ORIENTED_EDGE('',*,*,#1579,.F.);
#2361=ORIENTED_EDGE('',*,*,#1658,.F.);
#2362=ORIENTED_EDGE('',*,*,#1583,.T.);
#2363=ORIENTED_EDGE('',*,*,#1585,.F.);
#2364=ORIENTED_EDGE('',*,*,#1587,.F.);
#2365=ORIENTED_EDGE('',*,*,#1659,.F.);
#2366=ORIENTED_EDGE('',*,*,#1591,.T.);
#2367=ORIENTED_EDGE('',*,*,#1593,.F.);
#2368=ORIENTED_EDGE('',*,*,#1595,.F.);
#2369=ORIENTED_EDGE('',*,*,#1660,.F.);
#2370=ORIENTED_EDGE('',*,*,#1599,.T.);
#2371=ORIENTED_EDGE('',*,*,#1601,.F.);
#2372=ORIENTED_EDGE('',*,*,#1603,.F.);
#2373=ORIENTED_EDGE('',*,*,#1661,.F.);
#2374=ORIENTED_EDGE('',*,*,#1607,.T.);
#2375=ORIENTED_EDGE('',*,*,#1609,.F.);
#2376=ORIENTED_EDGE('',*,*,#1611,.F.);
#2377=ORIENTED_EDGE('',*,*,#1662,.F.);
#2378=ORIENTED_EDGE('',*,*,#1615,.T.);
#2379=ORIENTED_EDGE('',*,*,#1617,.F.);
#2380=ORIENTED_EDGE('',*,*,#1619,.F.);
#2381=ORIENTED_EDGE('',*,*,#1482,.T.);
#2382=ORIENTED_EDGE('',*,*,#1647,.F.);
#2383=ORIENTED_EDGE('',*,*,#1758,.T.);
#2384=ORIENTED_EDGE('',*,*,#1759,.T.);
#2385=ORIENTED_EDGE('',*,*,#1483,.T.);
#2386=ORIENTED_EDGE('',*,*,#1759,.F.);
#2387=ORIENTED_EDGE('',*,*,#1757,.F.);
#2388=ORIENTED_EDGE('',*,*,#1760,.F.);
#2389=ORIENTED_EDGE('',*,*,#1484,.T.);
#2390=ORIENTED_EDGE('',*,*,#1760,.T.);
#2391=ORIENTED_EDGE('',*,*,#1756,.F.);
#2392=ORIENTED_EDGE('',*,*,#1692,.F.);
#2393=ORIENTED_EDGE('',*,*,#1486,.T.);
#2394=ORIENTED_EDGE('',*,*,#1693,.F.);
#2395=ORIENTED_EDGE('',*,*,#1755,.T.);
#2396=ORIENTED_EDGE('',*,*,#1761,.T.);
#2397=ORIENTED_EDGE('',*,*,#1487,.T.);
#2398=ORIENTED_EDGE('',*,*,#1761,.F.);
#2399=ORIENTED_EDGE('',*,*,#1754,.F.);
#2400=ORIENTED_EDGE('',*,*,#1762,.F.);
#2401=ORIENTED_EDGE('',*,*,#1488,.T.);
#2402=ORIENTED_EDGE('',*,*,#1762,.T.);
#2403=ORIENTED_EDGE('',*,*,#1753,.F.);
#2404=ORIENTED_EDGE('',*,*,#1694,.F.);
#2405=ORIENTED_EDGE('',*,*,#1490,.T.);
#2406=ORIENTED_EDGE('',*,*,#1695,.F.);
#2407=ORIENTED_EDGE('',*,*,#1752,.T.);
#2408=ORIENTED_EDGE('',*,*,#1763,.T.);
#2409=ORIENTED_EDGE('',*,*,#1491,.T.);
#2410=ORIENTED_EDGE('',*,*,#1763,.F.);
#2411=ORIENTED_EDGE('',*,*,#1751,.F.);
#2412=ORIENTED_EDGE('',*,*,#1764,.F.);
#2413=ORIENTED_EDGE('',*,*,#1492,.T.);
#2414=ORIENTED_EDGE('',*,*,#1764,.T.);
#2415=ORIENTED_EDGE('',*,*,#1750,.F.);
#2416=ORIENTED_EDGE('',*,*,#1696,.F.);
#2417=ORIENTED_EDGE('',*,*,#1494,.T.);
#2418=ORIENTED_EDGE('',*,*,#1697,.F.);
#2419=ORIENTED_EDGE('',*,*,#1749,.T.);
#2420=ORIENTED_EDGE('',*,*,#1765,.T.);
#2421=ORIENTED_EDGE('',*,*,#1495,.T.);
#2422=ORIENTED_EDGE('',*,*,#1765,.F.);
#2423=ORIENTED_EDGE('',*,*,#1748,.F.);
#2424=ORIENTED_EDGE('',*,*,#1766,.F.);
#2425=ORIENTED_EDGE('',*,*,#1496,.T.);
#2426=ORIENTED_EDGE('',*,*,#1766,.T.);
#2427=ORIENTED_EDGE('',*,*,#1747,.F.);
#2428=ORIENTED_EDGE('',*,*,#1698,.F.);
#2429=ORIENTED_EDGE('',*,*,#1498,.T.);
#2430=ORIENTED_EDGE('',*,*,#1699,.F.);
#2431=ORIENTED_EDGE('',*,*,#1746,.T.);
#2432=ORIENTED_EDGE('',*,*,#1767,.T.);
#2433=ORIENTED_EDGE('',*,*,#1499,.T.);
#2434=ORIENTED_EDGE('',*,*,#1767,.F.);
#2435=ORIENTED_EDGE('',*,*,#1745,.F.);
#2436=ORIENTED_EDGE('',*,*,#1768,.F.);
#2437=ORIENTED_EDGE('',*,*,#1500,.T.);
#2438=ORIENTED_EDGE('',*,*,#1768,.T.);
#2439=ORIENTED_EDGE('',*,*,#1744,.F.);
#2440=ORIENTED_EDGE('',*,*,#1700,.F.);
#2441=ORIENTED_EDGE('',*,*,#1502,.T.);
#2442=ORIENTED_EDGE('',*,*,#1701,.F.);
#2443=ORIENTED_EDGE('',*,*,#1743,.T.);
#2444=ORIENTED_EDGE('',*,*,#1769,.T.);
#2445=ORIENTED_EDGE('',*,*,#1503,.T.);
#2446=ORIENTED_EDGE('',*,*,#1769,.F.);
#2447=ORIENTED_EDGE('',*,*,#1742,.F.);
#2448=ORIENTED_EDGE('',*,*,#1770,.F.);
#2449=ORIENTED_EDGE('',*,*,#1504,.T.);
#2450=ORIENTED_EDGE('',*,*,#1770,.T.);
#2451=ORIENTED_EDGE('',*,*,#1741,.F.);
#2452=ORIENTED_EDGE('',*,*,#1702,.F.);
#2453=ORIENTED_EDGE('',*,*,#1506,.T.);
#2454=ORIENTED_EDGE('',*,*,#1703,.F.);
#2455=ORIENTED_EDGE('',*,*,#1740,.T.);
#2456=ORIENTED_EDGE('',*,*,#1771,.T.);
#2457=ORIENTED_EDGE('',*,*,#1507,.T.);
#2458=ORIENTED_EDGE('',*,*,#1771,.F.);
#2459=ORIENTED_EDGE('',*,*,#1739,.F.);
#2460=ORIENTED_EDGE('',*,*,#1772,.F.);
#2461=ORIENTED_EDGE('',*,*,#1508,.T.);
#2462=ORIENTED_EDGE('',*,*,#1772,.T.);
#2463=ORIENTED_EDGE('',*,*,#1738,.F.);
#2464=ORIENTED_EDGE('',*,*,#1704,.F.);
#2465=ORIENTED_EDGE('',*,*,#1510,.T.);
#2466=ORIENTED_EDGE('',*,*,#1705,.F.);
#2467=ORIENTED_EDGE('',*,*,#1737,.T.);
#2468=ORIENTED_EDGE('',*,*,#1773,.T.);
#2469=ORIENTED_EDGE('',*,*,#1511,.T.);
#2470=ORIENTED_EDGE('',*,*,#1773,.F.);
#2471=ORIENTED_EDGE('',*,*,#1736,.F.);
#2472=ORIENTED_EDGE('',*,*,#1774,.F.);
#2473=ORIENTED_EDGE('',*,*,#1512,.T.);
#2474=ORIENTED_EDGE('',*,*,#1774,.T.);
#2475=ORIENTED_EDGE('',*,*,#1735,.F.);
#2476=ORIENTED_EDGE('',*,*,#1706,.F.);
#2477=ORIENTED_EDGE('',*,*,#1514,.T.);
#2478=ORIENTED_EDGE('',*,*,#1707,.F.);
#2479=ORIENTED_EDGE('',*,*,#1734,.T.);
#2480=ORIENTED_EDGE('',*,*,#1775,.T.);
#2481=ORIENTED_EDGE('',*,*,#1515,.T.);
#2482=ORIENTED_EDGE('',*,*,#1775,.F.);
#2483=ORIENTED_EDGE('',*,*,#1733,.F.);
#2484=ORIENTED_EDGE('',*,*,#1776,.F.);
#2485=ORIENTED_EDGE('',*,*,#1516,.T.);
#2486=ORIENTED_EDGE('',*,*,#1776,.T.);
#2487=ORIENTED_EDGE('',*,*,#1732,.F.);
#2488=ORIENTED_EDGE('',*,*,#1708,.F.);
#2489=ORIENTED_EDGE('',*,*,#1518,.T.);
#2490=ORIENTED_EDGE('',*,*,#1709,.F.);
#2491=ORIENTED_EDGE('',*,*,#1731,.T.);
#2492=ORIENTED_EDGE('',*,*,#1777,.T.);
#2493=ORIENTED_EDGE('',*,*,#1519,.T.);
#2494=ORIENTED_EDGE('',*,*,#1777,.F.);
#2495=ORIENTED_EDGE('',*,*,#1730,.F.);
#2496=ORIENTED_EDGE('',*,*,#1778,.F.);
#2497=ORIENTED_EDGE('',*,*,#1520,.T.);
#2498=ORIENTED_EDGE('',*,*,#1778,.T.);
#2499=ORIENTED_EDGE('',*,*,#1729,.F.);
#2500=ORIENTED_EDGE('',*,*,#1710,.F.);
#2501=ORIENTED_EDGE('',*,*,#1522,.T.);
#2502=ORIENTED_EDGE('',*,*,#1711,.F.);
#2503=ORIENTED_EDGE('',*,*,#1728,.T.);
#2504=ORIENTED_EDGE('',*,*,#1779,.T.);
#2505=ORIENTED_EDGE('',*,*,#1523,.T.);
#2506=ORIENTED_EDGE('',*,*,#1779,.F.);
#2507=ORIENTED_EDGE('',*,*,#1727,.F.);
#2508=ORIENTED_EDGE('',*,*,#1780,.F.);
#2509=ORIENTED_EDGE('',*,*,#1524,.T.);
#2510=ORIENTED_EDGE('',*,*,#1780,.T.);
#2511=ORIENTED_EDGE('',*,*,#1726,.F.);
#2512=ORIENTED_EDGE('',*,*,#1712,.F.);
#2513=ORIENTED_EDGE('',*,*,#1526,.T.);
#2514=ORIENTED_EDGE('',*,*,#1713,.F.);
#2515=ORIENTED_EDGE('',*,*,#1725,.T.);
#2516=ORIENTED_EDGE('',*,*,#1781,.T.);
#2517=ORIENTED_EDGE('',*,*,#1527,.T.);
#2518=ORIENTED_EDGE('',*,*,#1781,.F.);
#2519=ORIENTED_EDGE('',*,*,#1724,.F.);
#2520=ORIENTED_EDGE('',*,*,#1782,.F.);
#2521=ORIENTED_EDGE('',*,*,#1528,.T.);
#2522=ORIENTED_EDGE('',*,*,#1782,.T.);
#2523=ORIENTED_EDGE('',*,*,#1723,.F.);
#2524=ORIENTED_EDGE('',*,*,#1714,.F.);
#2525=CYLINDRICAL_SURFACE('',#2686,100.);
#2526=CYLINDRICAL_SURFACE('',#2740,30.);
#2527=CYLINDRICAL_SURFACE('',#2743,30.);
#2528=ADVANCED_FACE('',(#161),#2525,.F.);
#2529=ADVANCED_FACE('',(#162),#20,.F.);
#2530=ADVANCED_FACE('',(#163,#15),#21,.F.);
#2531=ADVANCED_FACE('',(#164),#22,.T.);
#2532=ADVANCED_FACE('',(#165),#23,.F.);
#2533=ADVANCED_FACE('',(#166),#24,.T.);
#2534=ADVANCED_FACE('',(#167),#25,.T.);
#2535=ADVANCED_FACE('',(#168),#26,.T.);
#2536=ADVANCED_FACE('',(#169),#27,.F.);
#2537=ADVANCED_FACE('',(#170),#28,.T.);
#2538=ADVANCED_FACE('',(#171),#29,.T.);
#2539=ADVANCED_FACE('',(#172),#30,.T.);
#2540=ADVANCED_FACE('',(#173),#31,.F.);
#2541=ADVANCED_FACE('',(#174),#32,.T.);
#2542=ADVANCED_FACE('',(#175),#33,.T.);
#2543=ADVANCED_FACE('',(#176),#34,.T.);
#2544=ADVANCED_FACE('',(#177),#35,.F.);
#2545=ADVANCED_FACE('',(#178),#36,.T.);
#2546=ADVANCED_FACE('',(#179),#37,.T.);
#2547=ADVANCED_FACE('',(#180),#38,.T.);
#2548=ADVANCED_FACE('',(#181),#39,.F.);
#2549=ADVANCED_FACE('',(#182),#40,.T.);
#2550=ADVANCED_FACE('',(#183),#41,.T.);
#2551=ADVANCED_FACE('',(#184),#42,.T.);
#2552=ADVANCED_FACE('',(#185),#43,.F.);
#2553=ADVANCED_FACE('',(#186),#44,.T.);
#2554=ADVANCED_FACE('',(#187),#45,.T.);
#2555=ADVANCED_FACE('',(#188),#46,.T.);
#2556=ADVANCED_FACE('',(#189),#47,.F.);
#2557=ADVANCED_FACE('',(#190),#48,.T.);
#2558=ADVANCED_FACE('',(#191),#49,.T.);
#2559=ADVANCED_FACE('',(#192),#50,.T.);
#2560=ADVANCED_FACE('',(#193),#51,.F.);
#2561=ADVANCED_FACE('',(#194),#52,.T.);
#2562=ADVANCED_FACE('',(#195),#53,.T.);
#2563=ADVANCED_FACE('',(#196),#54,.T.);
#2564=ADVANCED_FACE('',(#197),#55,.F.);
#2565=ADVANCED_FACE('',(#198),#56,.T.);
#2566=ADVANCED_FACE('',(#199),#57,.T.);
#2567=ADVANCED_FACE('',(#200),#58,.T.);
#2568=ADVANCED_FACE('',(#201),#59,.F.);
#2569=ADVANCED_FACE('',(#202),#60,.T.);
#2570=ADVANCED_FACE('',(#203),#61,.T.);
#2571=ADVANCED_FACE('',(#204),#62,.T.);
#2572=ADVANCED_FACE('',(#205),#63,.F.);
#2573=ADVANCED_FACE('',(#206),#64,.T.);
#2574=ADVANCED_FACE('',(#207),#65,.T.);
#2575=ADVANCED_FACE('',(#208),#66,.T.);
#2576=ADVANCED_FACE('',(#209),#67,.F.);
#2577=ADVANCED_FACE('',(#210),#68,.T.);
#2578=ADVANCED_FACE('',(#211),#2526,.T.);
#2579=ADVANCED_FACE('',(#212),#69,.T.);
#2580=ADVANCED_FACE('',(#213),#2527,.T.);
#2581=ADVANCED_FACE('',(#214),#70,.T.);
#2582=ADVANCED_FACE('',(#215),#71,.T.);
#2583=ADVANCED_FACE('',(#216),#72,.F.);
#2584=ADVANCED_FACE('',(#217),#73,.F.);
#2585=ADVANCED_FACE('',(#218),#74,.F.);
#2586=ADVANCED_FACE('',(#219),#75,.F.);
#2587=ADVANCED_FACE('',(#220),#76,.F.);
#2588=ADVANCED_FACE('',(#221),#77,.F.);
#2589=ADVANCED_FACE('',(#222),#78,.F.);
#2590=ADVANCED_FACE('',(#223),#79,.F.);
#2591=ADVANCED_FACE('',(#224),#80,.F.);
#2592=ADVANCED_FACE('',(#225),#81,.F.);
#2593=ADVANCED_FACE('',(#226),#82,.F.);
#2594=ADVANCED_FACE('',(#227),#83,.F.);
#2595=ADVANCED_FACE('',(#228),#84,.F.);
#2596=ADVANCED_FACE('',(#229),#85,.F.);
#2597=ADVANCED_FACE('',(#230),#86,.F.);
#2598=ADVANCED_FACE('',(#231),#87,.F.);
#2599=ADVANCED_FACE('',(#232),#88,.F.);
#2600=ADVANCED_FACE('',(#233),#89,.F.);
#2601=ADVANCED_FACE('',(#234),#90,.F.);
#2602=ADVANCED_FACE('',(#235),#91,.F.);
#2603=ADVANCED_FACE('',(#236),#92,.F.);
#2604=ADVANCED_FACE('',(#237),#93,.T.);
#2605=ADVANCED_FACE('',(#238),#94,.T.);
#2606=ADVANCED_FACE('',(#239),#95,.T.);
#2607=ADVANCED_FACE('',(#240),#96,.T.);
#2608=ADVANCED_FACE('',(#241),#97,.T.);
#2609=ADVANCED_FACE('',(#242),#98,.T.);
#2610=ADVANCED_FACE('',(#243),#99,.F.);
#2611=ADVANCED_FACE('',(#244),#100,.F.);
#2612=ADVANCED_FACE('',(#245),#101,.F.);
#2613=ADVANCED_FACE('',(#246),#102,.F.);
#2614=ADVANCED_FACE('',(#247),#103,.F.);
#2615=ADVANCED_FACE('',(#248),#104,.F.);
#2616=ADVANCED_FACE('',(#249),#105,.F.);
#2617=ADVANCED_FACE('',(#250),#106,.F.);
#2618=ADVANCED_FACE('',(#251),#107,.F.);
#2619=ADVANCED_FACE('',(#252),#108,.F.);
#2620=ADVANCED_FACE('',(#253),#109,.F.);
#2621=ADVANCED_FACE('',(#254),#110,.F.);
#2622=ADVANCED_FACE('',(#255),#111,.F.);
#2623=ADVANCED_FACE('',(#256),#112,.T.);
#2624=ADVANCED_FACE('',(#257),#113,.T.);
#2625=ADVANCED_FACE('',(#258),#114,.T.);
#2626=ADVANCED_FACE('',(#259),#115,.T.);
#2627=ADVANCED_FACE('',(#260),#116,.T.);
#2628=ADVANCED_FACE('',(#261),#117,.T.);
#2629=ADVANCED_FACE('',(#262),#118,.T.);
#2630=ADVANCED_FACE('',(#263),#119,.T.);
#2631=ADVANCED_FACE('',(#264),#120,.T.);
#2632=ADVANCED_FACE('',(#265),#121,.T.);
#2633=ADVANCED_FACE('',(#266),#122,.T.);
#2634=ADVANCED_FACE('',(#267),#123,.T.);
#2635=ADVANCED_FACE('',(#268),#124,.T.);
#2636=ADVANCED_FACE('',(#269),#125,.F.);
#2637=ADVANCED_FACE('',(#270),#126,.F.);
#2638=ADVANCED_FACE('',(#271),#127,.F.);
#2639=ADVANCED_FACE('',(#272),#128,.F.);
#2640=ADVANCED_FACE('',(#273),#129,.F.);
#2641=ADVANCED_FACE('',(#274),#130,.F.);
#2642=ADVANCED_FACE('',(#275),#131,.F.);
#2643=ADVANCED_FACE('',(#276),#132,.F.);
#2644=ADVANCED_FACE('',(#277),#133,.F.);
#2645=ADVANCED_FACE('',(#278),#134,.F.);
#2646=ADVANCED_FACE('',(#279),#135,.F.);
#2647=ADVANCED_FACE('',(#280),#136,.F.);
#2648=ADVANCED_FACE('',(#281),#137,.F.);
#2649=ADVANCED_FACE('',(#282),#138,.F.);
#2650=ADVANCED_FACE('',(#283),#139,.F.);
#2651=ADVANCED_FACE('',(#284),#140,.F.);
#2652=ADVANCED_FACE('',(#285),#141,.F.);
#2653=ADVANCED_FACE('',(#286),#142,.F.);
#2654=ADVANCED_FACE('',(#287),#143,.F.);
#2655=ADVANCED_FACE('',(#288),#144,.F.);
#2656=ADVANCED_FACE('',(#289),#145,.F.);
#2657=ADVANCED_FACE('',(#290),#146,.F.);
#2658=ADVANCED_FACE('',(#291),#147,.F.);
#2659=ADVANCED_FACE('',(#292),#148,.F.);
#2660=ADVANCED_FACE('',(#293),#149,.F.);
#2661=ADVANCED_FACE('',(#294),#150,.F.);
#2662=ADVANCED_FACE('',(#295),#151,.F.);
#2663=ADVANCED_FACE('',(#296),#152,.F.);
#2664=ADVANCED_FACE('',(#297),#153,.F.);
#2665=ADVANCED_FACE('',(#298),#154,.F.);
#2666=ADVANCED_FACE('',(#299),#155,.F.);
#2667=ADVANCED_FACE('',(#300),#156,.F.);
#2668=ADVANCED_FACE('',(#301),#157,.F.);
#2669=ADVANCED_FACE('',(#302),#158,.F.);
#2670=ADVANCED_FACE('',(#303),#159,.F.);
#2671=ADVANCED_FACE('',(#304),#160,.F.);
#2672=CLOSED_SHELL('',(#2528,#2529,#2530,#2531,#2532,#2533,#2534,#2535,
#2536,#2537,#2538,#2539,#2540,#2541,#2542,#2543,#2544,#2545,#2546,#2547,
#2548,#2549,#2550,#2551,#2552,#2553,#2554,#2555,#2556,#2557,#2558,#2559,
#2560,#2561,#2562,#2563,#2564,#2565,#2566,#2567,#2568,#2569,#2570,#2571,
#2572,#2573,#2574,#2575,#2576,#2577,#2578,#2579,#2580,#2581,#2582,#2583,
#2584,#2585,#2586,#2587,#2588,#2589,#2590,#2591,#2592,#2593,#2594,#2595,
#2596,#2597,#2598,#2599,#2600,#2601,#2602,#2603,#2604,#2605,#2606,#2607,
#2608,#2609,#2610,#2611,#2612,#2613,#2614,#2615,#2616,#2617,#2618,#2619,
#2620,#2621,#2622,#2623,#2624,#2625,#2626,#2627,#2628,#2629,#2630,#2631,
#2632,#2633,#2634,#2635,#2636,#2637,#2638,#2639,#2640,#2641,#2642,#2643,
#2644,#2645,#2646,#2647,#2648,#2649,#2650,#2651,#2652,#2653,#2654,#2655,
#2656,#2657,#2658,#2659,#2660,#2661,#2662,#2663,#2664,#2665,#2666,#2667,
#2668,#2669,#2670,#2671));
#2673=DERIVED_UNIT_ELEMENT(#2675,1.);
#2674=DERIVED_UNIT_ELEMENT(#4254,-3.);
#2675=(
MASS_UNIT()
NAMED_UNIT(*)
SI_UNIT(.KILO.,.GRAM.)
);
#2676=DERIVED_UNIT((#2673,#2674));
#2677=MEASURE_REPRESENTATION_ITEM('density measure',
POSITIVE_RATIO_MEASURE(7850.),#2676);
#2678=PROPERTY_DEFINITION_REPRESENTATION(#2683,#2680);
#2679=PROPERTY_DEFINITION_REPRESENTATION(#2684,#2681);
#2680=REPRESENTATION('material name',(#2682),#4251);
#2681=REPRESENTATION('density',(#2677),#4251);
#2682=DESCRIPTIVE_REPRESENTATION_ITEM('Steel','Steel');
#2683=PROPERTY_DEFINITION('material property','material name',#4261);
#2684=PROPERTY_DEFINITION('material property','density of part',#4261);
#2685=AXIS2_PLACEMENT_3D('',#3503,#2836,#2837);
#2686=AXIS2_PLACEMENT_3D('',#3504,#2838,#2839);
#2687=AXIS2_PLACEMENT_3D('',#3506,#2840,#2841);
#2688=AXIS2_PLACEMENT_3D('',#3509,#2843,#2844);
#2689=AXIS2_PLACEMENT_3D('',#3510,#2845,#2846);
#2690=AXIS2_PLACEMENT_3D('',#3511,#2847,#2848);
#2691=AXIS2_PLACEMENT_3D('',#3528,#2856,#2857);
#2692=AXIS2_PLACEMENT_3D('',#3532,#2859,#2860);
#2693=AXIS2_PLACEMENT_3D('',#3740,#2965,#2966);
#2694=AXIS2_PLACEMENT_3D('',#3746,#2970,#2971);
#2695=AXIS2_PLACEMENT_3D('',#3750,#2974,#2975);
#2696=AXIS2_PLACEMENT_3D('',#3754,#2978,#2979);
#2697=AXIS2_PLACEMENT_3D('',#3758,#2982,#2983);
#2698=AXIS2_PLACEMENT_3D('',#3762,#2986,#2987);
#2699=AXIS2_PLACEMENT_3D('',#3766,#2990,#2991);
#2700=AXIS2_PLACEMENT_3D('',#3770,#2994,#2995);
#2701=AXIS2_PLACEMENT_3D('',#3774,#2998,#2999);
#2702=AXIS2_PLACEMENT_3D('',#3778,#3002,#3003);
#2703=AXIS2_PLACEMENT_3D('',#3782,#3006,#3007);
#2704=AXIS2_PLACEMENT_3D('',#3786,#3010,#3011);
#2705=AXIS2_PLACEMENT_3D('',#3790,#3014,#3015);
#2706=AXIS2_PLACEMENT_3D('',#3794,#3018,#3019);
#2707=AXIS2_PLACEMENT_3D('',#3798,#3022,#3023);
#2708=AXIS2_PLACEMENT_3D('',#3802,#3026,#3027);
#2709=AXIS2_PLACEMENT_3D('',#3806,#3030,#3031);
#2710=AXIS2_PLACEMENT_3D('',#3810,#3034,#3035);
#2711=AXIS2_PLACEMENT_3D('',#3814,#3038,#3039);
#2712=AXIS2_PLACEMENT_3D('',#3818,#3042,#3043);
#2713=AXIS2_PLACEMENT_3D('',#3822,#3046,#3047);
#2714=AXIS2_PLACEMENT_3D('',#3826,#3050,#3051);
#2715=AXIS2_PLACEMENT_3D('',#3830,#3054,#3055);
#2716=AXIS2_PLACEMENT_3D('',#3834,#3058,#3059);
#2717=AXIS2_PLACEMENT_3D('',#3838,#3062,#3063);
#2718=AXIS2_PLACEMENT_3D('',#3842,#3066,#3067);
#2719=AXIS2_PLACEMENT_3D('',#3846,#3070,#3071);
#2720=AXIS2_PLACEMENT_3D('',#3850,#3074,#3075);
#2721=AXIS2_PLACEMENT_3D('',#3854,#3078,#3079);
#2722=AXIS2_PLACEMENT_3D('',#3858,#3082,#3083);
#2723=AXIS2_PLACEMENT_3D('',#3862,#3086,#3087);
#2724=AXIS2_PLACEMENT_3D('',#3866,#3090,#3091);
#2725=AXIS2_PLACEMENT_3D('',#3870,#3094,#3095);
#2726=AXIS2_PLACEMENT_3D('',#3874,#3098,#3099);
#2727=AXIS2_PLACEMENT_3D('',#3878,#3102,#3103);
#2728=AXIS2_PLACEMENT_3D('',#3882,#3106,#3107);
#2729=AXIS2_PLACEMENT_3D('',#3886,#3110,#3111);
#2730=AXIS2_PLACEMENT_3D('',#3890,#3114,#3115);
#2731=AXIS2_PLACEMENT_3D('',#3894,#3118,#3119);
#2732=AXIS2_PLACEMENT_3D('',#3898,#3122,#3123);
#2733=AXIS2_PLACEMENT_3D('',#3902,#3126,#3127);
#2734=AXIS2_PLACEMENT_3D('',#3906,#3130,#3131);
#2735=AXIS2_PLACEMENT_3D('',#3910,#3134,#3135);
#2736=AXIS2_PLACEMENT_3D('',#3914,#3138,#3139);
#2737=AXIS2_PLACEMENT_3D('',#3918,#3142,#3143);
#2738=AXIS2_PLACEMENT_3D('',#3922,#3146,#3147);
#2739=AXIS2_PLACEMENT_3D('',#3928,#3151,#3152);
#2740=AXIS2_PLACEMENT_3D('',#3932,#3155,#3156);
#2741=AXIS2_PLACEMENT_3D('',#3935,#3158,#3159);
#2742=AXIS2_PLACEMENT_3D('',#3936,#3160,#3161);
#2743=AXIS2_PLACEMENT_3D('',#3940,#3164,#3165);
#2744=AXIS2_PLACEMENT_3D('',#3943,#3167,#3168);
#2745=AXIS2_PLACEMENT_3D('',#3944,#3169,#3170);
#2746=AXIS2_PLACEMENT_3D('',#3946,#3172,#3173);
#2747=AXIS2_PLACEMENT_3D('',#3950,#3176,#3177);
#2748=AXIS2_PLACEMENT_3D('',#3956,#3181,#3182);
#2749=AXIS2_PLACEMENT_3D('',#3960,#3185,#3186);
#2750=AXIS2_PLACEMENT_3D('',#3964,#3189,#3190);
#2751=AXIS2_PLACEMENT_3D('',#3968,#3193,#3194);
#2752=AXIS2_PLACEMENT_3D('',#3974,#3198,#3199);
#2753=AXIS2_PLACEMENT_3D('',#3978,#3202,#3203);
#2754=AXIS2_PLACEMENT_3D('',#4046,#3245,#3246);
#2755=AXIS2_PLACEMENT_3D('',#4048,#3248,#3249);
#2756=AXIS2_PLACEMENT_3D('',#4051,#3252,#3253);
#2757=AXIS2_PLACEMENT_3D('',#4054,#3256,#3257);
#2758=AXIS2_PLACEMENT_3D('',#4057,#3260,#3261);
#2759=AXIS2_PLACEMENT_3D('',#4060,#3264,#3265);
#2760=AXIS2_PLACEMENT_3D('',#4063,#3268,#3269);
#2761=AXIS2_PLACEMENT_3D('',#4066,#3272,#3273);
#2762=AXIS2_PLACEMENT_3D('',#4069,#3276,#3277);
#2763=AXIS2_PLACEMENT_3D('',#4072,#3280,#3281);
#2764=AXIS2_PLACEMENT_3D('',#4075,#3284,#3285);
#2765=AXIS2_PLACEMENT_3D('',#4078,#3288,#3289);
#2766=AXIS2_PLACEMENT_3D('',#4081,#3292,#3293);
#2767=AXIS2_PLACEMENT_3D('',#4084,#3296,#3297);
#2768=AXIS2_PLACEMENT_3D('',#4086,#3299,#3300);
#2769=AXIS2_PLACEMENT_3D('',#4087,#3301,#3302);
#2770=AXIS2_PLACEMENT_3D('',#4091,#3305,#3306);
#2771=AXIS2_PLACEMENT_3D('',#4093,#3308,#3309);
#2772=AXIS2_PLACEMENT_3D('',#4097,#3312,#3313);
#2773=AXIS2_PLACEMENT_3D('',#4101,#3316,#3317);
#2774=AXIS2_PLACEMENT_3D('',#4103,#3319,#3320);
#2775=AXIS2_PLACEMENT_3D('',#4104,#3321,#3322);
#2776=AXIS2_PLACEMENT_3D('',#4110,#3326,#3327);
#2777=AXIS2_PLACEMENT_3D('',#4116,#3331,#3332);
#2778=AXIS2_PLACEMENT_3D('',#4122,#3336,#3337);
#2779=AXIS2_PLACEMENT_3D('',#4128,#3341,#3342);
#2780=AXIS2_PLACEMENT_3D('',#4134,#3346,#3347);
#2781=AXIS2_PLACEMENT_3D('',#4140,#3351,#3352);
#2782=AXIS2_PLACEMENT_3D('',#4146,#3356,#3357);
#2783=AXIS2_PLACEMENT_3D('',#4152,#3361,#3362);
#2784=AXIS2_PLACEMENT_3D('',#4158,#3366,#3367);
#2785=AXIS2_PLACEMENT_3D('',#4164,#3371,#3372);
#2786=AXIS2_PLACEMENT_3D('',#4170,#3376,#3377);
#2787=AXIS2_PLACEMENT_3D('',#4176,#3381,#3382);
#2788=AXIS2_PLACEMENT_3D('',#4177,#3383,#3384);
#2789=AXIS2_PLACEMENT_3D('',#4178,#3385,#3386);
#2790=AXIS2_PLACEMENT_3D('',#4179,#3387,#3388);
#2791=AXIS2_PLACEMENT_3D('',#4180,#3389,#3390);
#2792=AXIS2_PLACEMENT_3D('',#4181,#3391,#3392);
#2793=AXIS2_PLACEMENT_3D('',#4182,#3393,#3394);
#2794=AXIS2_PLACEMENT_3D('',#4183,#3395,#3396);
#2795=AXIS2_PLACEMENT_3D('',#4184,#3397,#3398);
#2796=AXIS2_PLACEMENT_3D('',#4185,#3399,#3400);
#2797=AXIS2_PLACEMENT_3D('',#4186,#3401,#3402);
#2798=AXIS2_PLACEMENT_3D('',#4187,#3403,#3404);
#2799=AXIS2_PLACEMENT_3D('',#4188,#3405,#3406);
#2800=AXIS2_PLACEMENT_3D('',#4189,#3407,#3408);
#2801=AXIS2_PLACEMENT_3D('',#4191,#3410,#3411);
#2802=AXIS2_PLACEMENT_3D('',#4193,#3413,#3414);
#2803=AXIS2_PLACEMENT_3D('',#4194,#3415,#3416);
#2804=AXIS2_PLACEMENT_3D('',#4196,#3418,#3419);
#2805=AXIS2_PLACEMENT_3D('',#4198,#3421,#3422);
#2806=AXIS2_PLACEMENT_3D('',#4199,#3423,#3424);
#2807=AXIS2_PLACEMENT_3D('',#4201,#3426,#3427);
#2808=AXIS2_PLACEMENT_3D('',#4203,#3429,#3430);
#2809=AXIS2_PLACEMENT_3D('',#4204,#3431,#3432);
#2810=AXIS2_PLACEMENT_3D('',#4206,#3434,#3435);
#2811=AXIS2_PLACEMENT_3D('',#4208,#3437,#3438);
#2812=AXIS2_PLACEMENT_3D('',#4209,#3439,#3440);
#2813=AXIS2_PLACEMENT_3D('',#4211,#3442,#3443);
#2814=AXIS2_PLACEMENT_3D('',#4213,#3445,#3446);
#2815=AXIS2_PLACEMENT_3D('',#4214,#3447,#3448);
#2816=AXIS2_PLACEMENT_3D('',#4216,#3450,#3451);
#2817=AXIS2_PLACEMENT_3D('',#4218,#3453,#3454);
#2818=AXIS2_PLACEMENT_3D('',#4219,#3455,#3456);
#2819=AXIS2_PLACEMENT_3D('',#4221,#3458,#3459);
#2820=AXIS2_PLACEMENT_3D('',#4223,#3461,#3462);
#2821=AXIS2_PLACEMENT_3D('',#4224,#3463,#3464);
#2822=AXIS2_PLACEMENT_3D('',#4226,#3466,#3467);
#2823=AXIS2_PLACEMENT_3D('',#4228,#3469,#3470);
#2824=AXIS2_PLACEMENT_3D('',#4229,#3471,#3472);
#2825=AXIS2_PLACEMENT_3D('',#4231,#3474,#3475);
#2826=AXIS2_PLACEMENT_3D('',#4233,#3477,#3478);
#2827=AXIS2_PLACEMENT_3D('',#4234,#3479,#3480);
#2828=AXIS2_PLACEMENT_3D('',#4236,#3482,#3483);
#2829=AXIS2_PLACEMENT_3D('',#4238,#3485,#3486);
#2830=AXIS2_PLACEMENT_3D('',#4239,#3487,#3488);
#2831=AXIS2_PLACEMENT_3D('',#4241,#3490,#3491);
#2832=AXIS2_PLACEMENT_3D('',#4243,#3493,#3494);
#2833=AXIS2_PLACEMENT_3D('',#4244,#3495,#3496);
#2834=AXIS2_PLACEMENT_3D('',#4246,#3498,#3499);
#2835=AXIS2_PLACEMENT_3D('',#4248,#3501,#3502);
#2836=DIRECTION('axis',(0.,0.,1.));
#2837=DIRECTION('refdir',(1.,0.,0.));
#2838=DIRECTION('center_axis',(0.,1.,0.));
#2839=DIRECTION('ref_axis',(-1.,0.,0.));
#2840=DIRECTION('center_axis',(0.,1.,0.));
#2841=DIRECTION('ref_axis',(-1.,0.,0.));
#2842=DIRECTION('',(0.,1.,0.));
#2843=DIRECTION('center_axis',(0.,1.,0.));
#2844=DIRECTION('ref_axis',(-1.,0.,0.));
#2845=DIRECTION('center_axis',(0.,1.,0.));
#2846=DIRECTION('ref_axis',(-1.,0.,0.));
#2847=DIRECTION('center_axis',(0.,1.,0.));
#2848=DIRECTION('ref_axis',(0.,0.,1.));
#2849=DIRECTION('',(0.,0.,-1.));
#2850=DIRECTION('',(1.,0.,2.77657182907024E-16));
#2851=DIRECTION('',(0.,0.,-1.));
#2852=DIRECTION('',(-1.,0.,-2.77657182907024E-16));
#2853=DIRECTION('',(0.,0.,-1.));
#2854=DIRECTION('',(1.,0.,0.));
#2855=DIRECTION('',(0.704509282855361,0.,-0.709694772680921));
#2856=DIRECTION('center_axis',(0.,1.,0.));
#2857=DIRECTION('ref_axis',(5.2166588085259E-15,0.,1.));
#2858=DIRECTION('',(1.,0.,0.));
#2859=DIRECTION('center_axis',(0.,1.,0.));
#2860=DIRECTION('ref_axis',(-2.35117016722294E-15,0.,1.));
#2861=DIRECTION('',(0.704509282855361,0.,0.709694772680921));
#2862=DIRECTION('',(1.,0.,0.));
#2863=DIRECTION('',(0.,0.,1.));
#2864=DIRECTION('',(-1.,0.,2.77657182907024E-16));
#2865=DIRECTION('',(0.,0.,1.));
#2866=DIRECTION('',(1.,0.,-2.77657182907024E-16));
#2867=DIRECTION('',(0.,0.,1.));
#2868=DIRECTION('',(-1.,0.,2.77657182907024E-16));
#2869=DIRECTION('',(0.,0.,1.));
#2870=DIRECTION('',(1.,0.,-2.77657182907024E-16));
#2871=DIRECTION('',(0.,0.,1.));
#2872=DIRECTION('',(-1.,0.,2.77657182907024E-16));
#2873=DIRECTION('',(0.,0.,1.));
#2874=DIRECTION('',(1.,0.,-2.77657182907024E-16));
#2875=DIRECTION('',(0.,0.,1.));
#2876=DIRECTION('',(-1.,0.,2.77657182907024E-16));
#2877=DIRECTION('',(0.,0.,1.));
#2878=DIRECTION('',(1.,0.,-2.77657182907024E-16));
#2879=DIRECTION('',(0.,0.,1.));
#2880=DIRECTION('',(-1.,0.,2.77657182907024E-16));
#2881=DIRECTION('',(0.,0.,1.));
#2882=DIRECTION('',(1.,0.,-2.77657182907024E-16));
#2883=DIRECTION('',(0.,0.,1.));
#2884=DIRECTION('',(-1.,0.,2.08242887180268E-16));
#2885=DIRECTION('',(0.,0.,1.));
#2886=DIRECTION('',(1.,0.,-2.77657182907024E-16));
#2887=DIRECTION('',(0.,0.,1.));
#2888=DIRECTION('',(-1.,0.,2.77657182907024E-16));
#2889=DIRECTION('',(0.,0.,1.));
#2890=DIRECTION('',(1.,0.,-2.77657182907024E-16));
#2891=DIRECTION('',(0.,0.,1.));
#2892=DIRECTION('',(-1.,0.,2.08242887180268E-16));
#2893=DIRECTION('',(0.,0.,1.));
#2894=DIRECTION('',(1.,0.,-2.77657182907024E-16));
#2895=DIRECTION('',(0.,0.,1.));
#2896=DIRECTION('',(-1.,0.,2.77657182907024E-16));
#2897=DIRECTION('',(0.,0.,1.));
#2898=DIRECTION('',(1.,0.,-2.77657182907024E-16));
#2899=DIRECTION('',(0.,0.,1.));
#2900=DIRECTION('',(-1.,0.,2.42950035043646E-16));
#2901=DIRECTION('',(0.,0.,1.));
#2902=DIRECTION('',(1.,0.,-2.77657182907024E-16));
#2903=DIRECTION('',(0.,0.,1.));
#2904=DIRECTION('',(-1.,0.,2.42950035043646E-16));
#2905=DIRECTION('',(0.,0.,1.));
#2906=DIRECTION('',(1.,0.,-2.77657182907024E-16));
#2907=DIRECTION('',(0.,0.,1.));
#2908=DIRECTION('',(-1.,0.,2.42950035043646E-16));
#2909=DIRECTION('',(0.,0.,1.));
#2910=DIRECTION('',(1.,0.,-2.77657182907024E-16));
#2911=DIRECTION('',(0.,0.,1.));
#2912=DIRECTION('',(-1.,0.,2.42950035043646E-16));
#2913=DIRECTION('',(0.,0.,1.));
#2914=DIRECTION('',(1.,0.,-2.77657182907024E-16));
#2915=DIRECTION('',(0.,0.,1.));
#2916=DIRECTION('',(-1.,0.,0.));
#2917=DIRECTION('',(0.,0.,-1.));
#2918=DIRECTION('',(1.,0.,2.77657182907024E-16));
#2919=DIRECTION('',(0.,0.,-1.));
#2920=DIRECTION('',(-1.,0.,-2.42950035043646E-16));
#2921=DIRECTION('',(0.,0.,-1.));
#2922=DIRECTION('',(1.,0.,2.77657182907024E-16));
#2923=DIRECTION('',(0.,0.,-1.));
#2924=DIRECTION('',(-1.,0.,-2.42950035043646E-16));
#2925=DIRECTION('',(0.,0.,-1.));
#2926=DIRECTION('',(1.,0.,2.77657182907024E-16));
#2927=DIRECTION('',(0.,0.,-1.));
#2928=DIRECTION('',(-1.,0.,-2.42950035043646E-16));
#2929=DIRECTION('',(0.,0.,-1.));
#2930=DIRECTION('',(1.,0.,2.77657182907024E-16));
#2931=DIRECTION('',(0.,0.,-1.));
#2932=DIRECTION('',(-1.,0.,-2.42950035043646E-16));
#2933=DIRECTION('',(0.,0.,-1.));
#2934=DIRECTION('',(1.,0.,2.77657182907024E-16));
#2935=DIRECTION('',(0.,0.,-1.));
#2936=DIRECTION('',(-1.,0.,-2.77657182907024E-16));
#2937=DIRECTION('',(0.,0.,-1.));
#2938=DIRECTION('',(1.,0.,2.77657182907024E-16));
#2939=DIRECTION('',(0.,0.,-1.));
#2940=DIRECTION('',(-1.,0.,-2.08242887180268E-16));
#2941=DIRECTION('',(0.,0.,-1.));
#2942=DIRECTION('',(1.,0.,2.77657182907024E-16));
#2943=DIRECTION('',(0.,0.,-1.));
#2944=DIRECTION('',(-1.,0.,-2.77657182907024E-16));
#2945=DIRECTION('',(0.,0.,-1.));
#2946=DIRECTION('',(1.,0.,2.77657182907024E-16));
#2947=DIRECTION('',(0.,0.,-1.));
#2948=DIRECTION('',(-1.,0.,-2.08242887180268E-16));
#2949=DIRECTION('',(0.,0.,-1.));
#2950=DIRECTION('',(1.,0.,2.77657182907024E-16));
#2951=DIRECTION('',(0.,0.,-1.));
#2952=DIRECTION('',(-1.,0.,-2.77657182907024E-16));
#2953=DIRECTION('',(0.,0.,-1.));
#2954=DIRECTION('',(1.,0.,2.77657182907024E-16));
#2955=DIRECTION('',(0.,0.,-1.));
#2956=DIRECTION('',(-1.,0.,-2.77657182907024E-16));
#2957=DIRECTION('',(0.,0.,-1.));
#2958=DIRECTION('',(1.,0.,2.77657182907024E-16));
#2959=DIRECTION('',(0.,0.,-1.));
#2960=DIRECTION('',(-1.,0.,-2.77657182907024E-16));
#2961=DIRECTION('',(0.,0.,-1.));
#2962=DIRECTION('',(1.,0.,2.77657182907024E-16));
#2963=DIRECTION('',(0.,0.,-1.));
#2964=DIRECTION('',(-1.,0.,-2.77657182907024E-16));
#2965=DIRECTION('center_axis',(-2.42950035043646E-16,-6.67499735338146E-16,
-1.));
#2966=DIRECTION('ref_axis',(0.342020143325669,0.939692620785908,-7.10338381480407E-16));
#2967=DIRECTION('',(0.342020143325669,0.939692620785908,-7.10338381480407E-16));
#2968=DIRECTION('',(0.939692620785912,-0.342020143325659,0.));
#2969=DIRECTION('',(0.342020143325669,0.939692620785908,-7.10338381480407E-16));
#2970=DIRECTION('center_axis',(0.939692620785908,-0.342020143325669,0.));
#2971=DIRECTION('ref_axis',(-0.342020143325669,-0.939692620785908,0.));
#2972=DIRECTION('',(-0.342020143325669,-0.939692620785908,8.11815293120465E-16));
#2973=DIRECTION('',(0.,0.,1.));
#2974=DIRECTION('center_axis',(2.77657182907024E-16,7.62856840386453E-16,
1.));
#2975=DIRECTION('ref_axis',(-0.342020143325669,-0.939692620785908,8.11815293120465E-16));
#2976=DIRECTION('',(-0.342020143325669,-0.939692620785908,8.11815293120465E-16));
#2977=DIRECTION('',(0.939692620785912,-0.342020143325659,0.));
#2978=DIRECTION('center_axis',(-0.939692620785912,0.342020143325659,0.));
#2979=DIRECTION('ref_axis',(0.,0.,1.));
#2980=DIRECTION('',(0.342020143325669,0.939692620785908,-7.10338381480407E-16));
#2981=DIRECTION('',(-1.00264768792752E-15,-1.9572376427597E-15,-1.));
#2982=DIRECTION('center_axis',(-2.42950035043646E-16,-6.67499735338146E-16,
-1.));
#2983=DIRECTION('ref_axis',(0.342020143325669,0.939692620785908,-7.10338381480407E-16));
#2984=DIRECTION('',(0.342020143325669,0.939692620785908,-7.10338381480407E-16));
#2985=DIRECTION('',(0.939692620785912,-0.342020143325659,0.));
#2986=DIRECTION('center_axis',(0.939692620785908,-0.342020143325669,0.));
#2987=DIRECTION('ref_axis',(-0.342020143325669,-0.939692620785908,0.));
#2988=DIRECTION('',(-0.342020143325669,-0.939692620785908,8.11815293120465E-16));
#2989=DIRECTION('',(0.,0.,1.));
#2990=DIRECTION('center_axis',(2.77657182907024E-16,7.62856840386453E-16,
1.));
#2991=DIRECTION('ref_axis',(-0.342020143325669,-0.939692620785908,8.11815293120465E-16));
#2992=DIRECTION('',(-0.342020143325669,-0.939692620785908,8.11815293120465E-16));
#2993=DIRECTION('',(0.939692620785912,-0.342020143325659,0.));
#2994=DIRECTION('center_axis',(-0.939692620785912,0.342020143325659,0.));
#2995=DIRECTION('ref_axis',(0.,0.,1.));
#2996=DIRECTION('',(0.342020143325669,0.939692620785908,-7.10338381480407E-16));
#2997=DIRECTION('',(-1.00264768792752E-15,-1.9572376427597E-15,-1.));
#2998=DIRECTION('center_axis',(-2.42950035043646E-16,-6.67499735338146E-16,
-1.));
#2999=DIRECTION('ref_axis',(0.342020143325669,0.939692620785908,-7.10338381480407E-16));
#3000=DIRECTION('',(0.342020143325669,0.939692620785908,-7.10338381480407E-16));
#3001=DIRECTION('',(0.939692620785912,-0.342020143325659,0.));
#3002=DIRECTION('center_axis',(0.939692620785908,-0.342020143325669,0.));
#3003=DIRECTION('ref_axis',(-0.342020143325669,-0.939692620785908,0.));
#3004=DIRECTION('',(-0.342020143325669,-0.939692620785908,8.11815293120465E-16));
#3005=DIRECTION('',(0.,0.,1.));
#3006=DIRECTION('center_axis',(2.77657182907024E-16,7.62856840386453E-16,
1.));
#3007=DIRECTION('ref_axis',(-0.342020143325669,-0.939692620785908,8.11815293120465E-16));
#3008=DIRECTION('',(-0.342020143325669,-0.939692620785908,8.11815293120465E-16));
#3009=DIRECTION('',(0.939692620785912,-0.342020143325659,0.));
#3010=DIRECTION('center_axis',(-0.939692620785912,0.342020143325659,0.));
#3011=DIRECTION('ref_axis',(0.,0.,1.));
#3012=DIRECTION('',(0.342020143325669,0.939692620785908,-8.11815293120465E-16));
#3013=DIRECTION('',(-1.00264768792752E-15,-1.9572376427597E-15,-1.));
#3014=DIRECTION('center_axis',(-2.77657182907024E-16,-7.62856840386453E-16,
-1.));
#3015=DIRECTION('ref_axis',(0.342020143325669,0.939692620785908,-8.11815293120465E-16));
#3016=DIRECTION('',(0.342020143325669,0.939692620785908,-8.11815293120465E-16));
#3017=DIRECTION('',(0.939692620785912,-0.342020143325659,0.));
#3018=DIRECTION('center_axis',(0.939692620785908,-0.342020143325669,0.));
#3019=DIRECTION('ref_axis',(-0.342020143325669,-0.939692620785908,0.));
#3020=DIRECTION('',(-0.342020143325669,-0.939692620785908,8.11815293120465E-16));
#3021=DIRECTION('',(0.,0.,1.));
#3022=DIRECTION('center_axis',(2.77657182907024E-16,7.62856840386453E-16,
1.));
#3023=DIRECTION('ref_axis',(-0.342020143325669,-0.939692620785908,8.11815293120465E-16));
#3024=DIRECTION('',(-0.342020143325669,-0.939692620785908,8.11815293120465E-16));
#3025=DIRECTION('',(0.939692620785912,-0.342020143325659,0.));
#3026=DIRECTION('center_axis',(-0.939692620785912,0.342020143325659,0.));
#3027=DIRECTION('ref_axis',(0.,0.,1.));
#3028=DIRECTION('',(0.342020143325669,0.939692620785908,-6.08861469840349E-16));
#3029=DIRECTION('',(-1.00264768792752E-15,-1.9572376427597E-15,-1.));
#3030=DIRECTION('center_axis',(-2.08242887180268E-16,-5.7214263028984E-16,
-1.));
#3031=DIRECTION('ref_axis',(0.342020143325669,0.939692620785908,-6.08861469840349E-16));
#3032=DIRECTION('',(0.342020143325669,0.939692620785908,-6.08861469840349E-16));
#3033=DIRECTION('',(0.939692620785912,-0.342020143325659,0.));
#3034=DIRECTION('center_axis',(0.939692620785908,-0.342020143325669,0.));
#3035=DIRECTION('ref_axis',(-0.342020143325669,-0.939692620785908,0.));
#3036=DIRECTION('',(-0.342020143325669,-0.939692620785908,8.11815293120465E-16));
#3037=DIRECTION('',(0.,0.,1.));
#3038=DIRECTION('center_axis',(2.77657182907024E-16,7.62856840386453E-16,
1.));
#3039=DIRECTION('ref_axis',(-0.342020143325669,-0.939692620785908,8.11815293120465E-16));
#3040=DIRECTION('',(-0.342020143325669,-0.939692620785908,8.11815293120465E-16));
#3041=DIRECTION('',(0.939692620785912,-0.342020143325659,0.));
#3042=DIRECTION('center_axis',(-0.939692620785912,0.342020143325659,0.));
#3043=DIRECTION('ref_axis',(0.,0.,1.));
#3044=DIRECTION('',(0.342020143325669,0.939692620785908,-8.11815293120465E-16));
#3045=DIRECTION('',(-1.00264768792752E-15,-1.9572376427597E-15,-1.));
#3046=DIRECTION('center_axis',(-2.77657182907024E-16,-7.62856840386453E-16,
-1.));
#3047=DIRECTION('ref_axis',(0.342020143325669,0.939692620785908,-8.11815293120465E-16));
#3048=DIRECTION('',(0.342020143325669,0.939692620785908,-8.11815293120465E-16));
#3049=DIRECTION('',(0.939692620785912,-0.342020143325659,0.));
#3050=DIRECTION('center_axis',(0.939692620785908,-0.342020143325669,0.));
#3051=DIRECTION('ref_axis',(-0.342020143325669,-0.939692620785908,0.));
#3052=DIRECTION('',(-0.342020143325669,-0.939692620785908,8.11815293120465E-16));
#3053=DIRECTION('',(0.,0.,1.));
#3054=DIRECTION('center_axis',(2.77657182907024E-16,7.62856840386453E-16,
1.));
#3055=DIRECTION('ref_axis',(-0.342020143325669,-0.939692620785908,8.11815293120465E-16));
#3056=DIRECTION('',(-0.342020143325669,-0.939692620785908,8.11815293120465E-16));
#3057=DIRECTION('',(0.939692620785912,-0.342020143325659,0.));
#3058=DIRECTION('center_axis',(-0.939692620785912,0.342020143325659,0.));
#3059=DIRECTION('ref_axis',(0.,0.,1.));
#3060=DIRECTION('',(0.342020143325669,0.939692620785908,-6.08861469840349E-16));
#3061=DIRECTION('',(-1.00264768792752E-15,-1.9572376427597E-15,-1.));
#3062=DIRECTION('center_axis',(-2.08242887180268E-16,-5.7214263028984E-16,
-1.));
#3063=DIRECTION('ref_axis',(0.342020143325669,0.939692620785908,-6.08861469840349E-16));
#3064=DIRECTION('',(0.342020143325669,0.939692620785908,-6.08861469840349E-16));
#3065=DIRECTION('',(0.939692620785912,-0.342020143325659,0.));
#3066=DIRECTION('center_axis',(0.939692620785908,-0.342020143325669,0.));
#3067=DIRECTION('ref_axis',(-0.342020143325669,-0.939692620785908,0.));
#3068=DIRECTION('',(-0.342020143325669,-0.939692620785908,8.11815293120465E-16));
#3069=DIRECTION('',(0.,0.,1.));
#3070=DIRECTION('center_axis',(2.77657182907024E-16,7.62856840386453E-16,
1.));
#3071=DIRECTION('ref_axis',(-0.342020143325669,-0.939692620785908,8.11815293120465E-16));
#3072=DIRECTION('',(-0.342020143325669,-0.939692620785908,8.11815293120465E-16));
#3073=DIRECTION('',(0.939692620785912,-0.342020143325659,0.));
#3074=DIRECTION('center_axis',(-0.939692620785912,0.342020143325659,0.));
#3075=DIRECTION('ref_axis',(0.,0.,1.));
#3076=DIRECTION('',(0.342020143325669,0.939692620785908,-8.11815293120465E-16));
#3077=DIRECTION('',(-1.00264768792752E-15,-1.9572376427597E-15,-1.));
#3078=DIRECTION('center_axis',(-2.77657182907024E-16,-7.62856840386453E-16,
-1.));
#3079=DIRECTION('ref_axis',(0.342020143325669,0.939692620785908,-8.11815293120465E-16));
#3080=DIRECTION('',(0.342020143325669,0.939692620785908,-8.11815293120465E-16));
#3081=DIRECTION('',(0.939692620785912,-0.342020143325659,0.));
#3082=DIRECTION('center_axis',(0.939692620785908,-0.342020143325669,0.));
#3083=DIRECTION('ref_axis',(-0.342020143325669,-0.939692620785908,0.));
#3084=DIRECTION('',(-0.342020143325669,-0.939692620785908,8.11815293120465E-16));
#3085=DIRECTION('',(0.,0.,1.));
#3086=DIRECTION('center_axis',(2.77657182907024E-16,7.62856840386453E-16,
1.));
#3087=DIRECTION('ref_axis',(-0.342020143325669,-0.939692620785908,8.11815293120465E-16));
#3088=DIRECTION('',(-0.342020143325669,-0.939692620785908,8.11815293120465E-16));
#3089=DIRECTION('',(0.939692620785912,-0.342020143325659,0.));
#3090=DIRECTION('center_axis',(-0.939692620785912,0.342020143325659,0.));
#3091=DIRECTION('ref_axis',(0.,0.,1.));
#3092=DIRECTION('',(0.342020143325669,0.939692620785908,-8.11815293120465E-16));
#3093=DIRECTION('',(-1.00264768792752E-15,-1.9572376427597E-15,-1.));
#3094=DIRECTION('center_axis',(-2.77657182907024E-16,-7.62856840386453E-16,
-1.));
#3095=DIRECTION('ref_axis',(0.342020143325669,0.939692620785908,-8.11815293120465E-16));
#3096=DIRECTION('',(0.342020143325669,0.939692620785908,-8.11815293120465E-16));
#3097=DIRECTION('',(0.939692620785912,-0.342020143325659,0.));
#3098=DIRECTION('center_axis',(0.939692620785908,-0.342020143325669,0.));
#3099=DIRECTION('ref_axis',(-0.342020143325669,-0.939692620785908,0.));
#3100=DIRECTION('',(-0.342020143325669,-0.939692620785908,8.11815293120465E-16));
#3101=DIRECTION('',(0.,0.,1.));
#3102=DIRECTION('center_axis',(2.77657182907024E-16,7.62856840386453E-16,
1.));
#3103=DIRECTION('ref_axis',(-0.342020143325669,-0.939692620785908,8.11815293120465E-16));
#3104=DIRECTION('',(-0.342020143325669,-0.939692620785908,8.11815293120465E-16));
#3105=DIRECTION('',(0.939692620785912,-0.342020143325659,0.));
#3106=DIRECTION('center_axis',(-0.939692620785912,0.342020143325659,0.));
#3107=DIRECTION('ref_axis',(0.,0.,1.));
#3108=DIRECTION('',(0.342020143325669,0.939692620785908,-8.11815293120465E-16));
#3109=DIRECTION('',(-1.00264768792752E-15,-1.9572376427597E-15,-1.));
#3110=DIRECTION('center_axis',(-2.77657182907024E-16,-7.62856840386453E-16,
-1.));
#3111=DIRECTION('ref_axis',(0.342020143325669,0.939692620785908,-8.11815293120465E-16));
#3112=DIRECTION('',(0.342020143325669,0.939692620785908,-8.11815293120465E-16));
#3113=DIRECTION('',(0.939692620785912,-0.342020143325659,0.));
#3114=DIRECTION('center_axis',(0.939692620785908,-0.342020143325669,0.));
#3115=DIRECTION('ref_axis',(-0.342020143325669,-0.939692620785908,0.));
#3116=DIRECTION('',(-0.342020143325669,-0.939692620785908,8.11815293120465E-16));
#3117=DIRECTION('',(0.,0.,1.));
#3118=DIRECTION('center_axis',(2.77657182907024E-16,7.62856840386453E-16,
1.));
#3119=DIRECTION('ref_axis',(-0.342020143325669,-0.939692620785908,8.11815293120465E-16));
#3120=DIRECTION('',(-0.342020143325669,-0.939692620785908,8.11815293120465E-16));
#3121=DIRECTION('',(0.939692620785912,-0.342020143325659,0.));
#3122=DIRECTION('center_axis',(-0.939692620785912,0.342020143325659,0.));
#3123=DIRECTION('ref_axis',(0.,0.,1.));
#3124=DIRECTION('',(0.342020143325669,0.939692620785908,-8.11815293120465E-16));
#3125=DIRECTION('',(-1.00264768792752E-15,-1.9572376427597E-15,-1.));
#3126=DIRECTION('center_axis',(-2.77657182907024E-16,-7.62856840386453E-16,
-1.));
#3127=DIRECTION('ref_axis',(0.342020143325669,0.939692620785908,-8.11815293120465E-16));
#3128=DIRECTION('',(0.342020143325669,0.939692620785908,-8.11815293120465E-16));
#3129=DIRECTION('',(0.939692620785912,-0.342020143325659,0.));
#3130=DIRECTION('center_axis',(0.939692620785908,-0.342020143325669,0.));
#3131=DIRECTION('ref_axis',(-0.342020143325669,-0.939692620785908,0.));
#3132=DIRECTION('',(-0.342020143325669,-0.939692620785908,8.11815293120465E-16));
#3133=DIRECTION('',(0.,0.,1.));
#3134=DIRECTION('center_axis',(2.77657182907024E-16,7.62856840386453E-16,
1.));
#3135=DIRECTION('ref_axis',(-0.342020143325669,-0.939692620785908,8.11815293120465E-16));
#3136=DIRECTION('',(-0.342020143325669,-0.939692620785908,8.11815293120465E-16));
#3137=DIRECTION('',(0.939692620785912,-0.342020143325659,0.));
#3138=DIRECTION('center_axis',(-0.939692620785912,0.342020143325659,0.));
#3139=DIRECTION('ref_axis',(0.,0.,1.));
#3140=DIRECTION('',(0.342020143325669,0.939692620785908,-8.11815293120465E-16));
#3141=DIRECTION('',(-1.00264768792752E-15,-1.9572376427597E-15,-1.));
#3142=DIRECTION('center_axis',(-2.77657182907024E-16,-7.62856840386453E-16,
-1.));
#3143=DIRECTION('ref_axis',(0.342020143325669,0.939692620785908,-8.11815293120465E-16));
#3144=DIRECTION('',(0.342020143325669,0.939692620785908,-8.11815293120465E-16));
#3145=DIRECTION('',(0.939692620785912,-0.342020143325659,0.));
#3146=DIRECTION('center_axis',(0.939692620785908,-0.342020143325669,0.));
#3147=DIRECTION('ref_axis',(-0.342020143325669,-0.939692620785908,0.));
#3148=DIRECTION('',(-0.342020143325669,-0.939692620785908,0.));
#3149=DIRECTION('',(-0.249243569363954,-0.684791078771736,0.684791078771736));
#3150=DIRECTION('',(0.,0.,1.));
#3151=DIRECTION('center_axis',(-0.707106781186548,0.0853226485487864,0.701940200903624));
#3152=DIRECTION('ref_axis',(0.704509282855361,0.,0.709694772680921));
#3153=DIRECTION('',(9.8130778667736E-18,-0.992693352092801,0.120664446755287));
#3154=DIRECTION('',(0.119795492580593,0.992798589824428,0.));
#3155=DIRECTION('center_axis',(0.,0.9926933520928,-0.120664446755287));
#3156=DIRECTION('ref_axis',(-0.382683432365099,0.111479412658985,0.917129070058558));
#3157=DIRECTION('',(0.,0.992693352092801,-0.120664446755287));
#3158=DIRECTION('center_axis',(0.,0.,-1.));
#3159=DIRECTION('ref_axis',(0.,1.,0.));
#3160=DIRECTION('center_axis',(0.,0.120664446755287,0.9926933520928));
#3161=DIRECTION('ref_axis',(0.,-0.992693352092801,0.120664446755287));
#3162=DIRECTION('',(0.,-0.992693352092801,0.120664446755287));
#3163=DIRECTION('',(1.,0.,0.));
#3164=DIRECTION('center_axis',(0.,-0.9926933520928,0.120664446755287));
#3165=DIRECTION('ref_axis',(0.382683432365093,0.111479412658984,0.91712907005856));
#3166=DIRECTION('',(9.8130778667736E-18,0.992693352092801,-0.120664446755287));
#3167=DIRECTION('center_axis',(0.,0.,-1.));
#3168=DIRECTION('ref_axis',(1.78619262721834E-17,1.,0.));
#3169=DIRECTION('center_axis',(0.707106781186548,0.0853226485487864,0.701940200903624));
#3170=DIRECTION('ref_axis',(0.704509282855361,0.,-0.709694772680921));
#3171=DIRECTION('',(0.119795492580593,-0.992798589824428,0.));
#3172=DIRECTION('center_axis',(0.,0.,1.));
#3173=DIRECTION('ref_axis',(0.,-1.,0.));
#3174=DIRECTION('',(-0.342020143325669,0.939692620785908,0.));
#3175=DIRECTION('',(1.,0.,0.));
#3176=DIRECTION('center_axis',(-0.939692620785908,-0.342020143325669,0.));
#3177=DIRECTION('ref_axis',(-0.342020143325669,0.939692620785908,0.));
#3178=DIRECTION('',(-0.342020143325669,0.939692620785908,-8.11815293120465E-16));
#3179=DIRECTION('',(0.,0.,-1.));
#3180=DIRECTION('',(-0.249243569363955,0.684791078771736,-0.684791078771736));
#3181=DIRECTION('center_axis',(-2.77657182907024E-16,7.62856840386453E-16,
1.));
#3182=DIRECTION('ref_axis',(-0.342020143325669,0.939692620785908,-8.11815293120465E-16));
#3183=DIRECTION('',(-0.342020143325669,0.939692620785908,-8.11815293120465E-16));
#3184=DIRECTION('',(-0.939692620785912,-0.342020143325659,0.));
#3185=DIRECTION('center_axis',(-0.939692620785912,-0.342020143325659,0.));
#3186=DIRECTION('ref_axis',(0.,0.,1.));
#3187=DIRECTION('',(0.342020143325669,-0.939692620785908,8.11815293120465E-16));
#3188=DIRECTION('',(1.00264768792752E-15,-1.9572376427597E-15,-1.));
#3189=DIRECTION('center_axis',(2.77657182907024E-16,-7.62856840386453E-16,
-1.));
#3190=DIRECTION('ref_axis',(0.342020143325669,-0.939692620785908,8.11815293120465E-16));
#3191=DIRECTION('',(0.342020143325669,-0.939692620785908,8.11815293120465E-16));
#3192=DIRECTION('',(-0.939692620785912,-0.342020143325659,0.));
#3193=DIRECTION('center_axis',(0.,0.,1.));
#3194=DIRECTION('ref_axis',(1.,0.,0.));
#3195=DIRECTION('',(-0.342020143325669,-0.939692620785908,0.));
#3196=DIRECTION('',(-1.,0.,0.));
#3197=DIRECTION('',(-0.342020143325669,0.939692620785908,0.));
#3198=DIRECTION('center_axis',(-0.939692620785908,-0.342020143325669,0.));
#3199=DIRECTION('ref_axis',(-0.342020143325669,0.939692620785908,0.));
#3200=DIRECTION('',(0.,0.,-1.));
#3201=DIRECTION('',(0.342020143325669,-0.939692620785908,8.11815293120465E-16));
#3202=DIRECTION('center_axis',(0.,-1.,0.));
#3203=DIRECTION('ref_axis',(0.,0.,1.));
#3204=DIRECTION('',(0.,0.,1.));
#3205=DIRECTION('',(0.,0.,1.));
#3206=DIRECTION('',(0.,0.,1.));
#3207=DIRECTION('',(0.,0.,1.));
#3208=DIRECTION('',(0.,0.,1.));
#3209=DIRECTION('',(0.,0.,1.));
#3210=DIRECTION('',(0.,0.,1.));
#3211=DIRECTION('',(0.,0.,1.));
#3212=DIRECTION('',(0.,0.,1.));
#3213=DIRECTION('',(0.,0.,1.));
#3214=DIRECTION('',(0.,0.,1.));
#3215=DIRECTION('',(0.,0.,1.));
#3216=DIRECTION('',(0.,0.,1.));
#3217=DIRECTION('',(0.,0.,1.));
#3218=DIRECTION('',(0.,0.,1.));
#3219=DIRECTION('',(-1.,0.,0.));
#3220=DIRECTION('',(0.,0.,-1.));
#3221=DIRECTION('',(0.,0.,-1.));
#3222=DIRECTION('',(0.,0.,-1.));
#3223=DIRECTION('',(0.,0.,-1.));
#3224=DIRECTION('',(0.,0.,-1.));
#3225=DIRECTION('',(0.,0.,-1.));
#3226=DIRECTION('',(0.,0.,-1.));
#3227=DIRECTION('',(0.,0.,-1.));
#3228=DIRECTION('',(0.,0.,-1.));
#3229=DIRECTION('',(0.,0.,-1.));
#3230=DIRECTION('',(0.,0.,-1.));
#3231=DIRECTION('',(0.,0.,-1.));
#3232=DIRECTION('',(0.,0.,-1.));
#3233=DIRECTION('',(0.,0.,-1.));
#3234=DIRECTION('',(0.,0.,-1.));
#3235=DIRECTION('',(0.,0.,-1.));
#3236=DIRECTION('',(0.,0.,-1.));
#3237=DIRECTION('',(0.,0.,-1.));
#3238=DIRECTION('',(0.,0.,-1.));
#3239=DIRECTION('',(0.,0.,-1.));
#3240=DIRECTION('',(0.,0.,-1.));
#3241=DIRECTION('',(0.,0.,-1.));
#3242=DIRECTION('',(0.,0.,-1.));
#3243=DIRECTION('',(0.,0.,-1.));
#3244=DIRECTION('',(0.,0.,-1.));
#3245=DIRECTION('center_axis',(0.939692620785908,-0.342020143325669,0.));
#3246=DIRECTION('ref_axis',(-0.342020143325669,-0.939692620785908,0.));
#3247=DIRECTION('',(-0.342020143325669,-0.939692620785908,8.11815293120465E-16));
#3248=DIRECTION('center_axis',(0.939692620785908,-0.342020143325669,0.));
#3249=DIRECTION('ref_axis',(-0.342020143325669,-0.939692620785908,0.));
#3250=DIRECTION('',(-0.342020143325669,-0.939692620785908,8.11815293120465E-16));
#3251=DIRECTION('',(0.342020143325669,0.939692620785908,-7.10338381480407E-16));
#3252=DIRECTION('center_axis',(-0.939692620785908,-0.342020143325669,0.));
#3253=DIRECTION('ref_axis',(-0.342020143325669,0.939692620785908,0.));
#3254=DIRECTION('',(-0.342020143325669,0.939692620785908,-7.10338381480407E-16));
#3255=DIRECTION('',(0.342020143325669,-0.939692620785908,8.11815293120465E-16));
#3256=DIRECTION('center_axis',(-0.939692620785908,-0.342020143325669,0.));
#3257=DIRECTION('ref_axis',(-0.342020143325669,0.939692620785908,0.));
#3258=DIRECTION('',(-0.342020143325669,0.939692620785908,-7.10338381480407E-16));
#3259=DIRECTION('',(0.342020143325669,-0.939692620785908,8.11815293120465E-16));
#3260=DIRECTION('center_axis',(-0.939692620785908,-0.342020143325669,0.));
#3261=DIRECTION('ref_axis',(-0.342020143325669,0.939692620785908,0.));
#3262=DIRECTION('',(-0.342020143325669,0.939692620785908,-7.10338381480407E-16));
#3263=DIRECTION('',(0.342020143325669,-0.939692620785908,8.11815293120465E-16));
#3264=DIRECTION('center_axis',(-0.939692620785908,-0.342020143325669,0.));
#3265=DIRECTION('ref_axis',(-0.342020143325669,0.939692620785908,0.));
#3266=DIRECTION('',(-0.342020143325669,0.939692620785908,-7.10338381480407E-16));
#3267=DIRECTION('',(0.342020143325669,-0.939692620785908,8.11815293120465E-16));
#3268=DIRECTION('center_axis',(-0.939692620785908,-0.342020143325669,0.));
#3269=DIRECTION('ref_axis',(-0.342020143325669,0.939692620785908,0.));
#3270=DIRECTION('',(-0.342020143325669,0.939692620785908,-8.11815293120465E-16));
#3271=DIRECTION('',(0.342020143325669,-0.939692620785908,8.11815293120465E-16));
#3272=DIRECTION('center_axis',(-0.939692620785908,-0.342020143325669,0.));
#3273=DIRECTION('ref_axis',(-0.342020143325669,0.939692620785908,0.));
#3274=DIRECTION('',(-0.342020143325669,0.939692620785908,-6.08861469840349E-16));
#3275=DIRECTION('',(0.342020143325669,-0.939692620785908,8.11815293120465E-16));
#3276=DIRECTION('center_axis',(-0.939692620785908,-0.342020143325669,0.));
#3277=DIRECTION('ref_axis',(-0.342020143325669,0.939692620785908,0.));
#3278=DIRECTION('',(-0.342020143325669,0.939692620785908,-8.11815293120465E-16));
#3279=DIRECTION('',(0.342020143325669,-0.939692620785908,8.11815293120465E-16));
#3280=DIRECTION('center_axis',(-0.939692620785908,-0.342020143325669,0.));
#3281=DIRECTION('ref_axis',(-0.342020143325669,0.939692620785908,0.));
#3282=DIRECTION('',(-0.342020143325669,0.939692620785908,-6.08861469840349E-16));
#3283=DIRECTION('',(0.342020143325669,-0.939692620785908,8.11815293120465E-16));
#3284=DIRECTION('center_axis',(-0.939692620785908,-0.342020143325669,0.));
#3285=DIRECTION('ref_axis',(-0.342020143325669,0.939692620785908,0.));
#3286=DIRECTION('',(-0.342020143325669,0.939692620785908,-8.11815293120465E-16));
#3287=DIRECTION('',(0.342020143325669,-0.939692620785908,8.11815293120465E-16));
#3288=DIRECTION('center_axis',(-0.939692620785908,-0.342020143325669,0.));
#3289=DIRECTION('ref_axis',(-0.342020143325669,0.939692620785908,0.));
#3290=DIRECTION('',(-0.342020143325669,0.939692620785908,-8.11815293120465E-16));
#3291=DIRECTION('',(0.342020143325669,-0.939692620785908,8.11815293120465E-16));
#3292=DIRECTION('center_axis',(-0.939692620785908,-0.342020143325669,0.));
#3293=DIRECTION('ref_axis',(-0.342020143325669,0.939692620785908,0.));
#3294=DIRECTION('',(-0.342020143325669,0.939692620785908,-8.11815293120465E-16));
#3295=DIRECTION('',(0.342020143325669,-0.939692620785908,8.11815293120465E-16));
#3296=DIRECTION('center_axis',(-0.939692620785908,-0.342020143325669,0.));
#3297=DIRECTION('ref_axis',(-0.342020143325669,0.939692620785908,0.));
#3298=DIRECTION('',(-0.342020143325669,0.939692620785908,-8.11815293120465E-16));
#3299=DIRECTION('center_axis',(0.,0.707106781186548,0.707106781186548));
#3300=DIRECTION('ref_axis',(1.,0.,0.));
#3301=DIRECTION('center_axis',(-0.939692620785912,0.342020143325659,0.));
#3302=DIRECTION('ref_axis',(0.,0.,1.));
#3303=DIRECTION('',(-1.00264768792752E-15,-1.9572376427597E-15,-1.));
#3304=DIRECTION('',(-0.342020143325669,-0.939692620785908,8.11815293120465E-16));
#3305=DIRECTION('center_axis',(2.77657182907024E-16,7.62856840386453E-16,
1.));
#3306=DIRECTION('ref_axis',(-0.342020143325669,-0.939692620785908,8.11815293120465E-16));
#3307=DIRECTION('',(0.939692620785912,-0.342020143325659,0.));
#3308=DIRECTION('center_axis',(-2.42950035043646E-16,-6.67499735338146E-16,
-1.));
#3309=DIRECTION('ref_axis',(0.342020143325669,0.939692620785908,-7.10338381480407E-16));
#3310=DIRECTION('',(0.939692620785912,-0.342020143325659,0.));
#3311=DIRECTION('',(0.342020143325669,0.939692620785908,-7.10338381480407E-16));
#3312=DIRECTION('center_axis',(-0.939692620785912,0.342020143325659,0.));
#3313=DIRECTION('ref_axis',(0.,0.,1.));
#3314=DIRECTION('',(-1.00264768792752E-15,-1.9572376427597E-15,-1.));
#3315=DIRECTION('',(-0.342020143325669,-0.939692620785908,8.11815293120465E-16));
#3316=DIRECTION('center_axis',(2.77657182907024E-16,7.62856840386453E-16,
1.));
#3317=DIRECTION('ref_axis',(-0.342020143325669,-0.939692620785908,8.11815293120465E-16));
#3318=DIRECTION('',(0.939692620785912,-0.342020143325659,0.));
#3319=DIRECTION('center_axis',(-0.342020143325659,0.939692620785912,-2.18212747595581E-15));
#3320=DIRECTION('ref_axis',(1.00264768792752E-15,-1.9572376427597E-15,-1.));
#3321=DIRECTION('center_axis',(-0.342020143325659,0.939692620785912,-2.18212747595581E-15));
#3322=DIRECTION('ref_axis',(1.00264768792752E-15,-1.9572376427597E-15,-1.));
#3323=DIRECTION('',(-0.939692620785912,-0.342020143325659,0.));
#3324=DIRECTION('',(1.00264768792752E-15,-1.9572376427597E-15,-1.));
#3325=DIRECTION('',(-0.939692620785912,-0.342020143325659,0.));
#3326=DIRECTION('center_axis',(-0.342020143325659,0.939692620785912,-2.18212747595581E-15));
#3327=DIRECTION('ref_axis',(1.00264768792752E-15,-1.9572376427597E-15,-1.));
#3328=DIRECTION('',(-0.939692620785912,-0.342020143325659,0.));
#3329=DIRECTION('',(1.00264768792752E-15,-1.9572376427597E-15,-1.));
#3330=DIRECTION('',(-0.939692620785912,-0.342020143325659,0.));
#3331=DIRECTION('center_axis',(-0.342020143325659,0.939692620785912,-2.18212747595581E-15));
#3332=DIRECTION('ref_axis',(1.00264768792752E-15,-1.9572376427597E-15,-1.));
#3333=DIRECTION('',(-0.939692620785912,-0.342020143325659,0.));
#3334=DIRECTION('',(1.00264768792752E-15,-1.9572376427597E-15,-1.));
#3335=DIRECTION('',(-0.939692620785912,-0.342020143325659,0.));
#3336=DIRECTION('center_axis',(-0.342020143325659,0.939692620785912,-2.18212747595581E-15));
#3337=DIRECTION('ref_axis',(1.00264768792752E-15,-1.9572376427597E-15,-1.));
#3338=DIRECTION('',(-0.939692620785912,-0.342020143325659,0.));
#3339=DIRECTION('',(1.00264768792752E-15,-1.9572376427597E-15,-1.));
#3340=DIRECTION('',(-0.939692620785912,-0.342020143325659,0.));
#3341=DIRECTION('center_axis',(-0.342020143325659,0.939692620785912,-2.18212747595581E-15));
#3342=DIRECTION('ref_axis',(1.00264768792752E-15,-1.9572376427597E-15,-1.));
#3343=DIRECTION('',(-0.939692620785912,-0.342020143325659,0.));
#3344=DIRECTION('',(1.00264768792752E-15,-1.9572376427597E-15,-1.));
#3345=DIRECTION('',(-0.939692620785912,-0.342020143325659,0.));
#3346=DIRECTION('center_axis',(-0.342020143325659,0.939692620785912,-2.18212747595581E-15));
#3347=DIRECTION('ref_axis',(1.00264768792752E-15,-1.9572376427597E-15,-1.));
#3348=DIRECTION('',(-0.939692620785912,-0.342020143325659,0.));
#3349=DIRECTION('',(1.00264768792752E-15,-1.9572376427597E-15,-1.));
#3350=DIRECTION('',(-0.939692620785912,-0.342020143325659,0.));
#3351=DIRECTION('center_axis',(-0.342020143325659,0.939692620785912,-2.18212747595581E-15));
#3352=DIRECTION('ref_axis',(1.00264768792752E-15,-1.9572376427597E-15,-1.));
#3353=DIRECTION('',(-0.939692620785912,-0.342020143325659,0.));
#3354=DIRECTION('',(1.00264768792752E-15,-1.9572376427597E-15,-1.));
#3355=DIRECTION('',(-0.939692620785912,-0.342020143325659,0.));
#3356=DIRECTION('center_axis',(-0.342020143325659,0.939692620785912,-2.18212747595581E-15));
#3357=DIRECTION('ref_axis',(1.00264768792752E-15,-1.9572376427597E-15,-1.));
#3358=DIRECTION('',(-0.939692620785912,-0.342020143325659,0.));
#3359=DIRECTION('',(1.00264768792752E-15,-1.9572376427597E-15,-1.));
#3360=DIRECTION('',(-0.939692620785912,-0.342020143325659,0.));
#3361=DIRECTION('center_axis',(-0.342020143325659,0.939692620785912,-2.18212747595581E-15));
#3362=DIRECTION('ref_axis',(1.00264768792752E-15,-1.9572376427597E-15,-1.));
#3363=DIRECTION('',(-0.939692620785912,-0.342020143325659,0.));
#3364=DIRECTION('',(1.00264768792752E-15,-1.9572376427597E-15,-1.));
#3365=DIRECTION('',(-0.939692620785912,-0.342020143325659,0.));
#3366=DIRECTION('center_axis',(-0.342020143325659,0.939692620785912,-2.18212747595581E-15));
#3367=DIRECTION('ref_axis',(1.00264768792752E-15,-1.9572376427597E-15,-1.));
#3368=DIRECTION('',(-0.939692620785912,-0.342020143325659,0.));
#3369=DIRECTION('',(1.00264768792752E-15,-1.9572376427597E-15,-1.));
#3370=DIRECTION('',(-0.939692620785912,-0.342020143325659,0.));
#3371=DIRECTION('center_axis',(-0.342020143325659,0.939692620785912,-2.18212747595581E-15));
#3372=DIRECTION('ref_axis',(1.00264768792752E-15,-1.9572376427597E-15,-1.));
#3373=DIRECTION('',(-0.939692620785912,-0.342020143325659,0.));
#3374=DIRECTION('',(1.00264768792752E-15,-1.9572376427597E-15,-1.));
#3375=DIRECTION('',(-0.939692620785912,-0.342020143325659,0.));
#3376=DIRECTION('center_axis',(-0.342020143325659,0.939692620785912,-2.18212747595581E-15));
#3377=DIRECTION('ref_axis',(1.00264768792752E-15,-1.9572376427597E-15,-1.));
#3378=DIRECTION('',(-0.939692620785912,-0.342020143325659,0.));
#3379=DIRECTION('',(1.00264768792752E-15,-1.9572376427597E-15,-1.));
#3380=DIRECTION('',(-0.939692620785912,-0.342020143325659,0.));
#3381=DIRECTION('center_axis',(-0.342020143325659,-0.939692620785912,2.18212747595581E-15));
#3382=DIRECTION('ref_axis',(-1.00264768792752E-15,-1.9572376427597E-15,
-1.));
#3383=DIRECTION('center_axis',(-0.342020143325659,-0.939692620785912,2.18212747595581E-15));
#3384=DIRECTION('ref_axis',(-1.00264768792752E-15,-1.9572376427597E-15,
-1.));
#3385=DIRECTION('center_axis',(-0.342020143325659,-0.939692620785912,2.18212747595581E-15));
#3386=DIRECTION('ref_axis',(-1.00264768792752E-15,-1.9572376427597E-15,
-1.));
#3387=DIRECTION('center_axis',(-0.342020143325659,-0.939692620785912,2.18212747595581E-15));
#3388=DIRECTION('ref_axis',(-1.00264768792752E-15,-1.9572376427597E-15,
-1.));
#3389=DIRECTION('center_axis',(-0.342020143325659,-0.939692620785912,2.18212747595581E-15));
#3390=DIRECTION('ref_axis',(-1.00264768792752E-15,-1.9572376427597E-15,
-1.));
#3391=DIRECTION('center_axis',(-0.342020143325659,-0.939692620785912,2.18212747595581E-15));
#3392=DIRECTION('ref_axis',(-1.00264768792752E-15,-1.9572376427597E-15,
-1.));
#3393=DIRECTION('center_axis',(-0.342020143325659,-0.939692620785912,2.18212747595581E-15));
#3394=DIRECTION('ref_axis',(-1.00264768792752E-15,-1.9572376427597E-15,
-1.));
#3395=DIRECTION('center_axis',(-0.342020143325659,-0.939692620785912,2.18212747595581E-15));
#3396=DIRECTION('ref_axis',(-1.00264768792752E-15,-1.9572376427597E-15,
-1.));
#3397=DIRECTION('center_axis',(-0.342020143325659,-0.939692620785912,2.18212747595581E-15));
#3398=DIRECTION('ref_axis',(-1.00264768792752E-15,-1.9572376427597E-15,
-1.));
#3399=DIRECTION('center_axis',(-0.342020143325659,-0.939692620785912,2.18212747595581E-15));
#3400=DIRECTION('ref_axis',(-1.00264768792752E-15,-1.9572376427597E-15,
-1.));
#3401=DIRECTION('center_axis',(-0.342020143325659,-0.939692620785912,2.18212747595581E-15));
#3402=DIRECTION('ref_axis',(-1.00264768792752E-15,-1.9572376427597E-15,
-1.));
#3403=DIRECTION('center_axis',(-0.342020143325659,-0.939692620785912,2.18212747595581E-15));
#3404=DIRECTION('ref_axis',(-1.00264768792752E-15,-1.9572376427597E-15,
-1.));
#3405=DIRECTION('center_axis',(-0.342020143325659,-0.939692620785912,2.18212747595581E-15));
#3406=DIRECTION('ref_axis',(-1.00264768792752E-15,-1.9572376427597E-15,
-1.));
#3407=DIRECTION('center_axis',(2.77657182907024E-16,-7.62856840386453E-16,
-1.));
#3408=DIRECTION('ref_axis',(0.342020143325669,-0.939692620785908,8.11815293120465E-16));
#3409=DIRECTION('',(0.342020143325669,-0.939692620785908,8.11815293120465E-16));
#3410=DIRECTION('center_axis',(-0.939692620785912,-0.342020143325659,0.));
#3411=DIRECTION('ref_axis',(0.,0.,1.));
#3412=DIRECTION('',(-0.342020143325669,0.939692620785908,-7.10338381480407E-16));
#3413=DIRECTION('center_axis',(-2.42950035043646E-16,6.67499735338146E-16,
1.));
#3414=DIRECTION('ref_axis',(-0.342020143325669,0.939692620785908,-7.10338381480407E-16));
#3415=DIRECTION('center_axis',(2.77657182907024E-16,-7.62856840386453E-16,
-1.));
#3416=DIRECTION('ref_axis',(0.342020143325669,-0.939692620785908,8.11815293120465E-16));
#3417=DIRECTION('',(0.342020143325669,-0.939692620785908,8.11815293120465E-16));
#3418=DIRECTION('center_axis',(-0.939692620785912,-0.342020143325659,0.));
#3419=DIRECTION('ref_axis',(0.,0.,1.));
#3420=DIRECTION('',(-0.342020143325669,0.939692620785908,-7.10338381480407E-16));
#3421=DIRECTION('center_axis',(-2.42950035043646E-16,6.67499735338146E-16,
1.));
#3422=DIRECTION('ref_axis',(-0.342020143325669,0.939692620785908,-7.10338381480407E-16));
#3423=DIRECTION('center_axis',(2.77657182907024E-16,-7.62856840386453E-16,
-1.));
#3424=DIRECTION('ref_axis',(0.342020143325669,-0.939692620785908,8.11815293120465E-16));
#3425=DIRECTION('',(0.342020143325669,-0.939692620785908,8.11815293120465E-16));
#3426=DIRECTION('center_axis',(-0.939692620785912,-0.342020143325659,0.));
#3427=DIRECTION('ref_axis',(0.,0.,1.));
#3428=DIRECTION('',(-0.342020143325669,0.939692620785908,-7.10338381480407E-16));
#3429=DIRECTION('center_axis',(-2.42950035043646E-16,6.67499735338146E-16,
1.));
#3430=DIRECTION('ref_axis',(-0.342020143325669,0.939692620785908,-7.10338381480407E-16));
#3431=DIRECTION('center_axis',(2.77657182907024E-16,-7.62856840386453E-16,
-1.));
#3432=DIRECTION('ref_axis',(0.342020143325669,-0.939692620785908,8.11815293120465E-16));
#3433=DIRECTION('',(0.342020143325669,-0.939692620785908,8.11815293120465E-16));
#3434=DIRECTION('center_axis',(-0.939692620785912,-0.342020143325659,0.));
#3435=DIRECTION('ref_axis',(0.,0.,1.));
#3436=DIRECTION('',(-0.342020143325669,0.939692620785908,-7.10338381480407E-16));
#3437=DIRECTION('center_axis',(-2.42950035043646E-16,6.67499735338146E-16,
1.));
#3438=DIRECTION('ref_axis',(-0.342020143325669,0.939692620785908,-7.10338381480407E-16));
#3439=DIRECTION('center_axis',(2.77657182907024E-16,-7.62856840386453E-16,
-1.));
#3440=DIRECTION('ref_axis',(0.342020143325669,-0.939692620785908,8.11815293120465E-16));
#3441=DIRECTION('',(0.342020143325669,-0.939692620785908,8.11815293120465E-16));
#3442=DIRECTION('center_axis',(-0.939692620785912,-0.342020143325659,0.));
#3443=DIRECTION('ref_axis',(0.,0.,1.));
#3444=DIRECTION('',(-0.342020143325669,0.939692620785908,-8.11815293120465E-16));
#3445=DIRECTION('center_axis',(-2.77657182907024E-16,7.62856840386453E-16,
1.));
#3446=DIRECTION('ref_axis',(-0.342020143325669,0.939692620785908,-8.11815293120465E-16));
#3447=DIRECTION('center_axis',(2.77657182907024E-16,-7.62856840386453E-16,
-1.));
#3448=DIRECTION('ref_axis',(0.342020143325669,-0.939692620785908,8.11815293120465E-16));
#3449=DIRECTION('',(0.342020143325669,-0.939692620785908,8.11815293120465E-16));
#3450=DIRECTION('center_axis',(-0.939692620785912,-0.342020143325659,0.));
#3451=DIRECTION('ref_axis',(0.,0.,1.));
#3452=DIRECTION('',(-0.342020143325669,0.939692620785908,-6.08861469840349E-16));
#3453=DIRECTION('center_axis',(-2.08242887180268E-16,5.7214263028984E-16,
1.));
#3454=DIRECTION('ref_axis',(-0.342020143325669,0.939692620785908,-6.08861469840349E-16));
#3455=DIRECTION('center_axis',(2.77657182907024E-16,-7.62856840386453E-16,
-1.));
#3456=DIRECTION('ref_axis',(0.342020143325669,-0.939692620785908,8.11815293120465E-16));
#3457=DIRECTION('',(0.342020143325669,-0.939692620785908,8.11815293120465E-16));
#3458=DIRECTION('center_axis',(-0.939692620785912,-0.342020143325659,0.));
#3459=DIRECTION('ref_axis',(0.,0.,1.));
#3460=DIRECTION('',(-0.342020143325669,0.939692620785908,-8.11815293120465E-16));
#3461=DIRECTION('center_axis',(-2.77657182907024E-16,7.62856840386453E-16,
1.));
#3462=DIRECTION('ref_axis',(-0.342020143325669,0.939692620785908,-8.11815293120465E-16));
#3463=DIRECTION('center_axis',(2.77657182907024E-16,-7.62856840386453E-16,
-1.));
#3464=DIRECTION('ref_axis',(0.342020143325669,-0.939692620785908,8.11815293120465E-16));
#3465=DIRECTION('',(0.342020143325669,-0.939692620785908,8.11815293120465E-16));
#3466=DIRECTION('center_axis',(-0.939692620785912,-0.342020143325659,0.));
#3467=DIRECTION('ref_axis',(0.,0.,1.));
#3468=DIRECTION('',(-0.342020143325669,0.939692620785908,-6.08861469840349E-16));
#3469=DIRECTION('center_axis',(-2.08242887180268E-16,5.7214263028984E-16,
1.));
#3470=DIRECTION('ref_axis',(-0.342020143325669,0.939692620785908,-6.08861469840349E-16));
#3471=DIRECTION('center_axis',(2.77657182907024E-16,-7.62856840386453E-16,
-1.));
#3472=DIRECTION('ref_axis',(0.342020143325669,-0.939692620785908,8.11815293120465E-16));
#3473=DIRECTION('',(0.342020143325669,-0.939692620785908,8.11815293120465E-16));
#3474=DIRECTION('center_axis',(-0.939692620785912,-0.342020143325659,0.));
#3475=DIRECTION('ref_axis',(0.,0.,1.));
#3476=DIRECTION('',(-0.342020143325669,0.939692620785908,-8.11815293120465E-16));
#3477=DIRECTION('center_axis',(-2.77657182907024E-16,7.62856840386453E-16,
1.));
#3478=DIRECTION('ref_axis',(-0.342020143325669,0.939692620785908,-8.11815293120465E-16));
#3479=DIRECTION('center_axis',(2.77657182907024E-16,-7.62856840386453E-16,
-1.));
#3480=DIRECTION('ref_axis',(0.342020143325669,-0.939692620785908,8.11815293120465E-16));
#3481=DIRECTION('',(0.342020143325669,-0.939692620785908,8.11815293120465E-16));
#3482=DIRECTION('center_axis',(-0.939692620785912,-0.342020143325659,0.));
#3483=DIRECTION('ref_axis',(0.,0.,1.));
#3484=DIRECTION('',(-0.342020143325669,0.939692620785908,-8.11815293120465E-16));
#3485=DIRECTION('center_axis',(-2.77657182907024E-16,7.62856840386453E-16,
1.));
#3486=DIRECTION('ref_axis',(-0.342020143325669,0.939692620785908,-8.11815293120465E-16));
#3487=DIRECTION('center_axis',(2.77657182907024E-16,-7.62856840386453E-16,
-1.));
#3488=DIRECTION('ref_axis',(0.342020143325669,-0.939692620785908,8.11815293120465E-16));
#3489=DIRECTION('',(0.342020143325669,-0.939692620785908,8.11815293120465E-16));
#3490=DIRECTION('center_axis',(-0.939692620785912,-0.342020143325659,0.));
#3491=DIRECTION('ref_axis',(0.,0.,1.));
#3492=DIRECTION('',(-0.342020143325669,0.939692620785908,-8.11815293120465E-16));
#3493=DIRECTION('center_axis',(-2.77657182907024E-16,7.62856840386453E-16,
1.));
#3494=DIRECTION('ref_axis',(-0.342020143325669,0.939692620785908,-8.11815293120465E-16));
#3495=DIRECTION('center_axis',(2.77657182907024E-16,-7.62856840386453E-16,
-1.));
#3496=DIRECTION('ref_axis',(0.342020143325669,-0.939692620785908,8.11815293120465E-16));
#3497=DIRECTION('',(0.342020143325669,-0.939692620785908,8.11815293120465E-16));
#3498=DIRECTION('center_axis',(-0.939692620785912,-0.342020143325659,0.));
#3499=DIRECTION('ref_axis',(0.,0.,1.));
#3500=DIRECTION('',(-0.342020143325669,0.939692620785908,-8.11815293120465E-16));
#3501=DIRECTION('center_axis',(-2.77657182907024E-16,7.62856840386453E-16,
1.));
#3502=DIRECTION('ref_axis',(-0.342020143325669,0.939692620785908,-8.11815293120465E-16));
#3503=CARTESIAN_POINT('',(0.,0.,0.));
#3504=CARTESIAN_POINT('Origin',(-1454.5,6327.026,855.618364405038));
#3505=CARTESIAN_POINT('',(-1354.5,6327.026,855.618364405038));
#3506=CARTESIAN_POINT('Origin',(-1454.5,6327.026,855.618364405038));
#3507=CARTESIAN_POINT('',(-1354.5,6377.026,855.618364405038));
#3508=CARTESIAN_POINT('',(-1354.5,6327.026,855.618364405038));
#3509=CARTESIAN_POINT('Origin',(-1454.5,6377.026,855.618364405038));
#3510=CARTESIAN_POINT('Origin',(-1454.5,6377.026,855.618364405038));
#3511=CARTESIAN_POINT('Origin',(-1404.5,6327.026,1075.95243164347));
#3512=CARTESIAN_POINT('',(56.99997455135,6327.026,1226.92307692308));
#3513=CARTESIAN_POINT('',(56.99997455135,6327.026,1176.92307692308));
#3514=CARTESIAN_POINT('',(56.9999745513495,6327.026,1287.97621582174));
#3515=CARTESIAN_POINT('',(3.79108592755486,6327.026,1226.92307692308));
#3516=CARTESIAN_POINT('',(-793.49148818486,6327.026,1226.92307692308));
#3517=CARTESIAN_POINT('',(3.79108592755486,6327.026,1250.));
#3518=CARTESIAN_POINT('',(3.79108592755543,6327.026,1157.20698505251));
#3519=CARTESIAN_POINT('',(56.99997455135,6327.026,1250.));
#3520=CARTESIAN_POINT('',(-673.75,6327.026,1250.));
#3521=CARTESIAN_POINT('',(56.9999745513499,6327.026,1341.98163465971));
#3522=CARTESIAN_POINT('',(56.9999745513495,6327.026,1287.97621582174));
#3523=CARTESIAN_POINT('',(-22.1281879869509,6327.026,1341.98163465971));
#3524=CARTESIAN_POINT('',(-2185.25,6327.026,1341.98163465971));
#3525=CARTESIAN_POINT('',(-34.2132034355964,6327.026,1354.155600994));
#3526=CARTESIAN_POINT('',(-309.421316475134,6327.026,1631.38936352433));
#3527=CARTESIAN_POINT('',(-55.4264068711929,6327.026,1363.00707214154));
#3528=CARTESIAN_POINT('Origin',(-55.4264068711929,6327.026,1332.78625930265));
#3529=CARTESIAN_POINT('',(-2853.57359312881,6327.026,1363.00707214154));
#3530=CARTESIAN_POINT('',(-2185.25,6327.026,1363.00707214154));
#3531=CARTESIAN_POINT('',(-2874.7867965644,6327.026,1354.155600994));
#3532=CARTESIAN_POINT('Origin',(-2853.57359312881,6327.026,1332.78625930266));
#3533=CARTESIAN_POINT('',(-2886.87181201305,6327.026,1341.98163465971));
#3534=CARTESIAN_POINT('',(-2574.7620170434,6327.026,1656.38869129172));
#3535=CARTESIAN_POINT('',(-2965.99997455135,6327.026,1341.98163465971));
#3536=CARTESIAN_POINT('',(-2185.25,6327.026,1341.98163465971));
#3537=CARTESIAN_POINT('',(-2965.99997455135,6327.026,1250.));
#3538=CARTESIAN_POINT('',(-2965.99997455135,6327.026,1287.97621582174));
#3539=CARTESIAN_POINT('',(-2912.79108592756,6327.026,1250.));
#3540=CARTESIAN_POINT('',(-2185.25,6327.026,1250.));
#3541=CARTESIAN_POINT('',(-2912.79108592756,6327.026,1226.92307692308));
#3542=CARTESIAN_POINT('',(-2912.79108592756,6327.026,1157.20698505251));
#3543=CARTESIAN_POINT('',(-2965.99997455135,6327.026,1226.92307692308));
#3544=CARTESIAN_POINT('',(-2065.50851181514,6327.026,1226.92307692308));
#3545=CARTESIAN_POINT('',(-2965.99997455135,6327.026,1176.92307692308));
#3546=CARTESIAN_POINT('',(-2965.99997455135,6327.026,1287.97621582174));
#3547=CARTESIAN_POINT('',(-2912.79108592756,6327.026,1176.92307692308));
#3548=CARTESIAN_POINT('',(-2185.25,6327.026,1176.92307692308));
#3549=CARTESIAN_POINT('',(-2912.79108592756,6327.026,1153.84615384615));
#3550=CARTESIAN_POINT('',(-2912.79108592756,6327.026,1120.66852351404));
#3551=CARTESIAN_POINT('',(-2965.99997455135,6327.026,1153.84615384615));
#3552=CARTESIAN_POINT('',(-2065.50851181514,6327.026,1153.84615384615));
#3553=CARTESIAN_POINT('',(-2965.99997455135,6327.026,1103.84615384615));
#3554=CARTESIAN_POINT('',(-2965.99997455135,6327.026,1287.97621582174));
#3555=CARTESIAN_POINT('',(-2912.79108592756,6327.026,1103.84615384615));
#3556=CARTESIAN_POINT('',(-2185.25,6327.026,1103.84615384615));
#3557=CARTESIAN_POINT('',(-2912.79108592756,6327.026,1080.76923076923));
#3558=CARTESIAN_POINT('',(-2912.79108592756,6327.026,1084.13006197558));
#3559=CARTESIAN_POINT('',(-2965.99997455135,6327.026,1080.76923076923));
#3560=CARTESIAN_POINT('',(-2065.50851181514,6327.026,1080.76923076923));
#3561=CARTESIAN_POINT('',(-2965.99997455135,6327.026,1030.76923076923));
#3562=CARTESIAN_POINT('',(-2965.99997455135,6327.026,1287.97621582174));
#3563=CARTESIAN_POINT('',(-2912.79108592756,6327.026,1030.76923076923));
#3564=CARTESIAN_POINT('',(-2185.25,6327.026,1030.76923076923));
#3565=CARTESIAN_POINT('',(-2912.79108592756,6327.026,1007.69230769231));
#3566=CARTESIAN_POINT('',(-2912.79108592756,6327.026,1047.59160043712));
#3567=CARTESIAN_POINT('',(-2965.99997455135,6327.026,1007.69230769231));
#3568=CARTESIAN_POINT('',(-2065.50851181514,6327.026,1007.69230769231));
#3569=CARTESIAN_POINT('',(-2965.99997455135,6327.026,957.692307692308));
#3570=CARTESIAN_POINT('',(-2965.99997455135,6327.026,1287.97621582174));
#3571=CARTESIAN_POINT('',(-2912.79108592756,6327.026,957.692307692308));
#3572=CARTESIAN_POINT('',(-2185.25,6327.026,957.692307692307));
#3573=CARTESIAN_POINT('',(-2912.79108592756,6327.026,934.615384615385));
#3574=CARTESIAN_POINT('',(-2912.79108592756,6327.026,1011.05313889866));
#3575=CARTESIAN_POINT('',(-2965.99997455135,6327.026,934.615384615385));
#3576=CARTESIAN_POINT('',(-2065.50851181514,6327.026,934.615384615384));
#3577=CARTESIAN_POINT('',(-2965.99997455135,6327.026,884.615384615385));
#3578=CARTESIAN_POINT('',(-2965.99997455135,6327.026,1287.97621582174));
#3579=CARTESIAN_POINT('',(-2912.79108592756,6327.026,884.615384615385));
#3580=CARTESIAN_POINT('',(-2185.25,6327.026,884.615384615384));
#3581=CARTESIAN_POINT('',(-2912.79108592756,6327.026,861.538461538462));
#3582=CARTESIAN_POINT('',(-2912.79108592756,6327.026,974.514677360198));
#3583=CARTESIAN_POINT('',(-2965.99997455135,6327.026,861.538461538462));
#3584=CARTESIAN_POINT('',(-2065.50851181514,6327.026,861.538461538461));
#3585=CARTESIAN_POINT('',(-2965.99997455135,6327.026,811.538461538462));
#3586=CARTESIAN_POINT('',(-2965.99997455135,6327.026,1287.97621582174));
#3587=CARTESIAN_POINT('',(-2912.79108592756,6327.026,811.538461538462));
#3588=CARTESIAN_POINT('',(-2185.25,6327.026,811.538461538461));
#3589=CARTESIAN_POINT('',(-2912.79108592756,6327.026,788.461538461538));
#3590=CARTESIAN_POINT('',(-2912.79108592756,6327.026,937.976215821736));
#3591=CARTESIAN_POINT('',(-2965.99997455135,6327.026,788.461538461538));
#3592=CARTESIAN_POINT('',(-2065.50851181514,6327.026,788.461538461538));
#3593=CARTESIAN_POINT('',(-2965.99997455135,6327.026,738.461538461538));
#3594=CARTESIAN_POINT('',(-2965.99997455135,6327.026,1287.97621582174));
#3595=CARTESIAN_POINT('',(-2912.79108592756,6327.026,738.461538461538));
#3596=CARTESIAN_POINT('',(-2185.25,6327.026,738.461538461538));
#3597=CARTESIAN_POINT('',(-2912.79108592756,6327.026,715.384615384615));
#3598=CARTESIAN_POINT('',(-2912.79108592756,6327.026,901.437754283274));
#3599=CARTESIAN_POINT('',(-2965.99997455135,6327.026,715.384615384615));
#3600=CARTESIAN_POINT('',(-2065.50851181514,6327.026,715.384615384615));
#3601=CARTESIAN_POINT('',(-2965.99997455135,6327.026,665.384615384615));
#3602=CARTESIAN_POINT('',(-2965.99997455135,6327.026,1287.97621582174));
#3603=CARTESIAN_POINT('',(-2912.79108592756,6327.026,665.384615384615));
#3604=CARTESIAN_POINT('',(-2185.25,6327.026,665.384615384615));
#3605=CARTESIAN_POINT('',(-2912.79108592756,6327.026,642.307692307692));
#3606=CARTESIAN_POINT('',(-2912.79108592756,6327.026,864.899292744813));
#3607=CARTESIAN_POINT('',(-2965.99997455135,6327.026,642.307692307692));
#3608=CARTESIAN_POINT('',(-2065.50851181514,6327.026,642.307692307692));
#3609=CARTESIAN_POINT('',(-2965.99997455135,6327.026,592.307692307692));
#3610=CARTESIAN_POINT('',(-2965.99997455135,6327.026,1287.97621582174));
#3611=CARTESIAN_POINT('',(-2912.79108592756,6327.026,592.307692307692));
#3612=CARTESIAN_POINT('',(-2185.25,6327.026,592.307692307692));
#3613=CARTESIAN_POINT('',(-2912.79108592756,6327.026,569.230769230769));
#3614=CARTESIAN_POINT('',(-2912.79108592756,6327.026,828.360831206351));
#3615=CARTESIAN_POINT('',(-2965.99997455135,6327.026,569.230769230769));
#3616=CARTESIAN_POINT('',(-2065.50851181514,6327.026,569.230769230769));
#3617=CARTESIAN_POINT('',(-2965.99997455135,6327.026,519.230769230769));
#3618=CARTESIAN_POINT('',(-2965.99997455135,6327.026,1287.97621582174));
#3619=CARTESIAN_POINT('',(-2912.79108592756,6327.026,519.230769230769));
#3620=CARTESIAN_POINT('',(-2185.25,6327.026,519.230769230769));
#3621=CARTESIAN_POINT('',(-2912.79108592756,6327.026,496.153846153846));
#3622=CARTESIAN_POINT('',(-2912.79108592756,6327.026,791.82236966789));
#3623=CARTESIAN_POINT('',(-2965.99997455135,6327.026,496.153846153846));
#3624=CARTESIAN_POINT('',(-2065.50851181514,6327.026,496.153846153846));
#3625=CARTESIAN_POINT('',(-2965.99997455135,6327.026,446.153846153846));
#3626=CARTESIAN_POINT('',(-2965.99997455135,6327.026,1287.97621582174));
#3627=CARTESIAN_POINT('',(-2912.79108592756,6327.026,446.153846153846));
#3628=CARTESIAN_POINT('',(-2185.25,6327.026,446.153846153846));
#3629=CARTESIAN_POINT('',(-2912.79108592756,6327.026,423.076923076923));
#3630=CARTESIAN_POINT('',(-2912.79108592756,6327.026,755.283908129428));
#3631=CARTESIAN_POINT('',(-2965.99997455135,6327.026,423.076923076923));
#3632=CARTESIAN_POINT('',(-2065.50851181514,6327.026,423.076923076923));
#3633=CARTESIAN_POINT('',(-2965.99997455135,6327.026,373.076923076923));
#3634=CARTESIAN_POINT('',(-2965.99997455135,6327.026,1287.97621582174));
#3635=CARTESIAN_POINT('',(-2912.79108592756,6327.026,373.076923076923));
#3636=CARTESIAN_POINT('',(-2185.25,6327.026,373.076923076923));
#3637=CARTESIAN_POINT('',(-2912.79108592756,6327.026,350.));
#3638=CARTESIAN_POINT('',(-2912.79108592756,6327.026,718.745446590967));
#3639=CARTESIAN_POINT('',(-2965.99997455135,6327.026,350.));
#3640=CARTESIAN_POINT('',(-2065.50851181514,6327.026,350.));
#3641=CARTESIAN_POINT('',(-2965.99997455135,6327.026,300.));
#3642=CARTESIAN_POINT('',(-2965.99997455135,6327.026,1287.97621582174));
#3643=CARTESIAN_POINT('',(56.99997455135,6327.026,300.));
#3644=CARTESIAN_POINT('',(-1429.5,6327.026,300.));
#3645=CARTESIAN_POINT('',(56.99997455135,6327.026,350.));
#3646=CARTESIAN_POINT('',(56.9999745513495,6327.026,1287.97621582174));
#3647=CARTESIAN_POINT('',(3.79108592755486,6327.026,350.));
#3648=CARTESIAN_POINT('',(-793.49148818486,6327.026,350.));
#3649=CARTESIAN_POINT('',(3.79108592755486,6327.026,373.076923076923));
#3650=CARTESIAN_POINT('',(3.79108592755486,6327.026,718.745446590967));
#3651=CARTESIAN_POINT('',(56.99997455135,6327.026,373.076923076923));
#3652=CARTESIAN_POINT('',(-673.75,6327.026,373.076923076923));
#3653=CARTESIAN_POINT('',(56.99997455135,6327.026,423.076923076923));
#3654=CARTESIAN_POINT('',(56.9999745513495,6327.026,1287.97621582174));
#3655=CARTESIAN_POINT('',(3.79108592755486,6327.026,423.076923076923));
#3656=CARTESIAN_POINT('',(-793.49148818486,6327.026,423.076923076923));
#3657=CARTESIAN_POINT('',(3.79108592755486,6327.026,446.153846153846));
#3658=CARTESIAN_POINT('',(3.79108592755486,6327.026,755.283908129428));
#3659=CARTESIAN_POINT('',(56.99997455135,6327.026,446.153846153846));
#3660=CARTESIAN_POINT('',(-673.75,6327.026,446.153846153846));
#3661=CARTESIAN_POINT('',(56.99997455135,6327.026,496.153846153846));
#3662=CARTESIAN_POINT('',(56.9999745513495,6327.026,1287.97621582174));
#3663=CARTESIAN_POINT('',(3.79108592755486,6327.026,496.153846153846));
#3664=CARTESIAN_POINT('',(-793.49148818486,6327.026,496.153846153846));
#3665=CARTESIAN_POINT('',(3.79108592755486,6327.026,519.230769230769));
#3666=CARTESIAN_POINT('',(3.79108592755486,6327.026,791.82236966789));
#3667=CARTESIAN_POINT('',(56.99997455135,6327.026,519.230769230769));
#3668=CARTESIAN_POINT('',(-673.75,6327.026,519.230769230769));
#3669=CARTESIAN_POINT('',(56.99997455135,6327.026,569.230769230769));
#3670=CARTESIAN_POINT('',(56.9999745513495,6327.026,1287.97621582174));
#3671=CARTESIAN_POINT('',(3.79108592755486,6327.026,569.230769230769));
#3672=CARTESIAN_POINT('',(-793.49148818486,6327.026,569.230769230769));
#3673=CARTESIAN_POINT('',(3.79108592755486,6327.026,592.307692307692));
#3674=CARTESIAN_POINT('',(3.79108592755486,6327.026,828.360831206351));
#3675=CARTESIAN_POINT('',(56.99997455135,6327.026,592.307692307692));
#3676=CARTESIAN_POINT('',(-673.75,6327.026,592.307692307692));
#3677=CARTESIAN_POINT('',(56.99997455135,6327.026,642.307692307692));
#3678=CARTESIAN_POINT('',(56.9999745513495,6327.026,1287.97621582174));
#3679=CARTESIAN_POINT('',(3.79108592755486,6327.026,642.307692307692));
#3680=CARTESIAN_POINT('',(-793.49148818486,6327.026,642.307692307692));
#3681=CARTESIAN_POINT('',(3.79108592755486,6327.026,665.384615384615));
#3682=CARTESIAN_POINT('',(3.79108592755486,6327.026,864.899292744813));
#3683=CARTESIAN_POINT('',(56.99997455135,6327.026,665.384615384615));
#3684=CARTESIAN_POINT('',(-673.75,6327.026,665.384615384615));
#3685=CARTESIAN_POINT('',(56.99997455135,6327.026,715.384615384615));
#3686=CARTESIAN_POINT('',(56.9999745513495,6327.026,1287.97621582174));
#3687=CARTESIAN_POINT('',(3.79108592755486,6327.026,715.384615384615));
#3688=CARTESIAN_POINT('',(-793.49148818486,6327.026,715.384615384615));
#3689=CARTESIAN_POINT('',(3.79108592755486,6327.026,738.461538461538));
#3690=CARTESIAN_POINT('',(3.79108592755486,6327.026,901.437754283274));
#3691=CARTESIAN_POINT('',(56.99997455135,6327.026,738.461538461538));
#3692=CARTESIAN_POINT('',(-673.75,6327.026,738.461538461538));
#3693=CARTESIAN_POINT('',(56.99997455135,6327.026,788.461538461538));
#3694=CARTESIAN_POINT('',(56.9999745513495,6327.026,1287.97621582174));
#3695=CARTESIAN_POINT('',(3.79108592755486,6327.026,788.461538461538));
#3696=CARTESIAN_POINT('',(-793.49148818486,6327.026,788.461538461538));
#3697=CARTESIAN_POINT('',(3.79108592755486,6327.026,811.538461538462));
#3698=CARTESIAN_POINT('',(3.79108592755486,6327.026,937.976215821736));
#3699=CARTESIAN_POINT('',(56.99997455135,6327.026,811.538461538461));
#3700=CARTESIAN_POINT('',(-673.75,6327.026,811.538461538461));
#3701=CARTESIAN_POINT('',(56.99997455135,6327.026,861.538461538462));
#3702=CARTESIAN_POINT('',(56.9999745513495,6327.026,1287.97621582174));
#3703=CARTESIAN_POINT('',(3.79108592755486,6327.026,861.538461538462));
#3704=CARTESIAN_POINT('',(-793.49148818486,6327.026,861.538461538461));
#3705=CARTESIAN_POINT('',(3.79108592755486,6327.026,884.615384615385));
#3706=CARTESIAN_POINT('',(3.79108592755486,6327.026,974.514677360198));
#3707=CARTESIAN_POINT('',(56.99997455135,6327.026,884.615384615385));
#3708=CARTESIAN_POINT('',(-673.75,6327.026,884.615384615384));
#3709=CARTESIAN_POINT('',(56.99997455135,6327.026,934.615384615385));
#3710=CARTESIAN_POINT('',(56.9999745513495,6327.026,1287.97621582174));
#3711=CARTESIAN_POINT('',(3.79108592755486,6327.026,934.615384615385));
#3712=CARTESIAN_POINT('',(-793.49148818486,6327.026,934.615384615384));
#3713=CARTESIAN_POINT('',(3.79108592755486,6327.026,957.692307692308));
#3714=CARTESIAN_POINT('',(3.79108592755486,6327.026,1011.05313889866));
#3715=CARTESIAN_POINT('',(56.99997455135,6327.026,957.692307692308));
#3716=CARTESIAN_POINT('',(-673.75,6327.026,957.692307692308));
#3717=CARTESIAN_POINT('',(56.99997455135,6327.026,1007.69230769231));
#3718=CARTESIAN_POINT('',(56.9999745513495,6327.026,1287.97621582174));
#3719=CARTESIAN_POINT('',(3.79108592755486,6327.026,1007.69230769231));
#3720=CARTESIAN_POINT('',(-793.49148818486,6327.026,1007.69230769231));
#3721=CARTESIAN_POINT('',(3.79108592755486,6327.026,1030.76923076923));
#3722=CARTESIAN_POINT('',(3.79108592755486,6327.026,1047.59160043712));
#3723=CARTESIAN_POINT('',(56.99997455135,6327.026,1030.76923076923));
#3724=CARTESIAN_POINT('',(-673.75,6327.026,1030.76923076923));
#3725=CARTESIAN_POINT('',(56.99997455135,6327.026,1080.76923076923));
#3726=CARTESIAN_POINT('',(56.9999745513495,6327.026,1287.97621582174));
#3727=CARTESIAN_POINT('',(3.79108592755486,6327.026,1080.76923076923));
#3728=CARTESIAN_POINT('',(-793.49148818486,6327.026,1080.76923076923));
#3729=CARTESIAN_POINT('',(3.79108592755486,6327.026,1103.84615384615));
#3730=CARTESIAN_POINT('',(3.79108592755543,6327.026,1084.13006197558));
#3731=CARTESIAN_POINT('',(56.99997455135,6327.026,1103.84615384615));
#3732=CARTESIAN_POINT('',(-673.75,6327.026,1103.84615384615));
#3733=CARTESIAN_POINT('',(56.99997455135,6327.026,1153.84615384615));
#3734=CARTESIAN_POINT('',(56.9999745513495,6327.026,1287.97621582174));
#3735=CARTESIAN_POINT('',(3.79108592755486,6327.026,1153.84615384615));
#3736=CARTESIAN_POINT('',(-793.49148818486,6327.026,1153.84615384615));
#3737=CARTESIAN_POINT('',(3.79108592755486,6327.026,1176.92307692308));
#3738=CARTESIAN_POINT('',(3.79108592755543,6327.026,1120.66852351404));
#3739=CARTESIAN_POINT('',(-673.75,6327.026,1176.92307692308));
#3740=CARTESIAN_POINT('Origin',(-2966.,6327.02593008041,446.153846153846));
#3741=CARTESIAN_POINT('',(-2726.51702363028,6985.,446.153846153846));
#3742=CARTESIAN_POINT('',(-2773.04242203744,6857.17251844521,446.153846153846));
#3743=CARTESIAN_POINT('',(-2679.53239259099,6967.89899283372,446.153846153846));
#3744=CARTESIAN_POINT('',(-2726.51702363028,6985.,446.153846153846));
#3745=CARTESIAN_POINT('',(-2919.01536896071,6309.92492291412,446.153846153846));
#3746=CARTESIAN_POINT('Origin',(-2580.08484407487,7387.31910681,1500.));
#3747=CARTESIAN_POINT('',(-2726.51702363028,6985.,496.153846153846));
#3748=CARTESIAN_POINT('',(-2653.30093385258,7186.159553405,496.153846153845));
#3749=CARTESIAN_POINT('',(-2726.51702363028,6985.,656.490817329857));
#3750=CARTESIAN_POINT('Origin',(-2726.51702363028,6985.,496.153846153846));
#3751=CARTESIAN_POINT('',(-2679.53239259099,6967.89899283372,496.153846153846));
#3752=CARTESIAN_POINT('',(-2919.01536896071,6309.92492291412,496.153846153846));
#3753=CARTESIAN_POINT('',(-2726.51702363028,6985.,496.153846153846));
#3754=CARTESIAN_POINT('Origin',(-2799.27388077585,6638.91195787392,507.692307692307));
#3755=CARTESIAN_POINT('',(-2679.53239259099,6967.89899283372,519.230769230769));
#3756=CARTESIAN_POINT('',(-2919.01536896071,6309.92492291412,519.230769230769));
#3757=CARTESIAN_POINT('',(-2679.53239259099,6967.89899283372,299.999999999999));
#3758=CARTESIAN_POINT('Origin',(-2966.,6327.02593008041,519.230769230769));
#3759=CARTESIAN_POINT('',(-2726.51702363028,6985.,519.230769230769));
#3760=CARTESIAN_POINT('',(-2773.04242203744,6857.17251844521,519.230769230769));
#3761=CARTESIAN_POINT('',(-2726.51702363028,6985.,519.230769230769));
#3762=CARTESIAN_POINT('Origin',(-2580.08484407487,7387.31910681,1500.));
#3763=CARTESIAN_POINT('',(-2726.51702363028,6985.,569.230769230769));
#3764=CARTESIAN_POINT('',(-2653.30093385258,7186.159553405,569.230769230768));
#3765=CARTESIAN_POINT('',(-2726.51702363028,6985.,656.490817329857));
#3766=CARTESIAN_POINT('Origin',(-2726.51702363028,6985.,569.230769230769));
#3767=CARTESIAN_POINT('',(-2679.53239259099,6967.89899283372,569.230769230769));
#3768=CARTESIAN_POINT('',(-2919.01536896071,6309.92492291412,569.230769230769));
#3769=CARTESIAN_POINT('',(-2726.51702363028,6985.,569.230769230769));
#3770=CARTESIAN_POINT('Origin',(-2799.27388077585,6638.91195787392,580.76923076923));
#3771=CARTESIAN_POINT('',(-2679.53239259099,6967.89899283372,592.307692307692));
#3772=CARTESIAN_POINT('',(-2919.01536896071,6309.92492291412,592.307692307692));
#3773=CARTESIAN_POINT('',(-2679.53239259099,6967.89899283372,299.999999999999));
#3774=CARTESIAN_POINT('Origin',(-2966.,6327.02593008041,592.307692307692));
#3775=CARTESIAN_POINT('',(-2726.51702363028,6985.,592.307692307692));
#3776=CARTESIAN_POINT('',(-2773.04242203744,6857.17251844521,592.307692307692));
#3777=CARTESIAN_POINT('',(-2726.51702363028,6985.,592.307692307692));
#3778=CARTESIAN_POINT('Origin',(-2580.08484407487,7387.31910681,1500.));
#3779=CARTESIAN_POINT('',(-2726.51702363028,6985.,642.307692307692));
#3780=CARTESIAN_POINT('',(-2653.30093385258,7186.159553405,642.307692307692));
#3781=CARTESIAN_POINT('',(-2726.51702363028,6985.,656.490817329857));
#3782=CARTESIAN_POINT('Origin',(-2726.51702363028,6985.,642.307692307692));
#3783=CARTESIAN_POINT('',(-2679.53239259099,6967.89899283372,642.307692307692));
#3784=CARTESIAN_POINT('',(-2919.01536896071,6309.92492291412,642.307692307692));
#3785=CARTESIAN_POINT('',(-2726.51702363028,6985.,642.307692307692));
#3786=CARTESIAN_POINT('Origin',(-2799.27388077585,6638.91195787392,653.846153846154));
#3787=CARTESIAN_POINT('',(-2679.53239259099,6967.89899283372,665.384615384615));
#3788=CARTESIAN_POINT('',(-2919.01536896071,6309.92492291412,665.384615384615));
#3789=CARTESIAN_POINT('',(-2679.53239259099,6967.89899283372,299.999999999999));
#3790=CARTESIAN_POINT('Origin',(-2966.,6327.02593008041,665.384615384615));
#3791=CARTESIAN_POINT('',(-2726.51702363028,6985.,665.384615384615));
#3792=CARTESIAN_POINT('',(-2773.04242203744,6857.17251844521,665.384615384615));
#3793=CARTESIAN_POINT('',(-2726.51702363028,6985.,665.384615384615));
#3794=CARTESIAN_POINT('Origin',(-2580.08484407487,7387.31910681,1500.));
#3795=CARTESIAN_POINT('',(-2726.51702363028,6985.,715.384615384615));
#3796=CARTESIAN_POINT('',(-2653.30093385258,7186.159553405,715.384615384615));
#3797=CARTESIAN_POINT('',(-2726.51702363028,6985.,656.490817329857));
#3798=CARTESIAN_POINT('Origin',(-2726.51702363028,6985.,715.384615384615));
#3799=CARTESIAN_POINT('',(-2679.53239259099,6967.89899283372,715.384615384615));
#3800=CARTESIAN_POINT('',(-2919.01536896071,6309.92492291412,715.384615384615));
#3801=CARTESIAN_POINT('',(-2726.51702363028,6985.,715.384615384615));
#3802=CARTESIAN_POINT('Origin',(-2799.27388077585,6638.91195787392,726.923076923077));
#3803=CARTESIAN_POINT('',(-2679.53239259099,6967.89899283372,738.461538461538));
#3804=CARTESIAN_POINT('',(-2919.01536896071,6309.92492291412,738.461538461538));
#3805=CARTESIAN_POINT('',(-2679.53239259099,6967.89899283372,299.999999999999));
#3806=CARTESIAN_POINT('Origin',(-2966.,6327.02593008041,738.461538461538));
#3807=CARTESIAN_POINT('',(-2726.51702363028,6985.,738.461538461538));
#3808=CARTESIAN_POINT('',(-2773.04242203744,6857.17251844521,738.461538461538));
#3809=CARTESIAN_POINT('',(-2726.51702363028,6985.,738.461538461538));
#3810=CARTESIAN_POINT('Origin',(-2580.08484407487,7387.31910681,1500.));
#3811=CARTESIAN_POINT('',(-2726.51702363028,6985.,788.461538461538));
#3812=CARTESIAN_POINT('',(-2653.30093385258,7186.159553405,788.461538461538));
#3813=CARTESIAN_POINT('',(-2726.51702363028,6985.,656.490817329857));
#3814=CARTESIAN_POINT('Origin',(-2726.51702363028,6985.,788.461538461538));
#3815=CARTESIAN_POINT('',(-2679.53239259099,6967.89899283372,788.461538461538));
#3816=CARTESIAN_POINT('',(-2919.01536896071,6309.92492291412,788.461538461538));
#3817=CARTESIAN_POINT('',(-2726.51702363028,6985.,788.461538461538));
#3818=CARTESIAN_POINT('Origin',(-2799.27388077585,6638.91195787392,800.));
#3819=CARTESIAN_POINT('',(-2679.53239259099,6967.89899283372,811.538461538461));
#3820=CARTESIAN_POINT('',(-2919.01536896071,6309.92492291412,811.538461538462));
#3821=CARTESIAN_POINT('',(-2679.53239259099,6967.89899283372,299.999999999999));
#3822=CARTESIAN_POINT('Origin',(-2966.,6327.02593008041,811.538461538462));
#3823=CARTESIAN_POINT('',(-2726.51702363028,6985.,811.538461538461));
#3824=CARTESIAN_POINT('',(-2773.04242203744,6857.17251844521,811.538461538461));
#3825=CARTESIAN_POINT('',(-2726.51702363028,6985.,811.538461538461));
#3826=CARTESIAN_POINT('Origin',(-2580.08484407487,7387.31910681,1500.));
#3827=CARTESIAN_POINT('',(-2726.51702363028,6985.,861.538461538461));
#3828=CARTESIAN_POINT('',(-2653.30093385258,7186.159553405,861.538461538461));
#3829=CARTESIAN_POINT('',(-2726.51702363028,6985.,656.490817329857));
#3830=CARTESIAN_POINT('Origin',(-2726.51702363028,6985.,861.538461538461));
#3831=CARTESIAN_POINT('',(-2679.53239259099,6967.89899283372,861.538461538461));
#3832=CARTESIAN_POINT('',(-2919.01536896071,6309.92492291412,861.538461538462));
#3833=CARTESIAN_POINT('',(-2726.51702363028,6985.,861.538461538461));
#3834=CARTESIAN_POINT('Origin',(-2799.27388077585,6638.91195787392,873.076923076923));
#3835=CARTESIAN_POINT('',(-2679.53239259099,6967.89899283372,884.615384615384));
#3836=CARTESIAN_POINT('',(-2919.01536896071,6309.92492291412,884.615384615385));
#3837=CARTESIAN_POINT('',(-2679.53239259099,6967.89899283372,299.999999999999));
#3838=CARTESIAN_POINT('Origin',(-2966.,6327.02593008041,884.615384615385));
#3839=CARTESIAN_POINT('',(-2726.51702363028,6985.,884.615384615384));
#3840=CARTESIAN_POINT('',(-2773.04242203744,6857.17251844521,884.615384615384));
#3841=CARTESIAN_POINT('',(-2726.51702363028,6985.,884.615384615384));
#3842=CARTESIAN_POINT('Origin',(-2580.08484407487,7387.31910681,1500.));
#3843=CARTESIAN_POINT('',(-2726.51702363028,6985.,934.615384615384));
#3844=CARTESIAN_POINT('',(-2653.30093385258,7186.159553405,934.615384615384));
#3845=CARTESIAN_POINT('',(-2726.51702363028,6985.,656.490817329857));
#3846=CARTESIAN_POINT('Origin',(-2726.51702363028,6985.,934.615384615384));
#3847=CARTESIAN_POINT('',(-2679.53239259099,6967.89899283372,934.615384615384));
#3848=CARTESIAN_POINT('',(-2919.01536896071,6309.92492291412,934.615384615385));
#3849=CARTESIAN_POINT('',(-2726.51702363028,6985.,934.615384615384));
#3850=CARTESIAN_POINT('Origin',(-2799.27388077585,6638.91195787392,946.153846153846));
#3851=CARTESIAN_POINT('',(-2679.53239259099,6967.89899283372,957.692307692307));
#3852=CARTESIAN_POINT('',(-2919.01536896071,6309.92492291412,957.692307692308));
#3853=CARTESIAN_POINT('',(-2679.53239259099,6967.89899283372,299.999999999999));
#3854=CARTESIAN_POINT('Origin',(-2966.,6327.02593008041,957.692307692308));
#3855=CARTESIAN_POINT('',(-2726.51702363028,6985.,957.692307692307));
#3856=CARTESIAN_POINT('',(-2773.04242203744,6857.17251844521,957.692307692307));
#3857=CARTESIAN_POINT('',(-2726.51702363028,6985.,957.692307692307));
#3858=CARTESIAN_POINT('Origin',(-2580.08484407487,7387.31910681,1500.));
#3859=CARTESIAN_POINT('',(-2726.51702363028,6985.,1007.69230769231));
#3860=CARTESIAN_POINT('',(-2653.30093385258,7186.159553405,1007.69230769231));
#3861=CARTESIAN_POINT('',(-2726.51702363028,6985.,656.490817329857));
#3862=CARTESIAN_POINT('Origin',(-2726.51702363028,6985.,1007.69230769231));
#3863=CARTESIAN_POINT('',(-2679.53239259099,6967.89899283372,1007.69230769231));
#3864=CARTESIAN_POINT('',(-2919.01536896071,6309.92492291412,1007.69230769231));
#3865=CARTESIAN_POINT('',(-2726.51702363028,6985.,1007.69230769231));
#3866=CARTESIAN_POINT('Origin',(-2799.27388077585,6638.91195787392,1019.23076923077));
#3867=CARTESIAN_POINT('',(-2679.53239259099,6967.89899283372,1030.76923076923));
#3868=CARTESIAN_POINT('',(-2919.01536896071,6309.92492291412,1030.76923076923));
#3869=CARTESIAN_POINT('',(-2679.53239259099,6967.89899283372,299.999999999999));
#3870=CARTESIAN_POINT('Origin',(-2966.,6327.02593008041,1030.76923076923));
#3871=CARTESIAN_POINT('',(-2726.51702363028,6985.,1030.76923076923));
#3872=CARTESIAN_POINT('',(-2773.04242203744,6857.17251844521,1030.76923076923));
#3873=CARTESIAN_POINT('',(-2726.51702363028,6985.,1030.76923076923));
#3874=CARTESIAN_POINT('Origin',(-2580.08484407487,7387.31910681,1500.));
#3875=CARTESIAN_POINT('',(-2726.51702363028,6985.,1080.76923076923));
#3876=CARTESIAN_POINT('',(-2653.30093385258,7186.159553405,1080.76923076923));
#3877=CARTESIAN_POINT('',(-2726.51702363028,6985.,656.490817329857));
#3878=CARTESIAN_POINT('Origin',(-2726.51702363028,6985.,1080.76923076923));
#3879=CARTESIAN_POINT('',(-2679.53239259099,6967.89899283372,1080.76923076923));
#3880=CARTESIAN_POINT('',(-2919.01536896071,6309.92492291412,1080.76923076923));
#3881=CARTESIAN_POINT('',(-2726.51702363028,6985.,1080.76923076923));
#3882=CARTESIAN_POINT('Origin',(-2799.27388077585,6638.91195787392,1092.30769230769));
#3883=CARTESIAN_POINT('',(-2679.53239259099,6967.89899283372,1103.84615384615));
#3884=CARTESIAN_POINT('',(-2919.01536896071,6309.92492291412,1103.84615384615));
#3885=CARTESIAN_POINT('',(-2679.53239259099,6967.89899283372,299.999999999999));
#3886=CARTESIAN_POINT('Origin',(-2966.,6327.02593008041,1103.84615384615));
#3887=CARTESIAN_POINT('',(-2726.51702363028,6985.,1103.84615384615));
#3888=CARTESIAN_POINT('',(-2773.04242203744,6857.17251844521,1103.84615384615));
#3889=CARTESIAN_POINT('',(-2726.51702363028,6985.,1103.84615384615));
#3890=CARTESIAN_POINT('Origin',(-2580.08484407487,7387.31910681,1500.));
#3891=CARTESIAN_POINT('',(-2726.51702363028,6985.,1153.84615384615));
#3892=CARTESIAN_POINT('',(-2653.30093385258,7186.159553405,1153.84615384615));
#3893=CARTESIAN_POINT('',(-2726.51702363028,6985.,656.490817329857));
#3894=CARTESIAN_POINT('Origin',(-2726.51702363028,6985.,1153.84615384615));
#3895=CARTESIAN_POINT('',(-2679.53239259099,6967.89899283372,1153.84615384615));
#3896=CARTESIAN_POINT('',(-2919.01536896071,6309.92492291412,1153.84615384615));
#3897=CARTESIAN_POINT('',(-2726.51702363028,6985.,1153.84615384615));
#3898=CARTESIAN_POINT('Origin',(-2799.27388077585,6638.91195787392,1165.38461538462));
#3899=CARTESIAN_POINT('',(-2679.53239259099,6967.89899283372,1176.92307692308));
#3900=CARTESIAN_POINT('',(-2919.01536896071,6309.92492291412,1176.92307692308));
#3901=CARTESIAN_POINT('',(-2679.53239259099,6967.89899283372,299.999999999999));
#3902=CARTESIAN_POINT('Origin',(-2966.,6327.02593008041,1176.92307692308));
#3903=CARTESIAN_POINT('',(-2726.51702363028,6985.,1176.92307692308));
#3904=CARTESIAN_POINT('',(-2773.04242203744,6857.17251844521,1176.92307692308));
#3905=CARTESIAN_POINT('',(-2726.51702363028,6985.,1176.92307692308));
#3906=CARTESIAN_POINT('Origin',(-2580.08484407487,7387.31910681,1500.));
#3907=CARTESIAN_POINT('',(-2726.51702363028,6985.,1226.92307692308));
#3908=CARTESIAN_POINT('',(-2653.30093385258,7186.159553405,1226.92307692308));
#3909=CARTESIAN_POINT('',(-2726.51702363028,6985.,656.490817329857));
#3910=CARTESIAN_POINT('Origin',(-2726.51702363028,6985.,1226.92307692308));
#3911=CARTESIAN_POINT('',(-2679.53239259099,6967.89899283372,1226.92307692308));
#3912=CARTESIAN_POINT('',(-2919.01536896071,6309.92492291412,1226.92307692308));
#3913=CARTESIAN_POINT('',(-2726.51702363028,6985.,1226.92307692308));
#3914=CARTESIAN_POINT('Origin',(-2799.27388077585,6638.91195787392,1238.46153846154));
#3915=CARTESIAN_POINT('',(-2679.53239259099,6967.89899283372,1250.));
#3916=CARTESIAN_POINT('',(-2919.01536896071,6309.92492291412,1250.));
#3917=CARTESIAN_POINT('',(-2679.53239259099,6967.89899283372,299.999999999999));
#3918=CARTESIAN_POINT('Origin',(-2966.,6327.02593008041,1250.));
#3919=CARTESIAN_POINT('',(-2726.51702363028,6985.,1250.));
#3920=CARTESIAN_POINT('',(-2773.04242203744,6857.17251844521,1250.));
#3921=CARTESIAN_POINT('',(-2726.51702363028,6985.,1250.));
#3922=CARTESIAN_POINT('Origin',(-2580.08484407487,7387.31910681,1500.));
#3923=CARTESIAN_POINT('',(-2755.63464237158,6905.,1341.98163465971));
#3924=CARTESIAN_POINT('',(-2667.3080271276,7147.67538091967,1341.98163465971));
#3925=CARTESIAN_POINT('',(-2726.51702363028,6985.,1261.98163465971));
#3926=CARTESIAN_POINT('',(-2675.26410413165,7125.81623900361,1121.16539565611));
#3927=CARTESIAN_POINT('',(-2726.51702363028,6985.,656.490817329857));
#3928=CARTESIAN_POINT('Origin',(-2916.,5494.30615506227,1413.85830357684));
#3929=CARTESIAN_POINT('',(-2874.7867965644,6427.17990426606,1341.98163465971));
#3930=CARTESIAN_POINT('',(-2874.7867965644,5999.10943475382,1394.01470838492));
#3931=CARTESIAN_POINT('',(-2898.0401094488,6234.4693461051,1341.98163465971));
#3932=CARTESIAN_POINT('Origin',(-2853.57359312881,5996.54975529736,1372.95650235781));
#3933=CARTESIAN_POINT('',(-2853.57359312881,6500.,1341.98163465971));
#3934=CARTESIAN_POINT('',(-2853.57359312881,6000.16968870002,1402.7373029206));
#3935=CARTESIAN_POINT('Origin',(-2853.57359312881,6251.37664153186,1341.98163465971));
#3936=CARTESIAN_POINT('Origin',(-2966.,6500.,1341.98163465971));
#3937=CARTESIAN_POINT('',(-55.4264068711927,6500.,1341.98163465971));
#3938=CARTESIAN_POINT('',(-55.4264068711929,6000.16968870002,1402.7373029206));
#3939=CARTESIAN_POINT('',(-2966.,6500.,1341.98163465971));
#3940=CARTESIAN_POINT('Origin',(-55.4264068711929,5996.54975529736,1372.95650235781));
#3941=CARTESIAN_POINT('',(-34.2132034355964,6427.17990426605,1341.98163465971));
#3942=CARTESIAN_POINT('',(-34.2132034355964,5999.10943475382,1394.01470838492));
#3943=CARTESIAN_POINT('Origin',(-55.4264068711929,6251.37664153186,1341.98163465971));
#3944=CARTESIAN_POINT('Origin',(6.99999999999989,5494.30615506227,1413.85830357684));
#3945=CARTESIAN_POINT('',(-32.6513666556336,6414.23626741227,1341.98163465971));
#3946=CARTESIAN_POINT('Origin',(-2966.,6985.,1341.98163465971));
#3947=CARTESIAN_POINT('',(-153.365357628425,6905.,1341.98163465971));
#3948=CARTESIAN_POINT('',(-187.958602191231,7000.04415830198,1341.98163465971));
#3949=CARTESIAN_POINT('',(-1454.5,6905.,1341.98163465971));
#3950=CARTESIAN_POINT('Origin',(132.175409662873,6120.48318953342,1500.));
#3951=CARTESIAN_POINT('',(-182.48297636972,6985.,1250.));
#3952=CARTESIAN_POINT('',(94.5877048314363,6223.75455980691,1250.));
#3953=CARTESIAN_POINT('',(-182.482976369721,6985.,1261.98163465971));
#3954=CARTESIAN_POINT('',(-182.482976369721,6985.,656.490817329857));
#3955=CARTESIAN_POINT('',(-111.30224630522,6789.43255144749,1457.54908321222));
#3956=CARTESIAN_POINT('Origin',(57.0000000000007,6327.02593008041,1250.));
#3957=CARTESIAN_POINT('',(-229.467607409015,6967.89899283372,1250.));
#3958=CARTESIAN_POINT('',(10.0153689607053,6309.92492291412,1250.));
#3959=CARTESIAN_POINT('',(-182.48297636972,6985.,1250.));
#3960=CARTESIAN_POINT('Origin',(-109.726119224152,6638.91195787392,1238.46153846154));
#3961=CARTESIAN_POINT('',(-229.467607409015,6967.89899283372,1226.92307692308));
#3962=CARTESIAN_POINT('',(10.0153689607053,6309.92492291412,1226.92307692308));
#3963=CARTESIAN_POINT('',(-229.467607409015,6967.89899283372,299.999999999999));
#3964=CARTESIAN_POINT('Origin',(-182.48297636972,6985.,1226.92307692308));
#3965=CARTESIAN_POINT('',(-182.48297636972,6985.,1226.92307692308));
#3966=CARTESIAN_POINT('',(-25.1537833534237,6552.74159476671,1226.92307692308));
#3967=CARTESIAN_POINT('',(-182.48297636972,6985.,1226.92307692308));
#3968=CARTESIAN_POINT('Origin',(-1454.5,4744.76152672053,300.));
#3969=CARTESIAN_POINT('',(-2726.51702363028,6985.,300.));
#3970=CARTESIAN_POINT('',(-2938.90145441297,6401.47857218084,300.));
#3971=CARTESIAN_POINT('',(-182.482976369721,6985.,300.));
#3972=CARTESIAN_POINT('',(-698.75,6985.,300.));
#3973=CARTESIAN_POINT('',(260.446737206969,5768.06061354254,300.));
#3974=CARTESIAN_POINT('Origin',(132.175409662873,6120.48318953342,1500.));
#3975=CARTESIAN_POINT('',(-182.48297636972,6985.,349.999999999999));
#3976=CARTESIAN_POINT('',(-182.482976369721,6985.,656.490817329857));
#3977=CARTESIAN_POINT('',(-25.1537833534237,6552.74159476671,350.));
#3978=CARTESIAN_POINT('Origin',(56.9999999999999,6985.,-187.018365340285));
#3979=CARTESIAN_POINT('',(-2726.51702363028,6985.,349.999999999999));
#3980=CARTESIAN_POINT('',(-2726.51702363028,6985.,656.490817329857));
#3981=CARTESIAN_POINT('',(-2726.51702363028,6985.,373.076923076923));
#3982=CARTESIAN_POINT('',(-2726.51702363028,6985.,656.490817329857));
#3983=CARTESIAN_POINT('',(-2726.51702363028,6985.,423.076923076923));
#3984=CARTESIAN_POINT('',(-2726.51702363028,6985.,656.490817329857));
#3985=CARTESIAN_POINT('',(-2726.51702363028,6985.,656.490817329857));
#3986=CARTESIAN_POINT('',(-2726.51702363028,6985.,656.490817329857));
#3987=CARTESIAN_POINT('',(-2726.51702363028,6985.,656.490817329857));
#3988=CARTESIAN_POINT('',(-2726.51702363028,6985.,656.490817329857));
#3989=CARTESIAN_POINT('',(-2726.51702363028,6985.,656.490817329857));
#3990=CARTESIAN_POINT('',(-2726.51702363028,6985.,656.490817329857));
#3991=CARTESIAN_POINT('',(-2726.51702363028,6985.,656.490817329857));
#3992=CARTESIAN_POINT('',(-2726.51702363028,6985.,656.490817329857));
#3993=CARTESIAN_POINT('',(-2726.51702363028,6985.,656.490817329857));
#3994=CARTESIAN_POINT('',(-2726.51702363028,6985.,656.490817329857));
#3995=CARTESIAN_POINT('',(-2726.51702363028,6985.,656.490817329857));
#3996=CARTESIAN_POINT('',(-2726.51702363028,6985.,656.490817329857));
#3997=CARTESIAN_POINT('',(-1454.5,6985.,1261.98163465971));
#3998=CARTESIAN_POINT('',(-182.482976369721,6985.,656.490817329857));
#3999=CARTESIAN_POINT('',(-182.48297636972,6985.,1176.92307692308));
#4000=CARTESIAN_POINT('',(-182.482976369721,6985.,656.490817329857));
#4001=CARTESIAN_POINT('',(-182.48297636972,6985.,1153.84615384615));
#4002=CARTESIAN_POINT('',(-182.482976369721,6985.,656.490817329857));
#4003=CARTESIAN_POINT('',(-182.48297636972,6985.,1103.84615384615));
#4004=CARTESIAN_POINT('',(-182.482976369721,6985.,656.490817329857));
#4005=CARTESIAN_POINT('',(-182.48297636972,6985.,1080.76923076923));
#4006=CARTESIAN_POINT('',(-182.482976369721,6985.,656.490817329857));
#4007=CARTESIAN_POINT('',(-182.48297636972,6985.,1030.76923076923));
#4008=CARTESIAN_POINT('',(-182.482976369721,6985.,656.490817329857));
#4009=CARTESIAN_POINT('',(-182.48297636972,6985.,1007.69230769231));
#4010=CARTESIAN_POINT('',(-182.482976369721,6985.,656.490817329857));
#4011=CARTESIAN_POINT('',(-182.48297636972,6985.,957.692307692307));
#4012=CARTESIAN_POINT('',(-182.482976369721,6985.,656.490817329857));
#4013=CARTESIAN_POINT('',(-182.48297636972,6985.,934.615384615384));
#4014=CARTESIAN_POINT('',(-182.482976369721,6985.,656.490817329857));
#4015=CARTESIAN_POINT('',(-182.48297636972,6985.,884.615384615384));
#4016=CARTESIAN_POINT('',(-182.482976369721,6985.,656.490817329857));
#4017=CARTESIAN_POINT('',(-182.48297636972,6985.,861.538461538461));
#4018=CARTESIAN_POINT('',(-182.482976369721,6985.,656.490817329857));
#4019=CARTESIAN_POINT('',(-182.48297636972,6985.,811.538461538461));
#4020=CARTESIAN_POINT('',(-182.482976369721,6985.,656.490817329857));
#4021=CARTESIAN_POINT('',(-182.48297636972,6985.,788.461538461538));
#4022=CARTESIAN_POINT('',(-182.482976369721,6985.,656.490817329857));
#4023=CARTESIAN_POINT('',(-182.48297636972,6985.,738.461538461538));
#4024=CARTESIAN_POINT('',(-182.482976369721,6985.,656.490817329857));
#4025=CARTESIAN_POINT('',(-182.48297636972,6985.,715.384615384615));
#4026=CARTESIAN_POINT('',(-182.482976369721,6985.,656.490817329857));
#4027=CARTESIAN_POINT('',(-182.48297636972,6985.,665.384615384615));
#4028=CARTESIAN_POINT('',(-182.482976369721,6985.,656.490817329857));
#4029=CARTESIAN_POINT('',(-182.48297636972,6985.,642.307692307692));
#4030=CARTESIAN_POINT('',(-182.482976369721,6985.,656.490817329857));
#4031=CARTESIAN_POINT('',(-182.48297636972,6985.,592.307692307692));
#4032=CARTESIAN_POINT('',(-182.482976369721,6985.,656.490817329857));
#4033=CARTESIAN_POINT('',(-182.48297636972,6985.,569.230769230769));
#4034=CARTESIAN_POINT('',(-182.482976369721,6985.,656.490817329857));
#4035=CARTESIAN_POINT('',(-182.48297636972,6985.,519.230769230769));
#4036=CARTESIAN_POINT('',(-182.482976369721,6985.,656.490817329857));
#4037=CARTESIAN_POINT('',(-182.48297636972,6985.,496.153846153846));
#4038=CARTESIAN_POINT('',(-182.482976369721,6985.,656.490817329857));
#4039=CARTESIAN_POINT('',(-182.48297636972,6985.,446.153846153846));
#4040=CARTESIAN_POINT('',(-182.482976369721,6985.,656.490817329857));
#4041=CARTESIAN_POINT('',(-182.48297636972,6985.,423.076923076923));
#4042=CARTESIAN_POINT('',(-182.482976369721,6985.,656.490817329857));
#4043=CARTESIAN_POINT('',(-182.48297636972,6985.,373.076923076923));
#4044=CARTESIAN_POINT('',(-182.482976369721,6985.,656.490817329857));
#4045=CARTESIAN_POINT('',(-182.482976369721,6985.,656.490817329857));
#4046=CARTESIAN_POINT('Origin',(-2580.08484407487,7387.31910681,1500.));
#4047=CARTESIAN_POINT('',(-2653.30093385258,7186.159553405,349.999999999999));
#4048=CARTESIAN_POINT('Origin',(-2580.08484407487,7387.31910681,1500.));
#4049=CARTESIAN_POINT('',(-2653.30093385258,7186.159553405,423.076923076922));
#4050=CARTESIAN_POINT('',(-2773.04242203744,6857.17251844521,373.076923076923));
#4051=CARTESIAN_POINT('Origin',(132.175409662873,6120.48318953342,1500.));
#4052=CARTESIAN_POINT('',(94.5877048314363,6223.75455980691,373.076923076923));
#4053=CARTESIAN_POINT('',(-25.1537833534237,6552.74159476671,423.076923076923));
#4054=CARTESIAN_POINT('Origin',(132.175409662873,6120.48318953342,1500.));
#4055=CARTESIAN_POINT('',(94.5877048314363,6223.75455980691,446.153846153846));
#4056=CARTESIAN_POINT('',(-25.1537833534237,6552.74159476671,496.153846153846));
#4057=CARTESIAN_POINT('Origin',(132.175409662873,6120.48318953342,1500.));
#4058=CARTESIAN_POINT('',(94.5877048314363,6223.75455980691,519.230769230769));
#4059=CARTESIAN_POINT('',(-25.1537833534237,6552.74159476671,569.230769230769));
#4060=CARTESIAN_POINT('Origin',(132.175409662873,6120.48318953342,1500.));
#4061=CARTESIAN_POINT('',(94.5877048314363,6223.75455980691,592.307692307692));
#4062=CARTESIAN_POINT('',(-25.1537833534237,6552.74159476671,642.307692307692));
#4063=CARTESIAN_POINT('Origin',(132.175409662873,6120.48318953342,1500.));
#4064=CARTESIAN_POINT('',(94.5877048314363,6223.75455980691,665.384615384615));
#4065=CARTESIAN_POINT('',(-25.1537833534237,6552.74159476671,715.384615384615));
#4066=CARTESIAN_POINT('Origin',(132.175409662873,6120.48318953342,1500.));
#4067=CARTESIAN_POINT('',(94.5877048314363,6223.75455980691,738.461538461538));
#4068=CARTESIAN_POINT('',(-25.1537833534237,6552.74159476671,788.461538461538));
#4069=CARTESIAN_POINT('Origin',(132.175409662873,6120.48318953342,1500.));
#4070=CARTESIAN_POINT('',(94.5877048314363,6223.75455980691,811.538461538462));
#4071=CARTESIAN_POINT('',(-25.1537833534237,6552.74159476671,861.538461538461));
#4072=CARTESIAN_POINT('Origin',(132.175409662873,6120.48318953342,1500.));
#4073=CARTESIAN_POINT('',(94.5877048314363,6223.75455980691,884.615384615385));
#4074=CARTESIAN_POINT('',(-25.1537833534237,6552.74159476671,934.615384615384));
#4075=CARTESIAN_POINT('Origin',(132.175409662873,6120.48318953342,1500.));
#4076=CARTESIAN_POINT('',(94.5877048314363,6223.75455980691,957.692307692308));
#4077=CARTESIAN_POINT('',(-25.1537833534237,6552.74159476671,1007.69230769231));
#4078=CARTESIAN_POINT('Origin',(132.175409662873,6120.48318953342,1500.));
#4079=CARTESIAN_POINT('',(94.5877048314363,6223.75455980691,1030.76923076923));
#4080=CARTESIAN_POINT('',(-25.1537833534237,6552.74159476671,1080.76923076923));
#4081=CARTESIAN_POINT('Origin',(132.175409662873,6120.48318953342,1500.));
#4082=CARTESIAN_POINT('',(94.5877048314363,6223.75455980691,1103.84615384615));
#4083=CARTESIAN_POINT('',(-25.1537833534237,6552.74159476671,1153.84615384615));
#4084=CARTESIAN_POINT('Origin',(132.175409662873,6120.48318953342,1500.));
#4085=CARTESIAN_POINT('',(94.5877048314363,6223.75455980691,1176.92307692308));
#4086=CARTESIAN_POINT('Origin',(-1454.5,6945.,1301.98163465971));
#4087=CARTESIAN_POINT('Origin',(-2799.27388077585,6638.91195787392,434.615384615384));
#4088=CARTESIAN_POINT('',(-2679.53239259099,6967.89899283372,423.076923076923));
#4089=CARTESIAN_POINT('',(-2679.53239259099,6967.89899283372,299.999999999999));
#4090=CARTESIAN_POINT('',(-2919.01536896071,6309.92492291412,423.076923076923));
#4091=CARTESIAN_POINT('Origin',(-2726.51702363028,6985.,423.076923076923));
#4092=CARTESIAN_POINT('',(-2726.51702363028,6985.,423.076923076923));
#4093=CARTESIAN_POINT('Origin',(-2966.,6327.02593008041,373.076923076923));
#4094=CARTESIAN_POINT('',(-2679.53239259099,6967.89899283372,373.076923076923));
#4095=CARTESIAN_POINT('',(-2726.51702363028,6985.,373.076923076923));
#4096=CARTESIAN_POINT('',(-2919.01536896071,6309.92492291412,373.076923076923));
#4097=CARTESIAN_POINT('Origin',(-2799.27388077585,6638.91195787392,361.538461538461));
#4098=CARTESIAN_POINT('',(-2679.53239259099,6967.89899283372,349.999999999999));
#4099=CARTESIAN_POINT('',(-2679.53239259099,6967.89899283372,299.999999999999));
#4100=CARTESIAN_POINT('',(-2919.01536896071,6309.92492291412,350.));
#4101=CARTESIAN_POINT('Origin',(-2726.51702363028,6985.,349.999999999999));
#4102=CARTESIAN_POINT('',(-2726.51702363028,6985.,349.999999999999));
#4103=CARTESIAN_POINT('Origin',(-182.482976369721,6985.,1250.));
#4104=CARTESIAN_POINT('Origin',(-182.482976369721,6985.,1176.92307692308));
#4105=CARTESIAN_POINT('',(-229.467607409015,6967.89899283372,1176.92307692308));
#4106=CARTESIAN_POINT('',(-182.48297636972,6985.,1176.92307692308));
#4107=CARTESIAN_POINT('',(-229.467607409015,6967.89899283372,1153.84615384615));
#4108=CARTESIAN_POINT('',(-229.467607409015,6967.89899283372,299.999999999999));
#4109=CARTESIAN_POINT('',(-182.48297636972,6985.,1153.84615384615));
#4110=CARTESIAN_POINT('Origin',(-182.482976369721,6985.,1103.84615384615));
#4111=CARTESIAN_POINT('',(-229.467607409015,6967.89899283372,1103.84615384615));
#4112=CARTESIAN_POINT('',(-182.48297636972,6985.,1103.84615384615));
#4113=CARTESIAN_POINT('',(-229.467607409015,6967.89899283372,1080.76923076923));
#4114=CARTESIAN_POINT('',(-229.467607409015,6967.89899283372,299.999999999999));
#4115=CARTESIAN_POINT('',(-182.48297636972,6985.,1080.76923076923));
#4116=CARTESIAN_POINT('Origin',(-182.482976369721,6985.,1030.76923076923));
#4117=CARTESIAN_POINT('',(-229.467607409015,6967.89899283372,1030.76923076923));
#4118=CARTESIAN_POINT('',(-182.48297636972,6985.,1030.76923076923));
#4119=CARTESIAN_POINT('',(-229.467607409015,6967.89899283372,1007.69230769231));
#4120=CARTESIAN_POINT('',(-229.467607409015,6967.89899283372,299.999999999999));
#4121=CARTESIAN_POINT('',(-182.48297636972,6985.,1007.69230769231));
#4122=CARTESIAN_POINT('Origin',(-182.482976369721,6985.,957.692307692307));
#4123=CARTESIAN_POINT('',(-229.467607409015,6967.89899283372,957.692307692307));
#4124=CARTESIAN_POINT('',(-182.48297636972,6985.,957.692307692307));
#4125=CARTESIAN_POINT('',(-229.467607409015,6967.89899283372,934.615384615384));
#4126=CARTESIAN_POINT('',(-229.467607409015,6967.89899283372,299.999999999999));
#4127=CARTESIAN_POINT('',(-182.48297636972,6985.,934.615384615384));
#4128=CARTESIAN_POINT('Origin',(-182.48297636972,6985.,884.615384615384));
#4129=CARTESIAN_POINT('',(-229.467607409015,6967.89899283372,884.615384615384));
#4130=CARTESIAN_POINT('',(-182.48297636972,6985.,884.615384615384));
#4131=CARTESIAN_POINT('',(-229.467607409015,6967.89899283372,861.538461538461));
#4132=CARTESIAN_POINT('',(-229.467607409015,6967.89899283372,299.999999999999));
#4133=CARTESIAN_POINT('',(-182.48297636972,6985.,861.538461538461));
#4134=CARTESIAN_POINT('Origin',(-182.48297636972,6985.,811.538461538461));
#4135=CARTESIAN_POINT('',(-229.467607409015,6967.89899283372,811.538461538461));
#4136=CARTESIAN_POINT('',(-182.48297636972,6985.,811.538461538461));
#4137=CARTESIAN_POINT('',(-229.467607409015,6967.89899283372,788.461538461538));
#4138=CARTESIAN_POINT('',(-229.467607409015,6967.89899283372,299.999999999999));
#4139=CARTESIAN_POINT('',(-182.48297636972,6985.,788.461538461538));
#4140=CARTESIAN_POINT('Origin',(-182.48297636972,6985.,738.461538461538));
#4141=CARTESIAN_POINT('',(-229.467607409015,6967.89899283372,738.461538461538));
#4142=CARTESIAN_POINT('',(-182.48297636972,6985.,738.461538461538));
#4143=CARTESIAN_POINT('',(-229.467607409015,6967.89899283372,715.384615384615));
#4144=CARTESIAN_POINT('',(-229.467607409015,6967.89899283372,299.999999999999));
#4145=CARTESIAN_POINT('',(-182.48297636972,6985.,715.384615384615));
#4146=CARTESIAN_POINT('Origin',(-182.48297636972,6985.,665.384615384615));
#4147=CARTESIAN_POINT('',(-229.467607409015,6967.89899283372,665.384615384615));
#4148=CARTESIAN_POINT('',(-182.48297636972,6985.,665.384615384615));
#4149=CARTESIAN_POINT('',(-229.467607409015,6967.89899283372,642.307692307692));
#4150=CARTESIAN_POINT('',(-229.467607409015,6967.89899283372,299.999999999999));
#4151=CARTESIAN_POINT('',(-182.48297636972,6985.,642.307692307692));
#4152=CARTESIAN_POINT('Origin',(-182.48297636972,6985.,592.307692307692));
#4153=CARTESIAN_POINT('',(-229.467607409015,6967.89899283372,592.307692307692));
#4154=CARTESIAN_POINT('',(-182.48297636972,6985.,592.307692307692));
#4155=CARTESIAN_POINT('',(-229.467607409015,6967.89899283372,569.230769230769));
#4156=CARTESIAN_POINT('',(-229.467607409015,6967.89899283372,299.999999999999));
#4157=CARTESIAN_POINT('',(-182.48297636972,6985.,569.230769230769));
#4158=CARTESIAN_POINT('Origin',(-182.48297636972,6985.,519.230769230769));
#4159=CARTESIAN_POINT('',(-229.467607409015,6967.89899283372,519.230769230769));
#4160=CARTESIAN_POINT('',(-182.48297636972,6985.,519.230769230769));
#4161=CARTESIAN_POINT('',(-229.467607409015,6967.89899283372,496.153846153846));
#4162=CARTESIAN_POINT('',(-229.467607409015,6967.89899283372,299.999999999999));
#4163=CARTESIAN_POINT('',(-182.48297636972,6985.,496.153846153846));
#4164=CARTESIAN_POINT('Origin',(-182.48297636972,6985.,446.153846153846));
#4165=CARTESIAN_POINT('',(-229.467607409015,6967.89899283372,446.153846153846));
#4166=CARTESIAN_POINT('',(-182.48297636972,6985.,446.153846153846));
#4167=CARTESIAN_POINT('',(-229.467607409015,6967.89899283372,423.076923076923));
#4168=CARTESIAN_POINT('',(-229.467607409015,6967.89899283372,299.999999999999));
#4169=CARTESIAN_POINT('',(-182.48297636972,6985.,423.076923076923));
#4170=CARTESIAN_POINT('Origin',(-182.48297636972,6985.,373.076923076923));
#4171=CARTESIAN_POINT('',(-229.467607409015,6967.89899283372,373.076923076923));
#4172=CARTESIAN_POINT('',(-182.48297636972,6985.,373.076923076923));
#4173=CARTESIAN_POINT('',(-229.467607409015,6967.89899283372,349.999999999999));
#4174=CARTESIAN_POINT('',(-229.467607409015,6967.89899283372,299.999999999999));
#4175=CARTESIAN_POINT('',(-182.48297636972,6985.,349.999999999999));
#4176=CARTESIAN_POINT('Origin',(-2726.51702363028,6985.,373.076923076923));
#4177=CARTESIAN_POINT('Origin',(-2726.51702363028,6985.,446.153846153846));
#4178=CARTESIAN_POINT('Origin',(-2726.51702363028,6985.,519.230769230769));
#4179=CARTESIAN_POINT('Origin',(-2726.51702363028,6985.,592.307692307692));
#4180=CARTESIAN_POINT('Origin',(-2726.51702363028,6985.,665.384615384615));
#4181=CARTESIAN_POINT('Origin',(-2726.51702363028,6985.,738.461538461538));
#4182=CARTESIAN_POINT('Origin',(-2726.51702363028,6985.,811.538461538461));
#4183=CARTESIAN_POINT('Origin',(-2726.51702363028,6985.,884.615384615384));
#4184=CARTESIAN_POINT('Origin',(-2726.51702363028,6985.,957.692307692307));
#4185=CARTESIAN_POINT('Origin',(-2726.51702363028,6985.,1030.76923076923));
#4186=CARTESIAN_POINT('Origin',(-2726.51702363028,6985.,1103.84615384615));
#4187=CARTESIAN_POINT('Origin',(-2726.51702363028,6985.,1176.92307692308));
#4188=CARTESIAN_POINT('Origin',(-2726.51702363028,6985.,1250.));
#4189=CARTESIAN_POINT('Origin',(-182.48297636972,6985.,349.999999999999));
#4190=CARTESIAN_POINT('',(10.0153689607053,6309.92492291412,350.));
#4191=CARTESIAN_POINT('Origin',(-109.726119224152,6638.91195787392,361.538461538461));
#4192=CARTESIAN_POINT('',(10.0153689607053,6309.92492291412,373.076923076923));
#4193=CARTESIAN_POINT('Origin',(57.0000000000007,6327.02593008041,373.076923076923));
#4194=CARTESIAN_POINT('Origin',(-182.48297636972,6985.,423.076923076923));
#4195=CARTESIAN_POINT('',(10.0153689607053,6309.92492291412,423.076923076923));
#4196=CARTESIAN_POINT('Origin',(-109.726119224152,6638.91195787392,434.615384615384));
#4197=CARTESIAN_POINT('',(10.0153689607053,6309.92492291412,446.153846153846));
#4198=CARTESIAN_POINT('Origin',(57.0000000000007,6327.02593008041,446.153846153846));
#4199=CARTESIAN_POINT('Origin',(-182.48297636972,6985.,496.153846153846));
#4200=CARTESIAN_POINT('',(10.0153689607053,6309.92492291412,496.153846153846));
#4201=CARTESIAN_POINT('Origin',(-109.726119224152,6638.91195787392,507.692307692307));
#4202=CARTESIAN_POINT('',(10.0153689607053,6309.92492291412,519.230769230769));
#4203=CARTESIAN_POINT('Origin',(57.0000000000007,6327.02593008041,519.230769230769));
#4204=CARTESIAN_POINT('Origin',(-182.48297636972,6985.,569.230769230769));
#4205=CARTESIAN_POINT('',(10.0153689607053,6309.92492291412,569.230769230769));
#4206=CARTESIAN_POINT('Origin',(-109.726119224152,6638.91195787392,580.76923076923));
#4207=CARTESIAN_POINT('',(10.0153689607053,6309.92492291412,592.307692307692));
#4208=CARTESIAN_POINT('Origin',(57.0000000000007,6327.02593008041,592.307692307692));
#4209=CARTESIAN_POINT('Origin',(-182.48297636972,6985.,642.307692307692));
#4210=CARTESIAN_POINT('',(10.0153689607053,6309.92492291412,642.307692307692));
#4211=CARTESIAN_POINT('Origin',(-109.726119224152,6638.91195787392,653.846153846154));
#4212=CARTESIAN_POINT('',(10.0153689607053,6309.92492291412,665.384615384615));
#4213=CARTESIAN_POINT('Origin',(57.0000000000007,6327.02593008041,665.384615384615));
#4214=CARTESIAN_POINT('Origin',(-182.48297636972,6985.,715.384615384615));
#4215=CARTESIAN_POINT('',(10.0153689607053,6309.92492291412,715.384615384615));
#4216=CARTESIAN_POINT('Origin',(-109.726119224152,6638.91195787392,726.923076923077));
#4217=CARTESIAN_POINT('',(10.0153689607053,6309.92492291412,738.461538461538));
#4218=CARTESIAN_POINT('Origin',(57.0000000000007,6327.02593008041,738.461538461538));
#4219=CARTESIAN_POINT('Origin',(-182.48297636972,6985.,788.461538461538));
#4220=CARTESIAN_POINT('',(10.0153689607053,6309.92492291412,788.461538461538));
#4221=CARTESIAN_POINT('Origin',(-109.726119224152,6638.91195787392,800.));
#4222=CARTESIAN_POINT('',(10.0153689607053,6309.92492291412,811.538461538462));
#4223=CARTESIAN_POINT('Origin',(57.0000000000007,6327.02593008041,811.538461538462));
#4224=CARTESIAN_POINT('Origin',(-182.48297636972,6985.,861.538461538461));
#4225=CARTESIAN_POINT('',(10.0153689607053,6309.92492291412,861.538461538462));
#4226=CARTESIAN_POINT('Origin',(-109.726119224152,6638.91195787392,873.076923076923));
#4227=CARTESIAN_POINT('',(10.0153689607053,6309.92492291412,884.615384615385));
#4228=CARTESIAN_POINT('Origin',(57.0000000000007,6327.02593008041,884.615384615385));
#4229=CARTESIAN_POINT('Origin',(-182.48297636972,6985.,934.615384615384));
#4230=CARTESIAN_POINT('',(10.0153689607053,6309.92492291412,934.615384615385));
#4231=CARTESIAN_POINT('Origin',(-109.726119224152,6638.91195787392,946.153846153846));
#4232=CARTESIAN_POINT('',(10.0153689607053,6309.92492291412,957.692307692308));
#4233=CARTESIAN_POINT('Origin',(57.0000000000007,6327.02593008041,957.692307692308));
#4234=CARTESIAN_POINT('Origin',(-182.48297636972,6985.,1007.69230769231));
#4235=CARTESIAN_POINT('',(10.0153689607053,6309.92492291412,1007.69230769231));
#4236=CARTESIAN_POINT('Origin',(-109.726119224152,6638.91195787392,1019.23076923077));
#4237=CARTESIAN_POINT('',(10.0153689607053,6309.92492291412,1030.76923076923));
#4238=CARTESIAN_POINT('Origin',(57.0000000000007,6327.02593008041,1030.76923076923));
#4239=CARTESIAN_POINT('Origin',(-182.48297636972,6985.,1080.76923076923));
#4240=CARTESIAN_POINT('',(10.0153689607053,6309.92492291412,1080.76923076923));
#4241=CARTESIAN_POINT('Origin',(-109.726119224152,6638.91195787392,1092.30769230769));
#4242=CARTESIAN_POINT('',(10.0153689607053,6309.92492291412,1103.84615384615));
#4243=CARTESIAN_POINT('Origin',(57.0000000000007,6327.02593008041,1103.84615384615));
#4244=CARTESIAN_POINT('Origin',(-182.48297636972,6985.,1153.84615384615));
#4245=CARTESIAN_POINT('',(10.0153689607053,6309.92492291412,1153.84615384615));
#4246=CARTESIAN_POINT('Origin',(-109.726119224152,6638.91195787392,1165.38461538462));
#4247=CARTESIAN_POINT('',(10.0153689607053,6309.92492291412,1176.92307692308));
#4248=CARTESIAN_POINT('Origin',(57.0000000000007,6327.02593008041,1176.92307692308));
#4249=UNCERTAINTY_MEASURE_WITH_UNIT(LENGTH_MEASURE(0.01),#4253,
'DISTANCE_ACCURACY_VALUE',
'Maximum model space distance between geometric entities at asserted c
onnectivities');
#4250=UNCERTAINTY_MEASURE_WITH_UNIT(LENGTH_MEASURE(0.01),#4253,
'DISTANCE_ACCURACY_VALUE',
'Maximum model space distance between geometric entities at asserted c
onnectivities');
#4251=(
GEOMETRIC_REPRESENTATION_CONTEXT(3)
GLOBAL_UNCERTAINTY_ASSIGNED_CONTEXT((#4249))
GLOBAL_UNIT_ASSIGNED_CONTEXT((#4253,#4255,#4256))
REPRESENTATION_CONTEXT('','3D')
);
#4252=(
GEOMETRIC_REPRESENTATION_CONTEXT(3)
GLOBAL_UNCERTAINTY_ASSIGNED_CONTEXT((#4250))
GLOBAL_UNIT_ASSIGNED_CONTEXT((#4253,#4255,#4256))
REPRESENTATION_CONTEXT('','3D')
);
#4253=(
LENGTH_UNIT()
NAMED_UNIT(*)
SI_UNIT(.MILLI.,.METRE.)
);
#4254=(
LENGTH_UNIT()
NAMED_UNIT(*)
SI_UNIT($,.METRE.)
);
#4255=(
NAMED_UNIT(*)
PLANE_ANGLE_UNIT()
SI_UNIT($,.RADIAN.)
);
#4256=(
NAMED_UNIT(*)
SI_UNIT($,.STERADIAN.)
SOLID_ANGLE_UNIT()
);
#4257=SHAPE_DEFINITION_REPRESENTATION(#4258,#4259);
#4258=PRODUCT_DEFINITION_SHAPE('',$,#4261);
#4259=SHAPE_REPRESENTATION('',(#2685),#4251);
#4260=PRODUCT_DEFINITION_CONTEXT('part definition',#4265,'design');
#4261=PRODUCT_DEFINITION('UpperRearChassis','UpperRearChassis',#4262,#4260);
#4262=PRODUCT_DEFINITION_FORMATION('',$,#4267);
#4263=PRODUCT_RELATED_PRODUCT_CATEGORY('UpperRearChassis',
'UpperRearChassis',(#4267));
#4264=APPLICATION_PROTOCOL_DEFINITION('international standard',
'automotive_design',2009,#4265);
#4265=APPLICATION_CONTEXT(
'Core Data for Automotive Mechanical Design Process');
#4266=PRODUCT_CONTEXT('part definition',#4265,'mechanical');
#4267=PRODUCT('UpperRearChassis','UpperRearChassis',$,(#4266));
#4268=PRESENTATION_STYLE_ASSIGNMENT((#4269));
#4269=SURFACE_STYLE_USAGE(.BOTH.,#4270);
#4270=SURFACE_SIDE_STYLE('',(#4271));
#4271=SURFACE_STYLE_FILL_AREA(#4272);
#4272=FILL_AREA_STYLE('Steel - Satin',(#4273));
#4273=FILL_AREA_STYLE_COLOUR('Steel - Satin',#4274);
#4274=COLOUR_RGB('Steel - Satin',0.627450980392157,0.627450980392157,0.627450980392157);
ENDSEC;
END-ISO-10303-21;
